00:00:00,2.55
00:00:01,2.55
00:00:02,2.55
00:00:03,2.55
00:00:04,2.55
00:00:05,2.55
00:00:06,2.55
00:00:07,2.55
00:00:08,2.55
00:00:09,2.55
00:00:10,2.55
00:00:11,2.55
00:00:12,2.55
00:00:13,2.55
00:00:14,2.55
00:00:15,2.55
00:00:16,2.55
00:00:17,2.55
00:00:18,2.55
00:00:19,2.55
00:00:20,2.55
00:00:21,2.55
00:00:22,2.55
00:00:23,2.55
00:00:24,2.55
00:00:25,2.55
00:00:26,2.55
00:00:27,2.55
00:00:28,2.55
00:00:29,2.55
00:00:30,2.55
00:00:31,2.55
00:00:32,2.55
00:00:33,2.55
00:00:34,2.55
00:00:35,2.55
00:00:36,2.55
00:00:37,2.55
00:00:38,2.55
00:00:39,2.55
00:00:40,2.55
00:00:41,2.55
00:00:42,2.55
00:00:43,2.55
00:00:44,2.55
00:00:45,2.55
00:00:46,2.55
00:00:47,2.55
00:00:48,2.55
00:00:49,2.55
00:00:50,2.55
00:00:51,2.55
00:00:52,2.55
00:00:53,2.55
00:00:54,2.55
00:00:55,2.55
00:00:56,2.55
00:00:57,2.55
00:00:58,2.55
00:00:59,2.55
00:01:00,2.55
00:01:01,2.55
00:01:02,2.55
00:01:03,2.55
00:01:04,2.55
00:01:05,2.55
00:01:06,2.55
00:01:07,2.55
00:01:08,2.55
00:01:09,2.55
00:01:10,2.55
00:01:11,2.55
00:01:12,2.55
00:01:13,2.55
00:01:14,2.55
00:01:15,2.55
00:01:16,2.55
00:01:17,2.55
00:01:18,2.55
00:01:19,2.55
00:01:20,2.55
00:01:21,2.55
00:01:22,2.55
00:01:23,2.55
00:01:24,2.55
00:01:25,2.55
00:01:26,2.55
00:01:27,2.55
00:01:28,2.55
00:01:29,2.55
00:01:30,2.55
00:01:31,2.55
00:01:32,2.55
00:01:33,2.55
00:01:34,2.55
00:01:35,2.55
00:01:36,2.55
00:01:37,2.55
00:01:38,2.55
00:01:39,2.55
00:01:40,2.55
00:01:41,2.55
00:01:42,2.55
00:01:43,2.55
00:01:44,2.55
00:01:45,2.55
00:01:46,2.55
00:01:47,2.55
00:01:48,2.55
00:01:49,2.55
00:01:50,2.55
00:01:51,2.55
00:01:52,2.55
00:01:53,2.55
00:01:54,2.55
00:01:55,2.55
00:01:56,2.55
00:01:57,2.55
00:01:58,2.55
00:01:59,2.55
00:02:00,2.55
00:02:01,2.55
00:02:02,2.55
00:02:03,2.55
00:02:04,2.55
00:02:05,2.55
00:02:06,2.55
00:02:07,2.55
00:02:08,2.55
00:02:09,2.55
00:02:10,2.55
00:02:11,2.55
00:02:12,2.55
00:02:13,2.55
00:02:14,2.55
00:02:15,2.55
00:02:16,2.55
00:02:17,2.55
00:02:18,2.55
00:02:19,2.55
00:02:20,2.55
00:02:21,2.55
00:02:22,2.55
00:02:23,2.55
00:02:24,2.55
00:02:25,2.55
00:02:26,2.55
00:02:27,2.55
00:02:28,2.55
00:02:29,2.55
00:02:30,2.55
00:02:31,2.55
00:02:32,2.55
00:02:33,2.55
00:02:34,2.55
00:02:35,2.55
00:02:36,2.55
00:02:37,2.55
00:02:38,2.55
00:02:39,2.55
00:02:40,2.55
00:02:41,2.55
00:02:42,2.55
00:02:43,2.55
00:02:44,2.55
00:02:45,2.55
00:02:46,2.55
00:02:47,2.55
00:02:48,2.55
00:02:49,2.55
00:02:50,2.55
00:02:51,2.55
00:02:52,2.55
00:02:53,2.55
00:02:54,2.55
00:02:55,2.55
00:02:56,2.55
00:02:57,2.55
00:02:58,2.55
00:02:59,2.55
00:03:00,2.55
00:03:01,2.55
00:03:02,2.55
00:03:03,2.55
00:03:04,2.55
00:03:05,2.55
00:03:06,2.55
00:03:07,2.55
00:03:08,2.55
00:03:09,2.55
00:03:10,2.55
00:03:11,2.55
00:03:12,2.55
00:03:13,2.55
00:03:14,2.55
00:03:15,2.55
00:03:16,2.55
00:03:17,2.55
00:03:18,2.55
00:03:19,2.55
00:03:20,2.55
00:03:21,2.55
00:03:22,2.55
00:03:23,2.55
00:03:24,2.55
00:03:25,2.55
00:03:26,2.55
00:03:27,2.55
00:03:28,2.55
00:03:29,2.55
00:03:30,2.55
00:03:31,2.55
00:03:32,2.55
00:03:33,2.55
00:03:34,2.55
00:03:35,2.55
00:03:36,2.55
00:03:37,2.55
00:03:38,2.55
00:03:39,2.55
00:03:40,2.55
00:03:41,2.55
00:03:42,2.55
00:03:43,2.55
00:03:44,2.55
00:03:45,2.55
00:03:46,2.55
00:03:47,2.55
00:03:48,2.55
00:03:49,2.55
00:03:50,2.55
00:03:51,2.55
00:03:52,2.55
00:03:53,2.55
00:03:54,2.55
00:03:55,2.55
00:03:56,2.55
00:03:57,2.55
00:03:58,2.55
00:03:59,2.55
00:04:00,2.55
00:04:01,2.55
00:04:02,2.55
00:04:03,2.55
00:04:04,2.55
00:04:05,2.55
00:04:06,2.55
00:04:07,2.55
00:04:08,2.55
00:04:09,2.55
00:04:10,2.55
00:04:11,2.55
00:04:12,2.55
00:04:13,2.55
00:04:14,2.55
00:04:15,2.55
00:04:16,2.55
00:04:17,2.55
00:04:18,2.55
00:04:19,2.55
00:04:20,2.55
00:04:21,2.55
00:04:22,2.55
00:04:23,2.55
00:04:24,2.55
00:04:25,2.55
00:04:26,2.55
00:04:27,2.55
00:04:28,2.55
00:04:29,2.55
00:04:30,2.55
00:04:31,2.55
00:04:32,2.55
00:04:33,2.55
00:04:34,2.55
00:04:35,2.55
00:04:36,2.55
00:04:37,2.55
00:04:38,2.55
00:04:39,2.55
00:04:40,2.55
00:04:41,2.55
00:04:42,2.55
00:04:43,2.55
00:04:44,2.55
00:04:45,2.55
00:04:46,2.55
00:04:47,2.55
00:04:48,2.55
00:04:49,2.55
00:04:50,2.55
00:04:51,2.55
00:04:52,2.55
00:04:53,2.55
00:04:54,2.55
00:04:55,2.55
00:04:56,2.55
00:04:57,2.55
00:04:58,2.55
00:04:59,2.55
00:05:00,2.55
00:05:01,2.55
00:05:02,2.55
00:05:03,2.55
00:05:04,2.55
00:05:05,2.55
00:05:06,2.55
00:05:07,2.55
00:05:08,2.55
00:05:09,2.55
00:05:10,2.55
00:05:11,2.55
00:05:12,2.55
00:05:13,2.55
00:05:14,2.55
00:05:15,2.55
00:05:16,2.55
00:05:17,2.55
00:05:18,2.55
00:05:19,2.55
00:05:20,2.55
00:05:21,2.55
00:05:22,2.55
00:05:23,2.55
00:05:24,6.019375
00:05:25,9.48875
00:05:26,12.958125
00:05:27,16.4275
00:05:28,19.896875
00:05:29,23.36625
00:05:30,26.835625
00:05:31,30.305
00:05:32,33.774375
00:05:33,37.24375
00:05:34,40.713125
00:05:35,44.1825
00:05:36,47.651875
00:05:37,51.12125
00:05:38,54.590625
00:05:39,58.06
00:05:40,59.5988235294
00:05:41,61.1376470588
00:05:42,62.6764705882
00:05:43,64.2152941176
00:05:44,65.7541176471
00:05:45,67.2929411765
00:05:46,68.8317647059
00:05:47,70.3705882353
00:05:48,71.9094117647
00:05:49,73.4482352941
00:05:50,74.9870588235
00:05:51,76.5258823529
00:05:52,78.0647058824
00:05:53,79.6035294118
00:05:54,81.1423529412
00:05:55,82.6811764706
00:05:56,84.22
00:05:57,84.22
00:05:58,84.22
00:05:59,84.22
00:06:00,84.22
00:06:01,84.22
00:06:02,84.22
00:06:03,84.22
00:06:04,84.22
00:06:05,84.22
00:06:06,84.22
00:06:07,84.22
00:06:08,84.22
00:06:09,84.22
00:06:10,84.22
00:06:11,84.22
00:06:12,82.4053333333
00:06:13,80.5906666667
00:06:14,78.776
00:06:15,76.9613333333
00:06:16,75.1466666667
00:06:17,73.332
00:06:18,71.5173333333
00:06:19,69.7026666667
00:06:20,67.888
00:06:21,66.0733333333
00:06:22,64.2586666667
00:06:23,62.444
00:06:24,60.6293333333
00:06:25,58.8146666667
00:06:26,57.0
00:06:27,53.596875
00:06:28,50.19375
00:06:29,46.790625
00:06:30,43.3875
00:06:31,39.984375
00:06:32,36.58125
00:06:33,33.178125
00:06:34,29.775
00:06:35,26.371875
00:06:36,22.96875
00:06:37,19.565625
00:06:38,16.1625
00:06:39,12.759375
00:06:40,9.35625
00:06:41,5.953125
00:06:42,2.55
00:06:43,2.55
00:06:44,2.55
00:06:45,2.55
00:06:46,2.55
00:06:47,2.55
00:06:48,2.55
00:06:49,2.55
00:06:50,2.55
00:06:51,2.55
00:06:52,2.55
00:06:53,2.55
00:06:54,2.55
00:06:55,2.55
00:06:56,2.55
00:06:57,2.55
00:06:58,2.55
00:06:59,2.55
00:07:00,2.55
00:07:01,2.55
00:07:02,2.55
00:07:03,2.55
00:07:04,2.55
00:07:05,2.55
00:07:06,2.55
00:07:07,2.55
00:07:08,2.55
00:07:09,2.55
00:07:10,2.55
00:07:11,2.55
00:07:12,2.55
00:07:13,2.55
00:07:14,2.55
00:07:15,2.55
00:07:16,2.55
00:07:17,2.55
00:07:18,2.55
00:07:19,2.55
00:07:20,2.55
00:07:21,2.55
00:07:22,2.55
00:07:23,2.55
00:07:24,2.55
00:07:25,2.55
00:07:26,2.55
00:07:27,2.55
00:07:28,2.55
00:07:29,2.55
00:07:30,2.55
00:07:31,2.55
00:07:32,2.55
00:07:33,2.55
00:07:34,2.55
00:07:35,2.55
00:07:36,2.55
00:07:37,2.55
00:07:38,2.55
00:07:39,2.55
00:07:40,2.55
00:07:41,2.55
00:07:42,2.55
00:07:43,2.55
00:07:44,2.55
00:07:45,2.55
00:07:46,2.55
00:07:47,2.55
00:07:48,2.55
00:07:49,2.55
00:07:50,2.55
00:07:51,2.55
00:07:52,2.55
00:07:53,2.55
00:07:54,2.55
00:07:55,2.55
00:07:56,2.55
00:07:57,2.55
00:07:58,2.55
00:07:59,2.55
00:08:00,2.55
00:08:01,2.55
00:08:02,2.55
00:08:03,2.55
00:08:04,2.55
00:08:05,2.55
00:08:06,2.55
00:08:07,2.55
00:08:08,2.55
00:08:09,2.55
00:08:10,2.55
00:08:11,2.55
00:08:12,2.55
00:08:13,2.55
00:08:14,2.55
00:08:15,2.55
00:08:16,2.55
00:08:17,2.55
00:08:18,2.55
00:08:19,2.55
00:08:20,4.312
00:08:21,6.074
00:08:22,7.836
00:08:23,9.598
00:08:24,11.36
00:08:25,13.122
00:08:26,14.884
00:08:27,16.646
00:08:28,18.408
00:08:29,20.17
00:08:30,21.932
00:08:31,23.694
00:08:32,25.456
00:08:33,27.218
00:08:34,28.98
00:08:35,31.3946666667
00:08:36,33.8093333333
00:08:37,36.224
00:08:38,38.6386666667
00:08:39,41.0533333333
00:08:40,43.468
00:08:41,45.8826666667
00:08:42,48.2973333333
00:08:43,50.712
00:08:44,53.1266666667
00:08:45,55.5413333333
00:08:46,57.956
00:08:47,60.3706666667
00:08:48,62.7853333333
00:08:49,65.2
00:08:50,61.284375
00:08:51,57.36875
00:08:52,53.453125
00:08:53,49.5375
00:08:54,45.621875
00:08:55,41.70625
00:08:56,37.790625
00:08:57,33.875
00:08:58,29.959375
00:08:59,26.04375
00:09:00,22.128125
00:09:01,18.2125
00:09:02,14.296875
00:09:03,10.38125
00:09:04,6.465625
00:09:05,2.55
00:09:06,2.55
00:09:07,2.55
00:09:08,2.55
00:09:09,2.55
00:09:10,2.55
00:09:11,2.55
00:09:12,2.55
00:09:13,2.55
00:09:14,2.55
00:09:15,2.55
00:09:16,2.55
00:09:17,2.55
00:09:18,2.55
00:09:19,2.55
00:09:20,2.55
00:09:21,4.103125
00:09:22,5.65625
00:09:23,7.209375
00:09:24,8.7625
00:09:25,10.315625
00:09:26,11.86875
00:09:27,13.421875
00:09:28,14.975
00:09:29,16.528125
00:09:30,18.08125
00:09:31,19.634375
00:09:32,21.1875
00:09:33,22.740625
00:09:34,24.29375
00:09:35,25.846875
00:09:36,27.4
00:09:37,29.4957142857
00:09:38,31.5914285714
00:09:39,33.6871428571
00:09:40,35.7828571429
00:09:41,37.8785714286
00:09:42,39.9742857143
00:09:43,42.07
00:09:44,44.1657142857
00:09:45,46.2614285714
00:09:46,48.3571428571
00:09:47,50.4528571429
00:09:48,52.5485714286
00:09:49,54.6442857143
00:09:50,56.74
00:09:51,53.369375
00:09:52,49.99875
00:09:53,46.628125
00:09:54,43.2575
00:09:55,39.886875
00:09:56,36.51625
00:09:57,33.145625
00:09:58,29.775
00:09:59,26.404375
00:10:00,23.03375
00:10:01,19.663125
00:10:02,16.2925
00:10:03,12.921875
00:10:04,9.55125
00:10:05,6.180625
00:10:06,2.81
00:10:07,2.81
00:10:08,2.81
00:10:09,2.81
00:10:10,2.81
00:10:11,2.81
00:10:12,2.81
00:10:13,2.81
00:10:14,2.81
00:10:15,2.81
00:10:16,2.81
00:10:17,2.81
00:10:18,2.81
00:10:19,2.81
00:10:20,2.81
00:10:21,2.81
00:10:22,2.81
00:10:23,2.81
00:10:24,2.81
00:10:25,2.81
00:10:26,2.81
00:10:27,2.81
00:10:28,2.81
00:10:29,2.81
00:10:30,2.81
00:10:31,2.81
00:10:32,2.81
00:10:33,2.81
00:10:34,2.81
00:10:35,2.81
00:10:36,2.81
00:10:37,2.81
00:10:38,2.81
00:10:39,2.81
00:10:40,2.81
00:10:41,2.81
00:10:42,2.81
00:10:43,2.81
00:10:44,2.81
00:10:45,2.81
00:10:46,2.81
00:10:47,2.81
00:10:48,2.81
00:10:49,2.81
00:10:50,2.81
00:10:51,2.81
00:10:52,2.81
00:10:53,2.81
00:10:54,2.81
00:10:55,2.81
00:10:56,2.81
00:10:57,2.81
00:10:58,2.81
00:10:59,2.81
00:11:00,2.81
00:11:01,2.81
00:11:02,2.81
00:11:03,2.81
00:11:04,2.81
00:11:05,2.81
00:11:06,2.81
00:11:07,2.81
00:11:08,2.81
00:11:09,2.81
00:11:10,2.81
00:11:11,2.81
00:11:12,2.81
00:11:13,2.81
00:11:14,2.81
00:11:15,2.81
00:11:16,2.81
00:11:17,2.81
00:11:18,2.81
00:11:19,2.81
00:11:20,2.81
00:11:21,2.81
00:11:22,2.81
00:11:23,2.81
00:11:24,2.81
00:11:25,2.81
00:11:26,2.81
00:11:27,2.81
00:11:28,2.81
00:11:29,2.81
00:11:30,2.81
00:11:31,2.81
00:11:32,2.81
00:11:33,2.81
00:11:34,2.81
00:11:35,2.81
00:11:36,2.81
00:11:37,2.81
00:11:38,2.81
00:11:39,2.81
00:11:40,2.81
00:11:41,2.81
00:11:42,2.81
00:11:43,2.81
00:11:44,2.81
00:11:45,2.81
00:11:46,2.81
00:11:47,2.81
00:11:48,2.81
00:11:49,2.81
00:11:50,2.81
00:11:51,2.81
00:11:52,2.81
00:11:53,2.81
00:11:54,2.81
00:11:55,2.81
00:11:56,2.81
00:11:57,2.81
00:11:58,2.81
00:11:59,2.81
00:12:00,2.81
00:12:01,2.81
00:12:02,2.81
00:12:03,2.81
00:12:04,2.81
00:12:05,2.81
00:12:06,2.81
00:12:07,2.81
00:12:08,2.81
00:12:09,2.81
00:12:10,2.81
00:12:11,2.81
00:12:12,2.81
00:12:13,2.81
00:12:14,2.81
00:12:15,2.81
00:12:16,2.81
00:12:17,2.81
00:12:18,2.81
00:12:19,2.81
00:12:20,2.81
00:12:21,2.81
00:12:22,2.81
00:12:23,2.81
00:12:24,2.81
00:12:25,2.81
00:12:26,2.81
00:12:27,2.81
00:12:28,2.81
00:12:29,2.81
00:12:30,2.81
00:12:31,2.81
00:12:32,2.81
00:12:33,2.81
00:12:34,2.81
00:12:35,2.81
00:12:36,2.81
00:12:37,2.81
00:12:38,2.81
00:12:39,2.81
00:12:40,2.81
00:12:41,2.81
00:12:42,2.81
00:12:43,2.81
00:12:44,2.81
00:12:45,2.81
00:12:46,2.81
00:12:47,2.81
00:12:48,2.81
00:12:49,2.81
00:12:50,2.81
00:12:51,2.81
00:12:52,2.81
00:12:53,2.81
00:12:54,2.81
00:12:55,2.81
00:12:56,2.81
00:12:57,2.81
00:12:58,2.81
00:12:59,2.81
00:13:00,2.81
00:13:01,2.81
00:13:02,2.81
00:13:03,2.81
00:13:04,2.81
00:13:05,2.81
00:13:06,2.81
00:13:07,2.81
00:13:08,2.81
00:13:09,2.81
00:13:10,2.81
00:13:11,2.81
00:13:12,2.81
00:13:13,2.81
00:13:14,2.81
00:13:15,2.81
00:13:16,2.81
00:13:17,2.81
00:13:18,2.81
00:13:19,2.81
00:13:20,2.81
00:13:21,2.81
00:13:22,2.81
00:13:23,2.81
00:13:24,2.81
00:13:25,2.81
00:13:26,2.81
00:13:27,2.81
00:13:28,2.81
00:13:29,2.81
00:13:30,2.81
00:13:31,2.81
00:13:32,2.81
00:13:33,2.81
00:13:34,2.81
00:13:35,2.81
00:13:36,2.81
00:13:37,2.81
00:13:38,2.81
00:13:39,2.81
00:13:40,2.81
00:13:41,2.81
00:13:42,2.81
00:13:43,2.81
00:13:44,2.81
00:13:45,2.81
00:13:46,2.81
00:13:47,2.81
00:13:48,2.81
00:13:49,2.81
00:13:50,2.81
00:13:51,2.81
00:13:52,2.81
00:13:53,2.81
00:13:54,2.81
00:13:55,2.81
00:13:56,2.81
00:13:57,2.81
00:13:58,2.81
00:13:59,2.81
00:14:00,2.81
00:14:01,2.81
00:14:02,2.81
00:14:03,2.81
00:14:04,2.81
00:14:05,2.81
00:14:06,2.81
00:14:07,2.81
00:14:08,2.81
00:14:09,2.81
00:14:10,2.81
00:14:11,2.81
00:14:12,2.81
00:14:13,2.81
00:14:14,2.81
00:14:15,2.81
00:14:16,2.81
00:14:17,2.81
00:14:18,2.81
00:14:19,2.81
00:14:20,2.81
00:14:21,2.81
00:14:22,2.81
00:14:23,2.81
00:14:24,2.81
00:14:25,2.81
00:14:26,2.81
00:14:27,2.81
00:14:28,2.81
00:14:29,2.81
00:14:30,2.81
00:14:31,2.81
00:14:32,2.81
00:14:33,2.81
00:14:34,2.81
00:14:35,2.81
00:14:36,2.81
00:14:37,2.81
00:14:38,2.81
00:14:39,2.81
00:14:40,2.81
00:14:41,2.81
00:14:42,2.81
00:14:43,2.81
00:14:44,2.81
00:14:45,2.81
00:14:46,2.81
00:14:47,2.81
00:14:48,2.81
00:14:49,2.81
00:14:50,2.81
00:14:51,2.81
00:14:52,2.81
00:14:53,2.81
00:14:54,2.81
00:14:55,2.81
00:14:56,2.81
00:14:57,2.81
00:14:58,2.81
00:14:59,2.81
00:15:00,2.81
00:15:01,2.81
00:15:02,2.81
00:15:03,2.81
00:15:04,2.81
00:15:05,2.81
00:15:06,2.81
00:15:07,2.81
00:15:08,2.81
00:15:09,2.81
00:15:10,2.81
00:15:11,2.81
00:15:12,2.81
00:15:13,2.81
00:15:14,2.81
00:15:15,2.81
00:15:16,2.81
00:15:17,2.81
00:15:18,2.81
00:15:19,2.81
00:15:20,2.81
00:15:21,2.81
00:15:22,2.81
00:15:23,2.81
00:15:24,2.81
00:15:25,2.81
00:15:26,2.81
00:15:27,2.81
00:15:28,2.81
00:15:29,2.81
00:15:30,2.81
00:15:31,2.81
00:15:32,2.81
00:15:33,2.81
00:15:34,2.81
00:15:35,2.81
00:15:36,2.81
00:15:37,2.81
00:15:38,2.81
00:15:39,2.81
00:15:40,2.81
00:15:41,2.81
00:15:42,2.81
00:15:43,2.81
00:15:44,2.81
00:15:45,2.81
00:15:46,2.81
00:15:47,2.81
00:15:48,2.81
00:15:49,2.81
00:15:50,2.81
00:15:51,2.81
00:15:52,2.81
00:15:53,2.81
00:15:54,2.81
00:15:55,2.81
00:15:56,2.81
00:15:57,2.81
00:15:58,2.81
00:15:59,2.81
00:16:00,2.81
00:16:01,2.81
00:16:02,2.81
00:16:03,2.81
00:16:04,2.81
00:16:05,2.81
00:16:06,2.81
00:16:07,2.81
00:16:08,2.81
00:16:09,2.81
00:16:10,2.81
00:16:11,2.81
00:16:12,2.81
00:16:13,2.81
00:16:14,2.81
00:16:15,2.81
00:16:16,2.81
00:16:17,2.81
00:16:18,2.81
00:16:19,2.81
00:16:20,2.81
00:16:21,2.81
00:16:22,2.81
00:16:23,2.81
00:16:24,2.81
00:16:25,2.81
00:16:26,2.81
00:16:27,2.81
00:16:28,2.81
00:16:29,2.81
00:16:30,2.81
00:16:31,2.81
00:16:32,2.81
00:16:33,2.81
00:16:34,2.81
00:16:35,2.81
00:16:36,2.81
00:16:37,2.81
00:16:38,2.81
00:16:39,2.81
00:16:40,2.81
00:16:41,2.81
00:16:42,2.81
00:16:43,2.81
00:16:44,2.81
00:16:45,2.81
00:16:46,2.81
00:16:47,2.81
00:16:48,2.81
00:16:49,2.81
00:16:50,2.81
00:16:51,2.81
00:16:52,2.81
00:16:53,2.81
00:16:54,2.81
00:16:55,2.81
00:16:56,2.81
00:16:57,2.81
00:16:58,2.81
00:16:59,2.81
00:17:00,2.81
00:17:01,2.81
00:17:02,2.81
00:17:03,2.81
00:17:04,2.81
00:17:05,2.81
00:17:06,2.81
00:17:07,2.81
00:17:08,2.81
00:17:09,2.81
00:17:10,2.81
00:17:11,2.81
00:17:12,2.81
00:17:13,2.81
00:17:14,2.81
00:17:15,2.81
00:17:16,2.81
00:17:17,2.81
00:17:18,2.81
00:17:19,2.81
00:17:20,2.81
00:17:21,2.81
00:17:22,2.81
00:17:23,2.81
00:17:24,2.81
00:17:25,2.81
00:17:26,2.81
00:17:27,2.81
00:17:28,2.81
00:17:29,2.81
00:17:30,2.81
00:17:31,2.81
00:17:32,2.81
00:17:33,2.81
00:17:34,2.81
00:17:35,2.81
00:17:36,2.81
00:17:37,2.81
00:17:38,2.81
00:17:39,2.81
00:17:40,2.81
00:17:41,2.81
00:17:42,2.81
00:17:43,2.81
00:17:44,2.81
00:17:45,2.81
00:17:46,2.81
00:17:47,2.81
00:17:48,2.81
00:17:49,2.81
00:17:50,2.81
00:17:51,2.81
00:17:52,2.81
00:17:53,2.81
00:17:54,2.81
00:17:55,2.81
00:17:56,2.81
00:17:57,2.81
00:17:58,2.81
00:17:59,2.81
00:18:00,2.81
00:18:01,2.81
00:18:02,2.81
00:18:03,2.81
00:18:04,2.81
00:18:05,2.81
00:18:06,2.81
00:18:07,2.81
00:18:08,2.81
00:18:09,2.81
00:18:10,2.81
00:18:11,2.81
00:18:12,2.81
00:18:13,2.81
00:18:14,2.81
00:18:15,2.81
00:18:16,2.81
00:18:17,2.81
00:18:18,2.81
00:18:19,2.81
00:18:20,2.81
00:18:21,2.81
00:18:22,2.81
00:18:23,2.81
00:18:24,2.81
00:18:25,2.81
00:18:26,2.81
00:18:27,2.81
00:18:28,2.81
00:18:29,2.81
00:18:30,2.81
00:18:31,2.81
00:18:32,2.81
00:18:33,2.81
00:18:34,2.81
00:18:35,2.81
00:18:36,2.81
00:18:37,2.81
00:18:38,2.81
00:18:39,2.81
00:18:40,2.81
00:18:41,2.81
00:18:42,2.81
00:18:43,2.81
00:18:44,2.81
00:18:45,2.81
00:18:46,2.81
00:18:47,2.81
00:18:48,2.81
00:18:49,2.81
00:18:50,2.81
00:18:51,2.81
00:18:52,2.81
00:18:53,2.81
00:18:54,2.81
00:18:55,2.81
00:18:56,2.81
00:18:57,2.81
00:18:58,2.81
00:18:59,2.81
00:19:00,2.81
00:19:01,2.81
00:19:02,2.81
00:19:03,2.81
00:19:04,2.81
00:19:05,2.81
00:19:06,2.81
00:19:07,2.81
00:19:08,2.81
00:19:09,2.81
00:19:10,2.81
00:19:11,2.81
00:19:12,2.81
00:19:13,2.81
00:19:14,2.81
00:19:15,2.81
00:19:16,2.81
00:19:17,2.81
00:19:18,2.81
00:19:19,2.81
00:19:20,2.81
00:19:21,2.81
00:19:22,2.81
00:19:23,2.81
00:19:24,2.81
00:19:25,2.81
00:19:26,2.81
00:19:27,2.81
00:19:28,2.81
00:19:29,2.81
00:19:30,2.81
00:19:31,2.81
00:19:32,2.81
00:19:33,2.81
00:19:34,2.81
00:19:35,2.81
00:19:36,2.81
00:19:37,2.81
00:19:38,2.81
00:19:39,2.81
00:19:40,2.81
00:19:41,2.81
00:19:42,2.81
00:19:43,2.81
00:19:44,2.81
00:19:45,2.81
00:19:46,2.81
00:19:47,2.81
00:19:48,2.81
00:19:49,2.81
00:19:50,2.81
00:19:51,2.81
00:19:52,2.81
00:19:53,2.81
00:19:54,2.81
00:19:55,2.81
00:19:56,2.81
00:19:57,2.81
00:19:58,2.81
00:19:59,2.81
00:20:00,2.81
00:20:01,2.81
00:20:02,2.81
00:20:03,2.81
00:20:04,2.81
00:20:05,2.81
00:20:06,2.81
00:20:07,2.81
00:20:08,2.81
00:20:09,2.81
00:20:10,2.81
00:20:11,2.81
00:20:12,2.81
00:20:13,2.81
00:20:14,2.81
00:20:15,2.81
00:20:16,2.81
00:20:17,2.81
00:20:18,2.81
00:20:19,2.81
00:20:20,2.81
00:20:21,2.81
00:20:22,2.81
00:20:23,2.81
00:20:24,2.81
00:20:25,2.81
00:20:26,2.81
00:20:27,2.81
00:20:28,2.81
00:20:29,2.81
00:20:30,2.81
00:20:31,2.81
00:20:32,2.81
00:20:33,2.81
00:20:34,2.81
00:20:35,2.81
00:20:36,2.81
00:20:37,2.81
00:20:38,2.81
00:20:39,2.81
00:20:40,2.81
00:20:41,2.81
00:20:42,2.81
00:20:43,2.81
00:20:44,2.81
00:20:45,2.81
00:20:46,2.81
00:20:47,2.81
00:20:48,2.81
00:20:49,2.81
00:20:50,2.81
00:20:51,2.81
00:20:52,2.81
00:20:53,2.81
00:20:54,2.81
00:20:55,2.81
00:20:56,2.81
00:20:57,2.81
00:20:58,2.81
00:20:59,2.81
00:21:00,2.81
00:21:01,2.81
00:21:02,2.81
00:21:03,2.81
00:21:04,2.81
00:21:05,2.81
00:21:06,2.81
00:21:07,2.81
00:21:08,2.81
00:21:09,2.81
00:21:10,2.81
00:21:11,2.81
00:21:12,2.81
00:21:13,2.81
00:21:14,2.81
00:21:15,2.81
00:21:16,2.81
00:21:17,2.81
00:21:18,2.81
00:21:19,2.81
00:21:20,2.81
00:21:21,2.81
00:21:22,2.81
00:21:23,2.81
00:21:24,2.81
00:21:25,2.81
00:21:26,2.81
00:21:27,2.81
00:21:28,2.81
00:21:29,2.81
00:21:30,2.81
00:21:31,2.81
00:21:32,2.81
00:21:33,2.81
00:21:34,2.81
00:21:35,2.81
00:21:36,2.81
00:21:37,2.81
00:21:38,2.81
00:21:39,2.81
00:21:40,2.81
00:21:41,2.81
00:21:42,2.81
00:21:43,2.81
00:21:44,2.81
00:21:45,2.81
00:21:46,2.81
00:21:47,2.81
00:21:48,2.81
00:21:49,2.81
00:21:50,2.81
00:21:51,2.81
00:21:52,2.81
00:21:53,2.81
00:21:54,2.81
00:21:55,2.81
00:21:56,2.81
00:21:57,2.81
00:21:58,2.81
00:21:59,2.81
00:22:00,2.81
00:22:01,2.81
00:22:02,2.81
00:22:03,2.81
00:22:04,2.81
00:22:05,2.81
00:22:06,2.81
00:22:07,2.81
00:22:08,2.81
00:22:09,2.81
00:22:10,2.81
00:22:11,2.81
00:22:12,2.81
00:22:13,2.81
00:22:14,2.81
00:22:15,2.81
00:22:16,2.81
00:22:17,2.81
00:22:18,2.81
00:22:19,2.81
00:22:20,2.81
00:22:21,2.81
00:22:22,2.81
00:22:23,2.81
00:22:24,2.81
00:22:25,2.81
00:22:26,2.81
00:22:27,2.81
00:22:28,2.81
00:22:29,2.81
00:22:30,2.81
00:22:31,2.81
00:22:32,2.81
00:22:33,2.81
00:22:34,2.81
00:22:35,2.81
00:22:36,2.81
00:22:37,2.81
00:22:38,2.81
00:22:39,2.81
00:22:40,2.81
00:22:41,2.81
00:22:42,2.81
00:22:43,2.81
00:22:44,2.81
00:22:45,2.81
00:22:46,2.81
00:22:47,2.81
00:22:48,2.81
00:22:49,2.81
00:22:50,2.81
00:22:51,2.81
00:22:52,2.81
00:22:53,2.81
00:22:54,2.81
00:22:55,2.81
00:22:56,2.81
00:22:57,2.81
00:22:58,2.81
00:22:59,2.81
00:23:00,2.81
00:23:01,2.81
00:23:02,2.81
00:23:03,2.81
00:23:04,2.81
00:23:05,2.81
00:23:06,2.81
00:23:07,2.81
00:23:08,2.81
00:23:09,2.81
00:23:10,2.81
00:23:11,2.81
00:23:12,2.81
00:23:13,2.81
00:23:14,2.81
00:23:15,2.81
00:23:16,2.81
00:23:17,2.81
00:23:18,2.81
00:23:19,2.81
00:23:20,2.81
00:23:21,2.81
00:23:22,2.81
00:23:23,2.81
00:23:24,2.81
00:23:25,2.81
00:23:26,2.81
00:23:27,2.81
00:23:28,2.81
00:23:29,2.81
00:23:30,2.81
00:23:31,2.81
00:23:32,2.81
00:23:33,2.81
00:23:34,2.81
00:23:35,2.81
00:23:36,2.81
00:23:37,2.81
00:23:38,2.81
00:23:39,2.81
00:23:40,2.81
00:23:41,2.81
00:23:42,2.81
00:23:43,2.81
00:23:44,2.81
00:23:45,2.81
00:23:46,2.81
00:23:47,2.81
00:23:48,2.81
00:23:49,2.81
00:23:50,2.81
00:23:51,2.81
00:23:52,2.81
00:23:53,2.81
00:23:54,2.81
00:23:55,2.81
00:23:56,2.81
00:23:57,2.81
00:23:58,2.81
00:23:59,2.81
00:24:00,2.81
00:24:01,2.81
00:24:02,2.81
00:24:03,2.81
00:24:04,2.81
00:24:05,2.81
00:24:06,2.81
00:24:07,2.81
00:24:08,2.81
00:24:09,2.81
00:24:10,2.81
00:24:11,2.81
00:24:12,2.81
00:24:13,2.81
00:24:14,2.81
00:24:15,2.81
00:24:16,2.81
00:24:17,2.81
00:24:18,2.81
00:24:19,2.81
00:24:20,2.81
00:24:21,2.81
00:24:22,2.81
00:24:23,2.81
00:24:24,2.81
00:24:25,2.81
00:24:26,2.81
00:24:27,2.81
00:24:28,2.81
00:24:29,2.81
00:24:30,2.81
00:24:31,2.81
00:24:32,2.81
00:24:33,2.81
00:24:34,2.81
00:24:35,2.81
00:24:36,2.81
00:24:37,2.81
00:24:38,2.81
00:24:39,2.81
00:24:40,2.81
00:24:41,2.81
00:24:42,2.81
00:24:43,2.81
00:24:44,2.81
00:24:45,2.81
00:24:46,2.81
00:24:47,2.81
00:24:48,2.81
00:24:49,2.81
00:24:50,2.81
00:24:51,2.81
00:24:52,2.81
00:24:53,2.81
00:24:54,2.81
00:24:55,2.81
00:24:56,2.81
00:24:57,2.81
00:24:58,2.81
00:24:59,2.81
00:25:00,2.81
00:25:01,2.81
00:25:02,2.81
00:25:03,2.81
00:25:04,2.81
00:25:05,2.81
00:25:06,2.81
00:25:07,2.81
00:25:08,2.81
00:25:09,2.81
00:25:10,2.81
00:25:11,2.81
00:25:12,2.81
00:25:13,2.81
00:25:14,2.81
00:25:15,2.81
00:25:16,2.81
00:25:17,2.81
00:25:18,2.81
00:25:19,2.81
00:25:20,2.81
00:25:21,2.81
00:25:22,2.81
00:25:23,2.81
00:25:24,2.81
00:25:25,2.81
00:25:26,2.81
00:25:27,2.81
00:25:28,2.81
00:25:29,2.81
00:25:30,2.81
00:25:31,2.81
00:25:32,2.81
00:25:33,2.81
00:25:34,2.81
00:25:35,2.81
00:25:36,2.81
00:25:37,2.81
00:25:38,2.81
00:25:39,2.81
00:25:40,2.81
00:25:41,2.81
00:25:42,2.81
00:25:43,2.81
00:25:44,2.81
00:25:45,2.81
00:25:46,2.81
00:25:47,2.81
00:25:48,2.81
00:25:49,2.81
00:25:50,2.81
00:25:51,2.81
00:25:52,2.81
00:25:53,2.81
00:25:54,2.81
00:25:55,2.81
00:25:56,2.81
00:25:57,2.81
00:25:58,2.81
00:25:59,2.81
00:26:00,2.81
00:26:01,2.81
00:26:02,2.81
00:26:03,2.81
00:26:04,2.81
00:26:05,2.81
00:26:06,2.81
00:26:07,2.81
00:26:08,2.81
00:26:09,2.81
00:26:10,2.81
00:26:11,2.81
00:26:12,2.81
00:26:13,2.81
00:26:14,2.81
00:26:15,2.81
00:26:16,2.81
00:26:17,2.81
00:26:18,2.81
00:26:19,2.81
00:26:20,2.81
00:26:21,2.81
00:26:22,2.81
00:26:23,2.81
00:26:24,2.81
00:26:25,2.81
00:26:26,2.81
00:26:27,2.81
00:26:28,2.81
00:26:29,2.81
00:26:30,2.81
00:26:31,2.81
00:26:32,2.81
00:26:33,2.81
00:26:34,2.81
00:26:35,2.81
00:26:36,2.81
00:26:37,2.81
00:26:38,2.81
00:26:39,2.81
00:26:40,2.81
00:26:41,2.81
00:26:42,2.81
00:26:43,2.81
00:26:44,2.81
00:26:45,2.81
00:26:46,2.81
00:26:47,2.81
00:26:48,2.81
00:26:49,2.81
00:26:50,2.81
00:26:51,2.81
00:26:52,2.81
00:26:53,2.81
00:26:54,2.81
00:26:55,2.81
00:26:56,2.81
00:26:57,2.81
00:26:58,2.81
00:26:59,2.81
00:27:00,2.81
00:27:01,2.81
00:27:02,2.81
00:27:03,2.81
00:27:04,2.81
00:27:05,2.81
00:27:06,2.81
00:27:07,2.81
00:27:08,2.81
00:27:09,2.81
00:27:10,2.81
00:27:11,2.81
00:27:12,2.81
00:27:13,2.81
00:27:14,2.81
00:27:15,2.81
00:27:16,2.81
00:27:17,2.81
00:27:18,2.81
00:27:19,2.81
00:27:20,2.81
00:27:21,2.81
00:27:22,2.81
00:27:23,2.81
00:27:24,2.81
00:27:25,2.81
00:27:26,2.81
00:27:27,2.81
00:27:28,2.81
00:27:29,2.81
00:27:30,2.81
00:27:31,2.81
00:27:32,2.81
00:27:33,2.81
00:27:34,2.81
00:27:35,2.81
00:27:36,2.81
00:27:37,2.81
00:27:38,2.81
00:27:39,2.81
00:27:40,2.81
00:27:41,2.81
00:27:42,2.81
00:27:43,2.81
00:27:44,2.81
00:27:45,2.81
00:27:46,2.81
00:27:47,2.81
00:27:48,2.81
00:27:49,2.81
00:27:50,2.81
00:27:51,2.81
00:27:52,2.81
00:27:53,2.81
00:27:54,2.81
00:27:55,2.81
00:27:56,2.81
00:27:57,2.81
00:27:58,2.81
00:27:59,2.81
00:28:00,2.81
00:28:01,2.81
00:28:02,2.81
00:28:03,2.81
00:28:04,2.81
00:28:05,2.81
00:28:06,2.81
00:28:07,2.81
00:28:08,2.81
00:28:09,2.81
00:28:10,2.81
00:28:11,2.81
00:28:12,2.81
00:28:13,2.81
00:28:14,2.81
00:28:15,2.81
00:28:16,2.81
00:28:17,2.81
00:28:18,2.81
00:28:19,2.81
00:28:20,2.81
00:28:21,2.81
00:28:22,2.81
00:28:23,2.81
00:28:24,2.81
00:28:25,2.81
00:28:26,2.81
00:28:27,2.81
00:28:28,2.81
00:28:29,2.81
00:28:30,2.81
00:28:31,2.81
00:28:32,2.81
00:28:33,2.81
00:28:34,2.81
00:28:35,2.81
00:28:36,2.81
00:28:37,2.81
00:28:38,2.81
00:28:39,2.81
00:28:40,2.81
00:28:41,2.81
00:28:42,2.81
00:28:43,2.81
00:28:44,2.81
00:28:45,2.81
00:28:46,2.81
00:28:47,2.81
00:28:48,2.81
00:28:49,2.81
00:28:50,2.81
00:28:51,2.81
00:28:52,2.81
00:28:53,2.81
00:28:54,2.81
00:28:55,2.81
00:28:56,2.81
00:28:57,2.81
00:28:58,2.81
00:28:59,2.81
00:29:00,2.81
00:29:01,2.81
00:29:02,2.81
00:29:03,2.81
00:29:04,2.81
00:29:05,2.81
00:29:06,2.81
00:29:07,2.81
00:29:08,2.81
00:29:09,2.81
00:29:10,2.81
00:29:11,2.81
00:29:12,2.81
00:29:13,2.81
00:29:14,2.81
00:29:15,2.81
00:29:16,2.81
00:29:17,2.81
00:29:18,2.81
00:29:19,2.81
00:29:20,2.81
00:29:21,2.81
00:29:22,2.81
00:29:23,2.81
00:29:24,2.81
00:29:25,2.81
00:29:26,2.81
00:29:27,2.81
00:29:28,2.81
00:29:29,2.81
00:29:30,2.81
00:29:31,2.81
00:29:32,2.81
00:29:33,2.81
00:29:34,2.81
00:29:35,2.81
00:29:36,2.81
00:29:37,2.81
00:29:38,2.81
00:29:39,2.81
00:29:40,2.81
00:29:41,2.81
00:29:42,2.81
00:29:43,2.81
00:29:44,2.81
00:29:45,2.81
00:29:46,2.81
00:29:47,2.81
00:29:48,2.81
00:29:49,2.81
00:29:50,2.81
00:29:51,2.81
00:29:52,2.81
00:29:53,2.81
00:29:54,2.81
00:29:55,2.81
00:29:56,2.81
00:29:57,2.81
00:29:58,2.81
00:29:59,2.81
00:30:00,2.81
00:30:01,2.81
00:30:02,2.81
00:30:03,2.81
00:30:04,2.81
00:30:05,2.81
00:30:06,2.81
00:30:07,2.81
00:30:08,2.81
00:30:09,2.81
00:30:10,2.81
00:30:11,2.81
00:30:12,2.81
00:30:13,2.81
00:30:14,2.81
00:30:15,2.81
00:30:16,2.81
00:30:17,2.81
00:30:18,2.81
00:30:19,2.81
00:30:20,2.81
00:30:21,2.81
00:30:22,2.81
00:30:23,2.81
00:30:24,2.81
00:30:25,2.81
00:30:26,2.81
00:30:27,2.81
00:30:28,2.81
00:30:29,2.81
00:30:30,2.81
00:30:31,2.81
00:30:32,2.81
00:30:33,2.81
00:30:34,2.81
00:30:35,2.81
00:30:36,2.81
00:30:37,2.81
00:30:38,2.81
00:30:39,2.81
00:30:40,2.81
00:30:41,2.81
00:30:42,2.81
00:30:43,2.81
00:30:44,2.81
00:30:45,2.81
00:30:46,2.81
00:30:47,2.81
00:30:48,2.81
00:30:49,2.81
00:30:50,2.81
00:30:51,2.81
00:30:52,2.81
00:30:53,2.81
00:30:54,2.81
00:30:55,2.81
00:30:56,2.81
00:30:57,2.81
00:30:58,2.81
00:30:59,2.81
00:31:00,2.81
00:31:01,2.81
00:31:02,2.81
00:31:03,2.81
00:31:04,2.81
00:31:05,2.81
00:31:06,2.81
00:31:07,2.81
00:31:08,2.81
00:31:09,2.81
00:31:10,2.81
00:31:11,2.81
00:31:12,2.81
00:31:13,2.81
00:31:14,2.81
00:31:15,2.81
00:31:16,2.81
00:31:17,2.81
00:31:18,2.81
00:31:19,2.81
00:31:20,2.81
00:31:21,2.81
00:31:22,2.81
00:31:23,2.81
00:31:24,2.81
00:31:25,2.81
00:31:26,2.81
00:31:27,2.81
00:31:28,2.81
00:31:29,2.81
00:31:30,2.81
00:31:31,2.81
00:31:32,2.81
00:31:33,2.81
00:31:34,2.81
00:31:35,2.81
00:31:36,2.81
00:31:37,2.81
00:31:38,2.81
00:31:39,2.81
00:31:40,2.81
00:31:41,2.81
00:31:42,2.81
00:31:43,2.81
00:31:44,2.81
00:31:45,2.81
00:31:46,2.81
00:31:47,2.81
00:31:48,2.81
00:31:49,2.81
00:31:50,2.81
00:31:51,2.81
00:31:52,2.81
00:31:53,2.81
00:31:54,2.81
00:31:55,2.81
00:31:56,2.81
00:31:57,2.81
00:31:58,2.81
00:31:59,2.81
00:32:00,2.81
00:32:01,2.81
00:32:02,2.81
00:32:03,2.81
00:32:04,2.81
00:32:05,2.81
00:32:06,2.81
00:32:07,2.81
00:32:08,2.81
00:32:09,2.81
00:32:10,2.81
00:32:11,2.81
00:32:12,2.81
00:32:13,2.81
00:32:14,2.81
00:32:15,2.81
00:32:16,2.81
00:32:17,2.81
00:32:18,2.81
00:32:19,2.81
00:32:20,2.81
00:32:21,2.81
00:32:22,2.81
00:32:23,2.81
00:32:24,2.81
00:32:25,2.81
00:32:26,2.81
00:32:27,2.81
00:32:28,2.81
00:32:29,2.81
00:32:30,2.81
00:32:31,2.81
00:32:32,2.81
00:32:33,2.81
00:32:34,2.81
00:32:35,2.81
00:32:36,2.81
00:32:37,2.81
00:32:38,2.81
00:32:39,2.81
00:32:40,2.81
00:32:41,2.81
00:32:42,2.81
00:32:43,2.81
00:32:44,2.81
00:32:45,2.81
00:32:46,2.81
00:32:47,2.81
00:32:48,2.81
00:32:49,2.81
00:32:50,2.81
00:32:51,2.81
00:32:52,2.81
00:32:53,2.81
00:32:54,2.81
00:32:55,2.81
00:32:56,2.81
00:32:57,2.81
00:32:58,2.81
00:32:59,2.81
00:33:00,2.81
00:33:01,2.81
00:33:02,2.81
00:33:03,2.81
00:33:04,2.81
00:33:05,2.81
00:33:06,2.81
00:33:07,2.81
00:33:08,2.81
00:33:09,2.81
00:33:10,2.81
00:33:11,2.81
00:33:12,2.81
00:33:13,2.81
00:33:14,2.81
00:33:15,2.81
00:33:16,2.81
00:33:17,2.81
00:33:18,2.81
00:33:19,2.81
00:33:20,2.81
00:33:21,2.81
00:33:22,2.81
00:33:23,2.81
00:33:24,2.81
00:33:25,2.81
00:33:26,2.81
00:33:27,2.81
00:33:28,2.81
00:33:29,2.81
00:33:30,2.81
00:33:31,2.81
00:33:32,2.81
00:33:33,2.81
00:33:34,2.81
00:33:35,2.81
00:33:36,2.81
00:33:37,2.81
00:33:38,2.81
00:33:39,2.81
00:33:40,2.81
00:33:41,2.81
00:33:42,2.81
00:33:43,2.81
00:33:44,2.81
00:33:45,2.81
00:33:46,2.81
00:33:47,2.81
00:33:48,2.81
00:33:49,2.81
00:33:50,2.81
00:33:51,2.81
00:33:52,2.81
00:33:53,2.81
00:33:54,2.81
00:33:55,2.81
00:33:56,2.81
00:33:57,2.81
00:33:58,2.81
00:33:59,2.81
00:34:00,2.81
00:34:01,2.81
00:34:02,2.81
00:34:03,2.81
00:34:04,2.81
00:34:05,2.81
00:34:06,2.81
00:34:07,2.81
00:34:08,2.81
00:34:09,2.81
00:34:10,2.81
00:34:11,2.81
00:34:12,2.81
00:34:13,2.81
00:34:14,2.81
00:34:15,2.81
00:34:16,2.81
00:34:17,2.81
00:34:18,2.81
00:34:19,2.81
00:34:20,2.81
00:34:21,2.81
00:34:22,2.81
00:34:23,2.81
00:34:24,2.81
00:34:25,2.81
00:34:26,2.81
00:34:27,2.81
00:34:28,2.81
00:34:29,2.81
00:34:30,2.81
00:34:31,2.81
00:34:32,2.81
00:34:33,2.81
00:34:34,2.81
00:34:35,2.81
00:34:36,2.81
00:34:37,2.81
00:34:38,2.81
00:34:39,2.81
00:34:40,2.81
00:34:41,2.81
00:34:42,2.81
00:34:43,2.81
00:34:44,2.81
00:34:45,2.81
00:34:46,2.81
00:34:47,2.81
00:34:48,2.81
00:34:49,2.81
00:34:50,2.81
00:34:51,2.81
00:34:52,2.81
00:34:53,2.81
00:34:54,2.81
00:34:55,2.81
00:34:56,2.81
00:34:57,2.81
00:34:58,2.81
00:34:59,2.81
00:35:00,2.81
00:35:01,2.81
00:35:02,2.81
00:35:03,2.81
00:35:04,2.81
00:35:05,2.81
00:35:06,2.81
00:35:07,2.81
00:35:08,2.81
00:35:09,2.81
00:35:10,2.81
00:35:11,2.81
00:35:12,2.81
00:35:13,2.81
00:35:14,2.81
00:35:15,2.81
00:35:16,2.81
00:35:17,2.81
00:35:18,2.81
00:35:19,2.81
00:35:20,2.81
00:35:21,2.81
00:35:22,2.81
00:35:23,2.81
00:35:24,2.81
00:35:25,2.81
00:35:26,2.81
00:35:27,2.81
00:35:28,2.81
00:35:29,2.81
00:35:30,2.81
00:35:31,2.81
00:35:32,2.81
00:35:33,2.81
00:35:34,2.81
00:35:35,2.81
00:35:36,2.81
00:35:37,2.81
00:35:38,2.81
00:35:39,2.81
00:35:40,2.81
00:35:41,2.81
00:35:42,2.81
00:35:43,2.81
00:35:44,2.81
00:35:45,2.81
00:35:46,2.81
00:35:47,2.81
00:35:48,2.81
00:35:49,2.81
00:35:50,2.81
00:35:51,2.81
00:35:52,2.81
00:35:53,2.81
00:35:54,2.81
00:35:55,2.81
00:35:56,2.81
00:35:57,2.81
00:35:58,2.81
00:35:59,2.81
00:36:00,2.81
00:36:01,2.81
00:36:02,2.81
00:36:03,2.81
00:36:04,2.81
00:36:05,2.81
00:36:06,2.81
00:36:07,2.81
00:36:08,2.81
00:36:09,2.81
00:36:10,2.81
00:36:11,2.81
00:36:12,2.81
00:36:13,2.81
00:36:14,2.81
00:36:15,2.81
00:36:16,2.81
00:36:17,2.81
00:36:18,2.81
00:36:19,2.81
00:36:20,2.81
00:36:21,2.81
00:36:22,2.81
00:36:23,2.81
00:36:24,2.81
00:36:25,2.81
00:36:26,2.81
00:36:27,2.81
00:36:28,2.81
00:36:29,2.81
00:36:30,2.81
00:36:31,2.81
00:36:32,2.81
00:36:33,2.81
00:36:34,2.81
00:36:35,2.81
00:36:36,2.81
00:36:37,2.81
00:36:38,2.81
00:36:39,2.81
00:36:40,2.81
00:36:41,2.81
00:36:42,2.81
00:36:43,2.81
00:36:44,2.81
00:36:45,2.81
00:36:46,2.81
00:36:47,2.81
00:36:48,2.81
00:36:49,2.81
00:36:50,2.81
00:36:51,2.81
00:36:52,2.81
00:36:53,2.81
00:36:54,2.81
00:36:55,2.81
00:36:56,2.81
00:36:57,2.81
00:36:58,2.81
00:36:59,2.81
00:37:00,2.81
00:37:01,2.81
00:37:02,2.81
00:37:03,2.81
00:37:04,2.81
00:37:05,2.81
00:37:06,2.81
00:37:07,2.81
00:37:08,2.81
00:37:09,2.81
00:37:10,2.81
00:37:11,2.81
00:37:12,2.81
00:37:13,2.81
00:37:14,2.81
00:37:15,2.81
00:37:16,2.81
00:37:17,2.81
00:37:18,2.81
00:37:19,2.81
00:37:20,2.81
00:37:21,2.81
00:37:22,2.81
00:37:23,2.81
00:37:24,2.81
00:37:25,2.81
00:37:26,2.81
00:37:27,2.81
00:37:28,2.81
00:37:29,2.81
00:37:30,2.81
00:37:31,2.81
00:37:32,2.81
00:37:33,2.81
00:37:34,2.81
00:37:35,2.81
00:37:36,2.81
00:37:37,2.81
00:37:38,2.81
00:37:39,2.81
00:37:40,2.81
00:37:41,2.81
00:37:42,2.81
00:37:43,2.81
00:37:44,2.81
00:37:45,2.81
00:37:46,2.81
00:37:47,2.81
00:37:48,2.81
00:37:49,2.81
00:37:50,2.81
00:37:51,2.81
00:37:52,2.81
00:37:53,2.81
00:37:54,2.81
00:37:55,2.81
00:37:56,2.81
00:37:57,2.81
00:37:58,2.81
00:37:59,2.81
00:38:00,2.81
00:38:01,2.81
00:38:02,2.81
00:38:03,2.81
00:38:04,2.81
00:38:05,2.81
00:38:06,2.81
00:38:07,2.81
00:38:08,2.81
00:38:09,2.81
00:38:10,2.81
00:38:11,2.81
00:38:12,2.81
00:38:13,2.81
00:38:14,2.81
00:38:15,2.81
00:38:16,2.81
00:38:17,2.81
00:38:18,2.81
00:38:19,2.81
00:38:20,2.81
00:38:21,2.81
00:38:22,2.81
00:38:23,2.81
00:38:24,2.81
00:38:25,2.81
00:38:26,2.81
00:38:27,2.81
00:38:28,2.81
00:38:29,2.81
00:38:30,2.81
00:38:31,2.81
00:38:32,2.81
00:38:33,2.81
00:38:34,2.81
00:38:35,2.81
00:38:36,2.81
00:38:37,2.81
00:38:38,2.81
00:38:39,2.81
00:38:40,2.81
00:38:41,2.81
00:38:42,2.81
00:38:43,2.81
00:38:44,2.81
00:38:45,2.81
00:38:46,2.81
00:38:47,2.81
00:38:48,2.81
00:38:49,2.81
00:38:50,2.81
00:38:51,2.81
00:38:52,2.81
00:38:53,2.81
00:38:54,2.81
00:38:55,2.81
00:38:56,2.81
00:38:57,2.81
00:38:58,2.81
00:38:59,2.81
00:39:00,2.81
00:39:01,2.81
00:39:02,2.81
00:39:03,2.81
00:39:04,2.81
00:39:05,2.81
00:39:06,2.81
00:39:07,2.81
00:39:08,2.81
00:39:09,2.81
00:39:10,2.81
00:39:11,2.81
00:39:12,2.81
00:39:13,2.81
00:39:14,2.81
00:39:15,2.81
00:39:16,2.81
00:39:17,2.81
00:39:18,2.81
00:39:19,2.81
00:39:20,2.81
00:39:21,2.81
00:39:22,2.81
00:39:23,2.81
00:39:24,2.81
00:39:25,2.81
00:39:26,2.81
00:39:27,2.81
00:39:28,2.81
00:39:29,2.81
00:39:30,2.81
00:39:31,2.81
00:39:32,2.81
00:39:33,2.81
00:39:34,2.81
00:39:35,2.81
00:39:36,2.81
00:39:37,2.81
00:39:38,2.81
00:39:39,2.81
00:39:40,2.81
00:39:41,2.81
00:39:42,2.81
00:39:43,2.81
00:39:44,2.81
00:39:45,2.81
00:39:46,2.81
00:39:47,2.81
00:39:48,2.81
00:39:49,2.81
00:39:50,2.81
00:39:51,2.81
00:39:52,2.81
00:39:53,2.81
00:39:54,2.81
00:39:55,2.81
00:39:56,2.81
00:39:57,2.81
00:39:58,2.81
00:39:59,2.81
00:40:00,2.81
00:40:01,2.81
00:40:02,2.81
00:40:03,2.81
00:40:04,2.81
00:40:05,2.81
00:40:06,2.81
00:40:07,2.81
00:40:08,2.81
00:40:09,2.81
00:40:10,2.81
00:40:11,2.81
00:40:12,2.81
00:40:13,2.81
00:40:14,2.81
00:40:15,2.81
00:40:16,2.81
00:40:17,2.81
00:40:18,2.81
00:40:19,2.81
00:40:20,2.81
00:40:21,2.81
00:40:22,2.81
00:40:23,2.81
00:40:24,2.81
00:40:25,2.81
00:40:26,2.81
00:40:27,2.81
00:40:28,2.81
00:40:29,2.81
00:40:30,2.81
00:40:31,2.81
00:40:32,2.81
00:40:33,2.81
00:40:34,2.81
00:40:35,2.81
00:40:36,2.81
00:40:37,2.81
00:40:38,2.81
00:40:39,2.81
00:40:40,2.81
00:40:41,2.81
00:40:42,2.81
00:40:43,2.81
00:40:44,2.81
00:40:45,2.81
00:40:46,2.81
00:40:47,2.81
00:40:48,2.81
00:40:49,2.81
00:40:50,2.81
00:40:51,2.81
00:40:52,2.81
00:40:53,2.81
00:40:54,2.81
00:40:55,2.81
00:40:56,2.81
00:40:57,2.81
00:40:58,2.81
00:40:59,2.81
00:41:00,2.81
00:41:01,2.81
00:41:02,2.81
00:41:03,2.81
00:41:04,2.81
00:41:05,2.81
00:41:06,2.81
00:41:07,2.81
00:41:08,2.81
00:41:09,2.81
00:41:10,2.81
00:41:11,2.81
00:41:12,2.81
00:41:13,2.81
00:41:14,2.81
00:41:15,2.81
00:41:16,2.81
00:41:17,2.81
00:41:18,2.81
00:41:19,2.81
00:41:20,2.81
00:41:21,2.81
00:41:22,2.81
00:41:23,2.81
00:41:24,2.81
00:41:25,2.81
00:41:26,2.81
00:41:27,2.81
00:41:28,2.81
00:41:29,2.81
00:41:30,2.81
00:41:31,2.81
00:41:32,2.81
00:41:33,2.81
00:41:34,2.81
00:41:35,2.81
00:41:36,2.81
00:41:37,2.81
00:41:38,2.81
00:41:39,2.81
00:41:40,2.81
00:41:41,2.81
00:41:42,2.81
00:41:43,2.81
00:41:44,2.81
00:41:45,2.81
00:41:46,2.81
00:41:47,2.81
00:41:48,2.81
00:41:49,2.81
00:41:50,2.81
00:41:51,2.81
00:41:52,2.81
00:41:53,2.81
00:41:54,2.81
00:41:55,2.81
00:41:56,2.81
00:41:57,2.81
00:41:58,2.81
00:41:59,2.81
00:42:00,2.81
00:42:01,2.81
00:42:02,2.81
00:42:03,2.81
00:42:04,2.81
00:42:05,2.81
00:42:06,2.81
00:42:07,2.81
00:42:08,2.81
00:42:09,2.81
00:42:10,2.81
00:42:11,2.81
00:42:12,2.81
00:42:13,2.81
00:42:14,2.81
00:42:15,2.81
00:42:16,2.81
00:42:17,2.81
00:42:18,2.81
00:42:19,2.81
00:42:20,2.81
00:42:21,2.81
00:42:22,2.81
00:42:23,2.81
00:42:24,2.81
00:42:25,2.81
00:42:26,2.81
00:42:27,2.81
00:42:28,2.81
00:42:29,2.81
00:42:30,2.81
00:42:31,2.81
00:42:32,2.81
00:42:33,2.81
00:42:34,2.81
00:42:35,2.81
00:42:36,2.81
00:42:37,2.81
00:42:38,2.81
00:42:39,2.81
00:42:40,2.81
00:42:41,2.81
00:42:42,2.81
00:42:43,2.81
00:42:44,2.81
00:42:45,2.81
00:42:46,2.81
00:42:47,2.81
00:42:48,2.81
00:42:49,2.81
00:42:50,2.81
00:42:51,2.81
00:42:52,2.81
00:42:53,2.81
00:42:54,2.81
00:42:55,2.81
00:42:56,2.81
00:42:57,2.81
00:42:58,2.81
00:42:59,2.81
00:43:00,2.81
00:43:01,2.81
00:43:02,2.81
00:43:03,2.81
00:43:04,2.81
00:43:05,2.81
00:43:06,2.81
00:43:07,2.81
00:43:08,2.81
00:43:09,2.81
00:43:10,2.81
00:43:11,2.81
00:43:12,2.81
00:43:13,2.81
00:43:14,2.81
00:43:15,2.81
00:43:16,2.81
00:43:17,2.81
00:43:18,2.81
00:43:19,2.81
00:43:20,2.81
00:43:21,2.81
00:43:22,2.81
00:43:23,2.81
00:43:24,2.81
00:43:25,2.81
00:43:26,2.81
00:43:27,2.81
00:43:28,2.81
00:43:29,2.81
00:43:30,2.81
00:43:31,2.81
00:43:32,2.81
00:43:33,2.81
00:43:34,2.81
00:43:35,2.81
00:43:36,2.81
00:43:37,2.81
00:43:38,2.81
00:43:39,2.81
00:43:40,2.81
00:43:41,2.81
00:43:42,2.81
00:43:43,2.81
00:43:44,2.81
00:43:45,2.81
00:43:46,2.81
00:43:47,2.81
00:43:48,2.81
00:43:49,2.81
00:43:50,2.81
00:43:51,2.81
00:43:52,2.81
00:43:53,2.81
00:43:54,2.81
00:43:55,2.81
00:43:56,2.81
00:43:57,2.81
00:43:58,2.81
00:43:59,2.81
00:44:00,2.81
00:44:01,2.81
00:44:02,2.81
00:44:03,2.81
00:44:04,2.81
00:44:05,2.81
00:44:06,2.81
00:44:07,2.81
00:44:08,2.81
00:44:09,2.81
00:44:10,2.81
00:44:11,2.81
00:44:12,2.81
00:44:13,2.81
00:44:14,2.81
00:44:15,2.81
00:44:16,2.81
00:44:17,2.81
00:44:18,2.81
00:44:19,2.81
00:44:20,2.81
00:44:21,2.81
00:44:22,2.81
00:44:23,2.81
00:44:24,2.81
00:44:25,2.81
00:44:26,2.81
00:44:27,2.81
00:44:28,2.81
00:44:29,2.81
00:44:30,2.81
00:44:31,2.81
00:44:32,2.81
00:44:33,2.81
00:44:34,2.81
00:44:35,2.81
00:44:36,2.81
00:44:37,2.81
00:44:38,2.81
00:44:39,2.81
00:44:40,2.81
00:44:41,2.81
00:44:42,2.81
00:44:43,2.81
00:44:44,2.81
00:44:45,2.81
00:44:46,2.81
00:44:47,2.81
00:44:48,2.81
00:44:49,2.81
00:44:50,2.81
00:44:51,2.81
00:44:52,2.81
00:44:53,2.81
00:44:54,2.81
00:44:55,2.81
00:44:56,2.81
00:44:57,2.81
00:44:58,2.81
00:44:59,2.81
00:45:00,2.81
00:45:01,2.81
00:45:02,2.81
00:45:03,2.81
00:45:04,2.81
00:45:05,2.81
00:45:06,2.81
00:45:07,2.81
00:45:08,2.81
00:45:09,2.81
00:45:10,2.81
00:45:11,2.81
00:45:12,2.81
00:45:13,2.81
00:45:14,2.81
00:45:15,2.81
00:45:16,2.81
00:45:17,2.81
00:45:18,2.81
00:45:19,2.81
00:45:20,2.81
00:45:21,2.81
00:45:22,2.81
00:45:23,2.81
00:45:24,2.81
00:45:25,2.81
00:45:26,2.81
00:45:27,2.81
00:45:28,2.81
00:45:29,2.81
00:45:30,2.81
00:45:31,2.81
00:45:32,2.81
00:45:33,2.81
00:45:34,2.81
00:45:35,2.81
00:45:36,2.81
00:45:37,2.81
00:45:38,2.81
00:45:39,2.81
00:45:40,2.81
00:45:41,2.81
00:45:42,2.81
00:45:43,2.81
00:45:44,2.81
00:45:45,2.81
00:45:46,2.81
00:45:47,2.81
00:45:48,2.81
00:45:49,2.81
00:45:50,2.81
00:45:51,2.81
00:45:52,2.81
00:45:53,2.81
00:45:54,2.81
00:45:55,2.81
00:45:56,2.81
00:45:57,2.81
00:45:58,2.81
00:45:59,2.81
00:46:00,2.81
00:46:01,2.81
00:46:02,2.81
00:46:03,2.81
00:46:04,2.81
00:46:05,2.81
00:46:06,2.81
00:46:07,2.81
00:46:08,2.81
00:46:09,2.81
00:46:10,2.81
00:46:11,2.81
00:46:12,2.81
00:46:13,2.81
00:46:14,2.81
00:46:15,2.81
00:46:16,2.81
00:46:17,2.81
00:46:18,2.81
00:46:19,2.81
00:46:20,2.81
00:46:21,2.81
00:46:22,2.81
00:46:23,2.81
00:46:24,2.81
00:46:25,2.81
00:46:26,2.81
00:46:27,2.81
00:46:28,2.81
00:46:29,2.81
00:46:30,2.81
00:46:31,2.81
00:46:32,2.81
00:46:33,2.81
00:46:34,2.81
00:46:35,2.81
00:46:36,2.81
00:46:37,2.81
00:46:38,2.81
00:46:39,2.81
00:46:40,2.81
00:46:41,2.81
00:46:42,2.81
00:46:43,2.81
00:46:44,2.81
00:46:45,2.81
00:46:46,2.81
00:46:47,2.81
00:46:48,2.81
00:46:49,2.81
00:46:50,2.81
00:46:51,2.81
00:46:52,2.81
00:46:53,2.81
00:46:54,2.81
00:46:55,2.81
00:46:56,2.81
00:46:57,2.81
00:46:58,2.81
00:46:59,2.81
00:47:00,2.81
00:47:01,2.81
00:47:02,2.81
00:47:03,2.81
00:47:04,2.81
00:47:05,2.81
00:47:06,2.81
00:47:07,2.81
00:47:08,2.81
00:47:09,2.81
00:47:10,2.81
00:47:11,2.81
00:47:12,2.81
00:47:13,2.81
00:47:14,2.81
00:47:15,2.81
00:47:16,2.81
00:47:17,2.81
00:47:18,2.81
00:47:19,2.81
00:47:20,2.81
00:47:21,2.81
00:47:22,2.81
00:47:23,2.81
00:47:24,2.81
00:47:25,2.81
00:47:26,2.81
00:47:27,2.81
00:47:28,2.81
00:47:29,2.81
00:47:30,2.81
00:47:31,2.81
00:47:32,2.81
00:47:33,2.81
00:47:34,2.81
00:47:35,2.81
00:47:36,2.81
00:47:37,2.81
00:47:38,2.81
00:47:39,2.81
00:47:40,2.81
00:47:41,2.81
00:47:42,2.81
00:47:43,2.81
00:47:44,2.81
00:47:45,2.81
00:47:46,2.81
00:47:47,2.81
00:47:48,2.81
00:47:49,2.81
00:47:50,2.81
00:47:51,2.81
00:47:52,2.81
00:47:53,2.81
00:47:54,2.81
00:47:55,2.81
00:47:56,2.81
00:47:57,2.81
00:47:58,2.81
00:47:59,2.81
00:48:00,2.81
00:48:01,2.81
00:48:02,2.81
00:48:03,2.81
00:48:04,2.81
00:48:05,2.81
00:48:06,2.81
00:48:07,2.81
00:48:08,2.81
00:48:09,2.81
00:48:10,2.81
00:48:11,2.81
00:48:12,2.81
00:48:13,2.81
00:48:14,2.81
00:48:15,2.81
00:48:16,2.81
00:48:17,2.81
00:48:18,2.81
00:48:19,2.81
00:48:20,2.81
00:48:21,2.81
00:48:22,2.81
00:48:23,2.81
00:48:24,2.81
00:48:25,2.81
00:48:26,2.81
00:48:27,2.81
00:48:28,2.81
00:48:29,2.81
00:48:30,2.81
00:48:31,2.81
00:48:32,2.81
00:48:33,2.81
00:48:34,2.81
00:48:35,2.81
00:48:36,2.81
00:48:37,2.81
00:48:38,2.81
00:48:39,2.81
00:48:40,2.81
00:48:41,2.81
00:48:42,2.81
00:48:43,2.81
00:48:44,2.81
00:48:45,2.81
00:48:46,2.81
00:48:47,2.81
00:48:48,2.81
00:48:49,2.81
00:48:50,2.81
00:48:51,2.81
00:48:52,2.81
00:48:53,2.81
00:48:54,2.81
00:48:55,2.81
00:48:56,2.81
00:48:57,2.81
00:48:58,2.81
00:48:59,2.81
00:49:00,2.81
00:49:01,2.81
00:49:02,2.81
00:49:03,2.81
00:49:04,2.81
00:49:05,2.81
00:49:06,2.81
00:49:07,2.81
00:49:08,2.81
00:49:09,2.81
00:49:10,2.81
00:49:11,2.81
00:49:12,2.81
00:49:13,2.81
00:49:14,2.81
00:49:15,2.81
00:49:16,2.81
00:49:17,2.81
00:49:18,2.81
00:49:19,2.81
00:49:20,2.81
00:49:21,2.81
00:49:22,2.81
00:49:23,2.81
00:49:24,2.81
00:49:25,2.81
00:49:26,2.81
00:49:27,2.81
00:49:28,2.81
00:49:29,2.81
00:49:30,2.81
00:49:31,2.81
00:49:32,2.81
00:49:33,2.81
00:49:34,2.81
00:49:35,2.81
00:49:36,2.81
00:49:37,2.81
00:49:38,2.81
00:49:39,2.81
00:49:40,2.81
00:49:41,2.81
00:49:42,2.81
00:49:43,2.81
00:49:44,2.81
00:49:45,2.81
00:49:46,2.81
00:49:47,2.81
00:49:48,2.81
00:49:49,2.81
00:49:50,2.81
00:49:51,2.81
00:49:52,2.81
00:49:53,2.81
00:49:54,2.81
00:49:55,2.81
00:49:56,2.81
00:49:57,2.81
00:49:58,2.81
00:49:59,2.81
00:50:00,2.81
00:50:01,2.81
00:50:02,2.81
00:50:03,2.81
00:50:04,2.81
00:50:05,2.81
00:50:06,2.81
00:50:07,2.81
00:50:08,2.81
00:50:09,2.81
00:50:10,2.81
00:50:11,2.81
00:50:12,2.81
00:50:13,2.81
00:50:14,2.81
00:50:15,2.81
00:50:16,2.81
00:50:17,2.81
00:50:18,2.81
00:50:19,2.81
00:50:20,2.81
00:50:21,2.81
00:50:22,2.81
00:50:23,2.81
00:50:24,2.81
00:50:25,2.81
00:50:26,2.81
00:50:27,2.81
00:50:28,2.81
00:50:29,2.81
00:50:30,2.81
00:50:31,2.81
00:50:32,2.81
00:50:33,2.81
00:50:34,2.81
00:50:35,2.81
00:50:36,2.81
00:50:37,2.81
00:50:38,2.81
00:50:39,2.81
00:50:40,2.81
00:50:41,2.81
00:50:42,2.81
00:50:43,2.81
00:50:44,2.81
00:50:45,2.81
00:50:46,2.81
00:50:47,2.81
00:50:48,2.81
00:50:49,2.81
00:50:50,2.81
00:50:51,2.81
00:50:52,2.81
00:50:53,2.81
00:50:54,2.81
00:50:55,2.81
00:50:56,2.81
00:50:57,2.81
00:50:58,2.81
00:50:59,2.81
00:51:00,2.81
00:51:01,2.81
00:51:02,2.81
00:51:03,2.81
00:51:04,2.81
00:51:05,2.81
00:51:06,2.81
00:51:07,2.81
00:51:08,2.81
00:51:09,2.81
00:51:10,2.81
00:51:11,2.81
00:51:12,2.81
00:51:13,2.81
00:51:14,2.81
00:51:15,2.81
00:51:16,2.81
00:51:17,2.81
00:51:18,2.81
00:51:19,2.81
00:51:20,2.81
00:51:21,2.81
00:51:22,2.81
00:51:23,2.81
00:51:24,2.81
00:51:25,2.81
00:51:26,2.81
00:51:27,2.81
00:51:28,2.81
00:51:29,2.81
00:51:30,2.81
00:51:31,2.81
00:51:32,2.81
00:51:33,2.81
00:51:34,2.81
00:51:35,2.81
00:51:36,2.81
00:51:37,2.81
00:51:38,2.81
00:51:39,2.81
00:51:40,2.81
00:51:41,2.81
00:51:42,2.81
00:51:43,2.81
00:51:44,2.81
00:51:45,2.81
00:51:46,2.81
00:51:47,2.81
00:51:48,2.81
00:51:49,2.81
00:51:50,2.81
00:51:51,2.81
00:51:52,2.81
00:51:53,2.81
00:51:54,2.81
00:51:55,2.81
00:51:56,2.81
00:51:57,2.81
00:51:58,2.81
00:51:59,2.81
00:52:00,2.81
00:52:01,2.81
00:52:02,2.81
00:52:03,2.81
00:52:04,2.81
00:52:05,2.81
00:52:06,2.81
00:52:07,2.81
00:52:08,2.81
00:52:09,2.81
00:52:10,2.81
00:52:11,2.81
00:52:12,2.81
00:52:13,2.81
00:52:14,2.81
00:52:15,2.81
00:52:16,2.81
00:52:17,2.81
00:52:18,2.81
00:52:19,2.81
00:52:20,2.81
00:52:21,2.81
00:52:22,2.81
00:52:23,2.81
00:52:24,2.81
00:52:25,2.81
00:52:26,2.81
00:52:27,2.81
00:52:28,2.81
00:52:29,2.81
00:52:30,2.81
00:52:31,2.81
00:52:32,2.81
00:52:33,2.81
00:52:34,2.81
00:52:35,2.81
00:52:36,2.81
00:52:37,2.81
00:52:38,2.81
00:52:39,2.81
00:52:40,2.81
00:52:41,2.81
00:52:42,2.81
00:52:43,2.81
00:52:44,2.81
00:52:45,2.81
00:52:46,2.81
00:52:47,2.81
00:52:48,2.81
00:52:49,2.81
00:52:50,2.81
00:52:51,2.81
00:52:52,2.81
00:52:53,2.81
00:52:54,2.81
00:52:55,2.81
00:52:56,2.81
00:52:57,2.81
00:52:58,2.81
00:52:59,2.81
00:53:00,2.81
00:53:01,2.81
00:53:02,2.81
00:53:03,2.81
00:53:04,2.81
00:53:05,2.81
00:53:06,2.81
00:53:07,2.81
00:53:08,2.81
00:53:09,2.81
00:53:10,2.81
00:53:11,2.81
00:53:12,2.81
00:53:13,2.81
00:53:14,2.81
00:53:15,2.81
00:53:16,2.81
00:53:17,2.81
00:53:18,2.81
00:53:19,2.81
00:53:20,2.81
00:53:21,2.81
00:53:22,2.81
00:53:23,2.81
00:53:24,2.81
00:53:25,2.81
00:53:26,2.81
00:53:27,2.81
00:53:28,2.81
00:53:29,2.81
00:53:30,2.81
00:53:31,2.81
00:53:32,2.81
00:53:33,2.81
00:53:34,2.81
00:53:35,2.81
00:53:36,2.81
00:53:37,2.81
00:53:38,2.81
00:53:39,2.81
00:53:40,2.81
00:53:41,2.81
00:53:42,2.81
00:53:43,2.81
00:53:44,2.81
00:53:45,2.81
00:53:46,2.81
00:53:47,2.81
00:53:48,2.81
00:53:49,2.81
00:53:50,2.81
00:53:51,2.81
00:53:52,2.81
00:53:53,2.81
00:53:54,2.81
00:53:55,2.81
00:53:56,2.81
00:53:57,2.81
00:53:58,2.81
00:53:59,2.81
00:54:00,2.81
00:54:01,2.81
00:54:02,2.81
00:54:03,2.81
00:54:04,2.81
00:54:05,2.81
00:54:06,2.81
00:54:07,2.81
00:54:08,2.81
00:54:09,2.81
00:54:10,2.81
00:54:11,2.81
00:54:12,2.81
00:54:13,2.81
00:54:14,2.81
00:54:15,2.81
00:54:16,2.81
00:54:17,2.81
00:54:18,2.81
00:54:19,2.81
00:54:20,2.81
00:54:21,2.81
00:54:22,2.81
00:54:23,2.81
00:54:24,2.81
00:54:25,2.81
00:54:26,2.81
00:54:27,2.81
00:54:28,2.81
00:54:29,2.81
00:54:30,2.81
00:54:31,2.81
00:54:32,2.81
00:54:33,2.81
00:54:34,2.81
00:54:35,2.81
00:54:36,2.81
00:54:37,2.81
00:54:38,2.81
00:54:39,2.81
00:54:40,2.81
00:54:41,2.81
00:54:42,2.81
00:54:43,2.81
00:54:44,2.81
00:54:45,2.81
00:54:46,2.81
00:54:47,2.81
00:54:48,2.81
00:54:49,2.81
00:54:50,2.81
00:54:51,2.81
00:54:52,2.81
00:54:53,2.81
00:54:54,2.81
00:54:55,2.81
00:54:56,2.81
00:54:57,2.81
00:54:58,2.81
00:54:59,2.81
00:55:00,2.81
00:55:01,2.81
00:55:02,2.81
00:55:03,2.81
00:55:04,2.81
00:55:05,2.81
00:55:06,2.81
00:55:07,2.81
00:55:08,2.81
00:55:09,2.81
00:55:10,2.81
00:55:11,2.81
00:55:12,2.81
00:55:13,2.81
00:55:14,2.81
00:55:15,2.81
00:55:16,2.81
00:55:17,2.81
00:55:18,2.81
00:55:19,2.81
00:55:20,2.81
00:55:21,2.81
00:55:22,2.81
00:55:23,2.81
00:55:24,2.81
00:55:25,2.81
00:55:26,2.81
00:55:27,2.81
00:55:28,2.81
00:55:29,2.81
00:55:30,2.81
00:55:31,2.81
00:55:32,2.81
00:55:33,2.81
00:55:34,2.81
00:55:35,2.81
00:55:36,2.81
00:55:37,2.81
00:55:38,2.81
00:55:39,2.81
00:55:40,2.81
00:55:41,2.81
00:55:42,2.81
00:55:43,2.81
00:55:44,2.81
00:55:45,2.81
00:55:46,2.81
00:55:47,2.81
00:55:48,2.81
00:55:49,2.81
00:55:50,2.81
00:55:51,2.81
00:55:52,2.81
00:55:53,2.81
00:55:54,2.81
00:55:55,2.81
00:55:56,2.81
00:55:57,2.81
00:55:58,2.81
00:55:59,2.81
00:56:00,2.81
00:56:01,2.81
00:56:02,2.81
00:56:03,2.81
00:56:04,2.81
00:56:05,2.81
00:56:06,2.81
00:56:07,2.81
00:56:08,2.81
00:56:09,2.81
00:56:10,2.81
00:56:11,2.81
00:56:12,2.81
00:56:13,2.81
00:56:14,2.81
00:56:15,2.81
00:56:16,2.81
00:56:17,2.81
00:56:18,2.81
00:56:19,2.81
00:56:20,2.81
00:56:21,2.81
00:56:22,2.81
00:56:23,2.81
00:56:24,2.81
00:56:25,2.81
00:56:26,2.81
00:56:27,2.81
00:56:28,2.81
00:56:29,2.81
00:56:30,2.81
00:56:31,2.81
00:56:32,2.81
00:56:33,2.81
00:56:34,2.81
00:56:35,2.81
00:56:36,2.81
00:56:37,2.81
00:56:38,2.81
00:56:39,2.81
00:56:40,2.81
00:56:41,2.81
00:56:42,2.81
00:56:43,2.81
00:56:44,2.81
00:56:45,2.81
00:56:46,2.81
00:56:47,2.81
00:56:48,2.81
00:56:49,2.81
00:56:50,2.81
00:56:51,2.81
00:56:52,2.81
00:56:53,2.81
00:56:54,2.81
00:56:55,2.81
00:56:56,2.81
00:56:57,2.81
00:56:58,2.81
00:56:59,2.81
00:57:00,2.81
00:57:01,2.81
00:57:02,2.81
00:57:03,2.81
00:57:04,2.81
00:57:05,2.81
00:57:06,2.81
00:57:07,2.81
00:57:08,2.81
00:57:09,2.81
00:57:10,2.81
00:57:11,2.81
00:57:12,2.81
00:57:13,2.81
00:57:14,2.81
00:57:15,2.81
00:57:16,2.81
00:57:17,2.81
00:57:18,2.81
00:57:19,2.81
00:57:20,2.81
00:57:21,2.81
00:57:22,2.81
00:57:23,2.81
00:57:24,2.81
00:57:25,2.81
00:57:26,2.81
00:57:27,2.81
00:57:28,2.81
00:57:29,2.81
00:57:30,2.81
00:57:31,2.81
00:57:32,2.81
00:57:33,2.81
00:57:34,2.81
00:57:35,2.81
00:57:36,2.81
00:57:37,2.81
00:57:38,2.81
00:57:39,2.81
00:57:40,2.81
00:57:41,2.81
00:57:42,2.81
00:57:43,2.81
00:57:44,2.81
00:57:45,2.81
00:57:46,2.81
00:57:47,2.81
00:57:48,2.81
00:57:49,2.81
00:57:50,2.81
00:57:51,2.81
00:57:52,2.81
00:57:53,2.81
00:57:54,2.81
00:57:55,2.81
00:57:56,2.81
00:57:57,2.81
00:57:58,2.81
00:57:59,2.81
00:58:00,2.81
00:58:01,2.81
00:58:02,2.81
00:58:03,2.81
00:58:04,2.81
00:58:05,2.81
00:58:06,2.81
00:58:07,2.81
00:58:08,2.81
00:58:09,2.81
00:58:10,2.81
00:58:11,2.81
00:58:12,2.81
00:58:13,2.81
00:58:14,2.81
00:58:15,2.81
00:58:16,2.81
00:58:17,2.81
00:58:18,2.81
00:58:19,2.81
00:58:20,2.81
00:58:21,2.81
00:58:22,2.81
00:58:23,2.81
00:58:24,2.81
00:58:25,2.81
00:58:26,2.81
00:58:27,2.81
00:58:28,2.81
00:58:29,2.81
00:58:30,2.81
00:58:31,2.81
00:58:32,2.81
00:58:33,2.81
00:58:34,2.81
00:58:35,2.81
00:58:36,2.81
00:58:37,2.81
00:58:38,2.81
00:58:39,2.81
00:58:40,2.81
00:58:41,2.81
00:58:42,2.81
00:58:43,2.81
00:58:44,2.81
00:58:45,2.81
00:58:46,2.81
00:58:47,2.81
00:58:48,2.81
00:58:49,2.81
00:58:50,2.81
00:58:51,2.81
00:58:52,2.81
00:58:53,2.81
00:58:54,2.81
00:58:55,2.81
00:58:56,2.81
00:58:57,2.81
00:58:58,2.81
00:58:59,2.81
00:59:00,2.81
00:59:01,2.81
00:59:02,2.81
00:59:03,2.81
00:59:04,2.81
00:59:05,2.81
00:59:06,2.81
00:59:07,2.81
00:59:08,2.81
00:59:09,2.81
00:59:10,2.81
00:59:11,2.81
00:59:12,2.81
00:59:13,2.81
00:59:14,2.81
00:59:15,2.81
00:59:16,2.81
00:59:17,2.81
00:59:18,2.81
00:59:19,2.81
00:59:20,2.81
00:59:21,2.81
00:59:22,2.81
00:59:23,2.81
00:59:24,2.81
00:59:25,2.81
00:59:26,2.81
00:59:27,2.81
00:59:28,2.81
00:59:29,2.81
00:59:30,2.81
00:59:31,2.81
00:59:32,2.81
00:59:33,2.81
00:59:34,2.81
00:59:35,2.81
00:59:36,2.81
00:59:37,2.81
00:59:38,2.81
00:59:39,2.81
00:59:40,2.81
00:59:41,2.81
00:59:42,2.81
00:59:43,2.81
00:59:44,2.81
00:59:45,2.81
00:59:46,2.81
00:59:47,2.81
00:59:48,2.81
00:59:49,2.81
00:59:50,2.81
00:59:51,2.81
00:59:52,2.81
00:59:53,2.81
00:59:54,2.81
00:59:55,2.81
00:59:56,2.81
00:59:57,2.81
00:59:58,2.81
00:59:59,2.81
01:00:00,2.81
01:00:01,2.81
01:00:02,2.81
01:00:03,2.81
01:00:04,2.81
01:00:05,2.81
01:00:06,2.81
01:00:07,2.81
01:00:08,2.81
01:00:09,2.81
01:00:10,2.81
01:00:11,2.81
01:00:12,2.81
01:00:13,2.81
01:00:14,2.81
01:00:15,2.81
01:00:16,2.81
01:00:17,2.81
01:00:18,2.81
01:00:19,2.81
01:00:20,2.81
01:00:21,2.81
01:00:22,2.81
01:00:23,2.81
01:00:24,2.81
01:00:25,2.81
01:00:26,2.81
01:00:27,2.81
01:00:28,2.81
01:00:29,2.81
01:00:30,2.81
01:00:31,2.81
01:00:32,2.81
01:00:33,2.81
01:00:34,2.81
01:00:35,2.81
01:00:36,2.81
01:00:37,2.81
01:00:38,2.81
01:00:39,2.81
01:00:40,2.81
01:00:41,2.81
01:00:42,2.81
01:00:43,2.81
01:00:44,2.81
01:00:45,2.81
01:00:46,2.81
01:00:47,2.81
01:00:48,2.81
01:00:49,2.81
01:00:50,2.81
01:00:51,2.81
01:00:52,2.81
01:00:53,2.81
01:00:54,2.81
01:00:55,2.81
01:00:56,2.81
01:00:57,2.81
01:00:58,2.81
01:00:59,2.81
01:01:00,2.81
01:01:01,2.81
01:01:02,2.81
01:01:03,2.81
01:01:04,2.81
01:01:05,2.81
01:01:06,2.81
01:01:07,2.81
01:01:08,2.81
01:01:09,2.81
01:01:10,2.81
01:01:11,2.81
01:01:12,2.81
01:01:13,2.81
01:01:14,2.81
01:01:15,2.81
01:01:16,2.81
01:01:17,2.81
01:01:18,2.81
01:01:19,2.81
01:01:20,2.81
01:01:21,2.81
01:01:22,2.81
01:01:23,2.81
01:01:24,2.81
01:01:25,2.81
01:01:26,2.81
01:01:27,2.81
01:01:28,2.81
01:01:29,2.81
01:01:30,2.81
01:01:31,2.81
01:01:32,2.81
01:01:33,2.81
01:01:34,2.81
01:01:35,2.81
01:01:36,2.81
01:01:37,2.81
01:01:38,2.81
01:01:39,2.81
01:01:40,2.81
01:01:41,2.81
01:01:42,2.81
01:01:43,2.81
01:01:44,2.81
01:01:45,2.81
01:01:46,2.81
01:01:47,2.81
01:01:48,2.81
01:01:49,2.81
01:01:50,2.81
01:01:51,2.81
01:01:52,2.81
01:01:53,2.81
01:01:54,2.81
01:01:55,2.81
01:01:56,2.81
01:01:57,2.81
01:01:58,2.81
01:01:59,2.81
01:02:00,2.81
01:02:01,2.81
01:02:02,2.81
01:02:03,2.81
01:02:04,2.81
01:02:05,2.81
01:02:06,2.81
01:02:07,2.81
01:02:08,2.81
01:02:09,2.81
01:02:10,2.81
01:02:11,2.81
01:02:12,2.81
01:02:13,2.81
01:02:14,2.81
01:02:15,2.81
01:02:16,2.81
01:02:17,2.81
01:02:18,2.81
01:02:19,2.81
01:02:20,2.81
01:02:21,2.81
01:02:22,2.81
01:02:23,2.81
01:02:24,2.81
01:02:25,2.81
01:02:26,2.81
01:02:27,2.81
01:02:28,2.81
01:02:29,2.81
01:02:30,2.81
01:02:31,2.81
01:02:32,2.81
01:02:33,2.81
01:02:34,2.81
01:02:35,2.81
01:02:36,2.81
01:02:37,2.81
01:02:38,2.81
01:02:39,2.81
01:02:40,2.81
01:02:41,2.81
01:02:42,2.81
01:02:43,2.81
01:02:44,2.81
01:02:45,2.81
01:02:46,2.81
01:02:47,2.81
01:02:48,2.81
01:02:49,2.81
01:02:50,2.81
01:02:51,2.81
01:02:52,2.81
01:02:53,2.81
01:02:54,2.81
01:02:55,2.81
01:02:56,2.81
01:02:57,2.81
01:02:58,2.81
01:02:59,2.81
01:03:00,2.81
01:03:01,2.81
01:03:02,2.81
01:03:03,2.81
01:03:04,2.81
01:03:05,2.81
01:03:06,2.81
01:03:07,2.81
01:03:08,2.81
01:03:09,2.81
01:03:10,2.81
01:03:11,2.81
01:03:12,2.81
01:03:13,2.81
01:03:14,2.81
01:03:15,2.81
01:03:16,2.81
01:03:17,2.81
01:03:18,2.81
01:03:19,2.81
01:03:20,2.81
01:03:21,2.81
01:03:22,2.81
01:03:23,2.81
01:03:24,2.81
01:03:25,2.81
01:03:26,2.81
01:03:27,2.81
01:03:28,2.81
01:03:29,2.81
01:03:30,2.81
01:03:31,2.81
01:03:32,2.81
01:03:33,2.81
01:03:34,2.81
01:03:35,2.81
01:03:36,2.81
01:03:37,2.81
01:03:38,2.81
01:03:39,2.81
01:03:40,2.81
01:03:41,2.81
01:03:42,2.81
01:03:43,2.81
01:03:44,2.81
01:03:45,2.81
01:03:46,2.81
01:03:47,2.81
01:03:48,2.81
01:03:49,2.81
01:03:50,2.81
01:03:51,2.81
01:03:52,2.81
01:03:53,2.81
01:03:54,2.81
01:03:55,2.81
01:03:56,2.81
01:03:57,2.81
01:03:58,2.81
01:03:59,2.81
01:04:00,2.81
01:04:01,2.81
01:04:02,2.81
01:04:03,2.81
01:04:04,2.81
01:04:05,2.81
01:04:06,2.81
01:04:07,2.81
01:04:08,2.81
01:04:09,2.81
01:04:10,2.81
01:04:11,2.81
01:04:12,2.81
01:04:13,2.81
01:04:14,2.81
01:04:15,2.81
01:04:16,2.81
01:04:17,2.81
01:04:18,2.81
01:04:19,2.81
01:04:20,2.81
01:04:21,2.81
01:04:22,2.81
01:04:23,2.81
01:04:24,2.81
01:04:25,2.81
01:04:26,2.81
01:04:27,2.81
01:04:28,2.81
01:04:29,2.81
01:04:30,2.81
01:04:31,2.81
01:04:32,2.81
01:04:33,2.81
01:04:34,2.81
01:04:35,2.81
01:04:36,2.81
01:04:37,2.81
01:04:38,2.81
01:04:39,2.81
01:04:40,2.81
01:04:41,2.81
01:04:42,2.81
01:04:43,2.81
01:04:44,2.81
01:04:45,2.81
01:04:46,2.81
01:04:47,2.81
01:04:48,2.81
01:04:49,2.81
01:04:50,2.81
01:04:51,2.81
01:04:52,2.81
01:04:53,2.81
01:04:54,2.81
01:04:55,2.81
01:04:56,2.81
01:04:57,2.81
01:04:58,2.81
01:04:59,2.81
01:05:00,2.81
01:05:01,2.81
01:05:02,2.81
01:05:03,2.81
01:05:04,2.81
01:05:05,2.81
01:05:06,2.81
01:05:07,2.81
01:05:08,2.81
01:05:09,2.81
01:05:10,2.81
01:05:11,2.81
01:05:12,2.81
01:05:13,2.81
01:05:14,2.81
01:05:15,2.81
01:05:16,2.81
01:05:17,2.81
01:05:18,2.81
01:05:19,2.81
01:05:20,2.81
01:05:21,2.81
01:05:22,2.81
01:05:23,2.81
01:05:24,2.81
01:05:25,2.81
01:05:26,2.81
01:05:27,2.81
01:05:28,2.81
01:05:29,2.81
01:05:30,2.81
01:05:31,2.81
01:05:32,2.81
01:05:33,2.81
01:05:34,2.81
01:05:35,2.81
01:05:36,2.81
01:05:37,2.81
01:05:38,2.81
01:05:39,2.81
01:05:40,2.81
01:05:41,2.81
01:05:42,2.81
01:05:43,2.81
01:05:44,2.81
01:05:45,2.81
01:05:46,2.81
01:05:47,2.81
01:05:48,2.81
01:05:49,2.81
01:05:50,2.81
01:05:51,2.81
01:05:52,2.81
01:05:53,2.81
01:05:54,2.81
01:05:55,2.81
01:05:56,2.81
01:05:57,2.81
01:05:58,2.81
01:05:59,2.81
01:06:00,2.81
01:06:01,2.81
01:06:02,2.81
01:06:03,2.81
01:06:04,2.81
01:06:05,2.81
01:06:06,2.81
01:06:07,2.81
01:06:08,2.81
01:06:09,2.81
01:06:10,2.81
01:06:11,2.81
01:06:12,2.81
01:06:13,2.81
01:06:14,2.81
01:06:15,2.81
01:06:16,2.81
01:06:17,2.81
01:06:18,2.81
01:06:19,2.81
01:06:20,2.81
01:06:21,2.81
01:06:22,2.81
01:06:23,2.81
01:06:24,2.81
01:06:25,2.81
01:06:26,2.81
01:06:27,2.81
01:06:28,2.81
01:06:29,2.81
01:06:30,2.81
01:06:31,2.81
01:06:32,2.81
01:06:33,2.81
01:06:34,2.81
01:06:35,2.81
01:06:36,2.81
01:06:37,2.81
01:06:38,2.81
01:06:39,2.81
01:06:40,2.81
01:06:41,2.81
01:06:42,2.81
01:06:43,2.81
01:06:44,2.81
01:06:45,2.81
01:06:46,2.81
01:06:47,2.81
01:06:48,2.81
01:06:49,2.81
01:06:50,2.81
01:06:51,2.81
01:06:52,2.81
01:06:53,2.81
01:06:54,2.81
01:06:55,2.81
01:06:56,2.81
01:06:57,2.81
01:06:58,2.81
01:06:59,2.81
01:07:00,2.81
01:07:01,2.81
01:07:02,2.81
01:07:03,2.81
01:07:04,2.81
01:07:05,2.81
01:07:06,2.81
01:07:07,2.81
01:07:08,2.81
01:07:09,2.81
01:07:10,2.81
01:07:11,2.81
01:07:12,2.81
01:07:13,2.81
01:07:14,2.81
01:07:15,2.81
01:07:16,2.81
01:07:17,2.81
01:07:18,2.81
01:07:19,2.81
01:07:20,2.81
01:07:21,2.81
01:07:22,2.81
01:07:23,2.81
01:07:24,2.81
01:07:25,2.81
01:07:26,2.81
01:07:27,2.81
01:07:28,2.81
01:07:29,2.81
01:07:30,2.81
01:07:31,2.81
01:07:32,2.81
01:07:33,2.81
01:07:34,2.81
01:07:35,2.81
01:07:36,2.81
01:07:37,2.81
01:07:38,2.81
01:07:39,2.81
01:07:40,2.81
01:07:41,2.81
01:07:42,2.81
01:07:43,2.81
01:07:44,2.81
01:07:45,2.81
01:07:46,2.81
01:07:47,2.81
01:07:48,2.81
01:07:49,2.81
01:07:50,2.81
01:07:51,2.81
01:07:52,2.81
01:07:53,2.81
01:07:54,2.81
01:07:55,2.81
01:07:56,2.81
01:07:57,2.81
01:07:58,2.81
01:07:59,2.81
01:08:00,2.81
01:08:01,2.81
01:08:02,2.81
01:08:03,2.81
01:08:04,2.81
01:08:05,2.81
01:08:06,2.81
01:08:07,2.81
01:08:08,2.81
01:08:09,2.81
01:08:10,2.81
01:08:11,2.81
01:08:12,2.81
01:08:13,2.81
01:08:14,2.81
01:08:15,2.81
01:08:16,2.81
01:08:17,2.81
01:08:18,2.81
01:08:19,2.81
01:08:20,2.81
01:08:21,2.81
01:08:22,2.81
01:08:23,2.81
01:08:24,2.81
01:08:25,2.81
01:08:26,2.81
01:08:27,2.81
01:08:28,2.81
01:08:29,2.81
01:08:30,2.81
01:08:31,2.81
01:08:32,2.81
01:08:33,2.81
01:08:34,2.81
01:08:35,2.81
01:08:36,2.81
01:08:37,2.81
01:08:38,2.81
01:08:39,2.81
01:08:40,2.81
01:08:41,2.81
01:08:42,2.81
01:08:43,2.81
01:08:44,2.81
01:08:45,2.81
01:08:46,2.81
01:08:47,2.81
01:08:48,2.81
01:08:49,2.81
01:08:50,2.81
01:08:51,2.81
01:08:52,2.81
01:08:53,2.81
01:08:54,2.81
01:08:55,2.81
01:08:56,2.81
01:08:57,2.81
01:08:58,2.81
01:08:59,2.81
01:09:00,2.81
01:09:01,2.81
01:09:02,2.81
01:09:03,2.81
01:09:04,2.81
01:09:05,2.81
01:09:06,2.81
01:09:07,2.81
01:09:08,2.81
01:09:09,2.81
01:09:10,2.81
01:09:11,2.81
01:09:12,2.81
01:09:13,2.81
01:09:14,2.81
01:09:15,2.81
01:09:16,2.81
01:09:17,2.81
01:09:18,2.81
01:09:19,2.81
01:09:20,2.81
01:09:21,2.81
01:09:22,2.81
01:09:23,2.81
01:09:24,2.81
01:09:25,2.81
01:09:26,2.81
01:09:27,2.81
01:09:28,2.81
01:09:29,2.81
01:09:30,2.81
01:09:31,2.81
01:09:32,2.81
01:09:33,2.81
01:09:34,2.81
01:09:35,2.81
01:09:36,2.81
01:09:37,2.81
01:09:38,2.81
01:09:39,2.81
01:09:40,2.81
01:09:41,2.81
01:09:42,2.81
01:09:43,2.81
01:09:44,2.81
01:09:45,2.81
01:09:46,2.81
01:09:47,2.81
01:09:48,2.81
01:09:49,2.81
01:09:50,2.81
01:09:51,2.81
01:09:52,2.81
01:09:53,2.81
01:09:54,2.81
01:09:55,2.81
01:09:56,2.81
01:09:57,2.81
01:09:58,2.81
01:09:59,2.81
01:10:00,2.81
01:10:01,2.81
01:10:02,2.81
01:10:03,2.81
01:10:04,2.81
01:10:05,2.81
01:10:06,2.81
01:10:07,2.81
01:10:08,2.81
01:10:09,2.81
01:10:10,2.81
01:10:11,2.81
01:10:12,2.81
01:10:13,2.81
01:10:14,2.81
01:10:15,2.81
01:10:16,2.81
01:10:17,2.81
01:10:18,2.81
01:10:19,2.81
01:10:20,2.81
01:10:21,2.81
01:10:22,2.81
01:10:23,2.81
01:10:24,2.81
01:10:25,2.81
01:10:26,2.81
01:10:27,2.81
01:10:28,2.81
01:10:29,2.81
01:10:30,2.81
01:10:31,2.81
01:10:32,2.81
01:10:33,2.81
01:10:34,2.81
01:10:35,2.81
01:10:36,2.81
01:10:37,2.81
01:10:38,2.81
01:10:39,2.81
01:10:40,2.81
01:10:41,2.81
01:10:42,2.81
01:10:43,2.81
01:10:44,2.81
01:10:45,2.81
01:10:46,2.81
01:10:47,2.81
01:10:48,2.81
01:10:49,2.81
01:10:50,2.81
01:10:51,2.81
01:10:52,2.81
01:10:53,2.81
01:10:54,2.81
01:10:55,2.81
01:10:56,2.81
01:10:57,2.81
01:10:58,2.81
01:10:59,2.81
01:11:00,2.81
01:11:01,2.81
01:11:02,2.81
01:11:03,2.81
01:11:04,2.81
01:11:05,2.81
01:11:06,2.81
01:11:07,2.81
01:11:08,2.81
01:11:09,2.81
01:11:10,2.81
01:11:11,2.81
01:11:12,2.81
01:11:13,2.81
01:11:14,2.81
01:11:15,2.81
01:11:16,2.81
01:11:17,2.81
01:11:18,2.81
01:11:19,2.81
01:11:20,2.81
01:11:21,2.81
01:11:22,2.81
01:11:23,2.81
01:11:24,2.81
01:11:25,2.81
01:11:26,2.81
01:11:27,2.81
01:11:28,2.81
01:11:29,2.81
01:11:30,2.81
01:11:31,2.81
01:11:32,2.81
01:11:33,2.81
01:11:34,2.81
01:11:35,2.81
01:11:36,2.81
01:11:37,2.81
01:11:38,2.81
01:11:39,2.81
01:11:40,2.81
01:11:41,2.81
01:11:42,2.81
01:11:43,2.81
01:11:44,2.81
01:11:45,2.81
01:11:46,2.81
01:11:47,2.81
01:11:48,2.81
01:11:49,2.81
01:11:50,2.81
01:11:51,2.81
01:11:52,2.81
01:11:53,2.81
01:11:54,2.81
01:11:55,2.81
01:11:56,2.81
01:11:57,2.81
01:11:58,2.81
01:11:59,2.81
01:12:00,2.81
01:12:01,2.81
01:12:02,2.81
01:12:03,2.81
01:12:04,2.81
01:12:05,2.81
01:12:06,2.81
01:12:07,2.81
01:12:08,2.81
01:12:09,2.81
01:12:10,2.81
01:12:11,2.81
01:12:12,2.81
01:12:13,2.81
01:12:14,2.81
01:12:15,2.81
01:12:16,2.81
01:12:17,2.81
01:12:18,2.81
01:12:19,2.81
01:12:20,2.81
01:12:21,2.81
01:12:22,2.81
01:12:23,2.81
01:12:24,2.81
01:12:25,2.81
01:12:26,2.81
01:12:27,2.81
01:12:28,2.81
01:12:29,2.81
01:12:30,2.81
01:12:31,2.81
01:12:32,2.81
01:12:33,2.81
01:12:34,2.81
01:12:35,2.81
01:12:36,2.81
01:12:37,2.81
01:12:38,2.81
01:12:39,2.81
01:12:40,2.81
01:12:41,2.81
01:12:42,2.81
01:12:43,2.81
01:12:44,2.81
01:12:45,2.81
01:12:46,2.81
01:12:47,2.81
01:12:48,2.81
01:12:49,2.81
01:12:50,2.81
01:12:51,2.81
01:12:52,2.81
01:12:53,2.81
01:12:54,2.81
01:12:55,2.81
01:12:56,2.81
01:12:57,2.81
01:12:58,2.81
01:12:59,2.81
01:13:00,2.81
01:13:01,2.81
01:13:02,2.81
01:13:03,2.81
01:13:04,2.81
01:13:05,2.81
01:13:06,2.81
01:13:07,2.81
01:13:08,2.81
01:13:09,2.81
01:13:10,2.81
01:13:11,2.81
01:13:12,2.81
01:13:13,2.81
01:13:14,2.81
01:13:15,2.81
01:13:16,2.81
01:13:17,2.81
01:13:18,2.81
01:13:19,2.81
01:13:20,2.81
01:13:21,2.81
01:13:22,2.81
01:13:23,2.81
01:13:24,2.81
01:13:25,2.81
01:13:26,2.81
01:13:27,2.81
01:13:28,2.81
01:13:29,2.81
01:13:30,2.81
01:13:31,2.81
01:13:32,2.81
01:13:33,2.81
01:13:34,2.81
01:13:35,2.81
01:13:36,2.81
01:13:37,2.81
01:13:38,2.81
01:13:39,2.81
01:13:40,2.81
01:13:41,2.81
01:13:42,2.81
01:13:43,2.81
01:13:44,2.81
01:13:45,2.81
01:13:46,2.81
01:13:47,2.81
01:13:48,2.81
01:13:49,2.81
01:13:50,2.81
01:13:51,2.81
01:13:52,2.81
01:13:53,2.81
01:13:54,2.81
01:13:55,2.81
01:13:56,2.81
01:13:57,2.81
01:13:58,2.81
01:13:59,2.81
01:14:00,2.81
01:14:01,2.81
01:14:02,2.81
01:14:03,2.81
01:14:04,2.81
01:14:05,2.81
01:14:06,2.81
01:14:07,2.81
01:14:08,2.81
01:14:09,2.81
01:14:10,2.81
01:14:11,2.81
01:14:12,2.81
01:14:13,2.81
01:14:14,2.81
01:14:15,2.81
01:14:16,2.81
01:14:17,2.81
01:14:18,2.81
01:14:19,2.81
01:14:20,2.81
01:14:21,2.81
01:14:22,2.81
01:14:23,2.81
01:14:24,2.81
01:14:25,2.81
01:14:26,2.81
01:14:27,2.81
01:14:28,2.81
01:14:29,2.81
01:14:30,2.81
01:14:31,2.81
01:14:32,2.81
01:14:33,2.81
01:14:34,2.81
01:14:35,2.81
01:14:36,2.81
01:14:37,2.81
01:14:38,2.81
01:14:39,2.81
01:14:40,2.81
01:14:41,2.81
01:14:42,2.81
01:14:43,2.81
01:14:44,2.81
01:14:45,2.81
01:14:46,2.81
01:14:47,2.81
01:14:48,2.81
01:14:49,2.81
01:14:50,2.81
01:14:51,2.81
01:14:52,2.81
01:14:53,2.81
01:14:54,2.81
01:14:55,2.81
01:14:56,2.81
01:14:57,2.81
01:14:58,2.81
01:14:59,2.81
01:15:00,2.81
01:15:01,2.81
01:15:02,2.81
01:15:03,2.81
01:15:04,2.81
01:15:05,2.81
01:15:06,2.81
01:15:07,2.81
01:15:08,2.81
01:15:09,2.81
01:15:10,2.81
01:15:11,2.81
01:15:12,2.81
01:15:13,2.81
01:15:14,2.81
01:15:15,2.81
01:15:16,2.81
01:15:17,2.81
01:15:18,2.81
01:15:19,2.81
01:15:20,2.81
01:15:21,2.81
01:15:22,2.81
01:15:23,2.81
01:15:24,2.81
01:15:25,2.81
01:15:26,2.81
01:15:27,2.81
01:15:28,2.81
01:15:29,2.81
01:15:30,2.81
01:15:31,2.81
01:15:32,2.81
01:15:33,2.81
01:15:34,2.81
01:15:35,2.81
01:15:36,2.81
01:15:37,2.81
01:15:38,2.81
01:15:39,2.81
01:15:40,2.81
01:15:41,2.81
01:15:42,2.81
01:15:43,2.81
01:15:44,2.81
01:15:45,2.81
01:15:46,2.81
01:15:47,2.81
01:15:48,2.81
01:15:49,2.81
01:15:50,2.81
01:15:51,2.81
01:15:52,2.81
01:15:53,2.81
01:15:54,2.81
01:15:55,2.81
01:15:56,2.81
01:15:57,2.81
01:15:58,2.81
01:15:59,2.81
01:16:00,2.81
01:16:01,2.81
01:16:02,2.81
01:16:03,2.81
01:16:04,2.81
01:16:05,2.81
01:16:06,2.81
01:16:07,2.81
01:16:08,2.81
01:16:09,2.81
01:16:10,2.81
01:16:11,2.81
01:16:12,2.81
01:16:13,2.81
01:16:14,2.81
01:16:15,2.81
01:16:16,2.81
01:16:17,2.81
01:16:18,2.81
01:16:19,2.81
01:16:20,2.81
01:16:21,2.81
01:16:22,2.81
01:16:23,2.81
01:16:24,2.81
01:16:25,2.81
01:16:26,2.81
01:16:27,2.81
01:16:28,2.81
01:16:29,2.81
01:16:30,2.81
01:16:31,2.81
01:16:32,2.81
01:16:33,2.81
01:16:34,2.81
01:16:35,2.81
01:16:36,2.81
01:16:37,2.81
01:16:38,2.81
01:16:39,2.81
01:16:40,2.81
01:16:41,2.81
01:16:42,2.81
01:16:43,2.81
01:16:44,2.81
01:16:45,2.81
01:16:46,2.81
01:16:47,2.81
01:16:48,2.81
01:16:49,2.81
01:16:50,2.81
01:16:51,2.81
01:16:52,2.81
01:16:53,2.81
01:16:54,2.81
01:16:55,2.81
01:16:56,2.81
01:16:57,2.81
01:16:58,2.81
01:16:59,2.81
01:17:00,2.81
01:17:01,2.81
01:17:02,2.81
01:17:03,2.81
01:17:04,2.81
01:17:05,2.81
01:17:06,2.81
01:17:07,2.81
01:17:08,2.81
01:17:09,2.81
01:17:10,2.81
01:17:11,2.81
01:17:12,2.81
01:17:13,2.81
01:17:14,2.81
01:17:15,2.81
01:17:16,2.81
01:17:17,2.81
01:17:18,2.81
01:17:19,2.81
01:17:20,2.81
01:17:21,2.81
01:17:22,2.81
01:17:23,2.81
01:17:24,2.81
01:17:25,2.81
01:17:26,2.81
01:17:27,2.81
01:17:28,2.81
01:17:29,2.81
01:17:30,2.81
01:17:31,2.81
01:17:32,2.81
01:17:33,2.81
01:17:34,2.81
01:17:35,2.81
01:17:36,2.81
01:17:37,2.81
01:17:38,2.81
01:17:39,2.81
01:17:40,2.81
01:17:41,2.81
01:17:42,2.81
01:17:43,2.81
01:17:44,2.81
01:17:45,2.81
01:17:46,2.81
01:17:47,2.81
01:17:48,2.81
01:17:49,2.81
01:17:50,2.81
01:17:51,2.81
01:17:52,2.81
01:17:53,2.81
01:17:54,2.81
01:17:55,2.81
01:17:56,2.81
01:17:57,2.81
01:17:58,2.81
01:17:59,2.81
01:18:00,2.81
01:18:01,2.81
01:18:02,2.81
01:18:03,2.81
01:18:04,2.81
01:18:05,2.81
01:18:06,2.81
01:18:07,2.81
01:18:08,2.81
01:18:09,2.81
01:18:10,2.81
01:18:11,2.81
01:18:12,2.81
01:18:13,2.81
01:18:14,2.81
01:18:15,2.81
01:18:16,2.81
01:18:17,2.81
01:18:18,2.81
01:18:19,2.81
01:18:20,2.81
01:18:21,2.81
01:18:22,2.81
01:18:23,2.81
01:18:24,2.81
01:18:25,2.81
01:18:26,2.81
01:18:27,2.81
01:18:28,2.81
01:18:29,2.81
01:18:30,2.81
01:18:31,2.81
01:18:32,2.81
01:18:33,2.81
01:18:34,2.81
01:18:35,2.81
01:18:36,2.81
01:18:37,2.81
01:18:38,2.81
01:18:39,2.81
01:18:40,2.81
01:18:41,2.81
01:18:42,2.81
01:18:43,2.81
01:18:44,2.81
01:18:45,2.81
01:18:46,2.81
01:18:47,2.81
01:18:48,2.81
01:18:49,2.81
01:18:50,2.81
01:18:51,2.81
01:18:52,2.81
01:18:53,2.81
01:18:54,2.81
01:18:55,2.81
01:18:56,2.81
01:18:57,2.81
01:18:58,2.81
01:18:59,2.81
01:19:00,2.81
01:19:01,2.81
01:19:02,2.81
01:19:03,2.81
01:19:04,2.81
01:19:05,2.81
01:19:06,2.81
01:19:07,2.81
01:19:08,2.81
01:19:09,2.81
01:19:10,2.81
01:19:11,2.81
01:19:12,2.81
01:19:13,4.94125
01:19:14,7.0725
01:19:15,9.20375
01:19:16,11.335
01:19:17,13.46625
01:19:18,15.5975
01:19:19,17.72875
01:19:20,19.86
01:19:21,21.99125
01:19:22,24.1225
01:19:23,26.25375
01:19:24,28.385
01:19:25,30.51625
01:19:26,32.6475
01:19:27,34.77875
01:19:28,36.91
01:19:29,39.090625
01:19:30,41.27125
01:19:31,43.451875
01:19:32,45.6325
01:19:33,47.813125
01:19:34,49.99375
01:19:35,52.174375
01:19:36,54.355
01:19:37,56.535625
01:19:38,58.71625
01:19:39,60.896875
01:19:40,63.0775
01:19:41,65.258125
01:19:42,67.43875
01:19:43,69.619375
01:19:44,71.8
01:19:45,71.8
01:19:46,71.8
01:19:47,71.8
01:19:48,71.8
01:19:49,71.8
01:19:50,71.8
01:19:51,71.8
01:19:52,71.8
01:19:53,71.8
01:19:54,71.8
01:19:55,71.8
01:19:56,71.8
01:19:57,71.8
01:19:58,71.8
01:19:59,71.8
01:20:00,71.8
01:20:01,71.8
01:20:02,71.8
01:20:03,71.8
01:20:04,71.8
01:20:05,71.8
01:20:06,71.8
01:20:07,71.8
01:20:08,71.8
01:20:09,71.8
01:20:10,71.8
01:20:11,71.8
01:20:12,71.8
01:20:13,71.8
01:20:14,71.8
01:20:15,71.8
01:20:16,71.8
01:20:17,70.9917647059
01:20:18,70.1835294118
01:20:19,69.3752941176
01:20:20,68.5670588235
01:20:21,67.7588235294
01:20:22,66.9505882353
01:20:23,66.1423529412
01:20:24,65.3341176471
01:20:25,64.5258823529
01:20:26,63.7176470588
01:20:27,62.9094117647
01:20:28,62.1011764706
01:20:29,61.2929411765
01:20:30,60.4847058824
01:20:31,59.6764705882
01:20:32,58.8682352941
01:20:33,58.06
01:20:34,54.095
01:20:35,50.13
01:20:36,46.165
01:20:37,42.2
01:20:38,38.235
01:20:39,34.27
01:20:40,30.305
01:20:41,26.34
01:20:42,22.375
01:20:43,18.41
01:20:44,14.445
01:20:45,10.48
01:20:46,6.515
01:20:47,2.55
01:20:48,2.55
01:20:49,2.55
01:20:50,2.55
01:20:51,2.55
01:20:52,2.55
01:20:53,2.55
01:20:54,2.55
01:20:55,2.55
01:20:56,2.55
01:20:57,2.55
01:20:58,2.55
01:20:59,2.55
01:21:00,2.55
01:21:01,2.55
01:21:02,2.55
01:21:03,2.55
01:21:04,2.55
01:21:05,2.55
01:21:06,2.55
01:21:07,2.55
01:21:08,2.55
01:21:09,2.55
01:21:10,2.55
01:21:11,2.55
01:21:12,2.55
01:21:13,2.55
01:21:14,2.55
01:21:15,2.55
01:21:16,2.55
01:21:17,2.55
01:21:18,2.55
01:21:19,2.55
01:21:20,2.55
01:21:21,2.55
01:21:22,2.55
01:21:23,2.55
01:21:24,2.55
01:21:25,2.55
01:21:26,2.55
01:21:27,2.55
01:21:28,2.55
01:21:29,2.55
01:21:30,2.55
01:21:31,2.55
01:21:32,2.55
01:21:33,2.55
01:21:34,2.55
01:21:35,2.55
01:21:36,2.55
01:21:37,2.55
01:21:38,2.55
01:21:39,2.55
01:21:40,2.55
01:21:41,2.55
01:21:42,2.55
01:21:43,2.55
01:21:44,2.55
01:21:45,2.55
01:21:46,2.55
01:21:47,2.55
01:21:48,2.55
01:21:49,2.55
01:21:50,2.55
01:21:51,2.55
01:21:52,2.55
01:21:53,2.55
01:21:54,2.55
01:21:55,2.55
01:21:56,2.55
01:21:57,2.55
01:21:58,2.55
01:21:59,2.55
01:22:00,2.55
01:22:01,2.55
01:22:02,2.55
01:22:03,2.55
01:22:04,2.55
01:22:05,2.55
01:22:06,2.55
01:22:07,2.55
01:22:08,2.55
01:22:09,2.55
01:22:10,2.55
01:22:11,2.55
01:22:12,2.55
01:22:13,2.55
01:22:14,2.55
01:22:15,2.55
01:22:16,2.55
01:22:17,2.55
01:22:18,2.55
01:22:19,2.55
01:22:20,2.55
01:22:21,2.55
01:22:22,2.55
01:22:23,2.55
01:22:24,2.55
01:22:25,2.55
01:22:26,2.55
01:22:27,2.55
01:22:28,2.55
01:22:29,2.55
01:22:30,2.55
01:22:31,2.55
01:22:32,2.55
01:22:33,2.55
01:22:34,2.55
01:22:35,2.55
01:22:36,2.55
01:22:37,2.55
01:22:38,2.55
01:22:39,2.55
01:22:40,2.55
01:22:41,2.55
01:22:42,2.55
01:22:43,2.55
01:22:44,2.55
01:22:45,2.55
01:22:46,2.55
01:22:47,2.55
01:22:48,2.55
01:22:49,2.55
01:22:50,2.55
01:22:51,2.55
01:22:52,2.55
01:22:53,2.55
01:22:54,2.55
01:22:55,2.55
01:22:56,2.55
01:22:57,2.55
01:22:58,2.55
01:22:59,2.55
01:23:00,2.55
01:23:01,2.55
01:23:02,2.55
01:23:03,2.55
01:23:04,2.55
01:23:05,2.55
01:23:06,2.55
01:23:07,2.55
01:23:08,2.55
01:23:09,2.55
01:23:10,2.55
01:23:11,2.55
01:23:12,2.55
01:23:13,2.55
01:23:14,2.55
01:23:15,2.55
01:23:16,2.55
01:23:17,2.55
01:23:18,2.55
01:23:19,2.55
01:23:20,2.55
01:23:21,2.55
01:23:22,2.55
01:23:23,2.55
01:23:24,2.55
01:23:25,2.55
01:23:26,2.55
01:23:27,2.55
01:23:28,2.55
01:23:29,2.55
01:23:30,2.55
01:23:31,2.55
01:23:32,2.55
01:23:33,2.55
01:23:34,2.55
01:23:35,2.55
01:23:36,2.55
01:23:37,2.55
01:23:38,2.55
01:23:39,2.55
01:23:40,2.55
01:23:41,2.55
01:23:42,2.55
01:23:43,2.55
01:23:44,2.55
01:23:45,2.55
01:23:46,2.55
01:23:47,2.55
01:23:48,2.55
01:23:49,2.55
01:23:50,2.55
01:23:51,2.55
01:23:52,2.55
01:23:53,2.55
01:23:54,2.55
01:23:55,2.55
01:23:56,2.55
01:23:57,2.55
01:23:58,2.55
01:23:59,2.55
01:24:00,2.55
01:24:01,2.55
01:24:02,2.55
01:24:03,2.55
01:24:04,2.55
01:24:05,2.55
01:24:06,2.55
01:24:07,2.55
01:24:08,2.55
01:24:09,2.55
01:24:10,2.55
01:24:11,2.55
01:24:12,2.55
01:24:13,2.55
01:24:14,2.55
01:24:15,2.55
01:24:16,2.55
01:24:17,2.55
01:24:18,2.55
01:24:19,2.55
01:24:20,2.55
01:24:21,2.55
01:24:22,2.55
01:24:23,2.55
01:24:24,2.55
01:24:25,2.55
01:24:26,2.55
01:24:27,2.55
01:24:28,2.55
01:24:29,2.55
01:24:30,2.55
01:24:31,2.55
01:24:32,2.55
01:24:33,2.55
01:24:34,2.55
01:24:35,2.55
01:24:36,2.55
01:24:37,2.55
01:24:38,2.55
01:24:39,2.55
01:24:40,2.55
01:24:41,2.55
01:24:42,2.55
01:24:43,2.55
01:24:44,2.55
01:24:45,2.55
01:24:46,2.55
01:24:47,2.55
01:24:48,2.55
01:24:49,2.55
01:24:50,2.55
01:24:51,2.55
01:24:52,2.55
01:24:53,2.55
01:24:54,2.55
01:24:55,2.55
01:24:56,2.55
01:24:57,2.55
01:24:58,2.55
01:24:59,2.55
01:25:00,2.55
01:25:01,2.55
01:25:02,2.55
01:25:03,2.55
01:25:04,2.55
01:25:05,2.55
01:25:06,2.55
01:25:07,2.55
01:25:08,2.55
01:25:09,2.55
01:25:10,2.55
01:25:11,2.55
01:25:12,2.55
01:25:13,2.55
01:25:14,2.55
01:25:15,2.55
01:25:16,2.55
01:25:17,2.55
01:25:18,2.55
01:25:19,2.55
01:25:20,2.55
01:25:21,2.55
01:25:22,2.55
01:25:23,2.55
01:25:24,2.55
01:25:25,2.55
01:25:26,2.55
01:25:27,2.55
01:25:28,2.55
01:25:29,2.55
01:25:30,2.55
01:25:31,2.55
01:25:32,2.55
01:25:33,2.55
01:25:34,2.55
01:25:35,2.55
01:25:36,2.55
01:25:37,2.55
01:25:38,2.55
01:25:39,2.55
01:25:40,2.55
01:25:41,2.55
01:25:42,2.55
01:25:43,2.55
01:25:44,2.55
01:25:45,2.55
01:25:46,2.55
01:25:47,2.55
01:25:48,2.55
01:25:49,2.55
01:25:50,2.55
01:25:51,2.55
01:25:52,2.55
01:25:53,2.55
01:25:54,2.55
01:25:55,2.55
01:25:56,2.55
01:25:57,2.55
01:25:58,2.55
01:25:59,2.55
01:26:00,2.55
01:26:01,2.55
01:26:02,2.55
01:26:03,2.55
01:26:04,2.55
01:26:05,2.55
01:26:06,2.55
01:26:07,2.55
01:26:08,2.55
01:26:09,2.55
01:26:10,2.55
01:26:11,2.55
01:26:12,2.55
01:26:13,2.55
01:26:14,2.55
01:26:15,2.55
01:26:16,2.55
01:26:17,2.55
01:26:18,2.55
01:26:19,2.55
01:26:20,2.55
01:26:21,2.55
01:26:22,2.55
01:26:23,2.55
01:26:24,2.55
01:26:25,2.55
01:26:26,2.55
01:26:27,2.55
01:26:28,2.55
01:26:29,2.55
01:26:30,2.55
01:26:31,2.55
01:26:32,2.55
01:26:33,2.55
01:26:34,2.55
01:26:35,2.55
01:26:36,2.55
01:26:37,2.55
01:26:38,2.55
01:26:39,2.55
01:26:40,2.55
01:26:41,2.55
01:26:42,2.55
01:26:43,2.55
01:26:44,2.55
01:26:45,2.55
01:26:46,2.55
01:26:47,2.55
01:26:48,2.55
01:26:49,2.55
01:26:50,2.55
01:26:51,2.55
01:26:52,2.55
01:26:53,2.55
01:26:54,2.55
01:26:55,2.55
01:26:56,2.55
01:26:57,2.55
01:26:58,2.55
01:26:59,2.55
01:27:00,2.55
01:27:01,2.55
01:27:02,2.55
01:27:03,2.55
01:27:04,2.55
01:27:05,2.55
01:27:06,2.55
01:27:07,2.55
01:27:08,2.55
01:27:09,2.55
01:27:10,2.55
01:27:11,2.55
01:27:12,2.55
01:27:13,2.55
01:27:14,2.55
01:27:15,2.55
01:27:16,2.55
01:27:17,2.55
01:27:18,2.55
01:27:19,2.55
01:27:20,2.55
01:27:21,2.55
01:27:22,2.55
01:27:23,2.55
01:27:24,2.55
01:27:25,2.55
01:27:26,2.55
01:27:27,2.55
01:27:28,2.55
01:27:29,2.55
01:27:30,2.55
01:27:31,2.55
01:27:32,2.55
01:27:33,2.55
01:27:34,2.55
01:27:35,2.55
01:27:36,2.55
01:27:37,2.55
01:27:38,2.55
01:27:39,2.55
01:27:40,2.55
01:27:41,2.55
01:27:42,2.55
01:27:43,2.55
01:27:44,2.55
01:27:45,2.55
01:27:46,2.55
01:27:47,2.55
01:27:48,2.55
01:27:49,2.55
01:27:50,2.55
01:27:51,2.55
01:27:52,2.55
01:27:53,2.55
01:27:54,2.55
01:27:55,2.55
01:27:56,2.55
01:27:57,2.55
01:27:58,2.55
01:27:59,2.55
01:28:00,2.55
01:28:01,2.55
01:28:02,2.55
01:28:03,2.55
01:28:04,2.55
01:28:05,2.55
01:28:06,2.55
01:28:07,2.55
01:28:08,2.55
01:28:09,2.55
01:28:10,2.55
01:28:11,2.55
01:28:12,2.55
01:28:13,2.55
01:28:14,2.55
01:28:15,2.55
01:28:16,2.55
01:28:17,2.55
01:28:18,2.55
01:28:19,2.55
01:28:20,2.55
01:28:21,2.55
01:28:22,2.55
01:28:23,2.55
01:28:24,2.55
01:28:25,2.55
01:28:26,2.55
01:28:27,2.55
01:28:28,2.55
01:28:29,2.55
01:28:30,2.55
01:28:31,2.55
01:28:32,2.55
01:28:33,2.55
01:28:34,2.55
01:28:35,2.55
01:28:36,2.55
01:28:37,2.55
01:28:38,2.55
01:28:39,2.55
01:28:40,2.55
01:28:41,2.55
01:28:42,2.55
01:28:43,2.55
01:28:44,2.55
01:28:45,2.55
01:28:46,2.55
01:28:47,2.55
01:28:48,2.55
01:28:49,2.55
01:28:50,2.55
01:28:51,2.55
01:28:52,2.55
01:28:53,2.55
01:28:54,2.55
01:28:55,2.55
01:28:56,2.55
01:28:57,2.55
01:28:58,2.55
01:28:59,2.55
01:29:00,2.55
01:29:01,2.55
01:29:02,2.55
01:29:03,2.55
01:29:04,2.55
01:29:05,2.55
01:29:06,2.55
01:29:07,2.55
01:29:08,2.55
01:29:09,2.55
01:29:10,2.55
01:29:11,2.55
01:29:12,2.55
01:29:13,2.55
01:29:14,2.55
01:29:15,2.55
01:29:16,2.55
01:29:17,2.55
01:29:18,2.55
01:29:19,2.55
01:29:20,2.55
01:29:21,2.55
01:29:22,2.55
01:29:23,2.55
01:29:24,2.55
01:29:25,2.55
01:29:26,2.55
01:29:27,2.55
01:29:28,2.55
01:29:29,2.55
01:29:30,2.55
01:29:31,2.55
01:29:32,2.55
01:29:33,2.55
01:29:34,2.55
01:29:35,2.55
01:29:36,2.55
01:29:37,2.55
01:29:38,2.55
01:29:39,2.55
01:29:40,2.55
01:29:41,2.55
01:29:42,2.55
01:29:43,2.55
01:29:44,2.55
01:29:45,2.55
01:29:46,2.55
01:29:47,2.55
01:29:48,2.55
01:29:49,2.55
01:29:50,2.55
01:29:51,2.55
01:29:52,2.55
01:29:53,2.55
01:29:54,2.55
01:29:55,2.55
01:29:56,2.55
01:29:57,2.55
01:29:58,2.55
01:29:59,2.55
01:30:00,2.55
01:30:01,2.55
01:30:02,2.55
01:30:03,2.55
01:30:04,2.55
01:30:05,2.55
01:30:06,2.55
01:30:07,2.55
01:30:08,2.55
01:30:09,2.55
01:30:10,2.55
01:30:11,2.55
01:30:12,2.55
01:30:13,2.55
01:30:14,2.55
01:30:15,2.55
01:30:16,2.55
01:30:17,2.55
01:30:18,2.55
01:30:19,2.55
01:30:20,2.55
01:30:21,2.55
01:30:22,2.55
01:30:23,2.55
01:30:24,2.55
01:30:25,2.55
01:30:26,2.55
01:30:27,2.55
01:30:28,2.55
01:30:29,2.55
01:30:30,2.55
01:30:31,2.55
01:30:32,2.55
01:30:33,2.55
01:30:34,2.55
01:30:35,2.55
01:30:36,2.55
01:30:37,2.55
01:30:38,2.55
01:30:39,2.55
01:30:40,2.55
01:30:41,2.55
01:30:42,2.55
01:30:43,2.55
01:30:44,2.55
01:30:45,2.55
01:30:46,2.55
01:30:47,2.55
01:30:48,2.55
01:30:49,2.55
01:30:50,2.55
01:30:51,2.55
01:30:52,2.55
01:30:53,2.55
01:30:54,2.55
01:30:55,2.55
01:30:56,2.55
01:30:57,2.55
01:30:58,2.55
01:30:59,2.55
01:31:00,2.55
01:31:01,2.55
01:31:02,2.55
01:31:03,2.55
01:31:04,2.55
01:31:05,2.55
01:31:06,2.55
01:31:07,2.55
01:31:08,2.55
01:31:09,2.55
01:31:10,2.55
01:31:11,2.55
01:31:12,2.55
01:31:13,2.55
01:31:14,2.55
01:31:15,2.55
01:31:16,2.55
01:31:17,2.55
01:31:18,2.55
01:31:19,2.55
01:31:20,2.55
01:31:21,2.55
01:31:22,2.55
01:31:23,2.55
01:31:24,2.55
01:31:25,2.55
01:31:26,2.55
01:31:27,2.55
01:31:28,2.55
01:31:29,2.55
01:31:30,2.55
01:31:31,2.55
01:31:32,2.55
01:31:33,2.55
01:31:34,2.55
01:31:35,2.55
01:31:36,2.55
01:31:37,2.55
01:31:38,2.55
01:31:39,2.55
01:31:40,2.55
01:31:41,2.55
01:31:42,2.55
01:31:43,2.55
01:31:44,2.55
01:31:45,2.55
01:31:46,2.55
01:31:47,2.55
01:31:48,2.55
01:31:49,2.55
01:31:50,2.55
01:31:51,2.55
01:31:52,2.55
01:31:53,2.55
01:31:54,2.55
01:31:55,2.55
01:31:56,2.55
01:31:57,2.55
01:31:58,2.55
01:31:59,2.55
01:32:00,2.55
01:32:01,2.55
01:32:02,2.55
01:32:03,2.55
01:32:04,2.55
01:32:05,2.55
01:32:06,2.55
01:32:07,2.55
01:32:08,2.55
01:32:09,2.55
01:32:10,2.55
01:32:11,2.55
01:32:12,2.55
01:32:13,2.55
01:32:14,2.55
01:32:15,2.55
01:32:16,2.55
01:32:17,2.55
01:32:18,2.55
01:32:19,2.55
01:32:20,2.55
01:32:21,2.55
01:32:22,2.55
01:32:23,2.55
01:32:24,2.55
01:32:25,2.55
01:32:26,2.55
01:32:27,2.55
01:32:28,2.55
01:32:29,2.55
01:32:30,2.55
01:32:31,2.55
01:32:32,2.55
01:32:33,2.55
01:32:34,2.55
01:32:35,2.55
01:32:36,2.55
01:32:37,2.55
01:32:38,2.55
01:32:39,2.55
01:32:40,2.55
01:32:41,2.55
01:32:42,2.55
01:32:43,2.55
01:32:44,2.55
01:32:45,2.55
01:32:46,2.55
01:32:47,2.55
01:32:48,2.55
01:32:49,2.55
01:32:50,2.55
01:32:51,2.55
01:32:52,2.55
01:32:53,2.55
01:32:54,2.55
01:32:55,2.55
01:32:56,2.55
01:32:57,2.55
01:32:58,2.55
01:32:59,2.55
01:33:00,2.55
01:33:01,2.55
01:33:02,2.55
01:33:03,2.55
01:33:04,2.55
01:33:05,2.55
01:33:06,2.55
01:33:07,2.55
01:33:08,2.55
01:33:09,2.55
01:33:10,2.55
01:33:11,2.55
01:33:12,2.55
01:33:13,2.55
01:33:14,2.55
01:33:15,2.55
01:33:16,2.55
01:33:17,2.55
01:33:18,2.55
01:33:19,2.55
01:33:20,2.55
01:33:21,2.55
01:33:22,2.55
01:33:23,2.55
01:33:24,2.55
01:33:25,2.55
01:33:26,2.55
01:33:27,2.55
01:33:28,2.55
01:33:29,2.55
01:33:30,2.55
01:33:31,2.55
01:33:32,2.55
01:33:33,2.55
01:33:34,2.55
01:33:35,2.55
01:33:36,2.55
01:33:37,2.55
01:33:38,2.55
01:33:39,2.55
01:33:40,2.55
01:33:41,2.55
01:33:42,2.55
01:33:43,2.55
01:33:44,2.55
01:33:45,2.55
01:33:46,2.55
01:33:47,2.55
01:33:48,2.55
01:33:49,2.55
01:33:50,2.55
01:33:51,2.55
01:33:52,2.55
01:33:53,2.55
01:33:54,2.55
01:33:55,2.55
01:33:56,2.55
01:33:57,2.55
01:33:58,2.55
01:33:59,2.55
01:34:00,2.55
01:34:01,2.55
01:34:02,2.55
01:34:03,2.55
01:34:04,2.55
01:34:05,2.55
01:34:06,2.55
01:34:07,2.55
01:34:08,2.55
01:34:09,2.55
01:34:10,2.55
01:34:11,2.55
01:34:12,2.55
01:34:13,2.55
01:34:14,2.55
01:34:15,2.55
01:34:16,2.55
01:34:17,2.55
01:34:18,2.55
01:34:19,2.55
01:34:20,2.55
01:34:21,2.55
01:34:22,2.55
01:34:23,2.55
01:34:24,2.55
01:34:25,2.55
01:34:26,2.55
01:34:27,2.55
01:34:28,2.55
01:34:29,2.55
01:34:30,2.55
01:34:31,2.55
01:34:32,2.55
01:34:33,2.55
01:34:34,2.55
01:34:35,2.55
01:34:36,2.55
01:34:37,2.55
01:34:38,2.55
01:34:39,2.55
01:34:40,2.55
01:34:41,2.55
01:34:42,2.55
01:34:43,2.55
01:34:44,2.55
01:34:45,2.55
01:34:46,2.55
01:34:47,2.55
01:34:48,2.55
01:34:49,2.55
01:34:50,2.55
01:34:51,2.55
01:34:52,2.55
01:34:53,2.55
01:34:54,2.55
01:34:55,2.55
01:34:56,2.55
01:34:57,2.55
01:34:58,2.55
01:34:59,2.55
01:35:00,2.55
01:35:01,2.55
01:35:02,2.55
01:35:03,2.55
01:35:04,2.55
01:35:05,2.55
01:35:06,2.55
01:35:07,2.55
01:35:08,2.55
01:35:09,2.55
01:35:10,2.55
01:35:11,2.55
01:35:12,2.55
01:35:13,2.55
01:35:14,2.55
01:35:15,2.55
01:35:16,2.55
01:35:17,2.55
01:35:18,2.55
01:35:19,2.55
01:35:20,2.55
01:35:21,2.55
01:35:22,2.55
01:35:23,2.55
01:35:24,2.55
01:35:25,2.55
01:35:26,2.55
01:35:27,2.55
01:35:28,2.55
01:35:29,2.55
01:35:30,2.55
01:35:31,2.55
01:35:32,2.55
01:35:33,2.55
01:35:34,2.55
01:35:35,2.55
01:35:36,2.55
01:35:37,2.55
01:35:38,2.55
01:35:39,2.55
01:35:40,2.55
01:35:41,2.55
01:35:42,2.55
01:35:43,2.55
01:35:44,2.55
01:35:45,2.55
01:35:46,2.55
01:35:47,2.55
01:35:48,2.55
01:35:49,2.55
01:35:50,2.55
01:35:51,2.55
01:35:52,2.55
01:35:53,2.55
01:35:54,2.55
01:35:55,2.55
01:35:56,2.55
01:35:57,2.55
01:35:58,2.55
01:35:59,2.55
01:36:00,2.55
01:36:01,2.55
01:36:02,2.55
01:36:03,2.55
01:36:04,2.55
01:36:05,2.55
01:36:06,2.55
01:36:07,2.55
01:36:08,2.55
01:36:09,2.55
01:36:10,2.55
01:36:11,2.55
01:36:12,2.55
01:36:13,2.55
01:36:14,2.55
01:36:15,2.55
01:36:16,2.55
01:36:17,2.55
01:36:18,2.55
01:36:19,2.55
01:36:20,2.55
01:36:21,2.55
01:36:22,2.55
01:36:23,2.55
01:36:24,2.55
01:36:25,2.55
01:36:26,2.55
01:36:27,2.55
01:36:28,2.55
01:36:29,2.55
01:36:30,2.55
01:36:31,2.55
01:36:32,2.55
01:36:33,2.55
01:36:34,2.55
01:36:35,2.55
01:36:36,2.55
01:36:37,2.55
01:36:38,2.55
01:36:39,2.55
01:36:40,2.55
01:36:41,2.55
01:36:42,2.55
01:36:43,2.55
01:36:44,2.55
01:36:45,2.55
01:36:46,2.55
01:36:47,2.55
01:36:48,2.55
01:36:49,2.55
01:36:50,2.55
01:36:51,2.55
01:36:52,2.55
01:36:53,2.55
01:36:54,2.55
01:36:55,2.55
01:36:56,2.55
01:36:57,2.55
01:36:58,2.55
01:36:59,2.55
01:37:00,2.55
01:37:01,2.55
01:37:02,2.55
01:37:03,2.55
01:37:04,2.55
01:37:05,2.55
01:37:06,2.55
01:37:07,2.55
01:37:08,2.55
01:37:09,2.55
01:37:10,2.55
01:37:11,2.55
01:37:12,2.55
01:37:13,2.55
01:37:14,2.55
01:37:15,2.55
01:37:16,2.55
01:37:17,2.55
01:37:18,2.55
01:37:19,2.55
01:37:20,2.55
01:37:21,2.55
01:37:22,2.55
01:37:23,2.55
01:37:24,2.55
01:37:25,2.55
01:37:26,2.55
01:37:27,2.55
01:37:28,2.55
01:37:29,2.55
01:37:30,2.55
01:37:31,2.55
01:37:32,2.55
01:37:33,2.55
01:37:34,2.55
01:37:35,2.55
01:37:36,2.55
01:37:37,2.55
01:37:38,2.55
01:37:39,2.55
01:37:40,2.55
01:37:41,2.55
01:37:42,2.55
01:37:43,2.55
01:37:44,2.55
01:37:45,2.55
01:37:46,2.55
01:37:47,2.55
01:37:48,2.55
01:37:49,2.55
01:37:50,2.55
01:37:51,2.55
01:37:52,2.55
01:37:53,2.55
01:37:54,2.55
01:37:55,2.55
01:37:56,2.55
01:37:57,2.55
01:37:58,2.55
01:37:59,2.55
01:38:00,2.55
01:38:01,2.55
01:38:02,2.55
01:38:03,2.55
01:38:04,2.55
01:38:05,2.55
01:38:06,2.55
01:38:07,2.55
01:38:08,2.55
01:38:09,2.55
01:38:10,2.55
01:38:11,2.55
01:38:12,2.55
01:38:13,2.55
01:38:14,2.55
01:38:15,2.55
01:38:16,2.55
01:38:17,2.55
01:38:18,2.55
01:38:19,2.55
01:38:20,2.55
01:38:21,2.55
01:38:22,2.55
01:38:23,2.55
01:38:24,2.55
01:38:25,2.55
01:38:26,2.55
01:38:27,2.55
01:38:28,2.55
01:38:29,2.55
01:38:30,2.55
01:38:31,2.55
01:38:32,2.55
01:38:33,2.55
01:38:34,2.55
01:38:35,2.55
01:38:36,2.55
01:38:37,2.55
01:38:38,2.55
01:38:39,2.55
01:38:40,2.55
01:38:41,2.55
01:38:42,2.55
01:38:43,2.55
01:38:44,2.55
01:38:45,2.55
01:38:46,2.55
01:38:47,2.55
01:38:48,2.55
01:38:49,2.55
01:38:50,2.55
01:38:51,2.55
01:38:52,2.55
01:38:53,2.55
01:38:54,2.55
01:38:55,2.55
01:38:56,2.55
01:38:57,2.55
01:38:58,2.55
01:38:59,2.55
01:39:00,2.55
01:39:01,2.55
01:39:02,2.55
01:39:03,2.55
01:39:04,2.55
01:39:05,2.55
01:39:06,2.55
01:39:07,2.55
01:39:08,2.55
01:39:09,2.55
01:39:10,2.55
01:39:11,2.55
01:39:12,2.55
01:39:13,2.55
01:39:14,2.55
01:39:15,2.55
01:39:16,2.55
01:39:17,2.55
01:39:18,2.55
01:39:19,2.55
01:39:20,2.55
01:39:21,2.55
01:39:22,2.55
01:39:23,2.55
01:39:24,2.55
01:39:25,2.55
01:39:26,2.55
01:39:27,2.55
01:39:28,2.55
01:39:29,2.55
01:39:30,2.55
01:39:31,2.55
01:39:32,2.55
01:39:33,2.55
01:39:34,2.55
01:39:35,2.55
01:39:36,2.55
01:39:37,2.55
01:39:38,2.55
01:39:39,2.55
01:39:40,2.55
01:39:41,2.55
01:39:42,2.55
01:39:43,2.55
01:39:44,2.55
01:39:45,2.55
01:39:46,2.55
01:39:47,2.55
01:39:48,2.55
01:39:49,2.55
01:39:50,2.55
01:39:51,2.55
01:39:52,2.55
01:39:53,2.55
01:39:54,2.55
01:39:55,2.55
01:39:56,2.55
01:39:57,2.55
01:39:58,2.55
01:39:59,2.55
01:40:00,2.55
01:40:01,2.55
01:40:02,2.55
01:40:03,2.55
01:40:04,2.55
01:40:05,2.55
01:40:06,2.55
01:40:07,2.55
01:40:08,2.55
01:40:09,2.55
01:40:10,2.55
01:40:11,2.55
01:40:12,2.55
01:40:13,2.55
01:40:14,2.55
01:40:15,2.55
01:40:16,2.55
01:40:17,2.55
01:40:18,2.55
01:40:19,2.55
01:40:20,2.55
01:40:21,2.55
01:40:22,2.55
01:40:23,2.55
01:40:24,2.55
01:40:25,2.55
01:40:26,2.55
01:40:27,2.55
01:40:28,2.55
01:40:29,2.55
01:40:30,2.55
01:40:31,2.55
01:40:32,2.55
01:40:33,2.55
01:40:34,2.55
01:40:35,2.55
01:40:36,2.55
01:40:37,2.55
01:40:38,2.55
01:40:39,2.55
01:40:40,2.55
01:40:41,2.55
01:40:42,2.55
01:40:43,2.55
01:40:44,2.55
01:40:45,2.55
01:40:46,2.55
01:40:47,2.55
01:40:48,2.55
01:40:49,2.55
01:40:50,2.55
01:40:51,2.55
01:40:52,2.55
01:40:53,2.55
01:40:54,2.55
01:40:55,2.55
01:40:56,2.55
01:40:57,2.55
01:40:58,2.55
01:40:59,2.55
01:41:00,2.55
01:41:01,2.55
01:41:02,2.55
01:41:03,2.55
01:41:04,2.55
01:41:05,2.55
01:41:06,2.55
01:41:07,2.55
01:41:08,2.55
01:41:09,2.55
01:41:10,2.55
01:41:11,2.55
01:41:12,2.55
01:41:13,2.55
01:41:14,2.55
01:41:15,2.55
01:41:16,2.55
01:41:17,2.55
01:41:18,2.55
01:41:19,2.55
01:41:20,2.55
01:41:21,2.55
01:41:22,2.55
01:41:23,2.55
01:41:24,2.55
01:41:25,2.55
01:41:26,2.55
01:41:27,2.55
01:41:28,2.55
01:41:29,2.55
01:41:30,2.55
01:41:31,2.55
01:41:32,2.55
01:41:33,2.55
01:41:34,2.55
01:41:35,2.55
01:41:36,2.55
01:41:37,2.55
01:41:38,2.55
01:41:39,2.55
01:41:40,2.55
01:41:41,2.55
01:41:42,2.55
01:41:43,2.55
01:41:44,2.55
01:41:45,2.55
01:41:46,2.55
01:41:47,2.55
01:41:48,2.55
01:41:49,2.55
01:41:50,2.55
01:41:51,2.55
01:41:52,2.55
01:41:53,2.55
01:41:54,2.55
01:41:55,2.55
01:41:56,2.55
01:41:57,2.55
01:41:58,2.55
01:41:59,2.55
01:42:00,2.55
01:42:01,2.55
01:42:02,2.55
01:42:03,2.55
01:42:04,2.55
01:42:05,2.55
01:42:06,2.55
01:42:07,2.55
01:42:08,2.55
01:42:09,2.55
01:42:10,2.55
01:42:11,2.55
01:42:12,2.55
01:42:13,2.55
01:42:14,2.55
01:42:15,2.55
01:42:16,2.55
01:42:17,2.55
01:42:18,2.55
01:42:19,2.55
01:42:20,2.55
01:42:21,2.55
01:42:22,2.55
01:42:23,2.55
01:42:24,2.55
01:42:25,2.55
01:42:26,2.55
01:42:27,2.55
01:42:28,2.55
01:42:29,2.55
01:42:30,2.55
01:42:31,2.55
01:42:32,2.55
01:42:33,2.55
01:42:34,2.55
01:42:35,2.55
01:42:36,2.55
01:42:37,2.55
01:42:38,2.55
01:42:39,2.55
01:42:40,2.55
01:42:41,2.55
01:42:42,2.55
01:42:43,2.55
01:42:44,2.55
01:42:45,2.55
01:42:46,2.55
01:42:47,2.55
01:42:48,2.55
01:42:49,2.55
01:42:50,2.55
01:42:51,2.55
01:42:52,2.55
01:42:53,2.55
01:42:54,2.55
01:42:55,2.55
01:42:56,2.55
01:42:57,2.55
01:42:58,2.55
01:42:59,2.55
01:43:00,2.55
01:43:01,2.55
01:43:02,2.55
01:43:03,2.55
01:43:04,2.55
01:43:05,2.55
01:43:06,2.55
01:43:07,2.55
01:43:08,2.55
01:43:09,2.55
01:43:10,2.55
01:43:11,2.55
01:43:12,2.55
01:43:13,2.55
01:43:14,2.55
01:43:15,2.55
01:43:16,2.55
01:43:17,2.55
01:43:18,2.55
01:43:19,2.55
01:43:20,2.55
01:43:21,2.55
01:43:22,2.55
01:43:23,2.55
01:43:24,2.55
01:43:25,2.55
01:43:26,2.55
01:43:27,2.55
01:43:28,2.55
01:43:29,2.55
01:43:30,2.55
01:43:31,2.55
01:43:32,2.55
01:43:33,2.55
01:43:34,2.55
01:43:35,2.55
01:43:36,2.55
01:43:37,2.55
01:43:38,2.55
01:43:39,2.55
01:43:40,2.55
01:43:41,2.55
01:43:42,2.55
01:43:43,2.55
01:43:44,2.55
01:43:45,2.55
01:43:46,2.55
01:43:47,2.55
01:43:48,2.55
01:43:49,2.55
01:43:50,2.55
01:43:51,2.55
01:43:52,2.55
01:43:53,2.55
01:43:54,2.55
01:43:55,2.55
01:43:56,2.55
01:43:57,2.55
01:43:58,2.55
01:43:59,2.55
01:44:00,2.55
01:44:01,2.55
01:44:02,2.55
01:44:03,2.55
01:44:04,2.55
01:44:05,2.55
01:44:06,2.55
01:44:07,2.55
01:44:08,2.55
01:44:09,2.55
01:44:10,2.55
01:44:11,2.55
01:44:12,2.55
01:44:13,2.55
01:44:14,2.55
01:44:15,2.55
01:44:16,2.55
01:44:17,2.55
01:44:18,2.55
01:44:19,2.55
01:44:20,2.55
01:44:21,2.55
01:44:22,2.55
01:44:23,2.55
01:44:24,2.55
01:44:25,2.55
01:44:26,2.55
01:44:27,2.55
01:44:28,2.55
01:44:29,2.55
01:44:30,2.55
01:44:31,2.55
01:44:32,2.55
01:44:33,2.55
01:44:34,2.55
01:44:35,2.55
01:44:36,2.55
01:44:37,2.55
01:44:38,2.55
01:44:39,2.55
01:44:40,2.55
01:44:41,2.55
01:44:42,2.55
01:44:43,2.55
01:44:44,2.55
01:44:45,2.55
01:44:46,2.55
01:44:47,2.55
01:44:48,2.55
01:44:49,2.55
01:44:50,2.55
01:44:51,2.55
01:44:52,2.55
01:44:53,2.55
01:44:54,2.55
01:44:55,2.55
01:44:56,2.55
01:44:57,2.55
01:44:58,2.55
01:44:59,2.55
01:45:00,2.55
01:45:01,2.55
01:45:02,2.55
01:45:03,2.55
01:45:04,2.55
01:45:05,2.55
01:45:06,2.55
01:45:07,2.55
01:45:08,2.55
01:45:09,2.55
01:45:10,2.55
01:45:11,2.55
01:45:12,2.55
01:45:13,2.55
01:45:14,2.55
01:45:15,2.55
01:45:16,2.55
01:45:17,2.55
01:45:18,2.55
01:45:19,2.55
01:45:20,2.55
01:45:21,2.55
01:45:22,2.55
01:45:23,2.55
01:45:24,2.55
01:45:25,2.55
01:45:26,2.55
01:45:27,2.55
01:45:28,2.55
01:45:29,2.55
01:45:30,2.55
01:45:31,2.55
01:45:32,2.55
01:45:33,2.55
01:45:34,2.55
01:45:35,2.55
01:45:36,2.55
01:45:37,2.55
01:45:38,2.55
01:45:39,2.55
01:45:40,2.55
01:45:41,2.55
01:45:42,2.55
01:45:43,2.55
01:45:44,2.55
01:45:45,2.55
01:45:46,2.55
01:45:47,2.55
01:45:48,2.55
01:45:49,2.55
01:45:50,2.55
01:45:51,2.55
01:45:52,2.55
01:45:53,2.55
01:45:54,2.55
01:45:55,2.55
01:45:56,2.55
01:45:57,2.55
01:45:58,2.55
01:45:59,2.55
01:46:00,2.55
01:46:01,2.55
01:46:02,2.55
01:46:03,2.55
01:46:04,2.55
01:46:05,2.55
01:46:06,2.55
01:46:07,2.55
01:46:08,2.55
01:46:09,2.55
01:46:10,2.55
01:46:11,2.55
01:46:12,2.55
01:46:13,2.55
01:46:14,2.55
01:46:15,2.55
01:46:16,2.55
01:46:17,2.55
01:46:18,2.55
01:46:19,2.55
01:46:20,2.55
01:46:21,2.55
01:46:22,2.55
01:46:23,2.55
01:46:24,2.55
01:46:25,2.55
01:46:26,2.55
01:46:27,2.55
01:46:28,2.55
01:46:29,2.55
01:46:30,2.55
01:46:31,2.55
01:46:32,2.55
01:46:33,2.55
01:46:34,2.55
01:46:35,2.55
01:46:36,2.55
01:46:37,2.55
01:46:38,2.55
01:46:39,2.55
01:46:40,2.55
01:46:41,2.55
01:46:42,2.55
01:46:43,2.55
01:46:44,2.55
01:46:45,2.55
01:46:46,2.55
01:46:47,2.55
01:46:48,2.55
01:46:49,2.55
01:46:50,2.55
01:46:51,2.55
01:46:52,2.55
01:46:53,2.55
01:46:54,2.55
01:46:55,2.55
01:46:56,2.55
01:46:57,2.55
01:46:58,2.55
01:46:59,2.55
01:47:00,2.55
01:47:01,2.55
01:47:02,2.55
01:47:03,2.55
01:47:04,2.55
01:47:05,2.55
01:47:06,2.55
01:47:07,2.55
01:47:08,2.55
01:47:09,2.55
01:47:10,2.55
01:47:11,2.55
01:47:12,2.55
01:47:13,2.55
01:47:14,2.55
01:47:15,2.55
01:47:16,2.55
01:47:17,2.55
01:47:18,2.55
01:47:19,2.55
01:47:20,2.55
01:47:21,2.55
01:47:22,2.55
01:47:23,2.55
01:47:24,2.55
01:47:25,2.55
01:47:26,2.55
01:47:27,2.55
01:47:28,2.55
01:47:29,2.55
01:47:30,2.55
01:47:31,2.55
01:47:32,2.55
01:47:33,2.55
01:47:34,2.55
01:47:35,2.55
01:47:36,2.55
01:47:37,2.55
01:47:38,2.55
01:47:39,2.55
01:47:40,2.55
01:47:41,2.55
01:47:42,2.55
01:47:43,2.55
01:47:44,2.55
01:47:45,2.55
01:47:46,2.55
01:47:47,2.55
01:47:48,2.55
01:47:49,2.55
01:47:50,2.55
01:47:51,2.55
01:47:52,2.55
01:47:53,2.55
01:47:54,2.55
01:47:55,2.55
01:47:56,2.55
01:47:57,2.55
01:47:58,2.55
01:47:59,2.55
01:48:00,2.55
01:48:01,2.55
01:48:02,2.55
01:48:03,2.55
01:48:04,2.55
01:48:05,2.55
01:48:06,2.55
01:48:07,2.55
01:48:08,2.55
01:48:09,2.55
01:48:10,2.55
01:48:11,2.55
01:48:12,2.55
01:48:13,2.55
01:48:14,2.55
01:48:15,2.55
01:48:16,2.55
01:48:17,2.55
01:48:18,2.55
01:48:19,2.55
01:48:20,2.55
01:48:21,2.55
01:48:22,2.55
01:48:23,2.55
01:48:24,2.55
01:48:25,2.55
01:48:26,2.55
01:48:27,2.55
01:48:28,2.55
01:48:29,2.55
01:48:30,2.55
01:48:31,2.55
01:48:32,2.55
01:48:33,2.55
01:48:34,2.55
01:48:35,2.55
01:48:36,2.55
01:48:37,2.55
01:48:38,2.55
01:48:39,2.55
01:48:40,2.55
01:48:41,2.55
01:48:42,2.55
01:48:43,2.55
01:48:44,2.55
01:48:45,2.55
01:48:46,2.55
01:48:47,2.55
01:48:48,2.55
01:48:49,2.55
01:48:50,2.55
01:48:51,2.55
01:48:52,2.55
01:48:53,2.55
01:48:54,2.55
01:48:55,2.55
01:48:56,2.55
01:48:57,2.55
01:48:58,2.55
01:48:59,2.55
01:49:00,2.55
01:49:01,2.55
01:49:02,2.55
01:49:03,2.55
01:49:04,2.55
01:49:05,2.55
01:49:06,2.55
01:49:07,2.55
01:49:08,2.55
01:49:09,2.55
01:49:10,2.55
01:49:11,2.55
01:49:12,2.55
01:49:13,2.55
01:49:14,2.55
01:49:15,2.55
01:49:16,2.55
01:49:17,2.55
01:49:18,2.55
01:49:19,2.55
01:49:20,2.55
01:49:21,2.55
01:49:22,2.55
01:49:23,2.55
01:49:24,2.55
01:49:25,2.55
01:49:26,2.55
01:49:27,2.55
01:49:28,2.55
01:49:29,2.55
01:49:30,2.55
01:49:31,2.55
01:49:32,2.55
01:49:33,2.55
01:49:34,2.55
01:49:35,2.55
01:49:36,2.55
01:49:37,2.55
01:49:38,2.55
01:49:39,2.55
01:49:40,2.55
01:49:41,2.55
01:49:42,2.55
01:49:43,2.55
01:49:44,2.55
01:49:45,2.55
01:49:46,2.55
01:49:47,2.55
01:49:48,2.55
01:49:49,2.55
01:49:50,2.55
01:49:51,2.55
01:49:52,2.55
01:49:53,2.55
01:49:54,2.55
01:49:55,2.55
01:49:56,2.55
01:49:57,2.55
01:49:58,2.55
01:49:59,2.55
01:50:00,2.55
01:50:01,2.55
01:50:02,2.55
01:50:03,2.55
01:50:04,2.55
01:50:05,2.55
01:50:06,2.55
01:50:07,2.55
01:50:08,2.55
01:50:09,2.55
01:50:10,2.55
01:50:11,2.55
01:50:12,2.55
01:50:13,2.55
01:50:14,2.55
01:50:15,2.55
01:50:16,2.55
01:50:17,2.55
01:50:18,2.55
01:50:19,2.55
01:50:20,2.55
01:50:21,2.55
01:50:22,2.55
01:50:23,2.55
01:50:24,2.55
01:50:25,2.55
01:50:26,2.55
01:50:27,2.55
01:50:28,2.55
01:50:29,2.55
01:50:30,2.55
01:50:31,2.55
01:50:32,2.55
01:50:33,2.55
01:50:34,2.55
01:50:35,2.55
01:50:36,2.55
01:50:37,2.55
01:50:38,2.55
01:50:39,2.55
01:50:40,2.55
01:50:41,2.55
01:50:42,2.55
01:50:43,2.55
01:50:44,2.55
01:50:45,2.55
01:50:46,2.55
01:50:47,2.55
01:50:48,2.55
01:50:49,2.55
01:50:50,2.55
01:50:51,2.55
01:50:52,2.55
01:50:53,2.55
01:50:54,2.55
01:50:55,2.55
01:50:56,2.55
01:50:57,2.55
01:50:58,2.55
01:50:59,2.55
01:51:00,2.55
01:51:01,2.55
01:51:02,2.55
01:51:03,2.55
01:51:04,2.55
01:51:05,2.55
01:51:06,2.55
01:51:07,2.55
01:51:08,2.55
01:51:09,2.55
01:51:10,2.55
01:51:11,2.55
01:51:12,2.55
01:51:13,2.55
01:51:14,2.55
01:51:15,2.55
01:51:16,2.55
01:51:17,2.55
01:51:18,2.55
01:51:19,2.55
01:51:20,2.55
01:51:21,2.55
01:51:22,2.55
01:51:23,2.55
01:51:24,2.55
01:51:25,2.55
01:51:26,2.55
01:51:27,2.55
01:51:28,2.55
01:51:29,2.55
01:51:30,2.55
01:51:31,2.55
01:51:32,2.55
01:51:33,2.55
01:51:34,2.55
01:51:35,2.55
01:51:36,2.55
01:51:37,2.55
01:51:38,2.55
01:51:39,2.55
01:51:40,2.55
01:51:41,2.55
01:51:42,2.55
01:51:43,2.55
01:51:44,2.55
01:51:45,2.55
01:51:46,2.55
01:51:47,2.55
01:51:48,2.55
01:51:49,2.55
01:51:50,2.55
01:51:51,2.55
01:51:52,2.55
01:51:53,2.55
01:51:54,2.55
01:51:55,2.55
01:51:56,2.55
01:51:57,2.55
01:51:58,2.55
01:51:59,2.55
01:52:00,2.55
01:52:01,2.55
01:52:02,2.55
01:52:03,2.55
01:52:04,2.55
01:52:05,2.55
01:52:06,2.55
01:52:07,2.55
01:52:08,2.55
01:52:09,2.55
01:52:10,2.55
01:52:11,2.55
01:52:12,2.55
01:52:13,2.55
01:52:14,2.55
01:52:15,2.55
01:52:16,2.55
01:52:17,2.55
01:52:18,2.55
01:52:19,2.55
01:52:20,2.55
01:52:21,2.55
01:52:22,2.55
01:52:23,2.55
01:52:24,2.55
01:52:25,2.55
01:52:26,2.55
01:52:27,2.55
01:52:28,2.55
01:52:29,2.55
01:52:30,2.55
01:52:31,2.55
01:52:32,2.55
01:52:33,2.55
01:52:34,2.55
01:52:35,2.55
01:52:36,2.55
01:52:37,2.55
01:52:38,2.55
01:52:39,2.55
01:52:40,2.55
01:52:41,2.55
01:52:42,2.55
01:52:43,2.55
01:52:44,2.55
01:52:45,2.55
01:52:46,2.55
01:52:47,2.55
01:52:48,2.55
01:52:49,2.55
01:52:50,2.55
01:52:51,2.55
01:52:52,2.55
01:52:53,2.55
01:52:54,2.55
01:52:55,2.55
01:52:56,2.55
01:52:57,2.55
01:52:58,2.55
01:52:59,2.55
01:53:00,2.55
01:53:01,2.55
01:53:02,2.55
01:53:03,2.55
01:53:04,2.55
01:53:05,2.55
01:53:06,2.55
01:53:07,2.55
01:53:08,2.55
01:53:09,2.55
01:53:10,2.55
01:53:11,2.55
01:53:12,2.55
01:53:13,2.55
01:53:14,2.55
01:53:15,2.55
01:53:16,2.55
01:53:17,2.55
01:53:18,2.55
01:53:19,2.55
01:53:20,2.55
01:53:21,2.55
01:53:22,2.55
01:53:23,2.55
01:53:24,2.55
01:53:25,2.55
01:53:26,2.55
01:53:27,2.55
01:53:28,2.55
01:53:29,2.55
01:53:30,2.55
01:53:31,2.55
01:53:32,2.55
01:53:33,2.55
01:53:34,2.55
01:53:35,2.55
01:53:36,2.55
01:53:37,2.55
01:53:38,2.55
01:53:39,2.55
01:53:40,2.55
01:53:41,2.55
01:53:42,2.55
01:53:43,2.55
01:53:44,2.55
01:53:45,2.55
01:53:46,2.55
01:53:47,2.55
01:53:48,2.55
01:53:49,2.55
01:53:50,2.55
01:53:51,2.55
01:53:52,2.55
01:53:53,2.55
01:53:54,2.55
01:53:55,2.55
01:53:56,2.55
01:53:57,2.55
01:53:58,2.55
01:53:59,2.55
01:54:00,2.55
01:54:01,2.55
01:54:02,2.55
01:54:03,2.55
01:54:04,2.55
01:54:05,2.55
01:54:06,2.55
01:54:07,2.55
01:54:08,2.55
01:54:09,2.55
01:54:10,2.55
01:54:11,2.55
01:54:12,2.55
01:54:13,2.55
01:54:14,2.55
01:54:15,2.55
01:54:16,2.55
01:54:17,2.55
01:54:18,2.55
01:54:19,2.55
01:54:20,2.55
01:54:21,2.55
01:54:22,2.55
01:54:23,2.55
01:54:24,2.55
01:54:25,2.55
01:54:26,2.55
01:54:27,2.55
01:54:28,2.55
01:54:29,2.55
01:54:30,2.55
01:54:31,2.55
01:54:32,2.55
01:54:33,2.55
01:54:34,2.55
01:54:35,2.55
01:54:36,2.55
01:54:37,2.55
01:54:38,2.55
01:54:39,2.55
01:54:40,2.55
01:54:41,2.55
01:54:42,2.55
01:54:43,2.55
01:54:44,2.55
01:54:45,2.55
01:54:46,2.55
01:54:47,2.55
01:54:48,2.55
01:54:49,2.55
01:54:50,2.55
01:54:51,2.55
01:54:52,2.55
01:54:53,2.55
01:54:54,2.55
01:54:55,2.55
01:54:56,2.55
01:54:57,2.55
01:54:58,2.55
01:54:59,2.55
01:55:00,2.55
01:55:01,2.55
01:55:02,2.55
01:55:03,2.55
01:55:04,2.55
01:55:05,2.55
01:55:06,2.55
01:55:07,2.55
01:55:08,2.55
01:55:09,2.55
01:55:10,2.55
01:55:11,2.55
01:55:12,2.55
01:55:13,2.55
01:55:14,2.55
01:55:15,2.55
01:55:16,2.55
01:55:17,2.55
01:55:18,2.55
01:55:19,2.55
01:55:20,2.55
01:55:21,2.55
01:55:22,2.55
01:55:23,2.55
01:55:24,2.55
01:55:25,2.55
01:55:26,2.55
01:55:27,2.55
01:55:28,2.55
01:55:29,2.55
01:55:30,2.55
01:55:31,2.55
01:55:32,2.55
01:55:33,2.55
01:55:34,2.55
01:55:35,2.55
01:55:36,2.55
01:55:37,2.55
01:55:38,2.55
01:55:39,2.55
01:55:40,2.55
01:55:41,2.55
01:55:42,2.55
01:55:43,2.55
01:55:44,2.55
01:55:45,2.55
01:55:46,2.55
01:55:47,2.55
01:55:48,2.55
01:55:49,2.55
01:55:50,2.55
01:55:51,2.55
01:55:52,2.55
01:55:53,2.55
01:55:54,2.55
01:55:55,2.55
01:55:56,2.55
01:55:57,2.55
01:55:58,2.55
01:55:59,2.55
01:56:00,2.55
01:56:01,2.55
01:56:02,2.55
01:56:03,2.55
01:56:04,2.55
01:56:05,2.55
01:56:06,2.55
01:56:07,2.55
01:56:08,2.55
01:56:09,2.55
01:56:10,2.55
01:56:11,2.55
01:56:12,2.55
01:56:13,2.55
01:56:14,2.55
01:56:15,2.55
01:56:16,2.55
01:56:17,2.55
01:56:18,2.55
01:56:19,2.55
01:56:20,2.55
01:56:21,2.55
01:56:22,2.55
01:56:23,2.55
01:56:24,2.55
01:56:25,2.55
01:56:26,2.55
01:56:27,2.55
01:56:28,2.55
01:56:29,2.55
01:56:30,2.55
01:56:31,2.55
01:56:32,2.55
01:56:33,2.55
01:56:34,2.55
01:56:35,2.55
01:56:36,2.55
01:56:37,2.55
01:56:38,2.55
01:56:39,2.55
01:56:40,2.55
01:56:41,2.55
01:56:42,2.55
01:56:43,2.55
01:56:44,2.55
01:56:45,2.55
01:56:46,2.55
01:56:47,2.55
01:56:48,2.55
01:56:49,2.55
01:56:50,2.55
01:56:51,2.55
01:56:52,2.55
01:56:53,2.55
01:56:54,2.55
01:56:55,2.55
01:56:56,2.55
01:56:57,2.55
01:56:58,2.55
01:56:59,2.55
01:57:00,2.55
01:57:01,2.55
01:57:02,2.55
01:57:03,2.55
01:57:04,2.55
01:57:05,2.55
01:57:06,2.55
01:57:07,2.55
01:57:08,2.55
01:57:09,2.55
01:57:10,2.55
01:57:11,2.55
01:57:12,2.55
01:57:13,2.55
01:57:14,2.55
01:57:15,2.55
01:57:16,2.55
01:57:17,2.55
01:57:18,2.55
01:57:19,2.55
01:57:20,2.55
01:57:21,2.55
01:57:22,2.55
01:57:23,2.55
01:57:24,2.55
01:57:25,2.55
01:57:26,2.55
01:57:27,2.55
01:57:28,2.55
01:57:29,2.55
01:57:30,2.55
01:57:31,2.55
01:57:32,2.55
01:57:33,2.55
01:57:34,2.55
01:57:35,2.55
01:57:36,2.55
01:57:37,2.55
01:57:38,2.55
01:57:39,2.55
01:57:40,2.55
01:57:41,2.55
01:57:42,2.55
01:57:43,2.55
01:57:44,2.55
01:57:45,2.55
01:57:46,2.55
01:57:47,2.55
01:57:48,2.55
01:57:49,2.55
01:57:50,2.55
01:57:51,2.55
01:57:52,2.55
01:57:53,2.55
01:57:54,2.55
01:57:55,2.55
01:57:56,2.55
01:57:57,2.55
01:57:58,2.55
01:57:59,2.55
01:58:00,2.55
01:58:01,2.55
01:58:02,2.55
01:58:03,2.55
01:58:04,2.55
01:58:05,2.55
01:58:06,2.55
01:58:07,2.55
01:58:08,2.55
01:58:09,2.55
01:58:10,2.55
01:58:11,2.55
01:58:12,2.55
01:58:13,2.55
01:58:14,2.55
01:58:15,2.55
01:58:16,2.55
01:58:17,2.55
01:58:18,2.55
01:58:19,2.55
01:58:20,2.55
01:58:21,2.55
01:58:22,2.55
01:58:23,2.55
01:58:24,2.55
01:58:25,2.55
01:58:26,2.55
01:58:27,2.55
01:58:28,2.55
01:58:29,2.55
01:58:30,2.55
01:58:31,2.55
01:58:32,2.55
01:58:33,2.55
01:58:34,2.55
01:58:35,2.55
01:58:36,2.55
01:58:37,2.55
01:58:38,2.55
01:58:39,2.55
01:58:40,2.55
01:58:41,2.55
01:58:42,2.55
01:58:43,2.55
01:58:44,2.55
01:58:45,2.55
01:58:46,2.55
01:58:47,2.55
01:58:48,2.55
01:58:49,2.55
01:58:50,2.55
01:58:51,2.55
01:58:52,2.55
01:58:53,2.55
01:58:54,2.55
01:58:55,2.55
01:58:56,2.55
01:58:57,2.55
01:58:58,2.55
01:58:59,2.55
01:59:00,2.55
01:59:01,2.55
01:59:02,2.55
01:59:03,2.55
01:59:04,2.55
01:59:05,2.55
01:59:06,2.55
01:59:07,2.55
01:59:08,2.55
01:59:09,2.55
01:59:10,2.55
01:59:11,2.55
01:59:12,2.55
01:59:13,2.55
01:59:14,2.55
01:59:15,2.55
01:59:16,2.55
01:59:17,2.55
01:59:18,2.55
01:59:19,2.55
01:59:20,2.55
01:59:21,2.55
01:59:22,2.55
01:59:23,2.55
01:59:24,2.55
01:59:25,2.55
01:59:26,2.55
01:59:27,2.55
01:59:28,2.55
01:59:29,2.55
01:59:30,2.55
01:59:31,2.55
01:59:32,2.55
01:59:33,2.55
01:59:34,2.55
01:59:35,2.55
01:59:36,2.55
01:59:37,2.55
01:59:38,2.55
01:59:39,2.55
01:59:40,2.55
01:59:41,2.55
01:59:42,2.55
01:59:43,2.55
01:59:44,2.55
01:59:45,2.55
01:59:46,2.55
01:59:47,2.55
01:59:48,2.55
01:59:49,2.55
01:59:50,2.55
01:59:51,2.55
01:59:52,2.55
01:59:53,2.55
01:59:54,2.55
01:59:55,2.55
01:59:56,2.55
01:59:57,2.55
01:59:58,2.55
01:59:59,2.55
02:00:00,2.55
02:00:01,2.55
02:00:02,2.55
02:00:03,2.55
02:00:04,2.55
02:00:05,2.55
02:00:06,2.55
02:00:07,2.55
02:00:08,2.55
02:00:09,2.55
02:00:10,2.55
02:00:11,2.55
02:00:12,2.55
02:00:13,2.55
02:00:14,2.55
02:00:15,2.55
02:00:16,2.55
02:00:17,2.55
02:00:18,2.55
02:00:19,2.55
02:00:20,2.55
02:00:21,2.55
02:00:22,2.55
02:00:23,2.55
02:00:24,2.55
02:00:25,2.55
02:00:26,2.55
02:00:27,2.55
02:00:28,2.55
02:00:29,2.55
02:00:30,2.55
02:00:31,2.55
02:00:32,2.55
02:00:33,2.55
02:00:34,2.55
02:00:35,2.55
02:00:36,2.55
02:00:37,2.55
02:00:38,2.55
02:00:39,2.55
02:00:40,2.55
02:00:41,2.55
02:00:42,2.55
02:00:43,2.55
02:00:44,2.55
02:00:45,2.55
02:00:46,2.55
02:00:47,2.55
02:00:48,2.55
02:00:49,2.55
02:00:50,2.55
02:00:51,2.55
02:00:52,2.55
02:00:53,2.55
02:00:54,2.55
02:00:55,2.55
02:00:56,2.55
02:00:57,2.55
02:00:58,2.55
02:00:59,2.55
02:01:00,2.55
02:01:01,2.55
02:01:02,2.55
02:01:03,2.55
02:01:04,2.55
02:01:05,2.55
02:01:06,2.55
02:01:07,2.55
02:01:08,2.55
02:01:09,2.55
02:01:10,2.55
02:01:11,2.55
02:01:12,2.55
02:01:13,2.55
02:01:14,2.55
02:01:15,2.55
02:01:16,2.55
02:01:17,2.55
02:01:18,2.55
02:01:19,2.55
02:01:20,2.55
02:01:21,2.55
02:01:22,2.55
02:01:23,2.55
02:01:24,2.55
02:01:25,2.55
02:01:26,2.55
02:01:27,2.55
02:01:28,2.55
02:01:29,2.55
02:01:30,2.55
02:01:31,2.55
02:01:32,2.55
02:01:33,2.55
02:01:34,2.55
02:01:35,2.55
02:01:36,2.55
02:01:37,2.55
02:01:38,2.55
02:01:39,2.55
02:01:40,2.55
02:01:41,2.55
02:01:42,2.55
02:01:43,2.55
02:01:44,2.55
02:01:45,2.55
02:01:46,2.55
02:01:47,2.55
02:01:48,2.55
02:01:49,2.55
02:01:50,2.55
02:01:51,2.55
02:01:52,2.55
02:01:53,2.55
02:01:54,2.55
02:01:55,2.55
02:01:56,2.55
02:01:57,2.55
02:01:58,2.55
02:01:59,2.55
02:02:00,2.55
02:02:01,2.55
02:02:02,2.55
02:02:03,2.55
02:02:04,2.55
02:02:05,2.55
02:02:06,2.55
02:02:07,2.55
02:02:08,2.55
02:02:09,2.55
02:02:10,2.55
02:02:11,2.55
02:02:12,2.55
02:02:13,2.55
02:02:14,2.55
02:02:15,2.55
02:02:16,2.55
02:02:17,2.55
02:02:18,2.55
02:02:19,2.55
02:02:20,2.55
02:02:21,2.55
02:02:22,2.55
02:02:23,2.55
02:02:24,2.55
02:02:25,2.55
02:02:26,2.55
02:02:27,2.55
02:02:28,2.55
02:02:29,2.55
02:02:30,2.55
02:02:31,2.55
02:02:32,2.55
02:02:33,2.55
02:02:34,2.55
02:02:35,2.55
02:02:36,2.55
02:02:37,2.55
02:02:38,2.55
02:02:39,2.55
02:02:40,2.55
02:02:41,2.55
02:02:42,2.55
02:02:43,2.55
02:02:44,2.55
02:02:45,2.55
02:02:46,2.55
02:02:47,2.55
02:02:48,2.55
02:02:49,2.55
02:02:50,2.55
02:02:51,2.55
02:02:52,2.55
02:02:53,2.55
02:02:54,2.55
02:02:55,2.55
02:02:56,2.55
02:02:57,2.55
02:02:58,2.55
02:02:59,2.55
02:03:00,2.55
02:03:01,2.55
02:03:02,2.55
02:03:03,2.55
02:03:04,2.55
02:03:05,2.55
02:03:06,2.55
02:03:07,2.55
02:03:08,2.55
02:03:09,2.55
02:03:10,2.55
02:03:11,2.55
02:03:12,2.55
02:03:13,2.55
02:03:14,2.55
02:03:15,2.55
02:03:16,2.55
02:03:17,2.55
02:03:18,2.55
02:03:19,2.55
02:03:20,2.55
02:03:21,2.55
02:03:22,2.55
02:03:23,2.55
02:03:24,2.55
02:03:25,2.55
02:03:26,2.55
02:03:27,2.55
02:03:28,2.55
02:03:29,2.55
02:03:30,2.55
02:03:31,2.55
02:03:32,2.55
02:03:33,2.55
02:03:34,2.55
02:03:35,2.55
02:03:36,2.55
02:03:37,2.55
02:03:38,2.55
02:03:39,2.55
02:03:40,2.55
02:03:41,2.55
02:03:42,2.55
02:03:43,2.55
02:03:44,2.55
02:03:45,2.55
02:03:46,2.55
02:03:47,2.55
02:03:48,2.55
02:03:49,2.55
02:03:50,2.55
02:03:51,2.55
02:03:52,2.55
02:03:53,2.55
02:03:54,2.55
02:03:55,2.55
02:03:56,2.55
02:03:57,2.55
02:03:58,2.55
02:03:59,2.55
02:04:00,2.55
02:04:01,2.55
02:04:02,2.55
02:04:03,2.55
02:04:04,2.55
02:04:05,2.55
02:04:06,2.55
02:04:07,2.55
02:04:08,2.55
02:04:09,2.55
02:04:10,2.55
02:04:11,2.55
02:04:12,2.55
02:04:13,2.55
02:04:14,2.55
02:04:15,2.55
02:04:16,2.55
02:04:17,2.55
02:04:18,2.55
02:04:19,2.55
02:04:20,2.55
02:04:21,2.55
02:04:22,2.55
02:04:23,2.55
02:04:24,2.55
02:04:25,2.55
02:04:26,2.55
02:04:27,2.55
02:04:28,2.55
02:04:29,2.55
02:04:30,2.55
02:04:31,2.55
02:04:32,2.55
02:04:33,2.55
02:04:34,2.55
02:04:35,2.55
02:04:36,2.55
02:04:37,2.55
02:04:38,2.55
02:04:39,2.55
02:04:40,2.55
02:04:41,2.55
02:04:42,2.55
02:04:43,2.55
02:04:44,2.55
02:04:45,2.55
02:04:46,2.55
02:04:47,2.55
02:04:48,2.55
02:04:49,2.55
02:04:50,2.55
02:04:51,2.55
02:04:52,2.55
02:04:53,2.55
02:04:54,2.55
02:04:55,2.55
02:04:56,2.55
02:04:57,2.55
02:04:58,2.55
02:04:59,2.55
02:05:00,2.55
02:05:01,2.55
02:05:02,2.55
02:05:03,2.55
02:05:04,2.55
02:05:05,2.55
02:05:06,2.55
02:05:07,2.55
02:05:08,2.55
02:05:09,2.55
02:05:10,2.55
02:05:11,2.55
02:05:12,2.55
02:05:13,2.55
02:05:14,2.55
02:05:15,2.55
02:05:16,2.55
02:05:17,2.55
02:05:18,2.55
02:05:19,2.55
02:05:20,2.55
02:05:21,2.55
02:05:22,2.55
02:05:23,2.55
02:05:24,2.55
02:05:25,2.55
02:05:26,2.55
02:05:27,2.55
02:05:28,2.55
02:05:29,2.55
02:05:30,2.55
02:05:31,2.55
02:05:32,2.55
02:05:33,2.55
02:05:34,2.55
02:05:35,2.55
02:05:36,2.55
02:05:37,2.55
02:05:38,2.55
02:05:39,2.55
02:05:40,2.55
02:05:41,2.55
02:05:42,2.55
02:05:43,2.55
02:05:44,2.55
02:05:45,2.55
02:05:46,2.55
02:05:47,2.55
02:05:48,2.55
02:05:49,2.55
02:05:50,2.55
02:05:51,2.55
02:05:52,2.55
02:05:53,2.55
02:05:54,2.55
02:05:55,2.55
02:05:56,2.55
02:05:57,2.55
02:05:58,2.55
02:05:59,2.55
02:06:00,2.55
02:06:01,2.55
02:06:02,2.55
02:06:03,2.55
02:06:04,2.55
02:06:05,2.55
02:06:06,2.55
02:06:07,2.55
02:06:08,2.55
02:06:09,2.55
02:06:10,2.55
02:06:11,2.55
02:06:12,2.55
02:06:13,2.55
02:06:14,2.55
02:06:15,2.55
02:06:16,2.55
02:06:17,2.55
02:06:18,2.55
02:06:19,2.55
02:06:20,2.55
02:06:21,2.55
02:06:22,2.55
02:06:23,2.55
02:06:24,2.55
02:06:25,2.55
02:06:26,2.55
02:06:27,2.55
02:06:28,2.55
02:06:29,2.55
02:06:30,2.55
02:06:31,2.55
02:06:32,2.55
02:06:33,2.55
02:06:34,2.55
02:06:35,2.55
02:06:36,2.55
02:06:37,2.55
02:06:38,2.55
02:06:39,2.55
02:06:40,2.55
02:06:41,2.55
02:06:42,2.55
02:06:43,2.55
02:06:44,2.55
02:06:45,2.55
02:06:46,2.55
02:06:47,2.55
02:06:48,2.55
02:06:49,2.55
02:06:50,2.55
02:06:51,2.55
02:06:52,2.55
02:06:53,2.55
02:06:54,2.55
02:06:55,2.55
02:06:56,2.55
02:06:57,2.55
02:06:58,2.55
02:06:59,2.55
02:07:00,2.55
02:07:01,2.55
02:07:02,2.55
02:07:03,2.55
02:07:04,2.55
02:07:05,2.55
02:07:06,2.55
02:07:07,2.55
02:07:08,2.55
02:07:09,2.55
02:07:10,2.55
02:07:11,2.55
02:07:12,2.55
02:07:13,2.55
02:07:14,2.55
02:07:15,2.55
02:07:16,2.55
02:07:17,2.55
02:07:18,2.55
02:07:19,2.55
02:07:20,2.55
02:07:21,2.55
02:07:22,2.55
02:07:23,2.55
02:07:24,2.55
02:07:25,2.55
02:07:26,2.55
02:07:27,2.55
02:07:28,2.55
02:07:29,2.55
02:07:30,2.55
02:07:31,2.55
02:07:32,2.55
02:07:33,2.55
02:07:34,2.55
02:07:35,2.55
02:07:36,2.55
02:07:37,2.55
02:07:38,2.55
02:07:39,2.55
02:07:40,2.55
02:07:41,2.55
02:07:42,2.55
02:07:43,2.55
02:07:44,2.55
02:07:45,2.55
02:07:46,2.55
02:07:47,2.55
02:07:48,2.55
02:07:49,2.55
02:07:50,2.55
02:07:51,2.55
02:07:52,2.55
02:07:53,2.55
02:07:54,2.55
02:07:55,2.55
02:07:56,2.55
02:07:57,2.55
02:07:58,2.55
02:07:59,2.55
02:08:00,2.55
02:08:01,2.55
02:08:02,2.55
02:08:03,2.55
02:08:04,2.55
02:08:05,2.55
02:08:06,2.55
02:08:07,2.55
02:08:08,2.55
02:08:09,2.55
02:08:10,2.55
02:08:11,2.55
02:08:12,2.55
02:08:13,2.55
02:08:14,2.55
02:08:15,2.55
02:08:16,2.55
02:08:17,2.55
02:08:18,2.55
02:08:19,2.55
02:08:20,2.55
02:08:21,2.55
02:08:22,2.55
02:08:23,2.55
02:08:24,2.55
02:08:25,2.55
02:08:26,2.55
02:08:27,2.55
02:08:28,2.55
02:08:29,2.55
02:08:30,2.55
02:08:31,2.55
02:08:32,2.55
02:08:33,2.55
02:08:34,2.55
02:08:35,2.55
02:08:36,2.55
02:08:37,2.55
02:08:38,2.55
02:08:39,2.55
02:08:40,2.55
02:08:41,2.55
02:08:42,2.55
02:08:43,2.55
02:08:44,2.55
02:08:45,2.55
02:08:46,2.55
02:08:47,2.55
02:08:48,2.55
02:08:49,2.55
02:08:50,2.55
02:08:51,2.55
02:08:52,2.55
02:08:53,2.55
02:08:54,2.55
02:08:55,2.55
02:08:56,2.55
02:08:57,2.55
02:08:58,2.55
02:08:59,2.55
02:09:00,2.55
02:09:01,2.55
02:09:02,2.55
02:09:03,2.55
02:09:04,2.55
02:09:05,2.55
02:09:06,2.55
02:09:07,2.55
02:09:08,2.55
02:09:09,2.55
02:09:10,2.55
02:09:11,2.55
02:09:12,2.55
02:09:13,2.55
02:09:14,2.55
02:09:15,2.55
02:09:16,2.55
02:09:17,2.55
02:09:18,2.55
02:09:19,2.55
02:09:20,2.55
02:09:21,2.55
02:09:22,2.55
02:09:23,2.55
02:09:24,2.55
02:09:25,2.55
02:09:26,2.55
02:09:27,2.55
02:09:28,2.55
02:09:29,2.55
02:09:30,2.55
02:09:31,2.55
02:09:32,2.55
02:09:33,2.55
02:09:34,2.55
02:09:35,2.55
02:09:36,2.55
02:09:37,2.55
02:09:38,2.55
02:09:39,2.55
02:09:40,2.55
02:09:41,2.55
02:09:42,2.55
02:09:43,2.55
02:09:44,2.55
02:09:45,2.55
02:09:46,2.55
02:09:47,2.55
02:09:48,2.55
02:09:49,2.55
02:09:50,2.55
02:09:51,2.55
02:09:52,2.55
02:09:53,2.55
02:09:54,2.55
02:09:55,2.55
02:09:56,2.55
02:09:57,2.55
02:09:58,2.55
02:09:59,2.55
02:10:00,2.55
02:10:01,2.55
02:10:02,2.55
02:10:03,2.55
02:10:04,2.55
02:10:05,2.55
02:10:06,2.55
02:10:07,2.55
02:10:08,2.55
02:10:09,2.55
02:10:10,2.55
02:10:11,2.55
02:10:12,2.55
02:10:13,2.55
02:10:14,2.55
02:10:15,2.55
02:10:16,2.55
02:10:17,2.55
02:10:18,2.55
02:10:19,2.55
02:10:20,2.55
02:10:21,2.55
02:10:22,2.55
02:10:23,2.55
02:10:24,2.55
02:10:25,2.55
02:10:26,2.55
02:10:27,2.55
02:10:28,2.55
02:10:29,2.55
02:10:30,2.55
02:10:31,2.55
02:10:32,2.55
02:10:33,2.55
02:10:34,2.55
02:10:35,2.55
02:10:36,2.55
02:10:37,2.55
02:10:38,2.55
02:10:39,2.55
02:10:40,2.55
02:10:41,2.55
02:10:42,2.55
02:10:43,2.55
02:10:44,2.55
02:10:45,2.55
02:10:46,2.55
02:10:47,2.55
02:10:48,2.55
02:10:49,2.55
02:10:50,2.55
02:10:51,2.55
02:10:52,2.55
02:10:53,2.55
02:10:54,2.55
02:10:55,2.55
02:10:56,2.55
02:10:57,2.55
02:10:58,2.55
02:10:59,2.55
02:11:00,2.55
02:11:01,2.55
02:11:02,2.55
02:11:03,2.55
02:11:04,2.55
02:11:05,2.55
02:11:06,2.55
02:11:07,2.55
02:11:08,2.55
02:11:09,2.55
02:11:10,2.55
02:11:11,2.55
02:11:12,2.55
02:11:13,2.55
02:11:14,2.55
02:11:15,2.55
02:11:16,2.55
02:11:17,2.55
02:11:18,2.55
02:11:19,2.55
02:11:20,2.55
02:11:21,2.55
02:11:22,2.55
02:11:23,2.55
02:11:24,2.55
02:11:25,2.55
02:11:26,2.55
02:11:27,2.55
02:11:28,2.55
02:11:29,2.55
02:11:30,2.55
02:11:31,2.55
02:11:32,2.55
02:11:33,2.55
02:11:34,2.55
02:11:35,2.55
02:11:36,2.55
02:11:37,2.55
02:11:38,2.55
02:11:39,2.55
02:11:40,2.55
02:11:41,2.55
02:11:42,2.55
02:11:43,2.55
02:11:44,2.55
02:11:45,2.55
02:11:46,2.55
02:11:47,2.55
02:11:48,2.55
02:11:49,2.55
02:11:50,2.55
02:11:51,2.55
02:11:52,2.55
02:11:53,2.55
02:11:54,2.55
02:11:55,2.55
02:11:56,2.55
02:11:57,2.55
02:11:58,2.55
02:11:59,2.55
02:12:00,2.55
02:12:01,2.55
02:12:02,2.55
02:12:03,2.55
02:12:04,2.55
02:12:05,2.55
02:12:06,2.55
02:12:07,2.55
02:12:08,2.55
02:12:09,2.55
02:12:10,2.55
02:12:11,2.55
02:12:12,2.55
02:12:13,2.55
02:12:14,2.55
02:12:15,2.55
02:12:16,2.55
02:12:17,2.55
02:12:18,2.55
02:12:19,2.55
02:12:20,2.55
02:12:21,2.55
02:12:22,2.55
02:12:23,2.55
02:12:24,2.55
02:12:25,2.55
02:12:26,2.55
02:12:27,2.55
02:12:28,2.55
02:12:29,2.55
02:12:30,2.55
02:12:31,2.55
02:12:32,2.55
02:12:33,2.55
02:12:34,2.55
02:12:35,2.55
02:12:36,2.55
02:12:37,2.55
02:12:38,2.55
02:12:39,2.55
02:12:40,2.55
02:12:41,2.55
02:12:42,2.55
02:12:43,2.55
02:12:44,2.55
02:12:45,2.55
02:12:46,2.55
02:12:47,2.55
02:12:48,2.55
02:12:49,2.55
02:12:50,2.55
02:12:51,2.55
02:12:52,2.55
02:12:53,2.55
02:12:54,2.55
02:12:55,2.55
02:12:56,2.55
02:12:57,2.55
02:12:58,2.55
02:12:59,2.55
02:13:00,2.55
02:13:01,2.55
02:13:02,2.55
02:13:03,2.55
02:13:04,2.55
02:13:05,2.55
02:13:06,2.55
02:13:07,2.55
02:13:08,2.55
02:13:09,2.55
02:13:10,2.55
02:13:11,2.55
02:13:12,2.55
02:13:13,2.55
02:13:14,2.55
02:13:15,2.55
02:13:16,2.55
02:13:17,2.55
02:13:18,2.55
02:13:19,2.55
02:13:20,2.55
02:13:21,2.55
02:13:22,2.55
02:13:23,2.55
02:13:24,2.55
02:13:25,2.55
02:13:26,2.55
02:13:27,2.55
02:13:28,2.55
02:13:29,2.55
02:13:30,2.55
02:13:31,2.55
02:13:32,2.55
02:13:33,2.55
02:13:34,2.55
02:13:35,2.55
02:13:36,2.55
02:13:37,2.55
02:13:38,2.55
02:13:39,2.55
02:13:40,2.55
02:13:41,2.55
02:13:42,2.55
02:13:43,2.55
02:13:44,2.55
02:13:45,2.55
02:13:46,2.55
02:13:47,2.55
02:13:48,2.55
02:13:49,2.55
02:13:50,2.55
02:13:51,2.55
02:13:52,2.55
02:13:53,2.55
02:13:54,2.55
02:13:55,2.55
02:13:56,2.55
02:13:57,2.55
02:13:58,2.55
02:13:59,2.55
02:14:00,2.55
02:14:01,2.55
02:14:02,2.55
02:14:03,2.55
02:14:04,2.55
02:14:05,2.55
02:14:06,2.55
02:14:07,2.55
02:14:08,2.55
02:14:09,2.55
02:14:10,2.55
02:14:11,2.55
02:14:12,2.55
02:14:13,2.55
02:14:14,2.55
02:14:15,2.55
02:14:16,2.55
02:14:17,2.55
02:14:18,2.55
02:14:19,2.55
02:14:20,2.55
02:14:21,2.55
02:14:22,2.55
02:14:23,2.55
02:14:24,2.55
02:14:25,2.55
02:14:26,2.55
02:14:27,2.55
02:14:28,2.55
02:14:29,2.55
02:14:30,2.55
02:14:31,2.55
02:14:32,2.55
02:14:33,2.55
02:14:34,2.55
02:14:35,2.55
02:14:36,2.55
02:14:37,2.55
02:14:38,2.55
02:14:39,2.55
02:14:40,2.55
02:14:41,2.55
02:14:42,2.55
02:14:43,2.55
02:14:44,2.55
02:14:45,2.55
02:14:46,2.55
02:14:47,2.55
02:14:48,2.55
02:14:49,2.55
02:14:50,2.55
02:14:51,2.55
02:14:52,2.55
02:14:53,2.55
02:14:54,2.55
02:14:55,2.55
02:14:56,2.55
02:14:57,2.55
02:14:58,2.55
02:14:59,2.55
02:15:00,2.55
02:15:01,2.55
02:15:02,2.55
02:15:03,2.55
02:15:04,2.55
02:15:05,2.55
02:15:06,2.55
02:15:07,2.55
02:15:08,2.55
02:15:09,2.55
02:15:10,2.55
02:15:11,2.55
02:15:12,2.55
02:15:13,2.55
02:15:14,2.55
02:15:15,2.55
02:15:16,2.55
02:15:17,2.55
02:15:18,2.55
02:15:19,2.55
02:15:20,2.55
02:15:21,2.55
02:15:22,2.55
02:15:23,2.55
02:15:24,2.55
02:15:25,2.55
02:15:26,2.55
02:15:27,2.55
02:15:28,2.55
02:15:29,2.55
02:15:30,2.55
02:15:31,2.55
02:15:32,2.55
02:15:33,2.55
02:15:34,2.55
02:15:35,2.55
02:15:36,2.55
02:15:37,2.55
02:15:38,2.55
02:15:39,2.55
02:15:40,2.55
02:15:41,2.55
02:15:42,2.55
02:15:43,2.55
02:15:44,2.55
02:15:45,2.55
02:15:46,2.55
02:15:47,2.55
02:15:48,2.55
02:15:49,2.55
02:15:50,2.55
02:15:51,2.55
02:15:52,2.55
02:15:53,2.55
02:15:54,2.55
02:15:55,2.55
02:15:56,2.55
02:15:57,2.55
02:15:58,2.55
02:15:59,2.55
02:16:00,2.55
02:16:01,2.55
02:16:02,2.55
02:16:03,2.55
02:16:04,2.55
02:16:05,2.55
02:16:06,2.55
02:16:07,2.55
02:16:08,2.55
02:16:09,2.55
02:16:10,2.55
02:16:11,2.55
02:16:12,2.55
02:16:13,2.55
02:16:14,2.55
02:16:15,2.55
02:16:16,2.55
02:16:17,2.55
02:16:18,2.55
02:16:19,2.55
02:16:20,2.55
02:16:21,2.55
02:16:22,2.55
02:16:23,2.55
02:16:24,2.55
02:16:25,2.55
02:16:26,2.55
02:16:27,2.55
02:16:28,2.55
02:16:29,2.55
02:16:30,2.55
02:16:31,2.55
02:16:32,2.55
02:16:33,2.55
02:16:34,2.55
02:16:35,2.55
02:16:36,2.55
02:16:37,2.55
02:16:38,2.55
02:16:39,2.55
02:16:40,2.55
02:16:41,2.55
02:16:42,2.55
02:16:43,2.55
02:16:44,2.55
02:16:45,2.55
02:16:46,2.55
02:16:47,2.55
02:16:48,2.55
02:16:49,2.55
02:16:50,2.55
02:16:51,2.55
02:16:52,2.55
02:16:53,2.55
02:16:54,2.55
02:16:55,2.55
02:16:56,2.55
02:16:57,2.55
02:16:58,2.55
02:16:59,2.55
02:17:00,2.55
02:17:01,2.55
02:17:02,2.55
02:17:03,2.55
02:17:04,2.55
02:17:05,2.55
02:17:06,2.55
02:17:07,2.55
02:17:08,2.55
02:17:09,2.55
02:17:10,2.55
02:17:11,2.55
02:17:12,2.55
02:17:13,2.55
02:17:14,2.55
02:17:15,2.55
02:17:16,2.55
02:17:17,2.55
02:17:18,2.55
02:17:19,2.55
02:17:20,2.55
02:17:21,2.55
02:17:22,2.55
02:17:23,2.55
02:17:24,2.55
02:17:25,2.55
02:17:26,2.55
02:17:27,2.55
02:17:28,2.55
02:17:29,2.55
02:17:30,2.55
02:17:31,2.55
02:17:32,2.55
02:17:33,2.55
02:17:34,2.55
02:17:35,2.55
02:17:36,2.55
02:17:37,2.55
02:17:38,2.55
02:17:39,2.55
02:17:40,2.55
02:17:41,2.55
02:17:42,2.55
02:17:43,2.55
02:17:44,2.55
02:17:45,2.55
02:17:46,2.55
02:17:47,2.55
02:17:48,2.55
02:17:49,2.55
02:17:50,2.55
02:17:51,2.55
02:17:52,2.55
02:17:53,2.55
02:17:54,2.55
02:17:55,2.55
02:17:56,2.55
02:17:57,2.55
02:17:58,2.55
02:17:59,2.55
02:18:00,2.55
02:18:01,2.55
02:18:02,2.55
02:18:03,2.55
02:18:04,2.55
02:18:05,2.55
02:18:06,2.55
02:18:07,2.55
02:18:08,2.55
02:18:09,2.55
02:18:10,2.55
02:18:11,2.55
02:18:12,2.55
02:18:13,2.55
02:18:14,2.55
02:18:15,2.55
02:18:16,2.55
02:18:17,2.55
02:18:18,2.55
02:18:19,2.55
02:18:20,2.55
02:18:21,2.55
02:18:22,2.55
02:18:23,2.55
02:18:24,2.55
02:18:25,2.55
02:18:26,2.55
02:18:27,2.55
02:18:28,2.55
02:18:29,2.55
02:18:30,2.55
02:18:31,2.55
02:18:32,2.55
02:18:33,2.55
02:18:34,2.55
02:18:35,2.55
02:18:36,2.55
02:18:37,2.55
02:18:38,2.55
02:18:39,2.55
02:18:40,2.55
02:18:41,2.55
02:18:42,2.55
02:18:43,2.55
02:18:44,2.55
02:18:45,2.55
02:18:46,2.55
02:18:47,2.55
02:18:48,2.55
02:18:49,2.55
02:18:50,2.55
02:18:51,2.55
02:18:52,2.55
02:18:53,2.55
02:18:54,2.55
02:18:55,2.55
02:18:56,2.55
02:18:57,2.55
02:18:58,2.55
02:18:59,2.55
02:19:00,2.55
02:19:01,2.55
02:19:02,2.55
02:19:03,2.55
02:19:04,2.55
02:19:05,2.55
02:19:06,2.55
02:19:07,2.55
02:19:08,2.55
02:19:09,2.55
02:19:10,2.55
02:19:11,2.55
02:19:12,2.55
02:19:13,2.55
02:19:14,2.55
02:19:15,2.55
02:19:16,2.55
02:19:17,2.55
02:19:18,2.55
02:19:19,2.55
02:19:20,2.55
02:19:21,2.55
02:19:22,2.55
02:19:23,2.55
02:19:24,2.55
02:19:25,2.55
02:19:26,2.55
02:19:27,2.55
02:19:28,2.55
02:19:29,2.55
02:19:30,2.55
02:19:31,2.55
02:19:32,2.55
02:19:33,2.55
02:19:34,2.55
02:19:35,2.55
02:19:36,2.55
02:19:37,2.55
02:19:38,2.55
02:19:39,2.55
02:19:40,2.55
02:19:41,2.55
02:19:42,2.55
02:19:43,2.55
02:19:44,2.55
02:19:45,2.55
02:19:46,2.55
02:19:47,2.55
02:19:48,2.55
02:19:49,2.55
02:19:50,2.55
02:19:51,2.55
02:19:52,2.55
02:19:53,2.55
02:19:54,2.55
02:19:55,2.55
02:19:56,2.55
02:19:57,2.55
02:19:58,2.55
02:19:59,2.55
02:20:00,2.55
02:20:01,2.55
02:20:02,2.55
02:20:03,2.55
02:20:04,2.55
02:20:05,2.55
02:20:06,2.55
02:20:07,2.55
02:20:08,2.55
02:20:09,2.55
02:20:10,2.55
02:20:11,2.55
02:20:12,2.55
02:20:13,2.55
02:20:14,2.55
02:20:15,2.55
02:20:16,2.55
02:20:17,2.55
02:20:18,2.55
02:20:19,2.55
02:20:20,2.55
02:20:21,2.55
02:20:22,2.55
02:20:23,2.55
02:20:24,2.55
02:20:25,2.55
02:20:26,2.55
02:20:27,2.55
02:20:28,2.55
02:20:29,2.55
02:20:30,2.55
02:20:31,2.55
02:20:32,2.55
02:20:33,2.55
02:20:34,2.55
02:20:35,2.55
02:20:36,2.55
02:20:37,2.55
02:20:38,2.55
02:20:39,2.55
02:20:40,2.55
02:20:41,2.55
02:20:42,2.55
02:20:43,2.55
02:20:44,2.55
02:20:45,2.55
02:20:46,2.55
02:20:47,2.55
02:20:48,2.55
02:20:49,2.55
02:20:50,2.55
02:20:51,2.55
02:20:52,2.55
02:20:53,2.55
02:20:54,2.55
02:20:55,2.55
02:20:56,2.55
02:20:57,2.55
02:20:58,2.55
02:20:59,2.55
02:21:00,2.55
02:21:01,2.55
02:21:02,2.55
02:21:03,2.55
02:21:04,2.55
02:21:05,2.55
02:21:06,2.55
02:21:07,2.55
02:21:08,2.55
02:21:09,2.55
02:21:10,2.55
02:21:11,2.55
02:21:12,2.55
02:21:13,2.55
02:21:14,2.55
02:21:15,2.55
02:21:16,2.55
02:21:17,2.55
02:21:18,2.55
02:21:19,2.55
02:21:20,2.55
02:21:21,2.55
02:21:22,2.55
02:21:23,2.55
02:21:24,2.55
02:21:25,2.55
02:21:26,2.55
02:21:27,2.55
02:21:28,2.55
02:21:29,2.55
02:21:30,2.55
02:21:31,2.55
02:21:32,2.55
02:21:33,2.55
02:21:34,2.55
02:21:35,2.55
02:21:36,2.55
02:21:37,2.55
02:21:38,2.55
02:21:39,2.55
02:21:40,2.55
02:21:41,2.55
02:21:42,2.55
02:21:43,2.55
02:21:44,2.55
02:21:45,2.55
02:21:46,2.55
02:21:47,2.55
02:21:48,2.55
02:21:49,2.55
02:21:50,2.55
02:21:51,2.55
02:21:52,2.55
02:21:53,2.55
02:21:54,2.55
02:21:55,2.55
02:21:56,2.55
02:21:57,2.55
02:21:58,2.55
02:21:59,2.55
02:22:00,2.55
02:22:01,2.55
02:22:02,2.55
02:22:03,2.55
02:22:04,2.55
02:22:05,2.55
02:22:06,2.55
02:22:07,2.55
02:22:08,2.55
02:22:09,2.55
02:22:10,2.55
02:22:11,2.55
02:22:12,2.55
02:22:13,2.55
02:22:14,2.55
02:22:15,2.55
02:22:16,2.55
02:22:17,2.55
02:22:18,2.55
02:22:19,2.55
02:22:20,2.55
02:22:21,2.55
02:22:22,2.55
02:22:23,2.55
02:22:24,2.55
02:22:25,2.55
02:22:26,2.55
02:22:27,2.55
02:22:28,2.55
02:22:29,2.55
02:22:30,2.55
02:22:31,2.55
02:22:32,2.55
02:22:33,2.55
02:22:34,2.55
02:22:35,2.55
02:22:36,2.55
02:22:37,2.55
02:22:38,2.55
02:22:39,2.55
02:22:40,2.55
02:22:41,2.55
02:22:42,2.55
02:22:43,2.55
02:22:44,2.55
02:22:45,2.55
02:22:46,2.55
02:22:47,2.55
02:22:48,2.55
02:22:49,2.55
02:22:50,2.55
02:22:51,2.55
02:22:52,2.55
02:22:53,2.55
02:22:54,2.55
02:22:55,2.55
02:22:56,2.55
02:22:57,2.55
02:22:58,2.55
02:22:59,2.55
02:23:00,2.55
02:23:01,2.55
02:23:02,2.55
02:23:03,2.55
02:23:04,2.55
02:23:05,2.55
02:23:06,2.55
02:23:07,2.55
02:23:08,2.55
02:23:09,2.55
02:23:10,2.55
02:23:11,2.55
02:23:12,2.55
02:23:13,2.55
02:23:14,2.55
02:23:15,2.55
02:23:16,2.55
02:23:17,2.55
02:23:18,2.55
02:23:19,2.55
02:23:20,2.55
02:23:21,2.55
02:23:22,2.55
02:23:23,2.55
02:23:24,2.55
02:23:25,2.55
02:23:26,2.55
02:23:27,2.55
02:23:28,2.55
02:23:29,2.55
02:23:30,2.55
02:23:31,2.55
02:23:32,2.55
02:23:33,2.55
02:23:34,2.55
02:23:35,2.55
02:23:36,2.55
02:23:37,2.55
02:23:38,2.55
02:23:39,2.55
02:23:40,2.55
02:23:41,2.55
02:23:42,2.55
02:23:43,2.55
02:23:44,2.55
02:23:45,2.55
02:23:46,2.55
02:23:47,2.55
02:23:48,2.55
02:23:49,2.55
02:23:50,2.55
02:23:51,2.55
02:23:52,2.55
02:23:53,2.55
02:23:54,2.55
02:23:55,2.55
02:23:56,2.55
02:23:57,2.55
02:23:58,2.55
02:23:59,2.55
02:24:00,2.55
02:24:01,2.55
02:24:02,2.55
02:24:03,2.55
02:24:04,2.55
02:24:05,2.55
02:24:06,2.55
02:24:07,2.55
02:24:08,2.55
02:24:09,2.55
02:24:10,2.55
02:24:11,2.55
02:24:12,2.55
02:24:13,2.55
02:24:14,2.55
02:24:15,2.55
02:24:16,2.55
02:24:17,2.55
02:24:18,2.55
02:24:19,2.55
02:24:20,2.55
02:24:21,2.55
02:24:22,2.55
02:24:23,2.55
02:24:24,2.55
02:24:25,2.55
02:24:26,2.55
02:24:27,2.55
02:24:28,2.55
02:24:29,2.55
02:24:30,2.55
02:24:31,2.55
02:24:32,2.55
02:24:33,2.55
02:24:34,2.55
02:24:35,2.55
02:24:36,2.55
02:24:37,2.55
02:24:38,2.55
02:24:39,2.55
02:24:40,2.55
02:24:41,2.55
02:24:42,2.55
02:24:43,2.55
02:24:44,2.55
02:24:45,2.55
02:24:46,2.55
02:24:47,2.55
02:24:48,2.55
02:24:49,2.55
02:24:50,2.55
02:24:51,2.55
02:24:52,2.55
02:24:53,2.55
02:24:54,2.55
02:24:55,2.55
02:24:56,2.55
02:24:57,2.55
02:24:58,2.55
02:24:59,2.55
02:25:00,2.55
02:25:01,2.55
02:25:02,2.55
02:25:03,2.55
02:25:04,2.55
02:25:05,2.55
02:25:06,2.55
02:25:07,2.55
02:25:08,2.55
02:25:09,2.55
02:25:10,2.55
02:25:11,2.55
02:25:12,2.55
02:25:13,2.55
02:25:14,2.55
02:25:15,2.55
02:25:16,2.55
02:25:17,2.55
02:25:18,2.55
02:25:19,2.55
02:25:20,2.55
02:25:21,2.55
02:25:22,2.55
02:25:23,2.55
02:25:24,2.55
02:25:25,2.55
02:25:26,2.55
02:25:27,2.55
02:25:28,2.55
02:25:29,2.55
02:25:30,2.55
02:25:31,2.55
02:25:32,2.55
02:25:33,2.55
02:25:34,2.55
02:25:35,2.55
02:25:36,2.55
02:25:37,2.55
02:25:38,2.55
02:25:39,2.55
02:25:40,2.55
02:25:41,2.55
02:25:42,2.55
02:25:43,2.55
02:25:44,2.55
02:25:45,2.55
02:25:46,2.55
02:25:47,2.55
02:25:48,2.55
02:25:49,2.55
02:25:50,2.55
02:25:51,2.55
02:25:52,2.55
02:25:53,2.55
02:25:54,2.55
02:25:55,2.55
02:25:56,2.55
02:25:57,2.55
02:25:58,2.55
02:25:59,2.55
02:26:00,2.55
02:26:01,2.55
02:26:02,2.55
02:26:03,2.55
02:26:04,2.55
02:26:05,2.55
02:26:06,2.55
02:26:07,2.55
02:26:08,2.55
02:26:09,2.55
02:26:10,2.55
02:26:11,2.55
02:26:12,2.55
02:26:13,2.55
02:26:14,2.55
02:26:15,2.55
02:26:16,2.55
02:26:17,2.55
02:26:18,2.55
02:26:19,2.55
02:26:20,2.55
02:26:21,2.55
02:26:22,2.55
02:26:23,2.55
02:26:24,2.55
02:26:25,2.55
02:26:26,2.55
02:26:27,2.55
02:26:28,2.55
02:26:29,2.55
02:26:30,2.55
02:26:31,2.55
02:26:32,2.55
02:26:33,2.55
02:26:34,2.55
02:26:35,2.55
02:26:36,2.55
02:26:37,2.55
02:26:38,2.55
02:26:39,2.55
02:26:40,2.55
02:26:41,2.55
02:26:42,2.55
02:26:43,2.55
02:26:44,2.55
02:26:45,2.55
02:26:46,2.55
02:26:47,2.55
02:26:48,2.55
02:26:49,2.55
02:26:50,2.55
02:26:51,2.55
02:26:52,2.55
02:26:53,2.55
02:26:54,2.55
02:26:55,2.55
02:26:56,2.55
02:26:57,2.55
02:26:58,2.55
02:26:59,2.55
02:27:00,2.55
02:27:01,2.55
02:27:02,2.55
02:27:03,2.55
02:27:04,2.55
02:27:05,2.55
02:27:06,2.55
02:27:07,2.55
02:27:08,2.55
02:27:09,2.55
02:27:10,2.55
02:27:11,2.55
02:27:12,2.55
02:27:13,2.55
02:27:14,2.55
02:27:15,2.55
02:27:16,2.55
02:27:17,2.55
02:27:18,2.55
02:27:19,2.55
02:27:20,2.55
02:27:21,2.55
02:27:22,2.55
02:27:23,2.55
02:27:24,2.55
02:27:25,2.55
02:27:26,2.55
02:27:27,2.55
02:27:28,2.55
02:27:29,2.55
02:27:30,2.55
02:27:31,2.55
02:27:32,2.55
02:27:33,2.55
02:27:34,2.55
02:27:35,2.55
02:27:36,2.55
02:27:37,2.55
02:27:38,2.55
02:27:39,2.55
02:27:40,2.55
02:27:41,2.55
02:27:42,2.55
02:27:43,2.55
02:27:44,2.55
02:27:45,2.55
02:27:46,2.55
02:27:47,2.55
02:27:48,2.55
02:27:49,2.55
02:27:50,2.55
02:27:51,2.55
02:27:52,2.55
02:27:53,2.55
02:27:54,2.55
02:27:55,2.55
02:27:56,2.55
02:27:57,2.55
02:27:58,2.55
02:27:59,2.55
02:28:00,2.55
02:28:01,2.55
02:28:02,2.55
02:28:03,2.55
02:28:04,2.55
02:28:05,2.55
02:28:06,2.55
02:28:07,2.55
02:28:08,2.55
02:28:09,2.55
02:28:10,2.55
02:28:11,2.55
02:28:12,2.55
02:28:13,2.55
02:28:14,2.55
02:28:15,2.55
02:28:16,2.55
02:28:17,2.55
02:28:18,2.55
02:28:19,2.55
02:28:20,2.55
02:28:21,2.55
02:28:22,2.55
02:28:23,2.55
02:28:24,2.55
02:28:25,2.55
02:28:26,2.55
02:28:27,2.55
02:28:28,2.55
02:28:29,2.55
02:28:30,2.55
02:28:31,2.55
02:28:32,2.55
02:28:33,2.55
02:28:34,2.55
02:28:35,2.55
02:28:36,2.55
02:28:37,2.55
02:28:38,2.55
02:28:39,2.55
02:28:40,2.55
02:28:41,2.55
02:28:42,2.55
02:28:43,2.55
02:28:44,2.55
02:28:45,2.55
02:28:46,2.55
02:28:47,2.55
02:28:48,2.55
02:28:49,2.55
02:28:50,2.55
02:28:51,2.55
02:28:52,2.55
02:28:53,2.55
02:28:54,2.55
02:28:55,2.55
02:28:56,2.55
02:28:57,2.55
02:28:58,2.55
02:28:59,2.55
02:29:00,4.00375
02:29:01,5.4575
02:29:02,6.91125
02:29:03,8.365
02:29:04,9.81875
02:29:05,11.2725
02:29:06,12.72625
02:29:07,14.18
02:29:08,15.63375
02:29:09,17.0875
02:29:10,18.54125
02:29:11,19.995
02:29:12,21.44875
02:29:13,22.9025
02:29:14,24.35625
02:29:15,25.81
02:29:16,28.9113333333
02:29:17,32.0126666667
02:29:18,35.114
02:29:19,38.2153333333
02:29:20,41.3166666667
02:29:21,44.418
02:29:22,47.5193333333
02:29:23,50.6206666667
02:29:24,53.722
02:29:25,56.8233333333
02:29:26,59.9246666667
02:29:27,63.026
02:29:28,66.1273333333
02:29:29,69.2286666667
02:29:30,72.33
02:29:31,72.33
02:29:32,72.33
02:29:33,72.33
02:29:34,72.33
02:29:35,72.33
02:29:36,72.33
02:29:37,72.33
02:29:38,72.33
02:29:39,72.33
02:29:40,72.33
02:29:41,72.33
02:29:42,72.33
02:29:43,72.33
02:29:44,72.33
02:29:45,72.33
02:29:46,71.978
02:29:47,71.626
02:29:48,71.274
02:29:49,70.922
02:29:50,70.57
02:29:51,70.218
02:29:52,69.866
02:29:53,69.514
02:29:54,69.162
02:29:55,68.81
02:29:56,68.458
02:29:57,68.106
02:29:58,67.754
02:29:59,67.402
02:30:00,67.05
02:30:01,64.15875
02:30:02,61.2675
02:30:03,58.37625
02:30:04,55.485
02:30:05,52.59375
02:30:06,49.7025
02:30:07,46.81125
02:30:08,43.92
02:30:09,41.02875
02:30:10,38.1375
02:30:11,35.24625
02:30:12,32.355
02:30:13,29.46375
02:30:14,26.5725
02:30:15,23.68125
02:30:16,20.79
02:30:17,19.5913333333
02:30:18,18.3926666667
02:30:19,17.194
02:30:20,15.9953333333
02:30:21,14.7966666667
02:30:22,13.598
02:30:23,12.3993333333
02:30:24,11.2006666667
02:30:25,10.002
02:30:26,8.80333333333
02:30:27,7.60466666667
02:30:28,6.406
02:30:29,5.20733333333
02:30:30,4.00866666667
02:30:31,2.81
02:30:32,2.81
02:30:33,2.81
02:30:34,2.81
02:30:35,2.81
02:30:36,2.81
02:30:37,2.81
02:30:38,2.81
02:30:39,2.81
02:30:40,2.81
02:30:41,2.81
02:30:42,2.81
02:30:43,2.81
02:30:44,2.81
02:30:45,2.81
02:30:46,2.81
02:30:47,2.81
02:30:48,2.81
02:30:49,2.81
02:30:50,2.81
02:30:51,2.81
02:30:52,2.81
02:30:53,2.81
02:30:54,2.81
02:30:55,2.81
02:30:56,2.81
02:30:57,2.81
02:30:58,2.81
02:30:59,2.81
02:31:00,2.81
02:31:01,2.81
02:31:02,2.81
02:31:03,2.81
02:31:04,2.81
02:31:05,2.81
02:31:06,2.81
02:31:07,2.81
02:31:08,2.81
02:31:09,2.81
02:31:10,2.81
02:31:11,2.81
02:31:12,2.81
02:31:13,2.81
02:31:14,2.81
02:31:15,2.81
02:31:16,2.81
02:31:17,2.81
02:31:18,2.81
02:31:19,2.81
02:31:20,2.81
02:31:21,2.81
02:31:22,2.81
02:31:23,2.81
02:31:24,2.81
02:31:25,2.81
02:31:26,2.81
02:31:27,2.81
02:31:28,2.81
02:31:29,2.81
02:31:30,2.81
02:31:31,2.81
02:31:32,2.81
02:31:33,2.81
02:31:34,2.81
02:31:35,2.81
02:31:36,2.81
02:31:37,2.81
02:31:38,2.81
02:31:39,2.81
02:31:40,2.81
02:31:41,2.81
02:31:42,2.81
02:31:43,2.81
02:31:44,2.81
02:31:45,2.81
02:31:46,2.81
02:31:47,2.81
02:31:48,2.81
02:31:49,2.81
02:31:50,2.81
02:31:51,2.81
02:31:52,2.81
02:31:53,2.81
02:31:54,2.81
02:31:55,2.81
02:31:56,2.81
02:31:57,2.81
02:31:58,2.81
02:31:59,2.81
02:32:00,2.81
02:32:01,2.81
02:32:02,2.81
02:32:03,2.81
02:32:04,2.81
02:32:05,2.81
02:32:06,2.81
02:32:07,2.81
02:32:08,2.81
02:32:09,2.81
02:32:10,2.81
02:32:11,2.81
02:32:12,2.81
02:32:13,2.81
02:32:14,2.81
02:32:15,2.81
02:32:16,2.81
02:32:17,2.81
02:32:18,2.81
02:32:19,2.81
02:32:20,2.81
02:32:21,2.81
02:32:22,2.81
02:32:23,2.81
02:32:24,2.81
02:32:25,2.81
02:32:26,2.81
02:32:27,2.81
02:32:28,2.81
02:32:29,2.81
02:32:30,2.81
02:32:31,2.81
02:32:32,2.81
02:32:33,2.81
02:32:34,2.81
02:32:35,2.81
02:32:36,2.81
02:32:37,2.81
02:32:38,2.81
02:32:39,2.81
02:32:40,2.81
02:32:41,2.81
02:32:42,2.81
02:32:43,2.81
02:32:44,2.81
02:32:45,2.81
02:32:46,2.81
02:32:47,2.81
02:32:48,2.81
02:32:49,2.81
02:32:50,2.81
02:32:51,2.81
02:32:52,2.81
02:32:53,2.81
02:32:54,2.81
02:32:55,2.81
02:32:56,2.81
02:32:57,2.81
02:32:58,2.81
02:32:59,2.81
02:33:00,2.81
02:33:01,2.81
02:33:02,2.81
02:33:03,2.81
02:33:04,2.81
02:33:05,2.81
02:33:06,2.81
02:33:07,2.81
02:33:08,2.81
02:33:09,2.81
02:33:10,2.81
02:33:11,2.81
02:33:12,2.81
02:33:13,2.81
02:33:14,2.81
02:33:15,2.81
02:33:16,2.81
02:33:17,2.81
02:33:18,2.81
02:33:19,2.81
02:33:20,2.81
02:33:21,2.81
02:33:22,2.81
02:33:23,2.81
02:33:24,2.81
02:33:25,2.81
02:33:26,2.81
02:33:27,2.81
02:33:28,2.81
02:33:29,2.81
02:33:30,2.81
02:33:31,2.81
02:33:32,2.81
02:33:33,2.81
02:33:34,2.81
02:33:35,2.81
02:33:36,2.81
02:33:37,2.81
02:33:38,2.81
02:33:39,2.81
02:33:40,2.81
02:33:41,2.81
02:33:42,2.81
02:33:43,2.81
02:33:44,2.81
02:33:45,2.81
02:33:46,2.81
02:33:47,2.81
02:33:48,2.81
02:33:49,2.81
02:33:50,2.81
02:33:51,2.81
02:33:52,2.81
02:33:53,2.81
02:33:54,2.81
02:33:55,2.81
02:33:56,2.81
02:33:57,2.81
02:33:58,2.81
02:33:59,2.81
02:34:00,2.81
02:34:01,2.81
02:34:02,2.81
02:34:03,2.81
02:34:04,2.81
02:34:05,2.81
02:34:06,2.81
02:34:07,2.81
02:34:08,2.81
02:34:09,2.81
02:34:10,2.81
02:34:11,2.81
02:34:12,2.81
02:34:13,2.81
02:34:14,2.81
02:34:15,2.81
02:34:16,2.81
02:34:17,2.81
02:34:18,2.81
02:34:19,2.81
02:34:20,2.81
02:34:21,2.81
02:34:22,2.81
02:34:23,2.81
02:34:24,2.81
02:34:25,2.81
02:34:26,2.81
02:34:27,2.81
02:34:28,2.81
02:34:29,2.81
02:34:30,2.81
02:34:31,2.81
02:34:32,2.81
02:34:33,2.81
02:34:34,2.81
02:34:35,2.81
02:34:36,2.81
02:34:37,2.81
02:34:38,2.81
02:34:39,2.81
02:34:40,2.81
02:34:41,2.81
02:34:42,2.81
02:34:43,2.81
02:34:44,2.81
02:34:45,2.81
02:34:46,2.81
02:34:47,2.81
02:34:48,2.81
02:34:49,2.81
02:34:50,2.81
02:34:51,2.81
02:34:52,2.81
02:34:53,2.81
02:34:54,2.81
02:34:55,2.81
02:34:56,2.81
02:34:57,2.81
02:34:58,2.81
02:34:59,2.81
02:35:00,2.81
02:35:01,2.81
02:35:02,2.81
02:35:03,2.81
02:35:04,2.81
02:35:05,2.81
02:35:06,2.81
02:35:07,2.81
02:35:08,2.81
02:35:09,2.81
02:35:10,2.81
02:35:11,2.81
02:35:12,2.81
02:35:13,2.81
02:35:14,2.81
02:35:15,2.81
02:35:16,2.81
02:35:17,2.81
02:35:18,2.81
02:35:19,2.81
02:35:20,2.81
02:35:21,2.81
02:35:22,2.81
02:35:23,2.81
02:35:24,2.81
02:35:25,2.81
02:35:26,2.81
02:35:27,2.81
02:35:28,2.81
02:35:29,2.81
02:35:30,2.81
02:35:31,2.81
02:35:32,2.81
02:35:33,2.81
02:35:34,2.81
02:35:35,2.81
02:35:36,2.81
02:35:37,2.81
02:35:38,2.81
02:35:39,2.81
02:35:40,2.81
02:35:41,2.81
02:35:42,2.81
02:35:43,2.81
02:35:44,2.81
02:35:45,2.81
02:35:46,2.81
02:35:47,2.81
02:35:48,2.81
02:35:49,2.81
02:35:50,2.81
02:35:51,2.81
02:35:52,2.81
02:35:53,2.81
02:35:54,2.81
02:35:55,2.81
02:35:56,2.81
02:35:57,2.81
02:35:58,2.81
02:35:59,2.81
02:36:00,2.81
02:36:01,2.81
02:36:02,2.81
02:36:03,2.81
02:36:04,2.81
02:36:05,2.81
02:36:06,2.81
02:36:07,2.81
02:36:08,2.81
02:36:09,2.81
02:36:10,2.81
02:36:11,2.81
02:36:12,2.81
02:36:13,2.81
02:36:14,2.81
02:36:15,2.81
02:36:16,2.81
02:36:17,2.81
02:36:18,2.81
02:36:19,2.81
02:36:20,2.81
02:36:21,2.81
02:36:22,2.81
02:36:23,2.81
02:36:24,2.81
02:36:25,2.81
02:36:26,2.81
02:36:27,2.81
02:36:28,2.81
02:36:29,2.81
02:36:30,2.81
02:36:31,2.81
02:36:32,2.81
02:36:33,2.81
02:36:34,2.81
02:36:35,2.81
02:36:36,2.81
02:36:37,2.81
02:36:38,2.81
02:36:39,2.81
02:36:40,2.81
02:36:41,2.81
02:36:42,2.81
02:36:43,2.81
02:36:44,2.81
02:36:45,2.81
02:36:46,2.81
02:36:47,2.81
02:36:48,2.81
02:36:49,2.81
02:36:50,2.81
02:36:51,2.81
02:36:52,2.81
02:36:53,2.81
02:36:54,2.81
02:36:55,2.81
02:36:56,2.81
02:36:57,2.81
02:36:58,2.81
02:36:59,2.81
02:37:00,2.81
02:37:01,2.81
02:37:02,2.81
02:37:03,2.81
02:37:04,2.81
02:37:05,2.81
02:37:06,2.81
02:37:07,2.81
02:37:08,2.81
02:37:09,2.81
02:37:10,2.81
02:37:11,2.81
02:37:12,2.81
02:37:13,2.81
02:37:14,2.81
02:37:15,2.81
02:37:16,2.81
02:37:17,2.81
02:37:18,2.81
02:37:19,2.81
02:37:20,2.81
02:37:21,2.81
02:37:22,2.81
02:37:23,2.81
02:37:24,2.81
02:37:25,2.81
02:37:26,2.81
02:37:27,2.81
02:37:28,2.81
02:37:29,2.81
02:37:30,2.81
02:37:31,2.81
02:37:32,2.81
02:37:33,2.81
02:37:34,2.81
02:37:35,2.81
02:37:36,2.81
02:37:37,2.81
02:37:38,2.81
02:37:39,2.81
02:37:40,2.81
02:37:41,2.81
02:37:42,2.81
02:37:43,2.81
02:37:44,2.81
02:37:45,2.81
02:37:46,2.81
02:37:47,2.81
02:37:48,2.81
02:37:49,2.81
02:37:50,2.81
02:37:51,2.81
02:37:52,2.81
02:37:53,2.81
02:37:54,2.81
02:37:55,2.81
02:37:56,2.81
02:37:57,2.81
02:37:58,2.81
02:37:59,2.81
02:38:00,2.81
02:38:01,2.81
02:38:02,2.81
02:38:03,2.81
02:38:04,2.81
02:38:05,2.81
02:38:06,2.81
02:38:07,2.81
02:38:08,2.81
02:38:09,2.81
02:38:10,2.81
02:38:11,2.81
02:38:12,2.81
02:38:13,2.81
02:38:14,2.81
02:38:15,2.81
02:38:16,2.81
02:38:17,2.81
02:38:18,2.81
02:38:19,2.81
02:38:20,2.81
02:38:21,2.81
02:38:22,2.81
02:38:23,2.81
02:38:24,2.81
02:38:25,2.81
02:38:26,2.81
02:38:27,2.81
02:38:28,2.81
02:38:29,2.81
02:38:30,2.81
02:38:31,2.81
02:38:32,2.81
02:38:33,2.81
02:38:34,2.81
02:38:35,2.81
02:38:36,2.81
02:38:37,2.81
02:38:38,2.81
02:38:39,2.81
02:38:40,2.81
02:38:41,2.81
02:38:42,2.81
02:38:43,2.81
02:38:44,2.81
02:38:45,2.81
02:38:46,2.81
02:38:47,2.81
02:38:48,2.81
02:38:49,2.81
02:38:50,2.81
02:38:51,2.81
02:38:52,2.81
02:38:53,2.81
02:38:54,2.81
02:38:55,2.81
02:38:56,2.81
02:38:57,2.81
02:38:58,2.81
02:38:59,2.81
02:39:00,2.81
02:39:01,2.81
02:39:02,2.81
02:39:03,2.81
02:39:04,2.81
02:39:05,2.81
02:39:06,2.81
02:39:07,2.81
02:39:08,2.81
02:39:09,2.81
02:39:10,2.81
02:39:11,2.81
02:39:12,2.81
02:39:13,2.81
02:39:14,2.81
02:39:15,2.81
02:39:16,2.81
02:39:17,2.81
02:39:18,2.81
02:39:19,2.81
02:39:20,2.81
02:39:21,2.81
02:39:22,2.81
02:39:23,2.81
02:39:24,2.81
02:39:25,2.81
02:39:26,2.81
02:39:27,2.81
02:39:28,2.81
02:39:29,2.81
02:39:30,2.81
02:39:31,2.81
02:39:32,2.81
02:39:33,2.81
02:39:34,2.81
02:39:35,2.81
02:39:36,2.81
02:39:37,2.81
02:39:38,2.81
02:39:39,2.81
02:39:40,2.81
02:39:41,2.81
02:39:42,2.81
02:39:43,2.81
02:39:44,2.81
02:39:45,2.81
02:39:46,2.81
02:39:47,2.81
02:39:48,2.81
02:39:49,2.81
02:39:50,2.81
02:39:51,2.81
02:39:52,2.81
02:39:53,2.81
02:39:54,2.81
02:39:55,2.81
02:39:56,2.81
02:39:57,2.81
02:39:58,2.81
02:39:59,2.81
02:40:00,2.81
02:40:01,2.81
02:40:02,2.81
02:40:03,2.81
02:40:04,2.81
02:40:05,2.81
02:40:06,2.81
02:40:07,2.81
02:40:08,2.81
02:40:09,2.81
02:40:10,2.81
02:40:11,2.81
02:40:12,2.81
02:40:13,2.81
02:40:14,2.81
02:40:15,2.81
02:40:16,2.81
02:40:17,2.81
02:40:18,2.81
02:40:19,2.81
02:40:20,2.81
02:40:21,2.81
02:40:22,2.81
02:40:23,2.81
02:40:24,2.81
02:40:25,2.81
02:40:26,2.81
02:40:27,2.81
02:40:28,2.81
02:40:29,2.81
02:40:30,2.81
02:40:31,2.81
02:40:32,2.81
02:40:33,2.81
02:40:34,2.81
02:40:35,2.81
02:40:36,2.81
02:40:37,2.81
02:40:38,2.81
02:40:39,2.81
02:40:40,2.81
02:40:41,2.81
02:40:42,2.81
02:40:43,2.81
02:40:44,2.81
02:40:45,2.81
02:40:46,2.81
02:40:47,2.81
02:40:48,2.81
02:40:49,2.81
02:40:50,2.81
02:40:51,2.81
02:40:52,2.81
02:40:53,2.81
02:40:54,2.81
02:40:55,2.81
02:40:56,2.81
02:40:57,2.81
02:40:58,2.81
02:40:59,2.81
02:41:00,2.81
02:41:01,2.81
02:41:02,2.81
02:41:03,2.81
02:41:04,2.81
02:41:05,2.81
02:41:06,2.81
02:41:07,2.81
02:41:08,2.81
02:41:09,2.81
02:41:10,2.81
02:41:11,2.81
02:41:12,2.81
02:41:13,2.81
02:41:14,2.81
02:41:15,2.81
02:41:16,2.81
02:41:17,2.81
02:41:18,2.81
02:41:19,2.81
02:41:20,2.81
02:41:21,2.81
02:41:22,2.81
02:41:23,2.81
02:41:24,2.81
02:41:25,2.81
02:41:26,2.81
02:41:27,2.81
02:41:28,2.81
02:41:29,2.81
02:41:30,2.81
02:41:31,2.81
02:41:32,2.81
02:41:33,2.81
02:41:34,2.81
02:41:35,2.81
02:41:36,2.81
02:41:37,2.81
02:41:38,2.81
02:41:39,2.81
02:41:40,2.81
02:41:41,2.81
02:41:42,2.81
02:41:43,2.81
02:41:44,2.81
02:41:45,2.81
02:41:46,2.81
02:41:47,2.81
02:41:48,2.81
02:41:49,2.81
02:41:50,2.81
02:41:51,2.81
02:41:52,2.81
02:41:53,2.81
02:41:54,2.81
02:41:55,2.81
02:41:56,2.81
02:41:57,2.81
02:41:58,2.81
02:41:59,2.81
02:42:00,2.81
02:42:01,2.81
02:42:02,2.81
02:42:03,2.81
02:42:04,2.81
02:42:05,2.81
02:42:06,2.81
02:42:07,2.81
02:42:08,2.81
02:42:09,2.81
02:42:10,2.81
02:42:11,2.81
02:42:12,2.81
02:42:13,2.81
02:42:14,2.81
02:42:15,2.81
02:42:16,2.81
02:42:17,2.81
02:42:18,2.81
02:42:19,2.81
02:42:20,2.81
02:42:21,2.81
02:42:22,2.81
02:42:23,2.81
02:42:24,2.81
02:42:25,2.81
02:42:26,2.81
02:42:27,2.81
02:42:28,2.81
02:42:29,2.81
02:42:30,2.81
02:42:31,2.81
02:42:32,2.81
02:42:33,2.81
02:42:34,2.81
02:42:35,2.81
02:42:36,2.81
02:42:37,2.81
02:42:38,2.81
02:42:39,2.81
02:42:40,2.81
02:42:41,2.81
02:42:42,2.81
02:42:43,2.81
02:42:44,2.81
02:42:45,2.81
02:42:46,2.81
02:42:47,2.81
02:42:48,2.81
02:42:49,2.81
02:42:50,2.81
02:42:51,2.81
02:42:52,2.81
02:42:53,2.81
02:42:54,2.81
02:42:55,2.81
02:42:56,2.81
02:42:57,2.81
02:42:58,2.81
02:42:59,2.81
02:43:00,2.81
02:43:01,2.81
02:43:02,2.81
02:43:03,2.81
02:43:04,2.81
02:43:05,2.81
02:43:06,2.81
02:43:07,2.81
02:43:08,2.81
02:43:09,2.81
02:43:10,2.81
02:43:11,2.81
02:43:12,2.81
02:43:13,2.81
02:43:14,2.81
02:43:15,2.81
02:43:16,2.81
02:43:17,2.81
02:43:18,2.81
02:43:19,2.81
02:43:20,2.81
02:43:21,2.81
02:43:22,2.81
02:43:23,2.81
02:43:24,2.81
02:43:25,2.81
02:43:26,2.81
02:43:27,2.81
02:43:28,2.81
02:43:29,2.81
02:43:30,2.81
02:43:31,2.81
02:43:32,2.81
02:43:33,2.81
02:43:34,2.81
02:43:35,2.81
02:43:36,2.81
02:43:37,2.81
02:43:38,2.81
02:43:39,2.81
02:43:40,2.81
02:43:41,2.81
02:43:42,2.81
02:43:43,2.81
02:43:44,2.81
02:43:45,2.81
02:43:46,2.81
02:43:47,2.81
02:43:48,2.81
02:43:49,2.81
02:43:50,2.81
02:43:51,2.81
02:43:52,2.81
02:43:53,2.81
02:43:54,2.81
02:43:55,2.81
02:43:56,2.81
02:43:57,2.81
02:43:58,2.81
02:43:59,2.81
02:44:00,2.81
02:44:01,2.81
02:44:02,2.81
02:44:03,2.81
02:44:04,2.81
02:44:05,2.81
02:44:06,2.81
02:44:07,2.81
02:44:08,2.81
02:44:09,2.81
02:44:10,2.81
02:44:11,2.81
02:44:12,2.81
02:44:13,2.81
02:44:14,2.81
02:44:15,2.81
02:44:16,2.81
02:44:17,2.81
02:44:18,2.81
02:44:19,2.81
02:44:20,2.81
02:44:21,2.81
02:44:22,2.81
02:44:23,2.81
02:44:24,2.81
02:44:25,2.81
02:44:26,2.81
02:44:27,2.81
02:44:28,2.81
02:44:29,2.81
02:44:30,2.81
02:44:31,2.81
02:44:32,2.81
02:44:33,2.81
02:44:34,2.81
02:44:35,2.81
02:44:36,2.81
02:44:37,2.81
02:44:38,2.81
02:44:39,2.81
02:44:40,2.81
02:44:41,2.81
02:44:42,2.81
02:44:43,2.81
02:44:44,2.81
02:44:45,2.81
02:44:46,2.81
02:44:47,2.81
02:44:48,2.81
02:44:49,2.81
02:44:50,2.81
02:44:51,2.81
02:44:52,2.81
02:44:53,2.81
02:44:54,2.81
02:44:55,2.81
02:44:56,2.81
02:44:57,2.81
02:44:58,2.81
02:44:59,2.81
02:45:00,2.81
02:45:01,2.81
02:45:02,2.81
02:45:03,2.81
02:45:04,2.81
02:45:05,2.81
02:45:06,2.81
02:45:07,2.81
02:45:08,2.81
02:45:09,2.81
02:45:10,2.81
02:45:11,2.81
02:45:12,2.81
02:45:13,2.81
02:45:14,2.81
02:45:15,2.81
02:45:16,2.81
02:45:17,2.81
02:45:18,2.81
02:45:19,2.81
02:45:20,2.81
02:45:21,2.81
02:45:22,2.81
02:45:23,2.81
02:45:24,2.81
02:45:25,2.81
02:45:26,2.81
02:45:27,2.81
02:45:28,2.81
02:45:29,2.81
02:45:30,2.81
02:45:31,2.81
02:45:32,2.81
02:45:33,2.81
02:45:34,2.81
02:45:35,2.81
02:45:36,2.81
02:45:37,2.81
02:45:38,2.81
02:45:39,2.81
02:45:40,2.81
02:45:41,2.81
02:45:42,2.81
02:45:43,2.81
02:45:44,2.81
02:45:45,2.81
02:45:46,2.81
02:45:47,2.81
02:45:48,2.81
02:45:49,2.81
02:45:50,2.81
02:45:51,2.81
02:45:52,2.81
02:45:53,2.81
02:45:54,2.81
02:45:55,2.81
02:45:56,2.81
02:45:57,2.81
02:45:58,2.81
02:45:59,2.81
02:46:00,2.81
02:46:01,2.81
02:46:02,2.81
02:46:03,2.81
02:46:04,2.81
02:46:05,2.81
02:46:06,2.81
02:46:07,2.81
02:46:08,2.81
02:46:09,2.81
02:46:10,2.81
02:46:11,2.81
02:46:12,2.81
02:46:13,2.81
02:46:14,2.81
02:46:15,2.81
02:46:16,2.81
02:46:17,2.81
02:46:18,2.81
02:46:19,2.81
02:46:20,2.81
02:46:21,2.81
02:46:22,2.81
02:46:23,2.81
02:46:24,2.81
02:46:25,2.81
02:46:26,2.81
02:46:27,2.81
02:46:28,2.81
02:46:29,2.81
02:46:30,2.81
02:46:31,2.81
02:46:32,2.81
02:46:33,2.81
02:46:34,2.81
02:46:35,2.81
02:46:36,2.81
02:46:37,2.81
02:46:38,2.81
02:46:39,2.81
02:46:40,2.81
02:46:41,2.81
02:46:42,2.81
02:46:43,2.81
02:46:44,2.81
02:46:45,2.81
02:46:46,2.81
02:46:47,2.81
02:46:48,2.81
02:46:49,2.81
02:46:50,2.81
02:46:51,2.81
02:46:52,2.81
02:46:53,2.81
02:46:54,2.81
02:46:55,2.81
02:46:56,2.81
02:46:57,2.81
02:46:58,2.81
02:46:59,2.81
02:47:00,2.81
02:47:01,2.81
02:47:02,2.81
02:47:03,2.81
02:47:04,2.81
02:47:05,2.81
02:47:06,2.81
02:47:07,2.81
02:47:08,2.81
02:47:09,2.81
02:47:10,2.81
02:47:11,2.81
02:47:12,2.81
02:47:13,2.81
02:47:14,2.81
02:47:15,2.81
02:47:16,2.81
02:47:17,2.81
02:47:18,2.81
02:47:19,2.81
02:47:20,2.81
02:47:21,2.81
02:47:22,2.81
02:47:23,2.81
02:47:24,2.81
02:47:25,2.81
02:47:26,2.81
02:47:27,2.81
02:47:28,2.81
02:47:29,2.81
02:47:30,2.81
02:47:31,2.81
02:47:32,2.81
02:47:33,2.81
02:47:34,2.81
02:47:35,2.81
02:47:36,2.81
02:47:37,2.81
02:47:38,2.81
02:47:39,2.81
02:47:40,2.81
02:47:41,2.81
02:47:42,2.81
02:47:43,2.81
02:47:44,2.81
02:47:45,2.81
02:47:46,2.81
02:47:47,2.81
02:47:48,2.81
02:47:49,2.81
02:47:50,2.81
02:47:51,2.81
02:47:52,2.81
02:47:53,2.81
02:47:54,2.81
02:47:55,2.81
02:47:56,2.81
02:47:57,2.81
02:47:58,2.81
02:47:59,2.81
02:48:00,2.81
02:48:01,2.81
02:48:02,2.81
02:48:03,2.81
02:48:04,2.81
02:48:05,2.81
02:48:06,2.81
02:48:07,2.81
02:48:08,2.81
02:48:09,2.81
02:48:10,2.81
02:48:11,2.81
02:48:12,2.81
02:48:13,2.81
02:48:14,2.81
02:48:15,2.81
02:48:16,2.81
02:48:17,2.81
02:48:18,2.81
02:48:19,2.81
02:48:20,2.81
02:48:21,2.81
02:48:22,2.81
02:48:23,2.81
02:48:24,2.81
02:48:25,2.81
02:48:26,2.81
02:48:27,2.81
02:48:28,2.81
02:48:29,2.81
02:48:30,2.81
02:48:31,2.81
02:48:32,2.81
02:48:33,2.81
02:48:34,2.81
02:48:35,2.81
02:48:36,2.81
02:48:37,2.81
02:48:38,2.81
02:48:39,2.81
02:48:40,2.81
02:48:41,2.81
02:48:42,2.81
02:48:43,2.81
02:48:44,2.81
02:48:45,2.81
02:48:46,2.81
02:48:47,2.81
02:48:48,2.81
02:48:49,2.81
02:48:50,2.81
02:48:51,2.81
02:48:52,2.81
02:48:53,2.81
02:48:54,2.81
02:48:55,2.81
02:48:56,2.81
02:48:57,2.81
02:48:58,2.81
02:48:59,2.81
02:49:00,2.81
02:49:01,2.81
02:49:02,2.81
02:49:03,2.81
02:49:04,2.81
02:49:05,2.81
02:49:06,2.81
02:49:07,2.81
02:49:08,2.81
02:49:09,2.81
02:49:10,2.81
02:49:11,2.81
02:49:12,2.81
02:49:13,2.81
02:49:14,2.81
02:49:15,2.81
02:49:16,2.81
02:49:17,2.81
02:49:18,2.81
02:49:19,2.81
02:49:20,2.81
02:49:21,2.81
02:49:22,2.81
02:49:23,2.81
02:49:24,2.81
02:49:25,2.81
02:49:26,2.81
02:49:27,2.81
02:49:28,2.81
02:49:29,2.81
02:49:30,2.81
02:49:31,2.81
02:49:32,2.81
02:49:33,2.81
02:49:34,2.81
02:49:35,2.81
02:49:36,2.81
02:49:37,2.81
02:49:38,2.81
02:49:39,2.81
02:49:40,2.81
02:49:41,2.81
02:49:42,2.81
02:49:43,2.81
02:49:44,2.81
02:49:45,2.81
02:49:46,2.81
02:49:47,2.81
02:49:48,2.81
02:49:49,2.81
02:49:50,2.81
02:49:51,2.81
02:49:52,2.81
02:49:53,2.81
02:49:54,2.81
02:49:55,2.81
02:49:56,2.81
02:49:57,2.81
02:49:58,2.81
02:49:59,2.81
02:50:00,2.81
02:50:01,2.81
02:50:02,2.81
02:50:03,2.81
02:50:04,2.81
02:50:05,2.81
02:50:06,2.81
02:50:07,2.81
02:50:08,2.81
02:50:09,2.81
02:50:10,2.81
02:50:11,2.81
02:50:12,2.81
02:50:13,2.81
02:50:14,2.81
02:50:15,2.81
02:50:16,2.81
02:50:17,2.81
02:50:18,2.81
02:50:19,2.81
02:50:20,2.81
02:50:21,2.81
02:50:22,2.81
02:50:23,2.81
02:50:24,2.81
02:50:25,2.81
02:50:26,2.81
02:50:27,2.81
02:50:28,2.81
02:50:29,2.81
02:50:30,2.81
02:50:31,2.81
02:50:32,2.81
02:50:33,2.81
02:50:34,2.81
02:50:35,2.81
02:50:36,2.81
02:50:37,2.81
02:50:38,2.81
02:50:39,2.81
02:50:40,2.81
02:50:41,2.81
02:50:42,2.81
02:50:43,2.81
02:50:44,2.81
02:50:45,2.81
02:50:46,2.81
02:50:47,2.81
02:50:48,2.81
02:50:49,2.81
02:50:50,2.81
02:50:51,2.81
02:50:52,2.81
02:50:53,2.81
02:50:54,2.81
02:50:55,2.81
02:50:56,2.81
02:50:57,2.81
02:50:58,2.81
02:50:59,2.81
02:51:00,2.81
02:51:01,2.81
02:51:02,2.81
02:51:03,2.81
02:51:04,2.81
02:51:05,2.81
02:51:06,2.81
02:51:07,2.81
02:51:08,2.81
02:51:09,2.81
02:51:10,2.81
02:51:11,2.81
02:51:12,2.81
02:51:13,2.81
02:51:14,2.81
02:51:15,2.81
02:51:16,2.81
02:51:17,2.81
02:51:18,2.81
02:51:19,2.81
02:51:20,2.81
02:51:21,2.81
02:51:22,2.81
02:51:23,2.81
02:51:24,2.81
02:51:25,2.81
02:51:26,2.81
02:51:27,2.81
02:51:28,2.81
02:51:29,2.81
02:51:30,2.81
02:51:31,2.81
02:51:32,2.81
02:51:33,2.81
02:51:34,2.81
02:51:35,2.81
02:51:36,2.81
02:51:37,2.81
02:51:38,2.81
02:51:39,2.81
02:51:40,2.81
02:51:41,2.81
02:51:42,2.81
02:51:43,2.81
02:51:44,2.81
02:51:45,2.81
02:51:46,2.81
02:51:47,2.81
02:51:48,2.81
02:51:49,2.81
02:51:50,2.81
02:51:51,2.81
02:51:52,2.81
02:51:53,2.81
02:51:54,2.81
02:51:55,2.81
02:51:56,2.81
02:51:57,2.81
02:51:58,2.81
02:51:59,2.81
02:52:00,2.81
02:52:01,2.81
02:52:02,2.81
02:52:03,2.81
02:52:04,2.81
02:52:05,2.81
02:52:06,2.81
02:52:07,2.81
02:52:08,2.81
02:52:09,2.81
02:52:10,2.81
02:52:11,2.81
02:52:12,2.81
02:52:13,2.81
02:52:14,2.81
02:52:15,2.81
02:52:16,2.81
02:52:17,2.81
02:52:18,2.81
02:52:19,2.81
02:52:20,2.81
02:52:21,2.81
02:52:22,2.81
02:52:23,2.81
02:52:24,2.81
02:52:25,2.81
02:52:26,2.81
02:52:27,2.81
02:52:28,2.81
02:52:29,2.81
02:52:30,2.81
02:52:31,2.81
02:52:32,2.81
02:52:33,2.81
02:52:34,2.81
02:52:35,2.81
02:52:36,2.81
02:52:37,2.81
02:52:38,2.81
02:52:39,2.81
02:52:40,2.81
02:52:41,2.81
02:52:42,2.81
02:52:43,2.81
02:52:44,2.81
02:52:45,2.81
02:52:46,2.81
02:52:47,2.81
02:52:48,2.81
02:52:49,2.81
02:52:50,2.81
02:52:51,2.81
02:52:52,2.81
02:52:53,2.81
02:52:54,2.81
02:52:55,2.81
02:52:56,2.81
02:52:57,2.81
02:52:58,2.81
02:52:59,2.81
02:53:00,2.81
02:53:01,2.81
02:53:02,2.81
02:53:03,2.81
02:53:04,2.81
02:53:05,2.81
02:53:06,2.81
02:53:07,2.81
02:53:08,2.81
02:53:09,2.81
02:53:10,2.81
02:53:11,2.81
02:53:12,2.81
02:53:13,2.81
02:53:14,2.81
02:53:15,2.81
02:53:16,2.81
02:53:17,2.81
02:53:18,2.81
02:53:19,2.81
02:53:20,2.81
02:53:21,2.81
02:53:22,2.81
02:53:23,2.81
02:53:24,2.81
02:53:25,2.81
02:53:26,2.81
02:53:27,2.81
02:53:28,2.81
02:53:29,2.81
02:53:30,2.81
02:53:31,2.81
02:53:32,2.81
02:53:33,2.81
02:53:34,2.81
02:53:35,2.81
02:53:36,2.81
02:53:37,2.81
02:53:38,2.81
02:53:39,2.81
02:53:40,2.81
02:53:41,2.81
02:53:42,2.81
02:53:43,2.81
02:53:44,2.81
02:53:45,2.81
02:53:46,2.81
02:53:47,2.81
02:53:48,2.81
02:53:49,2.81
02:53:50,2.81
02:53:51,2.81
02:53:52,2.81
02:53:53,2.81
02:53:54,2.81
02:53:55,2.81
02:53:56,2.81
02:53:57,2.81
02:53:58,2.81
02:53:59,2.81
02:54:00,2.81
02:54:01,2.81
02:54:02,2.81
02:54:03,2.81
02:54:04,2.81
02:54:05,2.81
02:54:06,2.81
02:54:07,2.81
02:54:08,2.81
02:54:09,2.81
02:54:10,2.81
02:54:11,2.81
02:54:12,2.81
02:54:13,2.81
02:54:14,2.81
02:54:15,2.81
02:54:16,2.81
02:54:17,2.81
02:54:18,2.81
02:54:19,2.81
02:54:20,2.81
02:54:21,2.81
02:54:22,2.81
02:54:23,2.81
02:54:24,2.81
02:54:25,2.81
02:54:26,2.81
02:54:27,2.81
02:54:28,2.81
02:54:29,2.81
02:54:30,2.81
02:54:31,2.81
02:54:32,2.81
02:54:33,2.81
02:54:34,2.81
02:54:35,2.81
02:54:36,2.81
02:54:37,2.81
02:54:38,2.81
02:54:39,2.81
02:54:40,2.81
02:54:41,2.81
02:54:42,2.81
02:54:43,2.81
02:54:44,2.81
02:54:45,2.81
02:54:46,2.81
02:54:47,2.81
02:54:48,2.81
02:54:49,2.81
02:54:50,2.81
02:54:51,2.81
02:54:52,2.81
02:54:53,2.81
02:54:54,2.81
02:54:55,2.81
02:54:56,2.81
02:54:57,2.81
02:54:58,2.81
02:54:59,2.81
02:55:00,2.81
02:55:01,2.81
02:55:02,2.81
02:55:03,2.81
02:55:04,2.81
02:55:05,2.81
02:55:06,2.81
02:55:07,2.81
02:55:08,2.81
02:55:09,2.81
02:55:10,2.81
02:55:11,2.81
02:55:12,2.81
02:55:13,2.81
02:55:14,2.81
02:55:15,2.81
02:55:16,2.81
02:55:17,2.81
02:55:18,2.81
02:55:19,2.81
02:55:20,2.81
02:55:21,2.81
02:55:22,2.81
02:55:23,2.81
02:55:24,2.81
02:55:25,2.81
02:55:26,2.81
02:55:27,2.81
02:55:28,2.81
02:55:29,2.81
02:55:30,2.81
02:55:31,2.81
02:55:32,2.81
02:55:33,2.81
02:55:34,2.81
02:55:35,2.81
02:55:36,2.81
02:55:37,2.81
02:55:38,2.81
02:55:39,2.81
02:55:40,2.81
02:55:41,2.81
02:55:42,2.81
02:55:43,2.81
02:55:44,2.81
02:55:45,2.81
02:55:46,2.81
02:55:47,2.81
02:55:48,2.81
02:55:49,2.81
02:55:50,2.81
02:55:51,2.81
02:55:52,2.81
02:55:53,2.81
02:55:54,2.81
02:55:55,2.81
02:55:56,2.81
02:55:57,2.81
02:55:58,2.81
02:55:59,2.81
02:56:00,2.81
02:56:01,2.81
02:56:02,2.81
02:56:03,2.81
02:56:04,2.81
02:56:05,2.81
02:56:06,2.81
02:56:07,2.81
02:56:08,2.81
02:56:09,2.81
02:56:10,2.81
02:56:11,2.81
02:56:12,2.81
02:56:13,2.81
02:56:14,2.81
02:56:15,2.81
02:56:16,2.81
02:56:17,2.81
02:56:18,2.81
02:56:19,2.81
02:56:20,2.81
02:56:21,2.81
02:56:22,2.81
02:56:23,2.81
02:56:24,2.81
02:56:25,2.81
02:56:26,2.81
02:56:27,2.81
02:56:28,2.81
02:56:29,2.81
02:56:30,2.81
02:56:31,2.81
02:56:32,2.81
02:56:33,2.81
02:56:34,2.81
02:56:35,2.81
02:56:36,2.81
02:56:37,2.81
02:56:38,2.81
02:56:39,2.81
02:56:40,2.81
02:56:41,2.81
02:56:42,2.81
02:56:43,2.81
02:56:44,2.81
02:56:45,2.81
02:56:46,2.81
02:56:47,2.81
02:56:48,2.81
02:56:49,2.81
02:56:50,2.81
02:56:51,2.81
02:56:52,2.81
02:56:53,2.81
02:56:54,2.81
02:56:55,2.81
02:56:56,2.81
02:56:57,2.81
02:56:58,2.81
02:56:59,2.81
02:57:00,2.81
02:57:01,2.81
02:57:02,2.81
02:57:03,2.81
02:57:04,2.81
02:57:05,2.81
02:57:06,2.81
02:57:07,2.81
02:57:08,2.81
02:57:09,2.81
02:57:10,2.81
02:57:11,2.81
02:57:12,2.81
02:57:13,2.81
02:57:14,2.81
02:57:15,2.81
02:57:16,2.81
02:57:17,2.81
02:57:18,2.81
02:57:19,2.81
02:57:20,2.81
02:57:21,2.81
02:57:22,2.81
02:57:23,2.81
02:57:24,2.81
02:57:25,2.81
02:57:26,2.81
02:57:27,2.81
02:57:28,2.81
02:57:29,2.81
02:57:30,2.81
02:57:31,2.81
02:57:32,2.81
02:57:33,2.81
02:57:34,2.81
02:57:35,2.81
02:57:36,2.81
02:57:37,2.81
02:57:38,2.81
02:57:39,2.81
02:57:40,2.81
02:57:41,2.81
02:57:42,2.81
02:57:43,2.81
02:57:44,2.81
02:57:45,2.81
02:57:46,2.81
02:57:47,2.81
02:57:48,2.81
02:57:49,2.81
02:57:50,2.81
02:57:51,2.81
02:57:52,2.81
02:57:53,2.81
02:57:54,2.81
02:57:55,2.81
02:57:56,2.81
02:57:57,2.81
02:57:58,2.81
02:57:59,2.81
02:58:00,2.81
02:58:01,2.81
02:58:02,2.81
02:58:03,2.81
02:58:04,2.81
02:58:05,2.81
02:58:06,2.81
02:58:07,2.81
02:58:08,2.81
02:58:09,2.81
02:58:10,2.81
02:58:11,2.81
02:58:12,2.81
02:58:13,2.81
02:58:14,2.81
02:58:15,2.81
02:58:16,2.81
02:58:17,2.81
02:58:18,2.81
02:58:19,2.81
02:58:20,2.81
02:58:21,2.81
02:58:22,2.81
02:58:23,2.81
02:58:24,2.81
02:58:25,2.81
02:58:26,2.81
02:58:27,2.81
02:58:28,2.81
02:58:29,2.81
02:58:30,2.81
02:58:31,2.81
02:58:32,2.81
02:58:33,2.81
02:58:34,2.81
02:58:35,2.81
02:58:36,2.81
02:58:37,2.81
02:58:38,2.81
02:58:39,2.81
02:58:40,2.81
02:58:41,2.81
02:58:42,2.81
02:58:43,2.81
02:58:44,2.81
02:58:45,2.81
02:58:46,2.81
02:58:47,2.81
02:58:48,2.81
02:58:49,2.81
02:58:50,2.81
02:58:51,2.81
02:58:52,2.81
02:58:53,2.81
02:58:54,2.81
02:58:55,2.81
02:58:56,2.81
02:58:57,2.81
02:58:58,2.81
02:58:59,2.81
02:59:00,2.81
02:59:01,2.81
02:59:02,2.81
02:59:03,2.81
02:59:04,2.81
02:59:05,2.81
02:59:06,2.81
02:59:07,2.81
02:59:08,2.81
02:59:09,2.81
02:59:10,2.81
02:59:11,2.81
02:59:12,2.81
02:59:13,2.81
02:59:14,2.81
02:59:15,2.81
02:59:16,2.81
02:59:17,2.81
02:59:18,2.81
02:59:19,2.81
02:59:20,2.81
02:59:21,2.81
02:59:22,2.81
02:59:23,2.81
02:59:24,2.81
02:59:25,2.81
02:59:26,2.81
02:59:27,2.81
02:59:28,2.81
02:59:29,2.81
02:59:30,2.81
02:59:31,2.81
02:59:32,2.81
02:59:33,2.81
02:59:34,2.81
02:59:35,2.81
02:59:36,2.81
02:59:37,2.81
02:59:38,2.81
02:59:39,2.81
02:59:40,2.81
02:59:41,2.81
02:59:42,2.81
02:59:43,2.81
02:59:44,2.81
02:59:45,2.81
02:59:46,2.81
02:59:47,2.81
02:59:48,2.81
02:59:49,2.81
02:59:50,2.81
02:59:51,2.81
02:59:52,2.81
02:59:53,2.81
02:59:54,2.81
02:59:55,2.81
02:59:56,2.81
02:59:57,2.81
02:59:58,2.81
02:59:59,2.81
03:00:00,2.81
03:00:01,2.81
03:00:02,2.81
03:00:03,2.81
03:00:04,2.81
03:00:05,2.81
03:00:06,2.81
03:00:07,2.81
03:00:08,2.81
03:00:09,2.81
03:00:10,2.81
03:00:11,2.81
03:00:12,2.81
03:00:13,2.81
03:00:14,2.81
03:00:15,2.81
03:00:16,2.81
03:00:17,2.81
03:00:18,2.81
03:00:19,2.81
03:00:20,2.81
03:00:21,2.81
03:00:22,2.81
03:00:23,2.81
03:00:24,2.81
03:00:25,2.81
03:00:26,2.81
03:00:27,2.81
03:00:28,2.81
03:00:29,2.81
03:00:30,2.81
03:00:31,2.81
03:00:32,2.81
03:00:33,2.81
03:00:34,2.81
03:00:35,2.81
03:00:36,2.81
03:00:37,2.81
03:00:38,2.81
03:00:39,2.81
03:00:40,2.81
03:00:41,2.81
03:00:42,2.81
03:00:43,2.81
03:00:44,2.81
03:00:45,2.81
03:00:46,2.81
03:00:47,2.81
03:00:48,2.81
03:00:49,2.81
03:00:50,2.81
03:00:51,2.81
03:00:52,2.81
03:00:53,2.81
03:00:54,2.81
03:00:55,2.81
03:00:56,2.81
03:00:57,2.81
03:00:58,2.81
03:00:59,2.81
03:01:00,2.81
03:01:01,2.81
03:01:02,2.81
03:01:03,2.81
03:01:04,2.81
03:01:05,2.81
03:01:06,2.81
03:01:07,2.81
03:01:08,2.81
03:01:09,2.81
03:01:10,2.81
03:01:11,2.81
03:01:12,2.81
03:01:13,2.81
03:01:14,2.81
03:01:15,2.81
03:01:16,2.81
03:01:17,2.81
03:01:18,2.81
03:01:19,2.81
03:01:20,2.81
03:01:21,2.81
03:01:22,2.81
03:01:23,2.81
03:01:24,2.81
03:01:25,2.81
03:01:26,2.81
03:01:27,2.81
03:01:28,2.81
03:01:29,2.81
03:01:30,2.81
03:01:31,2.81
03:01:32,2.81
03:01:33,2.81
03:01:34,2.81
03:01:35,2.81
03:01:36,2.81
03:01:37,2.81
03:01:38,2.81
03:01:39,2.81
03:01:40,2.81
03:01:41,2.81
03:01:42,2.81
03:01:43,2.81
03:01:44,2.81
03:01:45,2.81
03:01:46,2.81
03:01:47,2.81
03:01:48,2.81
03:01:49,2.81
03:01:50,2.81
03:01:51,2.81
03:01:52,2.81
03:01:53,2.81
03:01:54,2.81
03:01:55,2.81
03:01:56,2.81
03:01:57,2.81
03:01:58,2.81
03:01:59,2.81
03:02:00,2.81
03:02:01,2.81
03:02:02,2.81
03:02:03,2.81
03:02:04,2.81
03:02:05,2.81
03:02:06,2.81
03:02:07,2.81
03:02:08,2.81
03:02:09,2.81
03:02:10,2.81
03:02:11,2.81
03:02:12,2.81
03:02:13,2.81
03:02:14,2.81
03:02:15,2.81
03:02:16,2.81
03:02:17,2.81
03:02:18,2.81
03:02:19,2.81
03:02:20,2.81
03:02:21,2.81
03:02:22,2.81
03:02:23,2.81
03:02:24,2.81
03:02:25,2.81
03:02:26,2.81
03:02:27,2.81
03:02:28,2.81
03:02:29,2.81
03:02:30,2.81
03:02:31,2.81
03:02:32,2.81
03:02:33,2.81
03:02:34,2.81
03:02:35,2.81
03:02:36,2.81
03:02:37,2.81
03:02:38,2.81
03:02:39,2.81
03:02:40,2.81
03:02:41,2.81
03:02:42,2.81
03:02:43,2.81
03:02:44,2.81
03:02:45,2.81
03:02:46,2.81
03:02:47,2.81
03:02:48,2.81
03:02:49,2.81
03:02:50,2.81
03:02:51,2.81
03:02:52,2.81
03:02:53,2.81
03:02:54,2.81
03:02:55,2.81
03:02:56,2.81
03:02:57,2.81
03:02:58,2.81
03:02:59,2.81
03:03:00,2.81
03:03:01,2.81
03:03:02,2.81
03:03:03,2.81
03:03:04,2.81
03:03:05,2.81
03:03:06,2.81
03:03:07,2.81
03:03:08,2.81
03:03:09,2.81
03:03:10,2.81
03:03:11,2.81
03:03:12,2.81
03:03:13,2.81
03:03:14,2.81
03:03:15,2.81
03:03:16,2.81
03:03:17,2.81
03:03:18,2.81
03:03:19,2.81
03:03:20,2.81
03:03:21,2.81
03:03:22,2.81
03:03:23,2.81
03:03:24,2.81
03:03:25,2.81
03:03:26,2.81
03:03:27,2.81
03:03:28,2.81
03:03:29,2.81
03:03:30,2.81
03:03:31,2.81
03:03:32,2.81
03:03:33,2.81
03:03:34,2.81
03:03:35,2.81
03:03:36,2.81
03:03:37,2.81
03:03:38,2.81
03:03:39,2.81
03:03:40,2.81
03:03:41,2.81
03:03:42,2.81
03:03:43,2.81
03:03:44,2.81
03:03:45,2.81
03:03:46,2.81
03:03:47,2.81
03:03:48,2.81
03:03:49,2.81
03:03:50,2.81
03:03:51,2.81
03:03:52,2.81
03:03:53,2.81
03:03:54,2.81
03:03:55,2.81
03:03:56,2.81
03:03:57,2.81
03:03:58,2.81
03:03:59,2.81
03:04:00,2.81
03:04:01,2.81
03:04:02,2.81
03:04:03,2.81
03:04:04,2.81
03:04:05,2.81
03:04:06,2.81
03:04:07,2.81
03:04:08,2.81
03:04:09,2.81
03:04:10,2.81
03:04:11,2.81
03:04:12,2.81
03:04:13,2.81
03:04:14,2.81
03:04:15,2.81
03:04:16,2.81
03:04:17,2.81
03:04:18,2.81
03:04:19,2.81
03:04:20,2.81
03:04:21,2.81
03:04:22,2.81
03:04:23,2.81
03:04:24,2.81
03:04:25,2.81
03:04:26,2.81
03:04:27,2.81
03:04:28,2.81
03:04:29,2.81
03:04:30,2.81
03:04:31,2.81
03:04:32,2.81
03:04:33,2.81
03:04:34,2.81
03:04:35,2.81
03:04:36,2.81
03:04:37,2.81
03:04:38,2.81
03:04:39,2.81
03:04:40,2.81
03:04:41,2.81
03:04:42,2.81
03:04:43,2.81
03:04:44,2.81
03:04:45,2.81
03:04:46,2.81
03:04:47,2.81
03:04:48,2.81
03:04:49,2.81
03:04:50,2.81
03:04:51,2.81
03:04:52,2.81
03:04:53,2.81
03:04:54,2.81
03:04:55,2.81
03:04:56,2.81
03:04:57,2.81
03:04:58,2.81
03:04:59,2.81
03:05:00,2.81
03:05:01,2.81
03:05:02,2.81
03:05:03,2.81
03:05:04,2.81
03:05:05,2.81
03:05:06,2.81
03:05:07,2.81
03:05:08,2.81
03:05:09,2.81
03:05:10,2.81
03:05:11,2.81
03:05:12,2.81
03:05:13,2.81
03:05:14,2.81
03:05:15,2.81
03:05:16,2.81
03:05:17,2.81
03:05:18,2.81
03:05:19,2.81
03:05:20,2.81
03:05:21,2.81
03:05:22,2.81
03:05:23,2.81
03:05:24,2.81
03:05:25,2.81
03:05:26,2.81
03:05:27,2.81
03:05:28,2.81
03:05:29,2.81
03:05:30,2.81
03:05:31,2.81
03:05:32,2.81
03:05:33,2.81
03:05:34,2.81
03:05:35,2.81
03:05:36,2.81
03:05:37,2.81
03:05:38,2.81
03:05:39,2.81
03:05:40,2.81
03:05:41,2.81
03:05:42,2.81
03:05:43,2.81
03:05:44,2.81
03:05:45,2.81
03:05:46,2.81
03:05:47,2.81
03:05:48,2.81
03:05:49,2.81
03:05:50,2.81
03:05:51,2.81
03:05:52,2.81
03:05:53,2.81
03:05:54,2.81
03:05:55,2.81
03:05:56,2.81
03:05:57,2.81
03:05:58,2.81
03:05:59,2.81
03:06:00,2.81
03:06:01,2.81
03:06:02,2.81
03:06:03,2.81
03:06:04,2.81
03:06:05,2.81
03:06:06,2.81
03:06:07,2.81
03:06:08,2.81
03:06:09,2.81
03:06:10,2.81
03:06:11,2.81
03:06:12,2.81
03:06:13,2.81
03:06:14,2.81
03:06:15,2.81
03:06:16,2.81
03:06:17,2.81
03:06:18,2.81
03:06:19,2.81
03:06:20,2.81
03:06:21,2.81
03:06:22,2.81
03:06:23,2.81
03:06:24,2.81
03:06:25,2.81
03:06:26,2.81
03:06:27,2.81
03:06:28,2.81
03:06:29,2.81
03:06:30,2.81
03:06:31,2.81
03:06:32,2.81
03:06:33,2.81
03:06:34,2.81
03:06:35,2.81
03:06:36,2.81
03:06:37,2.81
03:06:38,2.81
03:06:39,2.81
03:06:40,2.81
03:06:41,2.81
03:06:42,2.81
03:06:43,2.81
03:06:44,2.81
03:06:45,2.81
03:06:46,2.81
03:06:47,2.81
03:06:48,2.81
03:06:49,2.81
03:06:50,2.81
03:06:51,2.81
03:06:52,2.81
03:06:53,2.81
03:06:54,2.81
03:06:55,2.81
03:06:56,2.81
03:06:57,2.81
03:06:58,2.81
03:06:59,2.81
03:07:00,2.81
03:07:01,2.81
03:07:02,2.81
03:07:03,2.81
03:07:04,2.81
03:07:05,2.81
03:07:06,2.81
03:07:07,2.81
03:07:08,2.81
03:07:09,2.81
03:07:10,2.81
03:07:11,2.81
03:07:12,2.81
03:07:13,2.81
03:07:14,2.81
03:07:15,2.81
03:07:16,2.81
03:07:17,2.81
03:07:18,2.81
03:07:19,2.81
03:07:20,2.81
03:07:21,2.81
03:07:22,2.81
03:07:23,2.81
03:07:24,2.81
03:07:25,2.81
03:07:26,2.81
03:07:27,2.81
03:07:28,2.81
03:07:29,2.81
03:07:30,2.81
03:07:31,2.81
03:07:32,2.81
03:07:33,2.81
03:07:34,2.81
03:07:35,2.81
03:07:36,2.81
03:07:37,2.81
03:07:38,2.81
03:07:39,2.81
03:07:40,2.81
03:07:41,2.81
03:07:42,2.81
03:07:43,2.81
03:07:44,2.81
03:07:45,2.81
03:07:46,2.81
03:07:47,2.81
03:07:48,2.81
03:07:49,2.81
03:07:50,2.81
03:07:51,2.81
03:07:52,2.81
03:07:53,2.81
03:07:54,2.81
03:07:55,2.81
03:07:56,2.81
03:07:57,2.81
03:07:58,2.81
03:07:59,2.81
03:08:00,2.81
03:08:01,2.81
03:08:02,2.81
03:08:03,2.81
03:08:04,2.81
03:08:05,2.81
03:08:06,2.81
03:08:07,2.81
03:08:08,2.81
03:08:09,2.81
03:08:10,2.81
03:08:11,2.81
03:08:12,2.81
03:08:13,2.81
03:08:14,2.81
03:08:15,2.81
03:08:16,2.81
03:08:17,2.81
03:08:18,2.81
03:08:19,2.81
03:08:20,2.81
03:08:21,2.81
03:08:22,2.81
03:08:23,2.81
03:08:24,2.81
03:08:25,2.81
03:08:26,2.81
03:08:27,2.81
03:08:28,2.81
03:08:29,2.81
03:08:30,2.81
03:08:31,2.81
03:08:32,2.81
03:08:33,2.81
03:08:34,2.81
03:08:35,2.81
03:08:36,2.81
03:08:37,2.81
03:08:38,2.81
03:08:39,2.81
03:08:40,2.81
03:08:41,2.81
03:08:42,2.81
03:08:43,2.81
03:08:44,2.81
03:08:45,2.81
03:08:46,2.81
03:08:47,2.81
03:08:48,2.81
03:08:49,2.81
03:08:50,2.81
03:08:51,2.81
03:08:52,2.81
03:08:53,2.81
03:08:54,2.81
03:08:55,2.81
03:08:56,2.81
03:08:57,2.81
03:08:58,2.81
03:08:59,2.81
03:09:00,2.81
03:09:01,2.81
03:09:02,2.81
03:09:03,2.81
03:09:04,2.81
03:09:05,2.81
03:09:06,2.81
03:09:07,2.81
03:09:08,2.81
03:09:09,2.81
03:09:10,2.81
03:09:11,2.81
03:09:12,2.81
03:09:13,2.81
03:09:14,2.81
03:09:15,2.81
03:09:16,2.81
03:09:17,2.81
03:09:18,2.81
03:09:19,2.81
03:09:20,2.81
03:09:21,2.81
03:09:22,2.81
03:09:23,2.81
03:09:24,2.81
03:09:25,2.81
03:09:26,2.81
03:09:27,2.81
03:09:28,2.81
03:09:29,2.81
03:09:30,2.81
03:09:31,2.81
03:09:32,2.81
03:09:33,2.81
03:09:34,2.81
03:09:35,2.81
03:09:36,2.81
03:09:37,2.81
03:09:38,2.81
03:09:39,2.81
03:09:40,2.81
03:09:41,2.81
03:09:42,2.81
03:09:43,2.81
03:09:44,2.81
03:09:45,2.81
03:09:46,2.81
03:09:47,2.81
03:09:48,2.81
03:09:49,2.81
03:09:50,2.81
03:09:51,2.81
03:09:52,2.81
03:09:53,2.81
03:09:54,2.81
03:09:55,2.81
03:09:56,2.81
03:09:57,2.81
03:09:58,2.81
03:09:59,2.81
03:10:00,2.81
03:10:01,2.81
03:10:02,2.81
03:10:03,2.81
03:10:04,2.81
03:10:05,2.81
03:10:06,2.81
03:10:07,2.81
03:10:08,2.81
03:10:09,2.81
03:10:10,2.81
03:10:11,2.81
03:10:12,2.81
03:10:13,2.81
03:10:14,2.81
03:10:15,2.81
03:10:16,2.81
03:10:17,2.81
03:10:18,2.81
03:10:19,2.81
03:10:20,2.81
03:10:21,2.81
03:10:22,2.81
03:10:23,2.81
03:10:24,2.81
03:10:25,2.81
03:10:26,2.81
03:10:27,2.81
03:10:28,2.81
03:10:29,2.81
03:10:30,2.81
03:10:31,2.81
03:10:32,2.81
03:10:33,2.81
03:10:34,2.81
03:10:35,2.81
03:10:36,2.81
03:10:37,2.81
03:10:38,2.81
03:10:39,2.81
03:10:40,2.81
03:10:41,2.81
03:10:42,2.81
03:10:43,2.81
03:10:44,2.81
03:10:45,2.81
03:10:46,2.81
03:10:47,2.81
03:10:48,2.81
03:10:49,2.81
03:10:50,2.81
03:10:51,2.81
03:10:52,2.81
03:10:53,2.81
03:10:54,2.81
03:10:55,2.81
03:10:56,2.81
03:10:57,2.81
03:10:58,2.81
03:10:59,2.81
03:11:00,2.81
03:11:01,2.81
03:11:02,2.81
03:11:03,2.81
03:11:04,2.81
03:11:05,2.81
03:11:06,2.81
03:11:07,2.81
03:11:08,2.81
03:11:09,2.81
03:11:10,2.81
03:11:11,2.81
03:11:12,2.81
03:11:13,2.81
03:11:14,2.81
03:11:15,2.81
03:11:16,2.81
03:11:17,2.81
03:11:18,2.81
03:11:19,2.81
03:11:20,2.81
03:11:21,2.81
03:11:22,2.81
03:11:23,2.81
03:11:24,2.81
03:11:25,2.81
03:11:26,2.81
03:11:27,2.81
03:11:28,2.81
03:11:29,2.81
03:11:30,2.81
03:11:31,2.81
03:11:32,2.81
03:11:33,2.81
03:11:34,2.81
03:11:35,2.81
03:11:36,2.81
03:11:37,2.81
03:11:38,2.81
03:11:39,2.81
03:11:40,2.81
03:11:41,2.81
03:11:42,2.81
03:11:43,2.81
03:11:44,2.81
03:11:45,2.81
03:11:46,2.81
03:11:47,2.81
03:11:48,2.81
03:11:49,2.81
03:11:50,2.81
03:11:51,2.81
03:11:52,2.81
03:11:53,2.81
03:11:54,2.81
03:11:55,2.81
03:11:56,2.81
03:11:57,2.81
03:11:58,2.81
03:11:59,2.81
03:12:00,2.81
03:12:01,2.81
03:12:02,2.81
03:12:03,2.81
03:12:04,2.81
03:12:05,2.81
03:12:06,2.81
03:12:07,2.81
03:12:08,2.81
03:12:09,2.81
03:12:10,2.81
03:12:11,2.81
03:12:12,2.81
03:12:13,2.81
03:12:14,2.81
03:12:15,2.81
03:12:16,2.81
03:12:17,2.81
03:12:18,2.81
03:12:19,2.81
03:12:20,2.81
03:12:21,2.81
03:12:22,2.81
03:12:23,2.81
03:12:24,2.81
03:12:25,2.81
03:12:26,2.81
03:12:27,2.81
03:12:28,2.81
03:12:29,2.81
03:12:30,2.81
03:12:31,2.81
03:12:32,2.81
03:12:33,2.81
03:12:34,2.81
03:12:35,2.81
03:12:36,2.81
03:12:37,2.81
03:12:38,2.81
03:12:39,2.81
03:12:40,2.81
03:12:41,2.81
03:12:42,2.81
03:12:43,2.81
03:12:44,2.81
03:12:45,2.81
03:12:46,2.81
03:12:47,2.81
03:12:48,2.81
03:12:49,2.81
03:12:50,2.81
03:12:51,2.81
03:12:52,2.81
03:12:53,2.81
03:12:54,2.81
03:12:55,2.81
03:12:56,2.81
03:12:57,2.81
03:12:58,2.81
03:12:59,2.81
03:13:00,2.81
03:13:01,2.81
03:13:02,2.81
03:13:03,2.81
03:13:04,2.81
03:13:05,2.81
03:13:06,2.81
03:13:07,2.81
03:13:08,2.81
03:13:09,2.81
03:13:10,2.81
03:13:11,2.81
03:13:12,2.81
03:13:13,2.81
03:13:14,2.81
03:13:15,2.81
03:13:16,2.81
03:13:17,2.81
03:13:18,2.81
03:13:19,2.81
03:13:20,2.81
03:13:21,2.81
03:13:22,2.81
03:13:23,2.81
03:13:24,2.81
03:13:25,2.81
03:13:26,2.81
03:13:27,2.81
03:13:28,2.81
03:13:29,2.81
03:13:30,2.81
03:13:31,2.81
03:13:32,2.81
03:13:33,2.81
03:13:34,2.81
03:13:35,2.81
03:13:36,2.81
03:13:37,2.81
03:13:38,2.81
03:13:39,2.81
03:13:40,2.81
03:13:41,2.81
03:13:42,2.81
03:13:43,2.81
03:13:44,2.81
03:13:45,2.81
03:13:46,2.81
03:13:47,2.81
03:13:48,2.81
03:13:49,2.81
03:13:50,2.81
03:13:51,2.81
03:13:52,2.81
03:13:53,2.81
03:13:54,2.81
03:13:55,2.81
03:13:56,2.81
03:13:57,2.81
03:13:58,2.81
03:13:59,2.81
03:14:00,2.81
03:14:01,2.81
03:14:02,2.81
03:14:03,2.81
03:14:04,2.81
03:14:05,2.81
03:14:06,2.81
03:14:07,2.81
03:14:08,2.81
03:14:09,2.81
03:14:10,2.81
03:14:11,2.81
03:14:12,2.81
03:14:13,2.81
03:14:14,2.81
03:14:15,2.81
03:14:16,2.81
03:14:17,2.81
03:14:18,2.81
03:14:19,2.81
03:14:20,2.81
03:14:21,2.81
03:14:22,2.81
03:14:23,2.81
03:14:24,2.81
03:14:25,2.81
03:14:26,2.81
03:14:27,2.81
03:14:28,2.81
03:14:29,2.81
03:14:30,2.81
03:14:31,2.81
03:14:32,2.81
03:14:33,2.81
03:14:34,2.81
03:14:35,2.81
03:14:36,2.81
03:14:37,2.81
03:14:38,2.81
03:14:39,2.81
03:14:40,2.81
03:14:41,2.81
03:14:42,2.81
03:14:43,2.81
03:14:44,2.81
03:14:45,2.81
03:14:46,2.81
03:14:47,2.81
03:14:48,2.81
03:14:49,2.81
03:14:50,2.81
03:14:51,2.81
03:14:52,2.81
03:14:53,2.81
03:14:54,2.81
03:14:55,2.81
03:14:56,2.81
03:14:57,2.81
03:14:58,2.81
03:14:59,2.81
03:15:00,2.81
03:15:01,2.81
03:15:02,2.81
03:15:03,2.81
03:15:04,2.81
03:15:05,2.81
03:15:06,2.81
03:15:07,2.81
03:15:08,2.81
03:15:09,2.81
03:15:10,2.81
03:15:11,2.81
03:15:12,2.81
03:15:13,2.81
03:15:14,2.81
03:15:15,2.81
03:15:16,2.81
03:15:17,2.81
03:15:18,2.81
03:15:19,2.81
03:15:20,2.81
03:15:21,2.81
03:15:22,2.81
03:15:23,2.81
03:15:24,2.81
03:15:25,2.81
03:15:26,2.81
03:15:27,2.81
03:15:28,2.81
03:15:29,2.81
03:15:30,2.81
03:15:31,2.81
03:15:32,2.81
03:15:33,2.81
03:15:34,2.81
03:15:35,2.81
03:15:36,2.81
03:15:37,2.81
03:15:38,2.81
03:15:39,2.81
03:15:40,2.81
03:15:41,2.81
03:15:42,2.81
03:15:43,2.81
03:15:44,2.81
03:15:45,2.81
03:15:46,2.81
03:15:47,2.81
03:15:48,2.81
03:15:49,2.81
03:15:50,2.81
03:15:51,2.81
03:15:52,2.81
03:15:53,2.81
03:15:54,2.81
03:15:55,2.81
03:15:56,2.81
03:15:57,2.81
03:15:58,2.81
03:15:59,2.81
03:16:00,2.81
03:16:01,2.81
03:16:02,2.81
03:16:03,2.81
03:16:04,2.81
03:16:05,2.81
03:16:06,2.81
03:16:07,2.81
03:16:08,2.81
03:16:09,2.81
03:16:10,2.81
03:16:11,2.81
03:16:12,2.81
03:16:13,2.81
03:16:14,2.81
03:16:15,2.81
03:16:16,2.81
03:16:17,2.81
03:16:18,2.81
03:16:19,2.81
03:16:20,2.81
03:16:21,2.81
03:16:22,2.81
03:16:23,2.81
03:16:24,2.81
03:16:25,2.81
03:16:26,2.81
03:16:27,2.81
03:16:28,2.81
03:16:29,2.81
03:16:30,2.81
03:16:31,2.81
03:16:32,2.81
03:16:33,2.81
03:16:34,2.81
03:16:35,2.81
03:16:36,2.81
03:16:37,2.81
03:16:38,2.81
03:16:39,2.81
03:16:40,2.81
03:16:41,2.81
03:16:42,2.81
03:16:43,2.81
03:16:44,2.81
03:16:45,2.81
03:16:46,2.81
03:16:47,2.81
03:16:48,2.81
03:16:49,2.81
03:16:50,2.81
03:16:51,2.81
03:16:52,2.81
03:16:53,2.81
03:16:54,2.81
03:16:55,2.81
03:16:56,2.81
03:16:57,2.81
03:16:58,2.81
03:16:59,2.81
03:17:00,2.81
03:17:01,2.81
03:17:02,2.81
03:17:03,2.81
03:17:04,2.81
03:17:05,2.81
03:17:06,2.81
03:17:07,2.81
03:17:08,2.81
03:17:09,2.81
03:17:10,2.81
03:17:11,2.81
03:17:12,2.81
03:17:13,2.81
03:17:14,2.81
03:17:15,2.81
03:17:16,2.81
03:17:17,2.81
03:17:18,2.81
03:17:19,2.81
03:17:20,2.81
03:17:21,2.81
03:17:22,2.81
03:17:23,2.81
03:17:24,2.81
03:17:25,2.81
03:17:26,2.81
03:17:27,2.81
03:17:28,2.81
03:17:29,2.81
03:17:30,2.81
03:17:31,2.81
03:17:32,2.81
03:17:33,2.81
03:17:34,2.81
03:17:35,2.81
03:17:36,2.81
03:17:37,2.81
03:17:38,2.81
03:17:39,2.81
03:17:40,2.81
03:17:41,2.81
03:17:42,2.81
03:17:43,2.81
03:17:44,2.81
03:17:45,2.81
03:17:46,2.81
03:17:47,2.81
03:17:48,2.81
03:17:49,2.81
03:17:50,2.81
03:17:51,2.81
03:17:52,2.81
03:17:53,2.81
03:17:54,2.81
03:17:55,2.81
03:17:56,2.81
03:17:57,2.81
03:17:58,2.81
03:17:59,2.81
03:18:00,2.81
03:18:01,2.81
03:18:02,2.81
03:18:03,2.81
03:18:04,2.81
03:18:05,2.81
03:18:06,2.81
03:18:07,2.81
03:18:08,2.81
03:18:09,2.81
03:18:10,2.81
03:18:11,2.81
03:18:12,2.81
03:18:13,2.81
03:18:14,2.81
03:18:15,2.81
03:18:16,2.81
03:18:17,2.81
03:18:18,2.81
03:18:19,2.81
03:18:20,2.81
03:18:21,2.81
03:18:22,2.81
03:18:23,2.81
03:18:24,2.81
03:18:25,2.81
03:18:26,2.81
03:18:27,2.81
03:18:28,2.81
03:18:29,2.81
03:18:30,2.81
03:18:31,2.81
03:18:32,2.81
03:18:33,2.81
03:18:34,2.81
03:18:35,2.81
03:18:36,2.81
03:18:37,2.81
03:18:38,2.81
03:18:39,2.81
03:18:40,2.81
03:18:41,2.81
03:18:42,2.81
03:18:43,2.81
03:18:44,2.81
03:18:45,2.81
03:18:46,2.81
03:18:47,2.81
03:18:48,2.81
03:18:49,2.81
03:18:50,2.81
03:18:51,2.81
03:18:52,2.81
03:18:53,2.81
03:18:54,2.81
03:18:55,2.81
03:18:56,2.81
03:18:57,2.81
03:18:58,2.81
03:18:59,2.81
03:19:00,2.81
03:19:01,2.81
03:19:02,2.81
03:19:03,2.81
03:19:04,2.81
03:19:05,2.81
03:19:06,2.81
03:19:07,2.81
03:19:08,2.81
03:19:09,2.81
03:19:10,2.81
03:19:11,2.81
03:19:12,2.81
03:19:13,2.81
03:19:14,2.81
03:19:15,2.81
03:19:16,2.81
03:19:17,2.81
03:19:18,2.81
03:19:19,2.81
03:19:20,2.81
03:19:21,2.81
03:19:22,2.81
03:19:23,2.81
03:19:24,2.81
03:19:25,2.81
03:19:26,2.81
03:19:27,2.81
03:19:28,2.81
03:19:29,2.81
03:19:30,2.81
03:19:31,2.81
03:19:32,2.81
03:19:33,2.81
03:19:34,2.81
03:19:35,2.81
03:19:36,2.81
03:19:37,2.81
03:19:38,2.81
03:19:39,2.81
03:19:40,2.81
03:19:41,2.81
03:19:42,2.81
03:19:43,2.81
03:19:44,2.81
03:19:45,2.81
03:19:46,2.81
03:19:47,2.81
03:19:48,2.81
03:19:49,2.81
03:19:50,2.81
03:19:51,2.81
03:19:52,2.81
03:19:53,2.81
03:19:54,2.81
03:19:55,2.81
03:19:56,2.81
03:19:57,2.81
03:19:58,2.81
03:19:59,2.81
03:20:00,2.81
03:20:01,2.81
03:20:02,2.81
03:20:03,2.81
03:20:04,2.81
03:20:05,2.81
03:20:06,2.81
03:20:07,2.81
03:20:08,2.81
03:20:09,2.81
03:20:10,2.81
03:20:11,2.81
03:20:12,2.81
03:20:13,2.81
03:20:14,2.81
03:20:15,2.81
03:20:16,2.81
03:20:17,2.81
03:20:18,2.81
03:20:19,2.81
03:20:20,2.81
03:20:21,2.81
03:20:22,2.81
03:20:23,2.81
03:20:24,2.81
03:20:25,2.81
03:20:26,2.81
03:20:27,2.81
03:20:28,2.81
03:20:29,2.81
03:20:30,2.81
03:20:31,2.81
03:20:32,2.81
03:20:33,2.81
03:20:34,2.81
03:20:35,2.81
03:20:36,2.81
03:20:37,2.81
03:20:38,2.81
03:20:39,2.81
03:20:40,2.81
03:20:41,2.81
03:20:42,2.81
03:20:43,2.81
03:20:44,2.81
03:20:45,2.81
03:20:46,2.81
03:20:47,2.81
03:20:48,2.81
03:20:49,2.81
03:20:50,2.81
03:20:51,2.81
03:20:52,2.81
03:20:53,2.81
03:20:54,2.81
03:20:55,2.81
03:20:56,2.81
03:20:57,2.81
03:20:58,2.81
03:20:59,2.81
03:21:00,2.81
03:21:01,2.81
03:21:02,2.81
03:21:03,2.81
03:21:04,2.81
03:21:05,2.81
03:21:06,2.81
03:21:07,2.81
03:21:08,2.81
03:21:09,2.81
03:21:10,2.81
03:21:11,2.81
03:21:12,2.81
03:21:13,2.81
03:21:14,2.81
03:21:15,2.81
03:21:16,2.81
03:21:17,2.81
03:21:18,2.81
03:21:19,2.81
03:21:20,2.81
03:21:21,2.81
03:21:22,2.81
03:21:23,2.81
03:21:24,2.81
03:21:25,2.81
03:21:26,2.81
03:21:27,2.81
03:21:28,2.81
03:21:29,2.81
03:21:30,2.81
03:21:31,2.81
03:21:32,2.81
03:21:33,2.81
03:21:34,2.81
03:21:35,2.81
03:21:36,2.81
03:21:37,2.81
03:21:38,2.81
03:21:39,2.81
03:21:40,2.81
03:21:41,2.81
03:21:42,2.81
03:21:43,2.81
03:21:44,2.81
03:21:45,2.81
03:21:46,2.81
03:21:47,2.81
03:21:48,2.81
03:21:49,2.81
03:21:50,2.81
03:21:51,2.81
03:21:52,2.81
03:21:53,2.81
03:21:54,2.81
03:21:55,2.81
03:21:56,2.81
03:21:57,2.81
03:21:58,2.81
03:21:59,2.81
03:22:00,2.81
03:22:01,2.81
03:22:02,2.81
03:22:03,2.81
03:22:04,2.81
03:22:05,2.81
03:22:06,2.81
03:22:07,2.81
03:22:08,2.81
03:22:09,2.81
03:22:10,2.81
03:22:11,2.81
03:22:12,2.81
03:22:13,2.81
03:22:14,2.81
03:22:15,2.81
03:22:16,2.81
03:22:17,2.81
03:22:18,2.81
03:22:19,2.81
03:22:20,2.81
03:22:21,2.81
03:22:22,2.81
03:22:23,2.81
03:22:24,2.81
03:22:25,2.81
03:22:26,2.81
03:22:27,2.81
03:22:28,2.81
03:22:29,2.81
03:22:30,2.81
03:22:31,2.81
03:22:32,2.81
03:22:33,2.81
03:22:34,2.81
03:22:35,2.81
03:22:36,2.81
03:22:37,2.81
03:22:38,2.81
03:22:39,2.81
03:22:40,2.81
03:22:41,2.81
03:22:42,2.81
03:22:43,2.81
03:22:44,2.81
03:22:45,2.81
03:22:46,2.81
03:22:47,2.81
03:22:48,2.81
03:22:49,2.81
03:22:50,2.81
03:22:51,2.81
03:22:52,2.81
03:22:53,2.81
03:22:54,2.81
03:22:55,2.81
03:22:56,2.81
03:22:57,2.81
03:22:58,2.81
03:22:59,2.81
03:23:00,2.81
03:23:01,2.81
03:23:02,2.81
03:23:03,2.81
03:23:04,2.81
03:23:05,2.81
03:23:06,2.81
03:23:07,2.81
03:23:08,2.81
03:23:09,2.81
03:23:10,2.81
03:23:11,2.81
03:23:12,2.81
03:23:13,2.81
03:23:14,2.81
03:23:15,2.81
03:23:16,2.81
03:23:17,2.81
03:23:18,2.81
03:23:19,2.81
03:23:20,2.81
03:23:21,2.81
03:23:22,2.81
03:23:23,2.81
03:23:24,2.81
03:23:25,2.81
03:23:26,2.81
03:23:27,2.81
03:23:28,2.81
03:23:29,2.81
03:23:30,2.81
03:23:31,2.81
03:23:32,2.81
03:23:33,2.81
03:23:34,2.81
03:23:35,2.81
03:23:36,2.81
03:23:37,2.81
03:23:38,2.81
03:23:39,2.81
03:23:40,2.81
03:23:41,2.81
03:23:42,2.81
03:23:43,2.81
03:23:44,2.81
03:23:45,2.81
03:23:46,2.81
03:23:47,2.81
03:23:48,2.81
03:23:49,2.81
03:23:50,2.81
03:23:51,2.81
03:23:52,2.81
03:23:53,2.81
03:23:54,2.81
03:23:55,2.81
03:23:56,2.81
03:23:57,2.81
03:23:58,2.81
03:23:59,2.81
03:24:00,2.81
03:24:01,2.81
03:24:02,2.81
03:24:03,2.81
03:24:04,2.81
03:24:05,2.81
03:24:06,2.81
03:24:07,2.81
03:24:08,2.81
03:24:09,2.81
03:24:10,2.81
03:24:11,2.81
03:24:12,2.81
03:24:13,2.81
03:24:14,2.81
03:24:15,2.81
03:24:16,2.81
03:24:17,2.81
03:24:18,2.81
03:24:19,2.81
03:24:20,2.81
03:24:21,2.81
03:24:22,2.81
03:24:23,2.81
03:24:24,2.81
03:24:25,2.81
03:24:26,2.81
03:24:27,2.81
03:24:28,2.81
03:24:29,2.81
03:24:30,2.81
03:24:31,2.81
03:24:32,2.81
03:24:33,2.81
03:24:34,2.81
03:24:35,2.81
03:24:36,2.81
03:24:37,2.81
03:24:38,2.81
03:24:39,2.81
03:24:40,2.81
03:24:41,2.81
03:24:42,2.81
03:24:43,2.81
03:24:44,2.81
03:24:45,2.81
03:24:46,2.81
03:24:47,2.81
03:24:48,2.81
03:24:49,2.81
03:24:50,2.81
03:24:51,2.81
03:24:52,2.81
03:24:53,2.81
03:24:54,2.81
03:24:55,2.81
03:24:56,2.81
03:24:57,2.81
03:24:58,2.81
03:24:59,2.81
03:25:00,2.81
03:25:01,2.81
03:25:02,2.81
03:25:03,2.81
03:25:04,2.81
03:25:05,2.81
03:25:06,2.81
03:25:07,2.81
03:25:08,2.81
03:25:09,2.81
03:25:10,2.81
03:25:11,2.81
03:25:12,2.81
03:25:13,2.81
03:25:14,2.81
03:25:15,2.81
03:25:16,2.81
03:25:17,2.81
03:25:18,2.81
03:25:19,2.81
03:25:20,2.81
03:25:21,2.81
03:25:22,2.81
03:25:23,2.81
03:25:24,2.81
03:25:25,2.81
03:25:26,2.81
03:25:27,2.81
03:25:28,2.81
03:25:29,2.81
03:25:30,2.81
03:25:31,2.81
03:25:32,2.81
03:25:33,2.81
03:25:34,2.81
03:25:35,2.81
03:25:36,2.81
03:25:37,2.81
03:25:38,2.81
03:25:39,2.81
03:25:40,2.81
03:25:41,2.81
03:25:42,2.81
03:25:43,2.81
03:25:44,2.81
03:25:45,2.81
03:25:46,2.81
03:25:47,2.81
03:25:48,2.81
03:25:49,2.81
03:25:50,2.81
03:25:51,2.81
03:25:52,2.81
03:25:53,2.81
03:25:54,2.81
03:25:55,2.81
03:25:56,2.81
03:25:57,2.81
03:25:58,2.81
03:25:59,2.81
03:26:00,2.81
03:26:01,2.81
03:26:02,2.81
03:26:03,2.81
03:26:04,2.81
03:26:05,2.81
03:26:06,2.81
03:26:07,2.81
03:26:08,2.81
03:26:09,2.81
03:26:10,2.81
03:26:11,2.81
03:26:12,2.81
03:26:13,2.81
03:26:14,2.81
03:26:15,2.81
03:26:16,2.81
03:26:17,2.81
03:26:18,2.81
03:26:19,2.81
03:26:20,2.81
03:26:21,2.81
03:26:22,2.81
03:26:23,2.81
03:26:24,2.81
03:26:25,2.81
03:26:26,2.81
03:26:27,2.81
03:26:28,2.81
03:26:29,2.81
03:26:30,2.81
03:26:31,2.81
03:26:32,2.81
03:26:33,2.81
03:26:34,2.81
03:26:35,2.81
03:26:36,2.81
03:26:37,2.81
03:26:38,2.81
03:26:39,2.81
03:26:40,2.81
03:26:41,2.81
03:26:42,2.81
03:26:43,2.81
03:26:44,2.81
03:26:45,2.81
03:26:46,2.81
03:26:47,2.81
03:26:48,2.81
03:26:49,2.81
03:26:50,2.81
03:26:51,2.81
03:26:52,2.81
03:26:53,2.81
03:26:54,2.81
03:26:55,2.81
03:26:56,2.81
03:26:57,2.81
03:26:58,2.81
03:26:59,2.81
03:27:00,2.81
03:27:01,2.81
03:27:02,2.81
03:27:03,2.81
03:27:04,2.81
03:27:05,2.81
03:27:06,2.81
03:27:07,2.81
03:27:08,2.81
03:27:09,2.81
03:27:10,2.81
03:27:11,2.81
03:27:12,2.81
03:27:13,2.81
03:27:14,2.81
03:27:15,2.81
03:27:16,2.81
03:27:17,2.81
03:27:18,2.81
03:27:19,2.81
03:27:20,2.81
03:27:21,2.81
03:27:22,2.81
03:27:23,2.81
03:27:24,2.81
03:27:25,2.81
03:27:26,2.81
03:27:27,2.81
03:27:28,2.81
03:27:29,2.81
03:27:30,2.81
03:27:31,2.81
03:27:32,2.81
03:27:33,2.81
03:27:34,2.81
03:27:35,2.81
03:27:36,2.81
03:27:37,2.81
03:27:38,2.81
03:27:39,2.81
03:27:40,2.81
03:27:41,2.81
03:27:42,2.81
03:27:43,2.81
03:27:44,2.81
03:27:45,2.81
03:27:46,2.81
03:27:47,2.81
03:27:48,2.81
03:27:49,2.81
03:27:50,2.81
03:27:51,2.81
03:27:52,2.81
03:27:53,2.81
03:27:54,2.81
03:27:55,2.81
03:27:56,2.81
03:27:57,2.81
03:27:58,2.81
03:27:59,2.81
03:28:00,2.81
03:28:01,2.81
03:28:02,2.81
03:28:03,2.81
03:28:04,2.81
03:28:05,2.81
03:28:06,2.81
03:28:07,2.81
03:28:08,2.81
03:28:09,2.81
03:28:10,2.81
03:28:11,2.81
03:28:12,2.81
03:28:13,2.81
03:28:14,2.81
03:28:15,2.81
03:28:16,2.81
03:28:17,2.81
03:28:18,2.81
03:28:19,2.81
03:28:20,2.81
03:28:21,2.81
03:28:22,2.81
03:28:23,2.81
03:28:24,2.81
03:28:25,2.81
03:28:26,2.81
03:28:27,2.81
03:28:28,2.81
03:28:29,2.81
03:28:30,2.81
03:28:31,2.81
03:28:32,2.81
03:28:33,2.81
03:28:34,2.81
03:28:35,2.81
03:28:36,2.81
03:28:37,2.81
03:28:38,2.81
03:28:39,2.81
03:28:40,2.81
03:28:41,2.81
03:28:42,2.81
03:28:43,2.81
03:28:44,2.81
03:28:45,2.81
03:28:46,2.81
03:28:47,2.81
03:28:48,2.81
03:28:49,2.81
03:28:50,2.81
03:28:51,2.81
03:28:52,2.81
03:28:53,2.81
03:28:54,2.81
03:28:55,2.81
03:28:56,2.81
03:28:57,2.81
03:28:58,2.81
03:28:59,2.81
03:29:00,2.81
03:29:01,2.81
03:29:02,2.81
03:29:03,2.81
03:29:04,2.81
03:29:05,2.81
03:29:06,2.81
03:29:07,2.81
03:29:08,2.81
03:29:09,2.81
03:29:10,2.81
03:29:11,2.81
03:29:12,2.81
03:29:13,2.81
03:29:14,2.81
03:29:15,2.81
03:29:16,2.81
03:29:17,2.81
03:29:18,2.81
03:29:19,2.81
03:29:20,2.81
03:29:21,2.81
03:29:22,2.81
03:29:23,2.81
03:29:24,2.81
03:29:25,2.81
03:29:26,2.81
03:29:27,2.81
03:29:28,2.81
03:29:29,2.81
03:29:30,2.81
03:29:31,2.81
03:29:32,2.81
03:29:33,2.81
03:29:34,2.81
03:29:35,2.81
03:29:36,2.81
03:29:37,2.81
03:29:38,2.81
03:29:39,2.81
03:29:40,2.81
03:29:41,2.81
03:29:42,2.81
03:29:43,2.81
03:29:44,2.81
03:29:45,2.81
03:29:46,2.81
03:29:47,2.81
03:29:48,2.81
03:29:49,2.81
03:29:50,2.81
03:29:51,2.81
03:29:52,2.81
03:29:53,2.81
03:29:54,2.81
03:29:55,2.81
03:29:56,2.81
03:29:57,2.81
03:29:58,2.81
03:29:59,2.81
03:30:00,2.81
03:30:01,2.81
03:30:02,2.81
03:30:03,2.81
03:30:04,2.81
03:30:05,2.81
03:30:06,2.81
03:30:07,2.81
03:30:08,2.81
03:30:09,2.81
03:30:10,2.81
03:30:11,2.81
03:30:12,2.81
03:30:13,2.81
03:30:14,2.81
03:30:15,2.81
03:30:16,2.81
03:30:17,2.81
03:30:18,2.81
03:30:19,2.81
03:30:20,2.81
03:30:21,2.81
03:30:22,2.81
03:30:23,2.81
03:30:24,2.81
03:30:25,2.81
03:30:26,2.81
03:30:27,2.81
03:30:28,2.81
03:30:29,2.81
03:30:30,2.81
03:30:31,2.81
03:30:32,2.81
03:30:33,2.81
03:30:34,2.81
03:30:35,2.81
03:30:36,2.81
03:30:37,2.81
03:30:38,2.81
03:30:39,2.81
03:30:40,2.81
03:30:41,2.81
03:30:42,2.81
03:30:43,2.81
03:30:44,2.81
03:30:45,2.81
03:30:46,2.81
03:30:47,2.81
03:30:48,2.81
03:30:49,2.81
03:30:50,2.81
03:30:51,2.81
03:30:52,2.81
03:30:53,2.81
03:30:54,2.81
03:30:55,2.81
03:30:56,2.81
03:30:57,2.81
03:30:58,2.81
03:30:59,2.81
03:31:00,2.81
03:31:01,2.81
03:31:02,2.81
03:31:03,2.81
03:31:04,2.81
03:31:05,2.81
03:31:06,2.81
03:31:07,2.81
03:31:08,2.81
03:31:09,2.81
03:31:10,2.81
03:31:11,2.81
03:31:12,2.81
03:31:13,2.81
03:31:14,2.81
03:31:15,2.81
03:31:16,2.81
03:31:17,2.81
03:31:18,2.81
03:31:19,2.81
03:31:20,2.81
03:31:21,2.81
03:31:22,2.81
03:31:23,2.81
03:31:24,2.81
03:31:25,2.81
03:31:26,2.81
03:31:27,2.81
03:31:28,2.81
03:31:29,2.81
03:31:30,2.81
03:31:31,2.81
03:31:32,2.81
03:31:33,2.81
03:31:34,2.81
03:31:35,2.81
03:31:36,2.81
03:31:37,2.81
03:31:38,2.81
03:31:39,2.81
03:31:40,2.81
03:31:41,2.81
03:31:42,2.81
03:31:43,2.81
03:31:44,2.81
03:31:45,2.81
03:31:46,2.81
03:31:47,2.81
03:31:48,2.81
03:31:49,2.81
03:31:50,2.81
03:31:51,2.81
03:31:52,2.81
03:31:53,2.81
03:31:54,2.81
03:31:55,2.81
03:31:56,2.81
03:31:57,2.81
03:31:58,2.81
03:31:59,2.81
03:32:00,2.81
03:32:01,2.81
03:32:02,2.81
03:32:03,2.81
03:32:04,2.81
03:32:05,2.81
03:32:06,2.81
03:32:07,2.81
03:32:08,2.81
03:32:09,2.81
03:32:10,2.81
03:32:11,2.81
03:32:12,2.81
03:32:13,2.81
03:32:14,2.81
03:32:15,2.81
03:32:16,2.81
03:32:17,2.81
03:32:18,2.81
03:32:19,2.81
03:32:20,2.81
03:32:21,2.81
03:32:22,2.81
03:32:23,2.81
03:32:24,2.81
03:32:25,2.81
03:32:26,2.81
03:32:27,2.81
03:32:28,2.81
03:32:29,2.81
03:32:30,2.81
03:32:31,2.81
03:32:32,2.81
03:32:33,2.81
03:32:34,2.81
03:32:35,2.81
03:32:36,2.81
03:32:37,2.81
03:32:38,2.81
03:32:39,2.81
03:32:40,2.81
03:32:41,2.81
03:32:42,2.81
03:32:43,2.81
03:32:44,2.81
03:32:45,2.81
03:32:46,2.81
03:32:47,2.81
03:32:48,2.81
03:32:49,2.81
03:32:50,2.81
03:32:51,2.81
03:32:52,2.81
03:32:53,2.81
03:32:54,2.81
03:32:55,2.81
03:32:56,2.81
03:32:57,2.81
03:32:58,2.81
03:32:59,2.81
03:33:00,2.81
03:33:01,2.81
03:33:02,2.81
03:33:03,2.81
03:33:04,2.81
03:33:05,2.81
03:33:06,2.81
03:33:07,2.81
03:33:08,2.81
03:33:09,2.81
03:33:10,2.81
03:33:11,2.81
03:33:12,2.81
03:33:13,2.81
03:33:14,2.81
03:33:15,2.81
03:33:16,2.81
03:33:17,2.81
03:33:18,2.81
03:33:19,2.81
03:33:20,2.81
03:33:21,2.81
03:33:22,2.81
03:33:23,2.81
03:33:24,2.81
03:33:25,2.81
03:33:26,2.81
03:33:27,2.81
03:33:28,2.81
03:33:29,2.81
03:33:30,2.81
03:33:31,2.81
03:33:32,2.81
03:33:33,2.81
03:33:34,2.81
03:33:35,2.81
03:33:36,2.81
03:33:37,2.81
03:33:38,2.81
03:33:39,2.81
03:33:40,2.81
03:33:41,2.81
03:33:42,2.81
03:33:43,2.81
03:33:44,2.81
03:33:45,2.81
03:33:46,2.81
03:33:47,2.81
03:33:48,2.81
03:33:49,2.81
03:33:50,2.81
03:33:51,2.81
03:33:52,2.81
03:33:53,2.81
03:33:54,2.81
03:33:55,2.81
03:33:56,2.81
03:33:57,2.81
03:33:58,2.81
03:33:59,2.81
03:34:00,2.81
03:34:01,2.81
03:34:02,2.81
03:34:03,2.81
03:34:04,2.81
03:34:05,2.81
03:34:06,2.81
03:34:07,2.81
03:34:08,2.81
03:34:09,2.81
03:34:10,2.81
03:34:11,2.81
03:34:12,2.81
03:34:13,2.81
03:34:14,2.81
03:34:15,2.81
03:34:16,2.81
03:34:17,2.81
03:34:18,2.81
03:34:19,2.81
03:34:20,2.81
03:34:21,2.81
03:34:22,2.81
03:34:23,2.81
03:34:24,2.81
03:34:25,2.81
03:34:26,2.81
03:34:27,2.81
03:34:28,2.81
03:34:29,2.81
03:34:30,2.81
03:34:31,2.81
03:34:32,2.81
03:34:33,2.81
03:34:34,2.81
03:34:35,2.81
03:34:36,2.81
03:34:37,2.81
03:34:38,2.81
03:34:39,2.81
03:34:40,2.81
03:34:41,2.81
03:34:42,2.81
03:34:43,2.81
03:34:44,2.81
03:34:45,2.81
03:34:46,2.81
03:34:47,2.81
03:34:48,2.81
03:34:49,2.81
03:34:50,2.81
03:34:51,2.81
03:34:52,2.81
03:34:53,2.81
03:34:54,2.81
03:34:55,2.81
03:34:56,2.81
03:34:57,2.81
03:34:58,2.81
03:34:59,2.81
03:35:00,2.81
03:35:01,2.81
03:35:02,2.81
03:35:03,2.81
03:35:04,2.81
03:35:05,2.81
03:35:06,2.81
03:35:07,2.81
03:35:08,2.81
03:35:09,2.81
03:35:10,2.81
03:35:11,2.81
03:35:12,2.81
03:35:13,2.81
03:35:14,2.81
03:35:15,2.81
03:35:16,2.81
03:35:17,2.81
03:35:18,2.81
03:35:19,2.81
03:35:20,2.81
03:35:21,2.81
03:35:22,2.81
03:35:23,2.81
03:35:24,2.81
03:35:25,2.81
03:35:26,2.81
03:35:27,2.81
03:35:28,2.81
03:35:29,2.81
03:35:30,2.81
03:35:31,2.81
03:35:32,2.81
03:35:33,2.81
03:35:34,2.81
03:35:35,2.81
03:35:36,2.81
03:35:37,2.81
03:35:38,2.81
03:35:39,2.81
03:35:40,2.81
03:35:41,2.81
03:35:42,2.81
03:35:43,2.81
03:35:44,2.81
03:35:45,2.81
03:35:46,2.81
03:35:47,2.81
03:35:48,2.81
03:35:49,2.81
03:35:50,2.81
03:35:51,2.81
03:35:52,2.81
03:35:53,2.81
03:35:54,2.81
03:35:55,2.81
03:35:56,2.81
03:35:57,2.81
03:35:58,2.81
03:35:59,2.81
03:36:00,2.81
03:36:01,2.81
03:36:02,2.81
03:36:03,2.81
03:36:04,2.81
03:36:05,2.81
03:36:06,2.81
03:36:07,2.81
03:36:08,2.81
03:36:09,2.81
03:36:10,2.81
03:36:11,2.81
03:36:12,2.81
03:36:13,2.81
03:36:14,2.81
03:36:15,2.81
03:36:16,2.81
03:36:17,2.81
03:36:18,2.81
03:36:19,2.81
03:36:20,2.81
03:36:21,2.81
03:36:22,2.81
03:36:23,2.81
03:36:24,2.81
03:36:25,2.81
03:36:26,2.81
03:36:27,2.81
03:36:28,2.81
03:36:29,2.81
03:36:30,2.81
03:36:31,2.81
03:36:32,2.81
03:36:33,2.81
03:36:34,2.81
03:36:35,2.81
03:36:36,2.81
03:36:37,2.81
03:36:38,2.81
03:36:39,2.81
03:36:40,2.81
03:36:41,2.81
03:36:42,2.81
03:36:43,2.81
03:36:44,2.81
03:36:45,2.81
03:36:46,2.81
03:36:47,2.81
03:36:48,2.81
03:36:49,2.81
03:36:50,2.81
03:36:51,2.81
03:36:52,2.81
03:36:53,2.81
03:36:54,2.81
03:36:55,2.81
03:36:56,2.81
03:36:57,2.81
03:36:58,2.81
03:36:59,2.81
03:37:00,2.81
03:37:01,2.81
03:37:02,2.81
03:37:03,2.81
03:37:04,2.81
03:37:05,2.81
03:37:06,2.81
03:37:07,2.81
03:37:08,2.81
03:37:09,2.81
03:37:10,2.81
03:37:11,2.81
03:37:12,2.81
03:37:13,2.81
03:37:14,2.81
03:37:15,2.81
03:37:16,2.81
03:37:17,2.81
03:37:18,2.81
03:37:19,2.81
03:37:20,2.81
03:37:21,2.81
03:37:22,2.81
03:37:23,2.81
03:37:24,2.81
03:37:25,2.81
03:37:26,2.81
03:37:27,2.81
03:37:28,2.81
03:37:29,2.81
03:37:30,2.81
03:37:31,2.81
03:37:32,2.81
03:37:33,2.81
03:37:34,2.81
03:37:35,2.81
03:37:36,2.81
03:37:37,2.81
03:37:38,2.81
03:37:39,2.81
03:37:40,2.81
03:37:41,2.81
03:37:42,2.81
03:37:43,2.81
03:37:44,2.81
03:37:45,2.81
03:37:46,2.81
03:37:47,2.81
03:37:48,2.81
03:37:49,2.81
03:37:50,2.81
03:37:51,2.81
03:37:52,2.81
03:37:53,2.81
03:37:54,2.81
03:37:55,2.81
03:37:56,2.81
03:37:57,2.81
03:37:58,2.81
03:37:59,2.81
03:38:00,2.81
03:38:01,2.81
03:38:02,2.81
03:38:03,2.81
03:38:04,2.81
03:38:05,2.81
03:38:06,2.81
03:38:07,2.81
03:38:08,2.81
03:38:09,2.81
03:38:10,2.81
03:38:11,2.81
03:38:12,2.81
03:38:13,2.81
03:38:14,2.81
03:38:15,2.81
03:38:16,2.81
03:38:17,2.81
03:38:18,2.81
03:38:19,2.81
03:38:20,2.81
03:38:21,2.81
03:38:22,2.81
03:38:23,2.81
03:38:24,2.81
03:38:25,2.81
03:38:26,2.81
03:38:27,2.81
03:38:28,2.81
03:38:29,2.81
03:38:30,2.81
03:38:31,2.81
03:38:32,2.81
03:38:33,2.81
03:38:34,2.81
03:38:35,2.81
03:38:36,2.81
03:38:37,2.81
03:38:38,2.81
03:38:39,2.81
03:38:40,2.81
03:38:41,2.81
03:38:42,2.81
03:38:43,2.81
03:38:44,2.81
03:38:45,2.81
03:38:46,2.81
03:38:47,2.81
03:38:48,2.81
03:38:49,2.81
03:38:50,2.81
03:38:51,2.81
03:38:52,6.23
03:38:53,9.65
03:38:54,13.07
03:38:55,16.49
03:38:56,19.91
03:38:57,23.33
03:38:58,26.75
03:38:59,30.17
03:39:00,33.59
03:39:01,37.01
03:39:02,40.43
03:39:03,43.85
03:39:04,47.27
03:39:05,50.69
03:39:06,54.11
03:39:07,57.53
03:39:08,58.3933333333
03:39:09,59.2566666667
03:39:10,60.12
03:39:11,60.9833333333
03:39:12,61.8466666667
03:39:13,62.71
03:39:14,63.5733333333
03:39:15,64.4366666667
03:39:16,65.3
03:39:17,66.1633333333
03:39:18,67.0266666667
03:39:19,67.89
03:39:20,68.7533333333
03:39:21,69.6166666667
03:39:22,70.48
03:39:23,70.48
03:39:24,70.48
03:39:25,70.48
03:39:26,70.48
03:39:27,70.48
03:39:28,70.48
03:39:29,70.48
03:39:30,70.48
03:39:31,70.48
03:39:32,70.48
03:39:33,70.48
03:39:34,70.48
03:39:35,70.48
03:39:36,70.48
03:39:37,70.48
03:39:38,70.48
03:39:39,69.7628571429
03:39:40,69.0457142857
03:39:41,68.3285714286
03:39:42,67.6114285714
03:39:43,66.8942857143
03:39:44,66.1771428571
03:39:45,65.46
03:39:46,64.7428571429
03:39:47,64.0257142857
03:39:48,63.3085714286
03:39:49,62.5914285714
03:39:50,61.8742857143
03:39:51,61.1571428571
03:39:52,60.44
03:39:53,56.821875
03:39:54,53.20375
03:39:55,49.585625
03:39:56,45.9675
03:39:57,42.349375
03:39:58,38.73125
03:39:59,35.113125
03:40:00,31.495
03:40:01,27.876875
03:40:02,24.25875
03:40:03,20.640625
03:40:04,17.0225
03:40:05,13.404375
03:40:06,9.78625
03:40:07,6.168125
03:40:08,2.55
03:40:09,2.55
03:40:10,2.55
03:40:11,2.55
03:40:12,2.55
03:40:13,2.55
03:40:14,2.55
03:40:15,2.55
03:40:16,2.55
03:40:17,2.55
03:40:18,2.55
03:40:19,2.55
03:40:20,2.55
03:40:21,2.55
03:40:22,2.55
03:40:23,2.55
03:40:24,2.55
03:40:25,2.55
03:40:26,2.55
03:40:27,2.55
03:40:28,2.55
03:40:29,2.55
03:40:30,2.55
03:40:31,2.55
03:40:32,2.55
03:40:33,2.55
03:40:34,2.55
03:40:35,2.55
03:40:36,2.55
03:40:37,2.55
03:40:38,2.55
03:40:39,2.55
03:40:40,2.55
03:40:41,2.55
03:40:42,2.55
03:40:43,2.55
03:40:44,2.55
03:40:45,2.55
03:40:46,2.55
03:40:47,2.55
03:40:48,2.55
03:40:49,2.55
03:40:50,2.55
03:40:51,2.55
03:40:52,2.55
03:40:53,2.55
03:40:54,2.55
03:40:55,2.55
03:40:56,2.55
03:40:57,2.55
03:40:58,2.55
03:40:59,2.55
03:41:00,2.55
03:41:01,2.55
03:41:02,2.55
03:41:03,2.55
03:41:04,2.55
03:41:05,2.55
03:41:06,2.55
03:41:07,2.55
03:41:08,2.55
03:41:09,2.55
03:41:10,2.55
03:41:11,2.55
03:41:12,2.55
03:41:13,2.55
03:41:14,2.55
03:41:15,2.55
03:41:16,2.55
03:41:17,2.55
03:41:18,2.55
03:41:19,2.55
03:41:20,2.55
03:41:21,2.55
03:41:22,2.55
03:41:23,2.55
03:41:24,2.55
03:41:25,2.55
03:41:26,2.55
03:41:27,2.55
03:41:28,2.55
03:41:29,2.55
03:41:30,2.55
03:41:31,2.55
03:41:32,2.55
03:41:33,2.55
03:41:34,2.55
03:41:35,2.55
03:41:36,2.55
03:41:37,2.55
03:41:38,2.55
03:41:39,2.55
03:41:40,2.55
03:41:41,2.55
03:41:42,2.55
03:41:43,2.55
03:41:44,2.55
03:41:45,2.55
03:41:46,2.55
03:41:47,2.55
03:41:48,2.55
03:41:49,2.55
03:41:50,2.55
03:41:51,2.55
03:41:52,2.55
03:41:53,2.55
03:41:54,2.55
03:41:55,2.55
03:41:56,2.55
03:41:57,2.55
03:41:58,2.55
03:41:59,2.55
03:42:00,2.55
03:42:01,2.55
03:42:02,2.55
03:42:03,2.55
03:42:04,2.55
03:42:05,2.55
03:42:06,2.55
03:42:07,2.55
03:42:08,2.55
03:42:09,2.55
03:42:10,2.55
03:42:11,2.55
03:42:12,2.55
03:42:13,2.55
03:42:14,2.55
03:42:15,2.55
03:42:16,2.55
03:42:17,2.55
03:42:18,2.55
03:42:19,2.55
03:42:20,2.55
03:42:21,2.55
03:42:22,2.55
03:42:23,2.55
03:42:24,2.55
03:42:25,2.55
03:42:26,2.55
03:42:27,2.55
03:42:28,2.55
03:42:29,2.55
03:42:30,2.55
03:42:31,2.55
03:42:32,2.55
03:42:33,2.55
03:42:34,2.55
03:42:35,2.55
03:42:36,2.55
03:42:37,2.55
03:42:38,2.55
03:42:39,2.55
03:42:40,2.55
03:42:41,2.55
03:42:42,2.55
03:42:43,2.55
03:42:44,2.55
03:42:45,2.55
03:42:46,2.55
03:42:47,2.55
03:42:48,2.55
03:42:49,2.55
03:42:50,2.55
03:42:51,2.55
03:42:52,2.55
03:42:53,2.55
03:42:54,2.55
03:42:55,2.55
03:42:56,2.55
03:42:57,2.55
03:42:58,2.55
03:42:59,2.55
03:43:00,2.55
03:43:01,2.55
03:43:02,2.55
03:43:03,2.55
03:43:04,2.55
03:43:05,2.55
03:43:06,2.55
03:43:07,2.55
03:43:08,2.55
03:43:09,2.55
03:43:10,2.55
03:43:11,2.55
03:43:12,2.55
03:43:13,2.55
03:43:14,2.55
03:43:15,2.55
03:43:16,2.55
03:43:17,2.55
03:43:18,2.55
03:43:19,2.55
03:43:20,2.55
03:43:21,2.55
03:43:22,2.55
03:43:23,2.55
03:43:24,2.55
03:43:25,2.55
03:43:26,2.55
03:43:27,2.55
03:43:28,2.55
03:43:29,2.55
03:43:30,2.55
03:43:31,2.55
03:43:32,2.55
03:43:33,2.55
03:43:34,2.55
03:43:35,2.55
03:43:36,2.55
03:43:37,2.55
03:43:38,2.55
03:43:39,2.55
03:43:40,2.55
03:43:41,2.55
03:43:42,2.55
03:43:43,2.55
03:43:44,2.55
03:43:45,2.55
03:43:46,2.55
03:43:47,2.55
03:43:48,2.55
03:43:49,2.55
03:43:50,2.55
03:43:51,2.55
03:43:52,2.55
03:43:53,2.55
03:43:54,2.55
03:43:55,2.55
03:43:56,2.55
03:43:57,2.55
03:43:58,2.55
03:43:59,2.55
03:44:00,2.55
03:44:01,2.55
03:44:02,2.55
03:44:03,2.55
03:44:04,2.55
03:44:05,2.55
03:44:06,2.55
03:44:07,2.55
03:44:08,2.55
03:44:09,2.55
03:44:10,2.55
03:44:11,2.55
03:44:12,2.55
03:44:13,2.55
03:44:14,2.55
03:44:15,2.55
03:44:16,2.55
03:44:17,2.55
03:44:18,2.55
03:44:19,2.55
03:44:20,2.55
03:44:21,2.55
03:44:22,2.55
03:44:23,2.55
03:44:24,2.55
03:44:25,2.55
03:44:26,2.55
03:44:27,2.55
03:44:28,2.55
03:44:29,2.55
03:44:30,2.55
03:44:31,2.55
03:44:32,2.55
03:44:33,2.55
03:44:34,2.55
03:44:35,2.55
03:44:36,2.55
03:44:37,2.55
03:44:38,2.55
03:44:39,2.55
03:44:40,2.55
03:44:41,2.55
03:44:42,2.55
03:44:43,2.55
03:44:44,2.55
03:44:45,2.55
03:44:46,2.55
03:44:47,2.55
03:44:48,2.55
03:44:49,2.55
03:44:50,2.55
03:44:51,2.55
03:44:52,2.55
03:44:53,2.55
03:44:54,2.55
03:44:55,2.55
03:44:56,2.55
03:44:57,2.55
03:44:58,2.55
03:44:59,2.55
03:45:00,2.55
03:45:01,2.55
03:45:02,2.55
03:45:03,2.55
03:45:04,2.55
03:45:05,2.55
03:45:06,2.55
03:45:07,2.55
03:45:08,2.55
03:45:09,2.55
03:45:10,2.55
03:45:11,2.55
03:45:12,2.55
03:45:13,2.55
03:45:14,2.55
03:45:15,2.55
03:45:16,2.55
03:45:17,2.55
03:45:18,2.55
03:45:19,2.55
03:45:20,2.55
03:45:21,2.55
03:45:22,2.55
03:45:23,2.55
03:45:24,2.55
03:45:25,2.55
03:45:26,2.55
03:45:27,2.55
03:45:28,2.55
03:45:29,2.55
03:45:30,2.55
03:45:31,2.55
03:45:32,2.55
03:45:33,2.55
03:45:34,2.55
03:45:35,2.55
03:45:36,2.55
03:45:37,2.55
03:45:38,2.55
03:45:39,2.55
03:45:40,2.55
03:45:41,2.55
03:45:42,2.55
03:45:43,2.55
03:45:44,2.55
03:45:45,2.55
03:45:46,2.55
03:45:47,2.55
03:45:48,2.55
03:45:49,2.55
03:45:50,2.55
03:45:51,2.55
03:45:52,2.55
03:45:53,2.55
03:45:54,2.55
03:45:55,2.55
03:45:56,2.55
03:45:57,2.55
03:45:58,2.55
03:45:59,2.55
03:46:00,2.55
03:46:01,2.55
03:46:02,2.55
03:46:03,2.55
03:46:04,2.55
03:46:05,2.55
03:46:06,2.55
03:46:07,2.55
03:46:08,2.55
03:46:09,2.55
03:46:10,2.55
03:46:11,2.55
03:46:12,2.55
03:46:13,2.55
03:46:14,2.55
03:46:15,2.55
03:46:16,2.55
03:46:17,2.55
03:46:18,2.55
03:46:19,2.55
03:46:20,2.55
03:46:21,2.55
03:46:22,2.55
03:46:23,2.55
03:46:24,2.55
03:46:25,2.55
03:46:26,2.55
03:46:27,2.55
03:46:28,2.55
03:46:29,2.55
03:46:30,2.55
03:46:31,2.55
03:46:32,2.55
03:46:33,2.55
03:46:34,2.55
03:46:35,2.55
03:46:36,2.55
03:46:37,2.55
03:46:38,2.55
03:46:39,2.55
03:46:40,2.55
03:46:41,2.55
03:46:42,2.55
03:46:43,2.55
03:46:44,2.55
03:46:45,2.55
03:46:46,2.55
03:46:47,2.55
03:46:48,2.55
03:46:49,2.55
03:46:50,2.55
03:46:51,2.55
03:46:52,2.55
03:46:53,2.55
03:46:54,2.55
03:46:55,2.55
03:46:56,2.55
03:46:57,2.55
03:46:58,2.55
03:46:59,2.55
03:47:00,2.55
03:47:01,2.55
03:47:02,2.55
03:47:03,2.55
03:47:04,2.55
03:47:05,2.55
03:47:06,2.55
03:47:07,2.55
03:47:08,2.55
03:47:09,2.55
03:47:10,2.55
03:47:11,2.55
03:47:12,2.55
03:47:13,2.55
03:47:14,2.55
03:47:15,2.55
03:47:16,2.55
03:47:17,2.55
03:47:18,2.55
03:47:19,2.55
03:47:20,2.55
03:47:21,2.55
03:47:22,2.55
03:47:23,2.55
03:47:24,2.55
03:47:25,2.55
03:47:26,2.55
03:47:27,2.55
03:47:28,2.55
03:47:29,2.55
03:47:30,2.55
03:47:31,2.55
03:47:32,2.55
03:47:33,2.55
03:47:34,2.55
03:47:35,2.55
03:47:36,2.55
03:47:37,2.55
03:47:38,2.55
03:47:39,2.55
03:47:40,2.55
03:47:41,2.55
03:47:42,2.55
03:47:43,2.55
03:47:44,2.55
03:47:45,2.55
03:47:46,2.55
03:47:47,2.55
03:47:48,2.55
03:47:49,2.55
03:47:50,2.55
03:47:51,2.55
03:47:52,2.55
03:47:53,2.55
03:47:54,2.55
03:47:55,2.55
03:47:56,2.55
03:47:57,2.55
03:47:58,2.55
03:47:59,2.55
03:48:00,2.55
03:48:01,2.55
03:48:02,2.55
03:48:03,2.55
03:48:04,2.55
03:48:05,2.55
03:48:06,2.55
03:48:07,2.55
03:48:08,2.55
03:48:09,2.55
03:48:10,2.55
03:48:11,2.55
03:48:12,2.55
03:48:13,2.55
03:48:14,2.55
03:48:15,2.55
03:48:16,2.55
03:48:17,2.55
03:48:18,2.55
03:48:19,2.55
03:48:20,2.55
03:48:21,2.55
03:48:22,2.55
03:48:23,2.55
03:48:24,2.55
03:48:25,2.55
03:48:26,2.55
03:48:27,2.55
03:48:28,2.55
03:48:29,2.55
03:48:30,2.55
03:48:31,2.55
03:48:32,2.55
03:48:33,2.55
03:48:34,2.55
03:48:35,2.55
03:48:36,2.55
03:48:37,2.55
03:48:38,2.55
03:48:39,2.55
03:48:40,2.55
03:48:41,2.55
03:48:42,2.55
03:48:43,2.55
03:48:44,2.55
03:48:45,2.55
03:48:46,2.55
03:48:47,2.55
03:48:48,2.55
03:48:49,2.55
03:48:50,2.55
03:48:51,2.55
03:48:52,2.55
03:48:53,2.55
03:48:54,2.55
03:48:55,2.55
03:48:56,2.55
03:48:57,2.55
03:48:58,2.55
03:48:59,2.55
03:49:00,2.55
03:49:01,2.55
03:49:02,2.55
03:49:03,2.55
03:49:04,2.55
03:49:05,2.55
03:49:06,2.55
03:49:07,2.55
03:49:08,2.55
03:49:09,2.55
03:49:10,2.55
03:49:11,2.55
03:49:12,2.55
03:49:13,2.55
03:49:14,2.55
03:49:15,2.55
03:49:16,2.55
03:49:17,2.55
03:49:18,2.55
03:49:19,2.55
03:49:20,2.55
03:49:21,2.55
03:49:22,2.55
03:49:23,2.55
03:49:24,2.55
03:49:25,2.55
03:49:26,2.55
03:49:27,2.55
03:49:28,2.55
03:49:29,2.55
03:49:30,2.55
03:49:31,2.55
03:49:32,2.55
03:49:33,2.55
03:49:34,2.55
03:49:35,2.55
03:49:36,2.55
03:49:37,2.55
03:49:38,2.55
03:49:39,2.55
03:49:40,2.55
03:49:41,2.55
03:49:42,2.55
03:49:43,2.55
03:49:44,2.55
03:49:45,2.55
03:49:46,2.55
03:49:47,2.55
03:49:48,2.55
03:49:49,2.55
03:49:50,2.55
03:49:51,2.55
03:49:52,2.55
03:49:53,2.55
03:49:54,2.55
03:49:55,2.55
03:49:56,2.55
03:49:57,2.55
03:49:58,2.55
03:49:59,2.55
03:50:00,2.55
03:50:01,2.55
03:50:02,2.55
03:50:03,2.55
03:50:04,2.55
03:50:05,2.55
03:50:06,2.55
03:50:07,2.55
03:50:08,2.55
03:50:09,2.55
03:50:10,2.55
03:50:11,2.55
03:50:12,2.55
03:50:13,2.55
03:50:14,2.55
03:50:15,2.55
03:50:16,2.55
03:50:17,2.55
03:50:18,2.55
03:50:19,2.55
03:50:20,2.55
03:50:21,2.55
03:50:22,2.55
03:50:23,2.55
03:50:24,2.55
03:50:25,2.55
03:50:26,2.55
03:50:27,2.55
03:50:28,2.55
03:50:29,2.55
03:50:30,2.55
03:50:31,2.55
03:50:32,2.55
03:50:33,2.55
03:50:34,2.55
03:50:35,2.55
03:50:36,2.55
03:50:37,2.55
03:50:38,2.55
03:50:39,2.55
03:50:40,2.55
03:50:41,2.55
03:50:42,2.55
03:50:43,2.55
03:50:44,2.55
03:50:45,2.55
03:50:46,2.55
03:50:47,2.55
03:50:48,2.55
03:50:49,2.55
03:50:50,2.55
03:50:51,2.55
03:50:52,2.55
03:50:53,2.55
03:50:54,2.55
03:50:55,2.55
03:50:56,2.55
03:50:57,2.55
03:50:58,2.55
03:50:59,2.55
03:51:00,2.55
03:51:01,2.55
03:51:02,2.55
03:51:03,2.55
03:51:04,2.55
03:51:05,2.55
03:51:06,2.55
03:51:07,2.55
03:51:08,2.55
03:51:09,2.55
03:51:10,2.55
03:51:11,2.55
03:51:12,2.55
03:51:13,2.55
03:51:14,2.55
03:51:15,2.55
03:51:16,2.55
03:51:17,2.55
03:51:18,2.55
03:51:19,2.55
03:51:20,2.55
03:51:21,2.55
03:51:22,2.55
03:51:23,2.55
03:51:24,2.55
03:51:25,2.55
03:51:26,2.55
03:51:27,2.55
03:51:28,2.55
03:51:29,2.55
03:51:30,2.55
03:51:31,2.55
03:51:32,2.55
03:51:33,2.55
03:51:34,2.55
03:51:35,2.55
03:51:36,2.55
03:51:37,2.55
03:51:38,2.55
03:51:39,2.55
03:51:40,2.55
03:51:41,2.55
03:51:42,2.55
03:51:43,2.55
03:51:44,2.55
03:51:45,2.55
03:51:46,2.55
03:51:47,2.55
03:51:48,2.55
03:51:49,2.55
03:51:50,2.55
03:51:51,2.55
03:51:52,2.55
03:51:53,2.55
03:51:54,2.55
03:51:55,2.55
03:51:56,2.55
03:51:57,2.55
03:51:58,2.55
03:51:59,2.55
03:52:00,2.55
03:52:01,2.55
03:52:02,2.55
03:52:03,2.55
03:52:04,2.55
03:52:05,2.55
03:52:06,2.55
03:52:07,2.55
03:52:08,2.55
03:52:09,2.55
03:52:10,2.55
03:52:11,2.55
03:52:12,2.55
03:52:13,2.55
03:52:14,2.55
03:52:15,2.55
03:52:16,2.55
03:52:17,2.55
03:52:18,2.55
03:52:19,2.55
03:52:20,2.55
03:52:21,2.55
03:52:22,2.55
03:52:23,2.55
03:52:24,2.55
03:52:25,2.55
03:52:26,2.55
03:52:27,2.55
03:52:28,2.55
03:52:29,2.55
03:52:30,2.55
03:52:31,2.55
03:52:32,2.55
03:52:33,2.55
03:52:34,2.55
03:52:35,2.55
03:52:36,2.55
03:52:37,2.55
03:52:38,2.55
03:52:39,2.55
03:52:40,2.55
03:52:41,2.55
03:52:42,2.55
03:52:43,2.55
03:52:44,2.55
03:52:45,2.55
03:52:46,2.55
03:52:47,2.55
03:52:48,2.55
03:52:49,2.55
03:52:50,2.55
03:52:51,2.55
03:52:52,2.55
03:52:53,2.55
03:52:54,2.55
03:52:55,2.55
03:52:56,2.55
03:52:57,2.55
03:52:58,2.55
03:52:59,2.55
03:53:00,2.55
03:53:01,2.55
03:53:02,2.55
03:53:03,2.55
03:53:04,2.55
03:53:05,2.55
03:53:06,2.55
03:53:07,2.55
03:53:08,2.55
03:53:09,2.55
03:53:10,2.55
03:53:11,2.55
03:53:12,2.55
03:53:13,2.55
03:53:14,2.55
03:53:15,2.55
03:53:16,2.55
03:53:17,2.55
03:53:18,2.55
03:53:19,2.55
03:53:20,2.55
03:53:21,2.55
03:53:22,2.55
03:53:23,2.55
03:53:24,2.55
03:53:25,2.55
03:53:26,2.55
03:53:27,2.55
03:53:28,2.55
03:53:29,2.55
03:53:30,2.55
03:53:31,2.55
03:53:32,2.55
03:53:33,2.55
03:53:34,2.55
03:53:35,2.55
03:53:36,2.55
03:53:37,2.55
03:53:38,2.55
03:53:39,2.55
03:53:40,2.55
03:53:41,2.55
03:53:42,2.55
03:53:43,2.55
03:53:44,2.55
03:53:45,2.55
03:53:46,2.55
03:53:47,2.55
03:53:48,2.55
03:53:49,2.55
03:53:50,2.55
03:53:51,2.55
03:53:52,2.55
03:53:53,2.55
03:53:54,2.55
03:53:55,2.55
03:53:56,2.55
03:53:57,2.55
03:53:58,2.55
03:53:59,2.55
03:54:00,2.55
03:54:01,2.55
03:54:02,2.55
03:54:03,2.55
03:54:04,2.55
03:54:05,2.55
03:54:06,2.55
03:54:07,2.55
03:54:08,2.55
03:54:09,2.55
03:54:10,2.55
03:54:11,2.55
03:54:12,2.55
03:54:13,2.55
03:54:14,2.55
03:54:15,2.55
03:54:16,2.55
03:54:17,2.55
03:54:18,2.55
03:54:19,2.55
03:54:20,2.55
03:54:21,2.55
03:54:22,2.55
03:54:23,2.55
03:54:24,2.55
03:54:25,2.55
03:54:26,2.55
03:54:27,2.55
03:54:28,2.55
03:54:29,2.55
03:54:30,2.55
03:54:31,2.55
03:54:32,2.55
03:54:33,2.55
03:54:34,2.55
03:54:35,2.55
03:54:36,2.55
03:54:37,2.55
03:54:38,2.55
03:54:39,2.55
03:54:40,2.55
03:54:41,2.55
03:54:42,2.55
03:54:43,2.55
03:54:44,2.55
03:54:45,2.55
03:54:46,2.55
03:54:47,2.55
03:54:48,2.55
03:54:49,2.55
03:54:50,2.55
03:54:51,2.55
03:54:52,2.55
03:54:53,2.55
03:54:54,2.55
03:54:55,2.55
03:54:56,2.55
03:54:57,2.55
03:54:58,2.55
03:54:59,2.55
03:55:00,2.55
03:55:01,2.55
03:55:02,2.55
03:55:03,2.55
03:55:04,2.55
03:55:05,2.55
03:55:06,2.55
03:55:07,2.55
03:55:08,2.55
03:55:09,2.55
03:55:10,2.55
03:55:11,2.55
03:55:12,2.55
03:55:13,2.55
03:55:14,2.55
03:55:15,2.55
03:55:16,2.55
03:55:17,2.55
03:55:18,2.55
03:55:19,2.55
03:55:20,2.55
03:55:21,2.55
03:55:22,2.55
03:55:23,2.55
03:55:24,2.55
03:55:25,2.55
03:55:26,2.55
03:55:27,2.55
03:55:28,2.55
03:55:29,2.55
03:55:30,2.55
03:55:31,2.55
03:55:32,2.55
03:55:33,2.55
03:55:34,2.55
03:55:35,2.55
03:55:36,2.55
03:55:37,2.55
03:55:38,2.55
03:55:39,2.55
03:55:40,2.55
03:55:41,2.55
03:55:42,2.55
03:55:43,2.55
03:55:44,2.55
03:55:45,2.55
03:55:46,2.55
03:55:47,2.55
03:55:48,2.55
03:55:49,2.55
03:55:50,2.55
03:55:51,2.55
03:55:52,2.55
03:55:53,2.55
03:55:54,2.55
03:55:55,2.55
03:55:56,2.55
03:55:57,2.55
03:55:58,2.55
03:55:59,2.55
03:56:00,2.55
03:56:01,2.55
03:56:02,2.55
03:56:03,2.55
03:56:04,2.55
03:56:05,2.55
03:56:06,2.55
03:56:07,2.55
03:56:08,2.55
03:56:09,2.55
03:56:10,2.55
03:56:11,2.55
03:56:12,2.55
03:56:13,2.55
03:56:14,2.55
03:56:15,2.55
03:56:16,2.55
03:56:17,2.55
03:56:18,2.55
03:56:19,2.55
03:56:20,2.55
03:56:21,2.55
03:56:22,2.55
03:56:23,2.55
03:56:24,2.55
03:56:25,2.55
03:56:26,2.55
03:56:27,2.55
03:56:28,2.55
03:56:29,2.55
03:56:30,2.55
03:56:31,2.55
03:56:32,2.55
03:56:33,2.55
03:56:34,2.55
03:56:35,2.55
03:56:36,2.55
03:56:37,2.55
03:56:38,2.55
03:56:39,2.55
03:56:40,2.55
03:56:41,2.55
03:56:42,2.55
03:56:43,2.55
03:56:44,2.55
03:56:45,2.55
03:56:46,2.55
03:56:47,2.55
03:56:48,2.55
03:56:49,2.55
03:56:50,2.55
03:56:51,2.55
03:56:52,2.55
03:56:53,2.55
03:56:54,2.55
03:56:55,2.55
03:56:56,2.55
03:56:57,2.55
03:56:58,2.55
03:56:59,2.55
03:57:00,2.55
03:57:01,2.55
03:57:02,2.55
03:57:03,2.55
03:57:04,2.55
03:57:05,2.55
03:57:06,2.55
03:57:07,2.55
03:57:08,2.55
03:57:09,2.55
03:57:10,2.55
03:57:11,2.55
03:57:12,2.55
03:57:13,2.55
03:57:14,2.55
03:57:15,2.55
03:57:16,2.55
03:57:17,2.55
03:57:18,2.55
03:57:19,2.55
03:57:20,2.55
03:57:21,2.55
03:57:22,2.55
03:57:23,2.55
03:57:24,2.55
03:57:25,2.55
03:57:26,2.55
03:57:27,2.55
03:57:28,2.55
03:57:29,2.55
03:57:30,2.55
03:57:31,2.55
03:57:32,2.55
03:57:33,2.55
03:57:34,2.55
03:57:35,2.55
03:57:36,2.55
03:57:37,2.55
03:57:38,2.55
03:57:39,2.55
03:57:40,2.55
03:57:41,2.55
03:57:42,2.55
03:57:43,2.55
03:57:44,2.55
03:57:45,2.55
03:57:46,2.55
03:57:47,2.55
03:57:48,2.55
03:57:49,2.55
03:57:50,2.55
03:57:51,2.55
03:57:52,2.55
03:57:53,2.55
03:57:54,2.55
03:57:55,2.55
03:57:56,2.55
03:57:57,2.55
03:57:58,2.55
03:57:59,2.55
03:58:00,2.55
03:58:01,2.55
03:58:02,2.55
03:58:03,2.55
03:58:04,2.55
03:58:05,2.55
03:58:06,2.55
03:58:07,2.55
03:58:08,2.55
03:58:09,2.55
03:58:10,2.55
03:58:11,2.55
03:58:12,2.55
03:58:13,2.55
03:58:14,2.55
03:58:15,2.55
03:58:16,2.55
03:58:17,2.55
03:58:18,2.55
03:58:19,2.55
03:58:20,2.55
03:58:21,2.55
03:58:22,2.55
03:58:23,2.55
03:58:24,2.55
03:58:25,2.55
03:58:26,2.55
03:58:27,2.55
03:58:28,2.55
03:58:29,2.55
03:58:30,2.55
03:58:31,2.55
03:58:32,2.55
03:58:33,2.55
03:58:34,2.55
03:58:35,2.55
03:58:36,2.55
03:58:37,2.55
03:58:38,2.55
03:58:39,2.55
03:58:40,2.55
03:58:41,2.55
03:58:42,2.55
03:58:43,2.55
03:58:44,2.55
03:58:45,2.55
03:58:46,2.55
03:58:47,2.55
03:58:48,2.55
03:58:49,2.55
03:58:50,2.55
03:58:51,2.55
03:58:52,2.55
03:58:53,2.55
03:58:54,2.55
03:58:55,2.55
03:58:56,2.55
03:58:57,2.55
03:58:58,2.55
03:58:59,2.55
03:59:00,2.55
03:59:01,2.55
03:59:02,2.55
03:59:03,2.55
03:59:04,2.55
03:59:05,2.55
03:59:06,2.55
03:59:07,2.55
03:59:08,2.55
03:59:09,2.55
03:59:10,2.55
03:59:11,2.55
03:59:12,2.55
03:59:13,2.55
03:59:14,2.55
03:59:15,2.55
03:59:16,2.55
03:59:17,2.55
03:59:18,2.55
03:59:19,2.55
03:59:20,2.55
03:59:21,2.55
03:59:22,2.55
03:59:23,2.55
03:59:24,2.55
03:59:25,2.55
03:59:26,2.55
03:59:27,2.55
03:59:28,2.55
03:59:29,2.55
03:59:30,2.55
03:59:31,2.55
03:59:32,2.55
03:59:33,2.55
03:59:34,2.55
03:59:35,2.55
03:59:36,2.55
03:59:37,2.55
03:59:38,2.55
03:59:39,2.55
03:59:40,2.55
03:59:41,2.55
03:59:42,2.55
03:59:43,2.55
03:59:44,2.55
03:59:45,2.55
03:59:46,2.55
03:59:47,2.55
03:59:48,2.55
03:59:49,2.55
03:59:50,2.55
03:59:51,2.55
03:59:52,2.55
03:59:53,2.55
03:59:54,2.55
03:59:55,2.55
03:59:56,2.55
03:59:57,2.55
03:59:58,2.55
03:59:59,2.55
04:00:00,2.55
04:00:01,2.55
04:00:02,2.55
04:00:03,2.55
04:00:04,2.55
04:00:05,2.55
04:00:06,2.55
04:00:07,2.55
04:00:08,2.55
04:00:09,2.55
04:00:10,2.55
04:00:11,2.55
04:00:12,2.55
04:00:13,2.55
04:00:14,2.55
04:00:15,2.55
04:00:16,2.55
04:00:17,2.55
04:00:18,2.55
04:00:19,2.55
04:00:20,2.55
04:00:21,2.55
04:00:22,2.55
04:00:23,2.55
04:00:24,2.55
04:00:25,2.55
04:00:26,2.55
04:00:27,2.55
04:00:28,2.55
04:00:29,2.55
04:00:30,2.55
04:00:31,2.55
04:00:32,2.55
04:00:33,2.55
04:00:34,2.55
04:00:35,2.55
04:00:36,2.55
04:00:37,2.55
04:00:38,2.55
04:00:39,2.55
04:00:40,2.55
04:00:41,2.55
04:00:42,2.55
04:00:43,2.55
04:00:44,2.55
04:00:45,2.55
04:00:46,2.55
04:00:47,2.55
04:00:48,2.55
04:00:49,2.55
04:00:50,2.55
04:00:51,2.55
04:00:52,2.55
04:00:53,2.55
04:00:54,2.55
04:00:55,2.55
04:00:56,2.55
04:00:57,2.55
04:00:58,2.55
04:00:59,2.55
04:01:00,2.55
04:01:01,2.55
04:01:02,2.55
04:01:03,2.55
04:01:04,2.55
04:01:05,2.55
04:01:06,2.55
04:01:07,2.55
04:01:08,2.55
04:01:09,2.55
04:01:10,2.55
04:01:11,2.55
04:01:12,2.55
04:01:13,2.55
04:01:14,2.55
04:01:15,2.55
04:01:16,2.55
04:01:17,2.55
04:01:18,2.55
04:01:19,2.55
04:01:20,2.55
04:01:21,2.55
04:01:22,2.55
04:01:23,2.55
04:01:24,2.55
04:01:25,2.55
04:01:26,2.55
04:01:27,2.55
04:01:28,2.55
04:01:29,2.55
04:01:30,2.55
04:01:31,2.55
04:01:32,2.55
04:01:33,2.55
04:01:34,2.55
04:01:35,2.55
04:01:36,2.55
04:01:37,2.55
04:01:38,2.55
04:01:39,2.55
04:01:40,2.55
04:01:41,2.55
04:01:42,2.55
04:01:43,2.55
04:01:44,2.55
04:01:45,2.55
04:01:46,2.55
04:01:47,2.55
04:01:48,2.55
04:01:49,2.55
04:01:50,2.55
04:01:51,2.55
04:01:52,2.55
04:01:53,2.55
04:01:54,2.55
04:01:55,2.55
04:01:56,2.55
04:01:57,2.55
04:01:58,2.55
04:01:59,2.55
04:02:00,2.55
04:02:01,2.55
04:02:02,2.55
04:02:03,2.55
04:02:04,2.55
04:02:05,2.55
04:02:06,2.55
04:02:07,2.55
04:02:08,2.55
04:02:09,2.55
04:02:10,2.55
04:02:11,2.55
04:02:12,2.55
04:02:13,2.55
04:02:14,2.55
04:02:15,2.55
04:02:16,2.55
04:02:17,2.55
04:02:18,2.55
04:02:19,2.55
04:02:20,2.55
04:02:21,2.55
04:02:22,2.55
04:02:23,2.55
04:02:24,2.55
04:02:25,2.55
04:02:26,2.55
04:02:27,2.55
04:02:28,2.55
04:02:29,2.55
04:02:30,2.55
04:02:31,2.55
04:02:32,2.55
04:02:33,2.55
04:02:34,2.55
04:02:35,2.55
04:02:36,2.55
04:02:37,2.55
04:02:38,2.55
04:02:39,2.55
04:02:40,2.55
04:02:41,2.55
04:02:42,2.55
04:02:43,2.55
04:02:44,2.55
04:02:45,2.55
04:02:46,2.55
04:02:47,2.55
04:02:48,2.55
04:02:49,2.55
04:02:50,2.55
04:02:51,2.55
04:02:52,2.55
04:02:53,2.55
04:02:54,2.55
04:02:55,2.55
04:02:56,2.55
04:02:57,2.55
04:02:58,2.55
04:02:59,2.55
04:03:00,2.55
04:03:01,2.55
04:03:02,2.55
04:03:03,2.55
04:03:04,2.55
04:03:05,2.55
04:03:06,2.55
04:03:07,2.55
04:03:08,2.55
04:03:09,2.55
04:03:10,2.55
04:03:11,2.55
04:03:12,2.55
04:03:13,2.55
04:03:14,2.55
04:03:15,2.55
04:03:16,2.55
04:03:17,2.55
04:03:18,2.55
04:03:19,2.55
04:03:20,2.55
04:03:21,2.55
04:03:22,2.55
04:03:23,2.55
04:03:24,2.55
04:03:25,2.55
04:03:26,2.55
04:03:27,2.55
04:03:28,2.55
04:03:29,2.55
04:03:30,2.55
04:03:31,2.55
04:03:32,2.55
04:03:33,2.55
04:03:34,2.55
04:03:35,2.55
04:03:36,2.55
04:03:37,2.55
04:03:38,2.55
04:03:39,2.55
04:03:40,2.55
04:03:41,2.55
04:03:42,2.55
04:03:43,2.55
04:03:44,2.55
04:03:45,2.55
04:03:46,2.55
04:03:47,2.55
04:03:48,2.55
04:03:49,2.55
04:03:50,2.55
04:03:51,2.55
04:03:52,2.55
04:03:53,2.55
04:03:54,2.55
04:03:55,2.55
04:03:56,2.55
04:03:57,2.55
04:03:58,2.55
04:03:59,2.55
04:04:00,2.55
04:04:01,2.55
04:04:02,2.55
04:04:03,2.55
04:04:04,2.55
04:04:05,2.55
04:04:06,2.55
04:04:07,2.55
04:04:08,2.55
04:04:09,2.55
04:04:10,2.55
04:04:11,2.55
04:04:12,2.55
04:04:13,2.55
04:04:14,2.55
04:04:15,2.55
04:04:16,2.55
04:04:17,2.55
04:04:18,2.55
04:04:19,2.55
04:04:20,2.55
04:04:21,2.55
04:04:22,2.55
04:04:23,2.55
04:04:24,2.55
04:04:25,2.55
04:04:26,2.55
04:04:27,2.55
04:04:28,2.55
04:04:29,2.55
04:04:30,2.55
04:04:31,2.55
04:04:32,2.55
04:04:33,2.55
04:04:34,2.55
04:04:35,2.55
04:04:36,2.55
04:04:37,2.55
04:04:38,2.55
04:04:39,2.55
04:04:40,2.55
04:04:41,2.55
04:04:42,2.55
04:04:43,2.55
04:04:44,2.55
04:04:45,2.55
04:04:46,2.55
04:04:47,2.55
04:04:48,2.55
04:04:49,2.55
04:04:50,2.55
04:04:51,2.55
04:04:52,2.55
04:04:53,2.55
04:04:54,2.55
04:04:55,2.55
04:04:56,2.55
04:04:57,2.55
04:04:58,2.55
04:04:59,2.55
04:05:00,2.55
04:05:01,2.55
04:05:02,2.55
04:05:03,2.55
04:05:04,2.55
04:05:05,2.55
04:05:06,2.55
04:05:07,2.55
04:05:08,2.55
04:05:09,2.55
04:05:10,2.55
04:05:11,2.55
04:05:12,2.55
04:05:13,2.55
04:05:14,2.55
04:05:15,2.55
04:05:16,2.55
04:05:17,2.55
04:05:18,2.55
04:05:19,2.55
04:05:20,2.55
04:05:21,2.55
04:05:22,2.55
04:05:23,2.55
04:05:24,2.55
04:05:25,2.55
04:05:26,2.55
04:05:27,2.55
04:05:28,2.55
04:05:29,2.55
04:05:30,2.55
04:05:31,2.55
04:05:32,2.55
04:05:33,2.55
04:05:34,2.55
04:05:35,2.55
04:05:36,2.55
04:05:37,2.55
04:05:38,2.55
04:05:39,2.55
04:05:40,2.55
04:05:41,2.55
04:05:42,2.55
04:05:43,2.55
04:05:44,2.55
04:05:45,2.55
04:05:46,2.55
04:05:47,2.55
04:05:48,2.55
04:05:49,2.55
04:05:50,2.55
04:05:51,2.55
04:05:52,2.55
04:05:53,2.55
04:05:54,2.55
04:05:55,2.55
04:05:56,2.55
04:05:57,2.55
04:05:58,2.55
04:05:59,2.55
04:06:00,2.55
04:06:01,2.55
04:06:02,2.55
04:06:03,2.55
04:06:04,2.55
04:06:05,2.55
04:06:06,2.55
04:06:07,2.55
04:06:08,2.55
04:06:09,2.55
04:06:10,2.55
04:06:11,2.55
04:06:12,2.55
04:06:13,2.55
04:06:14,2.55
04:06:15,2.55
04:06:16,2.55
04:06:17,2.55
04:06:18,2.55
04:06:19,2.55
04:06:20,2.55
04:06:21,2.55
04:06:22,2.55
04:06:23,2.55
04:06:24,2.55
04:06:25,2.55
04:06:26,2.55
04:06:27,2.55
04:06:28,2.55
04:06:29,2.55
04:06:30,2.55
04:06:31,2.55
04:06:32,2.55
04:06:33,2.55
04:06:34,2.55
04:06:35,2.55
04:06:36,2.55
04:06:37,2.55
04:06:38,2.55
04:06:39,2.55
04:06:40,2.55
04:06:41,2.55
04:06:42,2.55
04:06:43,2.55
04:06:44,2.55
04:06:45,2.55
04:06:46,2.55
04:06:47,2.55
04:06:48,2.55
04:06:49,2.55
04:06:50,2.55
04:06:51,2.55
04:06:52,2.55
04:06:53,2.55
04:06:54,2.55
04:06:55,2.55
04:06:56,2.55
04:06:57,2.55
04:06:58,2.55
04:06:59,2.55
04:07:00,2.55
04:07:01,2.55
04:07:02,2.55
04:07:03,2.55
04:07:04,2.55
04:07:05,2.55
04:07:06,2.55
04:07:07,2.55
04:07:08,2.55
04:07:09,2.55
04:07:10,2.55
04:07:11,2.55
04:07:12,2.55
04:07:13,2.55
04:07:14,2.55
04:07:15,2.55
04:07:16,2.55
04:07:17,2.55
04:07:18,2.55
04:07:19,2.55
04:07:20,2.55
04:07:21,2.55
04:07:22,2.55
04:07:23,2.55
04:07:24,2.55
04:07:25,2.55
04:07:26,2.55
04:07:27,2.55
04:07:28,2.55
04:07:29,2.55
04:07:30,2.55
04:07:31,2.55
04:07:32,2.55
04:07:33,2.55
04:07:34,2.55
04:07:35,2.55
04:07:36,2.55
04:07:37,2.55
04:07:38,2.55
04:07:39,2.55
04:07:40,2.55
04:07:41,2.55
04:07:42,2.55
04:07:43,2.55
04:07:44,2.55
04:07:45,2.55
04:07:46,2.55
04:07:47,2.55
04:07:48,2.55
04:07:49,2.55
04:07:50,2.55
04:07:51,2.55
04:07:52,2.55
04:07:53,2.55
04:07:54,2.55
04:07:55,2.55
04:07:56,2.55
04:07:57,2.55
04:07:58,2.55
04:07:59,2.55
04:08:00,2.55
04:08:01,2.55
04:08:02,2.55
04:08:03,2.55
04:08:04,2.55
04:08:05,2.55
04:08:06,2.55
04:08:07,2.55
04:08:08,2.55
04:08:09,2.55
04:08:10,2.55
04:08:11,2.55
04:08:12,2.55
04:08:13,2.55
04:08:14,2.55
04:08:15,2.55
04:08:16,2.55
04:08:17,2.55
04:08:18,2.55
04:08:19,2.55
04:08:20,2.55
04:08:21,2.55
04:08:22,2.55
04:08:23,2.55
04:08:24,2.55
04:08:25,2.55
04:08:26,2.55
04:08:27,2.55
04:08:28,2.55
04:08:29,2.55
04:08:30,2.55
04:08:31,2.55
04:08:32,2.55
04:08:33,2.55
04:08:34,2.55
04:08:35,2.55
04:08:36,2.55
04:08:37,2.55
04:08:38,2.55
04:08:39,2.55
04:08:40,2.55
04:08:41,2.55
04:08:42,2.55
04:08:43,2.55
04:08:44,2.55
04:08:45,2.55
04:08:46,2.55
04:08:47,2.55
04:08:48,2.55
04:08:49,2.55
04:08:50,2.55
04:08:51,2.55
04:08:52,2.55
04:08:53,2.55
04:08:54,2.55
04:08:55,2.55
04:08:56,2.55
04:08:57,2.55
04:08:58,2.55
04:08:59,2.55
04:09:00,2.55
04:09:01,2.55
04:09:02,2.55
04:09:03,2.55
04:09:04,2.55
04:09:05,2.55
04:09:06,2.55
04:09:07,2.55
04:09:08,2.55
04:09:09,2.55
04:09:10,2.55
04:09:11,2.55
04:09:12,2.55
04:09:13,2.55
04:09:14,2.55
04:09:15,2.55
04:09:16,2.55
04:09:17,2.55
04:09:18,2.55
04:09:19,2.55
04:09:20,2.55
04:09:21,2.55
04:09:22,2.55
04:09:23,2.55
04:09:24,2.55
04:09:25,2.55
04:09:26,2.55
04:09:27,2.55
04:09:28,2.55
04:09:29,2.55
04:09:30,2.55
04:09:31,2.55
04:09:32,2.55
04:09:33,2.55
04:09:34,2.55
04:09:35,2.55
04:09:36,2.55
04:09:37,2.55
04:09:38,2.55
04:09:39,2.55
04:09:40,2.55
04:09:41,2.55
04:09:42,2.55
04:09:43,2.55
04:09:44,2.55
04:09:45,2.55
04:09:46,2.55
04:09:47,2.55
04:09:48,2.55
04:09:49,2.55
04:09:50,2.55
04:09:51,2.55
04:09:52,2.55
04:09:53,2.55
04:09:54,2.55
04:09:55,2.55
04:09:56,2.55
04:09:57,2.55
04:09:58,2.55
04:09:59,2.55
04:10:00,2.55
04:10:01,2.55
04:10:02,2.55
04:10:03,2.55
04:10:04,2.55
04:10:05,2.55
04:10:06,2.55
04:10:07,2.55
04:10:08,2.55
04:10:09,2.55
04:10:10,2.55
04:10:11,2.55
04:10:12,2.55
04:10:13,2.55
04:10:14,2.55
04:10:15,2.55
04:10:16,2.55
04:10:17,2.55
04:10:18,2.55
04:10:19,2.55
04:10:20,2.55
04:10:21,2.55
04:10:22,2.55
04:10:23,2.55
04:10:24,2.55
04:10:25,2.55
04:10:26,2.55
04:10:27,2.55
04:10:28,2.55
04:10:29,2.55
04:10:30,2.55
04:10:31,2.55
04:10:32,2.55
04:10:33,2.55
04:10:34,2.55
04:10:35,2.55
04:10:36,2.55
04:10:37,2.55
04:10:38,2.55
04:10:39,2.55
04:10:40,2.55
04:10:41,2.55
04:10:42,2.55
04:10:43,2.55
04:10:44,2.55
04:10:45,2.55
04:10:46,2.55
04:10:47,2.55
04:10:48,2.55
04:10:49,2.55
04:10:50,2.55
04:10:51,2.55
04:10:52,2.55
04:10:53,2.55
04:10:54,2.55
04:10:55,2.55
04:10:56,2.55
04:10:57,2.55
04:10:58,2.55
04:10:59,2.55
04:11:00,2.55
04:11:01,2.55
04:11:02,2.55
04:11:03,2.55
04:11:04,2.55
04:11:05,2.55
04:11:06,2.55
04:11:07,2.55
04:11:08,2.55
04:11:09,2.55
04:11:10,2.55
04:11:11,2.55
04:11:12,2.55
04:11:13,2.55
04:11:14,2.55
04:11:15,2.55
04:11:16,2.55
04:11:17,2.55
04:11:18,2.55
04:11:19,2.55
04:11:20,2.55
04:11:21,2.55
04:11:22,2.55
04:11:23,2.55
04:11:24,2.55
04:11:25,2.55
04:11:26,2.55
04:11:27,2.55
04:11:28,2.55
04:11:29,2.55
04:11:30,2.55
04:11:31,2.55
04:11:32,2.55
04:11:33,2.55
04:11:34,2.55
04:11:35,2.55
04:11:36,2.55
04:11:37,2.55
04:11:38,2.55
04:11:39,2.55
04:11:40,2.55
04:11:41,2.55
04:11:42,2.55
04:11:43,2.55
04:11:44,2.55
04:11:45,2.55
04:11:46,2.55
04:11:47,2.55
04:11:48,2.55
04:11:49,2.55
04:11:50,2.55
04:11:51,2.55
04:11:52,2.55
04:11:53,2.55
04:11:54,2.55
04:11:55,2.55
04:11:56,2.55
04:11:57,2.55
04:11:58,2.55
04:11:59,2.55
04:12:00,2.55
04:12:01,2.55
04:12:02,2.55
04:12:03,2.55
04:12:04,2.55
04:12:05,2.55
04:12:06,2.55
04:12:07,2.55
04:12:08,2.55
04:12:09,2.55
04:12:10,2.55
04:12:11,2.55
04:12:12,2.55
04:12:13,2.55
04:12:14,2.55
04:12:15,2.55
04:12:16,2.55
04:12:17,2.55
04:12:18,2.55
04:12:19,2.55
04:12:20,2.55
04:12:21,2.55
04:12:22,2.55
04:12:23,2.55
04:12:24,2.55
04:12:25,2.55
04:12:26,2.55
04:12:27,2.55
04:12:28,2.55
04:12:29,2.55
04:12:30,2.55
04:12:31,2.55
04:12:32,2.55
04:12:33,2.55
04:12:34,2.55
04:12:35,2.55
04:12:36,2.55
04:12:37,2.55
04:12:38,2.55
04:12:39,2.55
04:12:40,2.55
04:12:41,2.55
04:12:42,2.55
04:12:43,2.55
04:12:44,2.55
04:12:45,2.55
04:12:46,2.55
04:12:47,2.55
04:12:48,2.55
04:12:49,2.55
04:12:50,2.55
04:12:51,2.55
04:12:52,2.55
04:12:53,2.55
04:12:54,2.55
04:12:55,2.55
04:12:56,2.55
04:12:57,2.55
04:12:58,2.55
04:12:59,2.55
04:13:00,2.55
04:13:01,2.55
04:13:02,2.55
04:13:03,2.55
04:13:04,2.55
04:13:05,2.55
04:13:06,2.55
04:13:07,2.55
04:13:08,2.55
04:13:09,2.55
04:13:10,2.55
04:13:11,2.55
04:13:12,2.55
04:13:13,2.55
04:13:14,2.55
04:13:15,2.55
04:13:16,2.55
04:13:17,2.55
04:13:18,2.55
04:13:19,2.55
04:13:20,2.55
04:13:21,2.55
04:13:22,2.55
04:13:23,2.55
04:13:24,2.55
04:13:25,2.55
04:13:26,2.55
04:13:27,2.55
04:13:28,2.55
04:13:29,2.55
04:13:30,2.55
04:13:31,2.55
04:13:32,2.55
04:13:33,2.55
04:13:34,2.55
04:13:35,2.55
04:13:36,2.55
04:13:37,2.55
04:13:38,2.55
04:13:39,2.55
04:13:40,2.55
04:13:41,2.55
04:13:42,2.55
04:13:43,2.55
04:13:44,2.55
04:13:45,2.55
04:13:46,2.55
04:13:47,2.55
04:13:48,2.55
04:13:49,2.55
04:13:50,2.55
04:13:51,2.55
04:13:52,2.55
04:13:53,2.55
04:13:54,2.55
04:13:55,2.55
04:13:56,2.55
04:13:57,2.55
04:13:58,2.55
04:13:59,2.55
04:14:00,2.55
04:14:01,2.55
04:14:02,2.55
04:14:03,2.55
04:14:04,2.55
04:14:05,2.55
04:14:06,2.55
04:14:07,2.55
04:14:08,2.55
04:14:09,2.55
04:14:10,2.55
04:14:11,2.55
04:14:12,2.55
04:14:13,2.55
04:14:14,2.55
04:14:15,2.55
04:14:16,2.55
04:14:17,2.55
04:14:18,2.55
04:14:19,2.55
04:14:20,2.55
04:14:21,2.55
04:14:22,2.55
04:14:23,2.55
04:14:24,2.55
04:14:25,2.55
04:14:26,2.55
04:14:27,2.55
04:14:28,2.55
04:14:29,2.55
04:14:30,2.55
04:14:31,2.55
04:14:32,2.55
04:14:33,2.55
04:14:34,2.55
04:14:35,2.55
04:14:36,2.55
04:14:37,2.55
04:14:38,2.55
04:14:39,2.55
04:14:40,2.55
04:14:41,2.55
04:14:42,2.55
04:14:43,2.55
04:14:44,2.55
04:14:45,2.55
04:14:46,2.55
04:14:47,2.55
04:14:48,2.55
04:14:49,2.55
04:14:50,2.55
04:14:51,2.55
04:14:52,2.55
04:14:53,2.55
04:14:54,2.55
04:14:55,2.55
04:14:56,2.55
04:14:57,2.55
04:14:58,2.55
04:14:59,2.55
04:15:00,2.55
04:15:01,2.55
04:15:02,2.55
04:15:03,2.55
04:15:04,2.55
04:15:05,2.55
04:15:06,2.55
04:15:07,2.55
04:15:08,2.55
04:15:09,2.55
04:15:10,2.55
04:15:11,2.55
04:15:12,2.55
04:15:13,2.55
04:15:14,2.55
04:15:15,2.55
04:15:16,2.55
04:15:17,2.55
04:15:18,2.55
04:15:19,2.55
04:15:20,2.55
04:15:21,2.55
04:15:22,2.55
04:15:23,2.55
04:15:24,2.55
04:15:25,2.55
04:15:26,2.55
04:15:27,2.55
04:15:28,2.55
04:15:29,2.55
04:15:30,2.55
04:15:31,2.55
04:15:32,2.55
04:15:33,2.55
04:15:34,2.55
04:15:35,2.55
04:15:36,2.55
04:15:37,2.55
04:15:38,2.55
04:15:39,2.55
04:15:40,2.55
04:15:41,2.55
04:15:42,2.55
04:15:43,2.55
04:15:44,2.55
04:15:45,2.55
04:15:46,2.55
04:15:47,2.55
04:15:48,2.55
04:15:49,2.55
04:15:50,2.55
04:15:51,2.55
04:15:52,2.55
04:15:53,2.55
04:15:54,2.55
04:15:55,2.55
04:15:56,2.55
04:15:57,2.55
04:15:58,2.55
04:15:59,2.55
04:16:00,2.55
04:16:01,2.55
04:16:02,2.55
04:16:03,2.55
04:16:04,2.55
04:16:05,2.55
04:16:06,2.55
04:16:07,2.55
04:16:08,2.55
04:16:09,2.55
04:16:10,2.55
04:16:11,2.55
04:16:12,2.55
04:16:13,2.55
04:16:14,2.55
04:16:15,2.55
04:16:16,2.55
04:16:17,2.55
04:16:18,2.55
04:16:19,2.55
04:16:20,2.55
04:16:21,2.55
04:16:22,2.55
04:16:23,2.55
04:16:24,2.55
04:16:25,2.55
04:16:26,2.55
04:16:27,2.55
04:16:28,2.55
04:16:29,2.55
04:16:30,2.55
04:16:31,2.55
04:16:32,2.55
04:16:33,2.55
04:16:34,2.55
04:16:35,2.55
04:16:36,2.55
04:16:37,2.55
04:16:38,2.55
04:16:39,2.55
04:16:40,2.55
04:16:41,2.55
04:16:42,2.55
04:16:43,2.55
04:16:44,2.55
04:16:45,2.55
04:16:46,2.55
04:16:47,2.55
04:16:48,2.55
04:16:49,2.55
04:16:50,2.55
04:16:51,2.55
04:16:52,2.55
04:16:53,2.55
04:16:54,2.55
04:16:55,2.55
04:16:56,2.55
04:16:57,2.55
04:16:58,2.55
04:16:59,2.55
04:17:00,2.55
04:17:01,2.55
04:17:02,2.55
04:17:03,2.55
04:17:04,2.55
04:17:05,2.55
04:17:06,2.55
04:17:07,2.55
04:17:08,2.55
04:17:09,2.55
04:17:10,2.55
04:17:11,2.55
04:17:12,2.55
04:17:13,2.55
04:17:14,2.55
04:17:15,2.55
04:17:16,2.55
04:17:17,2.55
04:17:18,2.55
04:17:19,2.55
04:17:20,2.55
04:17:21,2.55
04:17:22,2.55
04:17:23,2.55
04:17:24,2.55
04:17:25,2.55
04:17:26,2.55
04:17:27,2.55
04:17:28,2.55
04:17:29,2.55
04:17:30,2.55
04:17:31,2.55
04:17:32,2.55
04:17:33,2.55
04:17:34,2.55
04:17:35,2.55
04:17:36,2.55
04:17:37,2.55
04:17:38,2.55
04:17:39,2.55
04:17:40,2.55
04:17:41,2.55
04:17:42,2.55
04:17:43,2.55
04:17:44,2.55
04:17:45,2.55
04:17:46,2.55
04:17:47,2.55
04:17:48,2.55
04:17:49,2.55
04:17:50,2.55
04:17:51,2.55
04:17:52,2.55
04:17:53,2.55
04:17:54,2.55
04:17:55,2.55
04:17:56,2.55
04:17:57,2.55
04:17:58,2.55
04:17:59,2.55
04:18:00,2.55
04:18:01,2.55
04:18:02,2.55
04:18:03,2.55
04:18:04,2.55
04:18:05,2.55
04:18:06,2.55
04:18:07,2.55
04:18:08,2.55
04:18:09,2.55
04:18:10,2.55
04:18:11,2.55
04:18:12,2.55
04:18:13,2.55
04:18:14,2.55
04:18:15,2.55
04:18:16,2.55
04:18:17,2.55
04:18:18,2.55
04:18:19,2.55
04:18:20,2.55
04:18:21,2.55
04:18:22,2.55
04:18:23,2.55
04:18:24,2.55
04:18:25,2.55
04:18:26,2.55
04:18:27,2.55
04:18:28,2.55
04:18:29,2.55
04:18:30,2.55
04:18:31,2.55
04:18:32,2.55
04:18:33,2.55
04:18:34,2.55
04:18:35,2.55
04:18:36,2.55
04:18:37,2.55
04:18:38,2.55
04:18:39,2.55
04:18:40,2.55
04:18:41,2.55
04:18:42,2.55
04:18:43,2.55
04:18:44,2.55
04:18:45,2.55
04:18:46,2.55
04:18:47,2.55
04:18:48,2.55
04:18:49,2.55
04:18:50,2.55
04:18:51,2.55
04:18:52,2.55
04:18:53,2.55
04:18:54,2.55
04:18:55,2.55
04:18:56,2.55
04:18:57,2.55
04:18:58,2.55
04:18:59,2.55
04:19:00,2.55
04:19:01,2.55
04:19:02,2.55
04:19:03,2.55
04:19:04,2.55
04:19:05,2.55
04:19:06,2.55
04:19:07,2.55
04:19:08,2.55
04:19:09,2.55
04:19:10,2.55
04:19:11,2.55
04:19:12,2.55
04:19:13,2.55
04:19:14,2.55
04:19:15,2.55
04:19:16,2.55
04:19:17,2.55
04:19:18,2.55
04:19:19,2.55
04:19:20,2.55
04:19:21,2.55
04:19:22,2.55
04:19:23,2.55
04:19:24,2.55
04:19:25,2.55
04:19:26,2.55
04:19:27,2.55
04:19:28,2.55
04:19:29,2.55
04:19:30,2.55
04:19:31,2.55
04:19:32,2.55
04:19:33,2.55
04:19:34,2.55
04:19:35,2.55
04:19:36,2.55
04:19:37,2.55
04:19:38,2.55
04:19:39,2.55
04:19:40,2.55
04:19:41,2.55
04:19:42,2.55
04:19:43,2.55
04:19:44,2.55
04:19:45,2.55
04:19:46,2.55
04:19:47,2.55
04:19:48,2.55
04:19:49,2.55
04:19:50,2.55
04:19:51,2.55
04:19:52,2.55
04:19:53,2.55
04:19:54,2.55
04:19:55,2.55
04:19:56,2.55
04:19:57,2.55
04:19:58,2.55
04:19:59,2.55
04:20:00,2.55
04:20:01,2.55
04:20:02,2.55
04:20:03,2.55
04:20:04,2.55
04:20:05,2.55
04:20:06,2.55
04:20:07,2.55
04:20:08,2.55
04:20:09,2.55
04:20:10,2.55
04:20:11,2.55
04:20:12,2.55
04:20:13,2.55
04:20:14,2.55
04:20:15,2.55
04:20:16,2.55
04:20:17,2.55
04:20:18,2.55
04:20:19,2.55
04:20:20,2.55
04:20:21,2.55
04:20:22,2.55
04:20:23,2.55
04:20:24,2.55
04:20:25,2.55
04:20:26,2.55
04:20:27,2.55
04:20:28,2.55
04:20:29,2.55
04:20:30,2.55
04:20:31,2.55
04:20:32,2.55
04:20:33,2.55
04:20:34,2.55
04:20:35,2.55
04:20:36,2.55
04:20:37,2.55
04:20:38,2.55
04:20:39,2.55
04:20:40,2.55
04:20:41,2.55
04:20:42,2.55
04:20:43,2.55
04:20:44,2.55
04:20:45,2.55
04:20:46,2.55
04:20:47,2.55
04:20:48,2.55
04:20:49,2.55
04:20:50,2.55
04:20:51,2.55
04:20:52,2.55
04:20:53,2.55
04:20:54,2.55
04:20:55,2.55
04:20:56,2.55
04:20:57,2.55
04:20:58,2.55
04:20:59,2.55
04:21:00,2.55
04:21:01,2.55
04:21:02,2.55
04:21:03,2.55
04:21:04,2.55
04:21:05,2.55
04:21:06,2.55
04:21:07,2.55
04:21:08,2.55
04:21:09,2.55
04:21:10,2.55
04:21:11,2.55
04:21:12,2.55
04:21:13,2.55
04:21:14,2.55
04:21:15,2.55
04:21:16,2.55
04:21:17,2.55
04:21:18,2.55
04:21:19,2.55
04:21:20,2.55
04:21:21,2.55
04:21:22,2.55
04:21:23,2.55
04:21:24,2.55
04:21:25,2.55
04:21:26,2.55
04:21:27,2.55
04:21:28,2.55
04:21:29,2.55
04:21:30,2.55
04:21:31,2.55
04:21:32,2.55
04:21:33,2.55
04:21:34,2.55
04:21:35,2.55
04:21:36,2.55
04:21:37,2.55
04:21:38,2.55
04:21:39,2.55
04:21:40,2.55
04:21:41,2.55
04:21:42,2.55
04:21:43,2.55
04:21:44,2.55
04:21:45,2.55
04:21:46,2.55
04:21:47,2.55
04:21:48,2.55
04:21:49,2.55
04:21:50,2.55
04:21:51,2.55
04:21:52,2.55
04:21:53,2.55
04:21:54,2.55
04:21:55,2.55
04:21:56,2.55
04:21:57,2.55
04:21:58,2.55
04:21:59,2.55
04:22:00,2.55
04:22:01,2.55
04:22:02,2.55
04:22:03,2.55
04:22:04,2.55
04:22:05,2.55
04:22:06,2.55
04:22:07,2.55
04:22:08,2.55
04:22:09,2.55
04:22:10,2.55
04:22:11,2.55
04:22:12,2.55
04:22:13,2.55
04:22:14,2.55
04:22:15,2.55
04:22:16,2.55
04:22:17,2.55
04:22:18,2.55
04:22:19,2.55
04:22:20,2.55
04:22:21,2.55
04:22:22,2.55
04:22:23,2.55
04:22:24,2.55
04:22:25,2.55
04:22:26,2.55
04:22:27,2.55
04:22:28,2.55
04:22:29,2.55
04:22:30,2.55
04:22:31,2.55
04:22:32,2.55
04:22:33,2.55
04:22:34,2.55
04:22:35,2.55
04:22:36,2.55
04:22:37,2.55
04:22:38,2.55
04:22:39,2.55
04:22:40,2.55
04:22:41,2.55
04:22:42,2.55
04:22:43,2.55
04:22:44,2.55
04:22:45,2.55
04:22:46,2.55
04:22:47,2.55
04:22:48,2.55
04:22:49,2.55
04:22:50,2.55
04:22:51,2.55
04:22:52,2.55
04:22:53,2.55
04:22:54,2.55
04:22:55,2.55
04:22:56,2.55
04:22:57,2.55
04:22:58,2.55
04:22:59,2.55
04:23:00,2.55
04:23:01,2.55
04:23:02,2.55
04:23:03,2.55
04:23:04,2.55
04:23:05,2.55
04:23:06,2.55
04:23:07,2.55
04:23:08,2.55
04:23:09,2.55
04:23:10,2.55
04:23:11,2.55
04:23:12,2.55
04:23:13,2.55
04:23:14,2.55
04:23:15,2.55
04:23:16,2.55
04:23:17,2.55
04:23:18,2.55
04:23:19,2.55
04:23:20,2.55
04:23:21,2.55
04:23:22,2.55
04:23:23,2.55
04:23:24,2.55
04:23:25,2.55
04:23:26,2.55
04:23:27,2.55
04:23:28,2.55
04:23:29,2.55
04:23:30,2.55
04:23:31,2.55
04:23:32,2.55
04:23:33,2.55
04:23:34,2.55
04:23:35,2.55
04:23:36,2.55
04:23:37,2.55
04:23:38,2.55
04:23:39,2.55
04:23:40,2.55
04:23:41,2.55
04:23:42,2.55
04:23:43,2.55
04:23:44,2.55
04:23:45,2.55
04:23:46,2.55
04:23:47,2.55
04:23:48,2.55
04:23:49,2.55
04:23:50,2.55
04:23:51,2.55
04:23:52,2.55
04:23:53,2.55
04:23:54,2.55
04:23:55,2.55
04:23:56,2.55
04:23:57,2.55
04:23:58,2.55
04:23:59,2.55
04:24:00,2.55
04:24:01,2.55
04:24:02,2.55
04:24:03,2.55
04:24:04,2.55
04:24:05,2.55
04:24:06,2.55
04:24:07,2.55
04:24:08,2.55
04:24:09,2.55
04:24:10,2.55
04:24:11,2.55
04:24:12,2.55
04:24:13,2.55
04:24:14,2.55
04:24:15,2.55
04:24:16,2.55
04:24:17,2.55
04:24:18,2.55
04:24:19,2.55
04:24:20,2.55
04:24:21,2.55
04:24:22,2.55
04:24:23,2.55
04:24:24,2.55
04:24:25,2.55
04:24:26,2.55
04:24:27,2.55
04:24:28,2.55
04:24:29,2.55
04:24:30,2.55
04:24:31,2.55
04:24:32,2.55
04:24:33,2.55
04:24:34,2.55
04:24:35,2.55
04:24:36,2.55
04:24:37,2.55
04:24:38,2.55
04:24:39,2.55
04:24:40,2.55
04:24:41,2.55
04:24:42,2.55
04:24:43,2.55
04:24:44,2.55
04:24:45,2.55
04:24:46,2.55
04:24:47,2.55
04:24:48,2.55
04:24:49,2.55
04:24:50,2.55
04:24:51,2.55
04:24:52,2.55
04:24:53,2.55
04:24:54,2.55
04:24:55,2.55
04:24:56,2.55
04:24:57,2.55
04:24:58,2.55
04:24:59,2.55
04:25:00,2.55
04:25:01,2.55
04:25:02,2.55
04:25:03,2.55
04:25:04,2.55
04:25:05,2.55
04:25:06,2.55
04:25:07,2.55
04:25:08,2.55
04:25:09,2.55
04:25:10,2.55
04:25:11,2.55
04:25:12,2.55
04:25:13,2.55
04:25:14,2.55
04:25:15,2.55
04:25:16,2.55
04:25:17,2.55
04:25:18,2.55
04:25:19,2.55
04:25:20,2.55
04:25:21,2.55
04:25:22,2.55
04:25:23,2.55
04:25:24,2.55
04:25:25,2.55
04:25:26,2.55
04:25:27,2.55
04:25:28,2.55
04:25:29,2.55
04:25:30,2.55
04:25:31,2.55
04:25:32,2.55
04:25:33,2.55
04:25:34,2.55
04:25:35,2.55
04:25:36,2.55
04:25:37,2.55
04:25:38,2.55
04:25:39,2.55
04:25:40,2.55
04:25:41,2.55
04:25:42,2.55
04:25:43,2.55
04:25:44,2.55
04:25:45,2.55
04:25:46,2.55
04:25:47,2.55
04:25:48,2.55
04:25:49,2.55
04:25:50,2.55
04:25:51,2.55
04:25:52,2.55
04:25:53,2.55
04:25:54,2.55
04:25:55,2.55
04:25:56,2.55
04:25:57,2.55
04:25:58,2.55
04:25:59,2.55
04:26:00,2.55
04:26:01,2.55
04:26:02,2.55
04:26:03,2.55
04:26:04,2.55
04:26:05,2.55
04:26:06,2.55
04:26:07,2.55
04:26:08,2.55
04:26:09,2.55
04:26:10,2.55
04:26:11,2.55
04:26:12,2.55
04:26:13,2.55
04:26:14,2.55
04:26:15,2.55
04:26:16,2.55
04:26:17,2.55
04:26:18,2.55
04:26:19,2.55
04:26:20,2.55
04:26:21,2.55
04:26:22,2.55
04:26:23,2.55
04:26:24,2.55
04:26:25,2.55
04:26:26,2.55
04:26:27,2.55
04:26:28,2.55
04:26:29,2.55
04:26:30,2.55
04:26:31,2.55
04:26:32,2.55
04:26:33,2.55
04:26:34,2.55
04:26:35,2.55
04:26:36,2.55
04:26:37,2.55
04:26:38,2.55
04:26:39,2.55
04:26:40,2.55
04:26:41,2.55
04:26:42,2.55
04:26:43,2.55
04:26:44,2.55
04:26:45,2.55
04:26:46,2.55
04:26:47,2.55
04:26:48,2.55
04:26:49,2.55
04:26:50,2.55
04:26:51,2.55
04:26:52,2.55
04:26:53,2.55
04:26:54,2.55
04:26:55,2.55
04:26:56,2.55
04:26:57,2.55
04:26:58,2.55
04:26:59,2.55
04:27:00,2.55
04:27:01,2.55
04:27:02,2.55
04:27:03,2.55
04:27:04,2.55
04:27:05,2.55
04:27:06,2.55
04:27:07,2.55
04:27:08,2.55
04:27:09,2.55
04:27:10,2.55
04:27:11,2.55
04:27:12,2.55
04:27:13,2.55
04:27:14,2.55
04:27:15,2.55
04:27:16,2.55
04:27:17,2.55
04:27:18,2.55
04:27:19,2.55
04:27:20,2.55
04:27:21,2.55
04:27:22,2.55
04:27:23,2.55
04:27:24,2.55
04:27:25,2.55
04:27:26,2.55
04:27:27,2.55
04:27:28,2.55
04:27:29,2.55
04:27:30,2.55
04:27:31,2.55
04:27:32,2.55
04:27:33,2.55
04:27:34,2.55
04:27:35,2.55
04:27:36,2.55
04:27:37,2.55
04:27:38,2.55
04:27:39,2.55
04:27:40,2.55
04:27:41,2.55
04:27:42,2.55
04:27:43,2.55
04:27:44,2.55
04:27:45,2.55
04:27:46,2.55
04:27:47,2.55
04:27:48,2.55
04:27:49,2.55
04:27:50,2.55
04:27:51,2.55
04:27:52,2.55
04:27:53,2.55
04:27:54,2.55
04:27:55,2.55
04:27:56,2.55
04:27:57,2.55
04:27:58,2.55
04:27:59,2.55
04:28:00,2.55
04:28:01,2.55
04:28:02,2.55
04:28:03,2.55
04:28:04,2.55
04:28:05,2.55
04:28:06,2.55
04:28:07,2.55
04:28:08,2.55
04:28:09,2.55
04:28:10,2.55
04:28:11,2.55
04:28:12,2.55
04:28:13,2.55
04:28:14,2.55
04:28:15,2.55
04:28:16,2.55
04:28:17,2.55
04:28:18,2.55
04:28:19,2.55
04:28:20,2.55
04:28:21,2.55
04:28:22,2.55
04:28:23,2.55
04:28:24,2.55
04:28:25,2.55
04:28:26,2.55
04:28:27,2.55
04:28:28,2.55
04:28:29,2.55
04:28:30,2.55
04:28:31,2.55
04:28:32,2.55
04:28:33,2.55
04:28:34,2.55
04:28:35,2.55
04:28:36,2.55
04:28:37,2.55
04:28:38,2.55
04:28:39,2.55
04:28:40,2.55
04:28:41,2.55
04:28:42,2.55
04:28:43,2.55
04:28:44,2.55
04:28:45,2.55
04:28:46,2.55
04:28:47,2.55
04:28:48,2.55
04:28:49,2.55
04:28:50,2.55
04:28:51,2.55
04:28:52,2.55
04:28:53,2.55
04:28:54,2.55
04:28:55,2.55
04:28:56,2.55
04:28:57,2.55
04:28:58,2.55
04:28:59,2.55
04:29:00,2.55
04:29:01,2.55
04:29:02,2.55
04:29:03,2.55
04:29:04,2.55
04:29:05,2.55
04:29:06,2.55
04:29:07,2.55
04:29:08,2.55
04:29:09,2.55
04:29:10,2.55
04:29:11,2.55
04:29:12,2.55
04:29:13,2.55
04:29:14,2.55
04:29:15,2.55
04:29:16,2.55
04:29:17,2.55
04:29:18,2.55
04:29:19,2.55
04:29:20,2.55
04:29:21,2.55
04:29:22,2.55
04:29:23,2.55
04:29:24,2.55
04:29:25,2.55
04:29:26,2.55
04:29:27,2.55
04:29:28,2.55
04:29:29,2.55
04:29:30,2.55
04:29:31,2.55
04:29:32,2.55
04:29:33,2.55
04:29:34,2.55
04:29:35,2.55
04:29:36,2.55
04:29:37,2.55
04:29:38,2.55
04:29:39,2.55
04:29:40,2.55
04:29:41,2.55
04:29:42,2.55
04:29:43,2.55
04:29:44,2.55
04:29:45,2.55
04:29:46,2.55
04:29:47,2.55
04:29:48,2.55
04:29:49,2.55
04:29:50,2.55
04:29:51,2.55
04:29:52,2.55
04:29:53,2.55
04:29:54,2.55
04:29:55,2.55
04:29:56,2.55
04:29:57,2.55
04:29:58,2.55
04:29:59,2.55
04:30:00,2.55
04:30:01,2.55
04:30:02,2.55
04:30:03,2.55
04:30:04,2.55
04:30:05,2.55
04:30:06,2.55
04:30:07,2.55
04:30:08,2.55
04:30:09,2.55
04:30:10,2.55
04:30:11,2.55
04:30:12,2.55
04:30:13,2.55
04:30:14,2.55
04:30:15,2.55
04:30:16,2.55
04:30:17,2.55
04:30:18,2.55
04:30:19,2.55
04:30:20,2.55
04:30:21,2.55
04:30:22,2.55
04:30:23,2.55
04:30:24,2.55
04:30:25,2.55
04:30:26,2.55
04:30:27,2.55
04:30:28,2.55
04:30:29,2.55
04:30:30,2.55
04:30:31,2.55
04:30:32,2.55
04:30:33,2.55
04:30:34,2.55
04:30:35,2.55
04:30:36,2.55
04:30:37,2.55
04:30:38,2.55
04:30:39,2.55
04:30:40,2.55
04:30:41,2.55
04:30:42,2.55
04:30:43,2.55
04:30:44,2.55
04:30:45,2.55
04:30:46,2.55
04:30:47,2.55
04:30:48,2.55
04:30:49,2.55
04:30:50,2.55
04:30:51,2.55
04:30:52,2.55
04:30:53,2.55
04:30:54,2.55
04:30:55,2.55
04:30:56,2.55
04:30:57,2.55
04:30:58,2.55
04:30:59,2.55
04:31:00,2.55
04:31:01,2.55
04:31:02,2.55
04:31:03,2.55
04:31:04,2.55
04:31:05,2.55
04:31:06,2.55
04:31:07,2.55
04:31:08,2.55
04:31:09,2.55
04:31:10,2.55
04:31:11,2.55
04:31:12,2.55
04:31:13,2.55
04:31:14,2.55
04:31:15,2.55
04:31:16,2.55
04:31:17,2.55
04:31:18,2.55
04:31:19,2.55
04:31:20,2.55
04:31:21,2.55
04:31:22,2.55
04:31:23,2.55
04:31:24,2.55
04:31:25,2.55
04:31:26,2.55
04:31:27,2.55
04:31:28,2.55
04:31:29,2.55
04:31:30,2.55
04:31:31,2.55
04:31:32,2.55
04:31:33,2.55
04:31:34,2.55
04:31:35,2.55
04:31:36,2.55
04:31:37,2.55
04:31:38,2.55
04:31:39,2.55
04:31:40,2.55
04:31:41,2.55
04:31:42,2.55
04:31:43,2.55
04:31:44,2.55
04:31:45,2.55
04:31:46,2.55
04:31:47,2.55
04:31:48,2.55
04:31:49,2.55
04:31:50,2.55
04:31:51,2.55
04:31:52,2.55
04:31:53,2.55
04:31:54,2.55
04:31:55,2.55
04:31:56,2.55
04:31:57,2.55
04:31:58,2.55
04:31:59,2.55
04:32:00,2.55
04:32:01,2.55
04:32:02,2.55
04:32:03,2.55
04:32:04,2.55
04:32:05,2.55
04:32:06,2.55
04:32:07,2.55
04:32:08,2.55
04:32:09,2.55
04:32:10,2.55
04:32:11,2.55
04:32:12,2.55
04:32:13,2.55
04:32:14,2.55
04:32:15,2.55
04:32:16,2.55
04:32:17,2.55
04:32:18,2.55
04:32:19,2.55
04:32:20,2.55
04:32:21,2.55
04:32:22,2.55
04:32:23,2.55
04:32:24,2.55
04:32:25,2.55
04:32:26,2.55
04:32:27,2.55
04:32:28,2.55
04:32:29,2.55
04:32:30,2.55
04:32:31,2.55
04:32:32,2.55
04:32:33,2.55
04:32:34,2.55
04:32:35,2.55
04:32:36,2.55
04:32:37,2.55
04:32:38,2.55
04:32:39,2.55
04:32:40,2.55
04:32:41,2.55
04:32:42,2.55
04:32:43,2.55
04:32:44,2.55
04:32:45,2.55
04:32:46,2.55
04:32:47,2.55
04:32:48,2.55
04:32:49,2.55
04:32:50,2.55
04:32:51,2.55
04:32:52,2.55
04:32:53,2.55
04:32:54,2.55
04:32:55,2.55
04:32:56,2.55
04:32:57,2.55
04:32:58,2.55
04:32:59,2.55
04:33:00,2.55
04:33:01,2.55
04:33:02,2.55
04:33:03,2.55
04:33:04,2.55
04:33:05,2.55
04:33:06,2.55
04:33:07,2.55
04:33:08,2.55
04:33:09,2.55
04:33:10,2.55
04:33:11,2.55
04:33:12,2.55
04:33:13,2.55
04:33:14,2.55
04:33:15,2.55
04:33:16,2.55
04:33:17,2.55
04:33:18,2.55
04:33:19,2.55
04:33:20,2.55
04:33:21,2.55
04:33:22,2.55
04:33:23,2.55
04:33:24,2.55
04:33:25,2.55
04:33:26,2.55
04:33:27,2.55
04:33:28,2.55
04:33:29,2.55
04:33:30,2.55
04:33:31,2.55
04:33:32,2.55
04:33:33,2.55
04:33:34,2.55
04:33:35,2.55
04:33:36,2.55
04:33:37,2.55
04:33:38,2.55
04:33:39,2.55
04:33:40,2.55
04:33:41,2.55
04:33:42,2.55
04:33:43,2.55
04:33:44,2.55
04:33:45,2.55
04:33:46,2.55
04:33:47,2.55
04:33:48,2.55
04:33:49,2.55
04:33:50,2.55
04:33:51,2.55
04:33:52,2.55
04:33:53,2.55
04:33:54,2.55
04:33:55,2.55
04:33:56,2.55
04:33:57,2.55
04:33:58,2.55
04:33:59,2.55
04:34:00,2.55
04:34:01,2.55
04:34:02,2.55
04:34:03,2.55
04:34:04,2.55
04:34:05,2.55
04:34:06,2.55
04:34:07,2.55
04:34:08,2.55
04:34:09,2.55
04:34:10,2.55
04:34:11,2.55
04:34:12,2.55
04:34:13,2.55
04:34:14,2.55
04:34:15,2.55
04:34:16,2.55
04:34:17,2.55
04:34:18,2.55
04:34:19,2.55
04:34:20,2.55
04:34:21,2.55
04:34:22,2.55
04:34:23,2.55
04:34:24,2.55
04:34:25,2.55
04:34:26,2.55
04:34:27,2.55
04:34:28,2.55
04:34:29,2.55
04:34:30,2.55
04:34:31,2.55
04:34:32,2.55
04:34:33,2.55
04:34:34,2.55
04:34:35,2.55
04:34:36,2.55
04:34:37,2.55
04:34:38,2.55
04:34:39,2.55
04:34:40,2.55
04:34:41,2.55
04:34:42,2.55
04:34:43,2.55
04:34:44,2.55
04:34:45,2.55
04:34:46,2.55
04:34:47,2.55
04:34:48,2.55
04:34:49,2.55
04:34:50,2.55
04:34:51,2.55
04:34:52,2.55
04:34:53,2.55
04:34:54,2.55
04:34:55,2.55
04:34:56,2.55
04:34:57,2.55
04:34:58,2.55
04:34:59,2.55
04:35:00,2.55
04:35:01,2.55
04:35:02,2.55
04:35:03,2.55
04:35:04,2.55
04:35:05,2.55
04:35:06,2.55
04:35:07,2.55
04:35:08,2.55
04:35:09,2.55
04:35:10,2.55
04:35:11,2.55
04:35:12,2.55
04:35:13,2.55
04:35:14,2.55
04:35:15,2.55
04:35:16,2.55
04:35:17,2.55
04:35:18,2.55
04:35:19,2.55
04:35:20,2.55
04:35:21,2.55
04:35:22,2.55
04:35:23,2.55
04:35:24,2.55
04:35:25,2.55
04:35:26,2.55
04:35:27,2.55
04:35:28,2.55
04:35:29,2.55
04:35:30,2.55
04:35:31,2.55
04:35:32,2.55
04:35:33,2.55
04:35:34,2.55
04:35:35,2.55
04:35:36,2.55
04:35:37,2.55
04:35:38,2.55
04:35:39,2.55
04:35:40,2.55
04:35:41,2.55
04:35:42,2.55
04:35:43,2.55
04:35:44,2.55
04:35:45,2.55
04:35:46,2.55
04:35:47,2.55
04:35:48,2.55
04:35:49,2.55
04:35:50,2.55
04:35:51,2.55
04:35:52,2.55
04:35:53,2.55
04:35:54,2.55
04:35:55,2.55
04:35:56,2.55
04:35:57,2.55
04:35:58,2.55
04:35:59,2.55
04:36:00,2.55
04:36:01,2.55
04:36:02,2.55
04:36:03,2.55
04:36:04,2.55
04:36:05,2.55
04:36:06,2.55
04:36:07,2.55
04:36:08,2.55
04:36:09,2.55
04:36:10,2.55
04:36:11,2.55
04:36:12,2.55
04:36:13,2.55
04:36:14,2.55
04:36:15,2.55
04:36:16,2.55
04:36:17,2.55
04:36:18,2.55
04:36:19,2.55
04:36:20,2.55
04:36:21,2.55
04:36:22,2.55
04:36:23,2.55
04:36:24,2.55
04:36:25,2.55
04:36:26,2.55
04:36:27,2.55
04:36:28,2.55
04:36:29,2.55
04:36:30,2.55
04:36:31,2.55
04:36:32,2.55
04:36:33,2.55
04:36:34,2.55
04:36:35,2.55
04:36:36,2.55
04:36:37,2.55
04:36:38,2.55
04:36:39,2.55
04:36:40,2.55
04:36:41,2.55
04:36:42,2.55
04:36:43,2.55
04:36:44,2.55
04:36:45,2.55
04:36:46,2.55
04:36:47,2.55
04:36:48,2.55
04:36:49,2.55
04:36:50,2.55
04:36:51,2.55
04:36:52,2.55
04:36:53,2.55
04:36:54,2.55
04:36:55,2.55
04:36:56,2.55
04:36:57,2.55
04:36:58,2.55
04:36:59,2.55
04:37:00,2.55
04:37:01,2.55
04:37:02,2.55
04:37:03,2.55
04:37:04,2.55
04:37:05,2.55
04:37:06,2.55
04:37:07,2.55
04:37:08,2.55
04:37:09,2.55
04:37:10,2.55
04:37:11,2.55
04:37:12,2.55
04:37:13,2.55
04:37:14,2.55
04:37:15,2.55
04:37:16,2.55
04:37:17,2.55
04:37:18,2.55
04:37:19,2.55
04:37:20,2.55
04:37:21,2.55
04:37:22,2.55
04:37:23,2.55
04:37:24,2.55
04:37:25,2.55
04:37:26,2.55
04:37:27,2.55
04:37:28,2.55
04:37:29,2.55
04:37:30,2.55
04:37:31,2.55
04:37:32,2.55
04:37:33,2.55
04:37:34,2.55
04:37:35,2.55
04:37:36,2.55
04:37:37,2.55
04:37:38,2.55
04:37:39,2.55
04:37:40,2.55
04:37:41,2.55
04:37:42,2.55
04:37:43,2.55
04:37:44,2.55
04:37:45,2.55
04:37:46,2.55
04:37:47,2.55
04:37:48,2.55
04:37:49,2.55
04:37:50,2.55
04:37:51,2.55
04:37:52,2.55
04:37:53,2.55
04:37:54,2.55
04:37:55,2.55
04:37:56,2.55
04:37:57,2.55
04:37:58,2.55
04:37:59,2.55
04:38:00,2.55
04:38:01,2.55
04:38:02,2.55
04:38:03,2.55
04:38:04,2.55
04:38:05,2.55
04:38:06,2.55
04:38:07,2.55
04:38:08,2.55
04:38:09,2.55
04:38:10,2.55
04:38:11,2.55
04:38:12,2.55
04:38:13,2.55
04:38:14,2.55
04:38:15,2.55
04:38:16,2.55
04:38:17,2.55
04:38:18,2.55
04:38:19,2.55
04:38:20,2.55
04:38:21,2.55
04:38:22,2.55
04:38:23,2.55
04:38:24,2.55
04:38:25,2.55
04:38:26,2.55
04:38:27,2.55
04:38:28,2.55
04:38:29,2.55
04:38:30,2.55
04:38:31,2.55
04:38:32,2.55
04:38:33,2.55
04:38:34,2.55
04:38:35,2.55
04:38:36,2.55
04:38:37,2.55
04:38:38,2.55
04:38:39,2.55
04:38:40,2.55
04:38:41,2.55
04:38:42,2.55
04:38:43,2.55
04:38:44,2.55
04:38:45,2.55
04:38:46,2.55
04:38:47,2.55
04:38:48,2.55
04:38:49,2.55
04:38:50,2.55
04:38:51,2.55
04:38:52,2.55
04:38:53,2.55
04:38:54,2.55
04:38:55,2.55
04:38:56,2.55
04:38:57,2.55
04:38:58,2.55
04:38:59,2.55
04:39:00,2.55
04:39:01,2.55
04:39:02,2.55
04:39:03,2.55
04:39:04,2.55
04:39:05,2.55
04:39:06,2.55
04:39:07,2.55
04:39:08,2.55
04:39:09,2.55
04:39:10,2.55
04:39:11,2.55
04:39:12,2.55
04:39:13,2.55
04:39:14,2.55
04:39:15,2.55
04:39:16,2.55
04:39:17,2.55
04:39:18,2.55
04:39:19,2.55
04:39:20,2.55
04:39:21,2.55
04:39:22,2.55
04:39:23,2.55
04:39:24,2.55
04:39:25,2.55
04:39:26,2.55
04:39:27,2.55
04:39:28,2.55
04:39:29,2.55
04:39:30,2.55
04:39:31,2.55
04:39:32,2.55
04:39:33,2.55
04:39:34,2.55
04:39:35,2.55
04:39:36,2.55
04:39:37,2.55
04:39:38,2.55
04:39:39,2.55
04:39:40,2.55
04:39:41,2.55
04:39:42,2.55
04:39:43,2.55
04:39:44,2.55
04:39:45,2.55
04:39:46,2.55
04:39:47,2.55
04:39:48,2.55
04:39:49,2.55
04:39:50,2.55
04:39:51,2.55
04:39:52,2.55
04:39:53,2.55
04:39:54,2.55
04:39:55,2.55
04:39:56,2.55
04:39:57,2.55
04:39:58,2.55
04:39:59,2.55
04:40:00,2.55
04:40:01,2.55
04:40:02,2.55
04:40:03,2.55
04:40:04,2.55
04:40:05,2.55
04:40:06,2.55
04:40:07,2.55
04:40:08,2.55
04:40:09,2.55
04:40:10,2.55
04:40:11,2.55
04:40:12,2.55
04:40:13,2.55
04:40:14,2.55
04:40:15,2.55
04:40:16,2.55
04:40:17,2.55
04:40:18,2.55
04:40:19,2.55
04:40:20,2.55
04:40:21,2.55
04:40:22,2.55
04:40:23,2.55
04:40:24,2.55
04:40:25,2.55
04:40:26,2.55
04:40:27,2.55
04:40:28,2.55
04:40:29,2.55
04:40:30,2.55
04:40:31,2.55
04:40:32,2.55
04:40:33,2.55
04:40:34,2.55
04:40:35,2.55
04:40:36,2.55
04:40:37,2.55
04:40:38,2.55
04:40:39,2.55
04:40:40,2.55
04:40:41,2.55
04:40:42,2.55
04:40:43,2.55
04:40:44,2.55
04:40:45,2.55
04:40:46,2.55
04:40:47,2.55
04:40:48,2.55
04:40:49,2.55
04:40:50,2.55
04:40:51,2.55
04:40:52,2.55
04:40:53,2.55
04:40:54,2.55
04:40:55,2.55
04:40:56,2.55
04:40:57,2.55
04:40:58,2.55
04:40:59,2.55
04:41:00,2.55
04:41:01,2.55
04:41:02,2.55
04:41:03,2.55
04:41:04,2.55
04:41:05,2.55
04:41:06,2.55
04:41:07,2.55
04:41:08,2.55
04:41:09,2.55
04:41:10,2.55
04:41:11,2.55
04:41:12,2.55
04:41:13,2.55
04:41:14,2.55
04:41:15,2.55
04:41:16,2.55
04:41:17,2.55
04:41:18,2.55
04:41:19,2.55
04:41:20,2.55
04:41:21,2.55
04:41:22,2.55
04:41:23,2.55
04:41:24,2.55
04:41:25,2.55
04:41:26,2.55
04:41:27,2.55
04:41:28,2.55
04:41:29,2.55
04:41:30,2.55
04:41:31,2.55
04:41:32,2.55
04:41:33,2.55
04:41:34,2.55
04:41:35,2.55
04:41:36,2.55
04:41:37,2.55
04:41:38,2.55
04:41:39,2.55
04:41:40,2.55
04:41:41,2.55
04:41:42,2.55
04:41:43,2.55
04:41:44,2.55
04:41:45,2.55
04:41:46,2.55
04:41:47,2.55
04:41:48,2.55
04:41:49,2.55
04:41:50,2.55
04:41:51,2.55
04:41:52,2.55
04:41:53,2.55
04:41:54,2.55
04:41:55,2.55
04:41:56,2.55
04:41:57,2.55
04:41:58,2.55
04:41:59,2.55
04:42:00,2.55
04:42:01,2.55
04:42:02,2.55
04:42:03,2.55
04:42:04,2.55
04:42:05,2.55
04:42:06,2.55
04:42:07,2.55
04:42:08,2.55
04:42:09,2.55
04:42:10,2.55
04:42:11,2.55
04:42:12,2.55
04:42:13,2.55
04:42:14,2.55
04:42:15,2.55
04:42:16,2.55
04:42:17,2.55
04:42:18,2.55
04:42:19,2.55
04:42:20,2.55
04:42:21,2.55
04:42:22,2.55
04:42:23,2.55
04:42:24,2.55
04:42:25,2.55
04:42:26,2.55
04:42:27,2.55
04:42:28,2.55
04:42:29,2.55
04:42:30,2.55
04:42:31,2.55
04:42:32,2.55
04:42:33,2.55
04:42:34,2.55
04:42:35,2.55
04:42:36,2.55
04:42:37,2.55
04:42:38,2.55
04:42:39,2.55
04:42:40,2.55
04:42:41,2.55
04:42:42,2.55
04:42:43,2.55
04:42:44,2.55
04:42:45,2.55
04:42:46,2.55
04:42:47,2.55
04:42:48,2.55
04:42:49,2.55
04:42:50,2.55
04:42:51,2.55
04:42:52,2.55
04:42:53,2.55
04:42:54,2.55
04:42:55,2.55
04:42:56,2.55
04:42:57,2.55
04:42:58,2.55
04:42:59,2.55
04:43:00,2.55
04:43:01,2.55
04:43:02,2.55
04:43:03,2.55
04:43:04,2.55
04:43:05,2.55
04:43:06,2.55
04:43:07,2.55
04:43:08,2.55
04:43:09,2.55
04:43:10,2.55
04:43:11,2.55
04:43:12,2.55
04:43:13,2.55
04:43:14,2.55
04:43:15,2.55
04:43:16,2.55
04:43:17,2.55
04:43:18,2.55
04:43:19,2.55
04:43:20,2.55
04:43:21,2.55
04:43:22,2.55
04:43:23,2.55
04:43:24,2.55
04:43:25,2.55
04:43:26,2.55
04:43:27,2.55
04:43:28,2.55
04:43:29,2.55
04:43:30,2.55
04:43:31,2.55
04:43:32,2.55
04:43:33,2.55
04:43:34,2.55
04:43:35,2.55
04:43:36,2.55
04:43:37,2.55
04:43:38,2.55
04:43:39,2.55
04:43:40,2.55
04:43:41,2.55
04:43:42,2.55
04:43:43,2.55
04:43:44,2.55
04:43:45,2.55
04:43:46,2.55
04:43:47,2.55
04:43:48,2.55
04:43:49,2.55
04:43:50,2.55
04:43:51,2.55
04:43:52,2.55
04:43:53,2.55
04:43:54,2.55
04:43:55,2.55
04:43:56,2.55
04:43:57,2.55
04:43:58,2.55
04:43:59,2.55
04:44:00,2.55
04:44:01,2.55
04:44:02,2.55
04:44:03,2.55
04:44:04,2.55
04:44:05,2.55
04:44:06,2.55
04:44:07,2.55
04:44:08,2.55
04:44:09,2.55
04:44:10,2.55
04:44:11,2.55
04:44:12,2.55
04:44:13,2.55
04:44:14,2.55
04:44:15,2.55
04:44:16,2.55
04:44:17,2.55
04:44:18,2.55
04:44:19,2.55
04:44:20,2.55
04:44:21,2.55
04:44:22,2.55
04:44:23,2.55
04:44:24,2.55
04:44:25,2.55
04:44:26,2.55
04:44:27,2.55
04:44:28,2.55
04:44:29,2.55
04:44:30,2.55
04:44:31,2.55
04:44:32,2.55
04:44:33,2.55
04:44:34,2.55
04:44:35,2.55
04:44:36,2.55
04:44:37,2.55
04:44:38,2.55
04:44:39,2.55
04:44:40,2.55
04:44:41,2.55
04:44:42,2.55
04:44:43,2.55
04:44:44,2.55
04:44:45,2.55
04:44:46,2.55
04:44:47,2.55
04:44:48,2.55
04:44:49,2.55
04:44:50,2.55
04:44:51,2.55
04:44:52,2.55
04:44:53,2.55
04:44:54,2.55
04:44:55,2.55
04:44:56,2.55
04:44:57,2.55
04:44:58,2.55
04:44:59,2.55
04:45:00,2.55
04:45:01,2.55
04:45:02,2.55
04:45:03,2.55
04:45:04,2.55
04:45:05,2.55
04:45:06,2.55
04:45:07,2.55
04:45:08,2.55
04:45:09,2.55
04:45:10,2.55
04:45:11,2.55
04:45:12,2.55
04:45:13,2.55
04:45:14,2.55
04:45:15,2.55
04:45:16,2.55
04:45:17,2.55
04:45:18,2.55
04:45:19,2.55
04:45:20,2.55
04:45:21,2.55
04:45:22,2.55
04:45:23,2.55
04:45:24,2.55
04:45:25,2.55
04:45:26,2.55
04:45:27,2.55
04:45:28,2.55
04:45:29,2.55
04:45:30,2.55
04:45:31,2.55
04:45:32,2.55
04:45:33,2.55
04:45:34,2.55
04:45:35,2.55
04:45:36,2.55
04:45:37,2.55
04:45:38,2.55
04:45:39,2.55
04:45:40,2.55
04:45:41,2.55
04:45:42,2.55
04:45:43,2.55
04:45:44,2.55
04:45:45,2.55
04:45:46,2.55
04:45:47,2.55
04:45:48,2.55
04:45:49,2.55
04:45:50,2.55
04:45:51,2.55
04:45:52,2.55
04:45:53,2.55
04:45:54,2.55
04:45:55,2.55
04:45:56,2.55
04:45:57,2.55
04:45:58,2.55
04:45:59,2.55
04:46:00,2.55
04:46:01,2.55
04:46:02,2.55
04:46:03,2.55
04:46:04,2.55
04:46:05,2.55
04:46:06,2.55
04:46:07,2.55
04:46:08,2.55
04:46:09,2.55
04:46:10,2.55
04:46:11,2.55
04:46:12,2.55
04:46:13,2.55
04:46:14,2.55
04:46:15,2.55
04:46:16,2.55
04:46:17,2.55
04:46:18,2.55
04:46:19,2.55
04:46:20,2.55
04:46:21,2.55
04:46:22,2.55
04:46:23,2.55
04:46:24,2.55
04:46:25,2.55
04:46:26,2.55
04:46:27,2.55
04:46:28,2.55
04:46:29,2.55
04:46:30,2.55
04:46:31,2.55
04:46:32,2.55
04:46:33,2.55
04:46:34,2.55
04:46:35,2.55
04:46:36,2.55
04:46:37,2.55
04:46:38,2.55
04:46:39,2.55
04:46:40,2.55
04:46:41,2.55
04:46:42,2.55
04:46:43,2.55
04:46:44,2.55
04:46:45,2.55
04:46:46,2.55
04:46:47,2.55
04:46:48,2.55
04:46:49,2.55
04:46:50,2.55
04:46:51,2.55
04:46:52,2.55
04:46:53,2.55
04:46:54,2.55
04:46:55,2.55
04:46:56,2.55
04:46:57,2.55
04:46:58,2.55
04:46:59,2.55
04:47:00,2.55
04:47:01,2.55
04:47:02,2.55
04:47:03,2.55
04:47:04,2.55
04:47:05,2.55
04:47:06,2.55
04:47:07,2.55
04:47:08,2.55
04:47:09,2.55
04:47:10,2.55
04:47:11,2.55
04:47:12,2.55
04:47:13,2.55
04:47:14,2.55
04:47:15,2.55
04:47:16,2.55
04:47:17,2.55
04:47:18,2.55
04:47:19,2.55
04:47:20,2.55
04:47:21,2.55
04:47:22,2.55
04:47:23,2.55
04:47:24,2.55
04:47:25,2.55
04:47:26,2.55
04:47:27,2.55
04:47:28,2.55
04:47:29,2.55
04:47:30,2.55
04:47:31,2.55
04:47:32,2.55
04:47:33,2.55
04:47:34,2.55
04:47:35,2.55
04:47:36,2.55
04:47:37,2.55
04:47:38,2.55
04:47:39,2.55
04:47:40,2.55
04:47:41,2.55
04:47:42,2.55
04:47:43,2.55
04:47:44,2.55
04:47:45,2.55
04:47:46,2.55
04:47:47,2.55
04:47:48,2.55
04:47:49,2.55
04:47:50,2.55
04:47:51,2.55
04:47:52,2.55
04:47:53,2.55
04:47:54,2.55
04:47:55,2.55
04:47:56,2.55
04:47:57,2.55
04:47:58,2.55
04:47:59,2.55
04:48:00,2.55
04:48:01,2.55
04:48:02,2.55
04:48:03,2.55
04:48:04,2.55
04:48:05,2.55
04:48:06,2.55
04:48:07,2.55
04:48:08,2.55
04:48:09,2.55
04:48:10,2.55
04:48:11,2.55
04:48:12,2.55
04:48:13,2.55
04:48:14,2.55
04:48:15,2.55
04:48:16,2.55
04:48:17,2.55
04:48:18,2.55
04:48:19,2.55
04:48:20,2.55
04:48:21,2.55
04:48:22,2.55
04:48:23,2.55
04:48:24,2.55
04:48:25,2.55
04:48:26,2.55
04:48:27,2.55
04:48:28,2.55
04:48:29,2.55
04:48:30,2.55
04:48:31,2.55
04:48:32,2.55
04:48:33,2.55
04:48:34,2.55
04:48:35,2.55
04:48:36,2.55
04:48:37,2.55
04:48:38,2.55
04:48:39,2.55
04:48:40,2.55
04:48:41,2.55
04:48:42,2.55
04:48:43,2.55
04:48:44,2.55
04:48:45,7.114
04:48:46,11.678
04:48:47,16.242
04:48:48,20.806
04:48:49,25.37
04:48:50,29.934
04:48:51,34.498
04:48:52,39.062
04:48:53,43.626
04:48:54,48.19
04:48:55,52.754
04:48:56,57.318
04:48:57,61.882
04:48:58,66.446
04:48:59,71.01
04:49:00,71.01
04:49:01,71.01
04:49:02,71.01
04:49:03,71.01
04:49:04,71.01
04:49:05,71.01
04:49:06,71.01
04:49:07,71.01
04:49:08,71.01
04:49:09,71.01
04:49:10,71.01
04:49:11,71.01
04:49:12,71.01
04:49:13,71.01
04:49:14,71.01
04:49:15,71.01
04:49:16,71.01
04:49:17,71.01
04:49:18,71.01
04:49:19,71.01
04:49:20,71.01
04:49:21,71.01
04:49:22,71.01
04:49:23,71.01
04:49:24,71.01
04:49:25,71.01
04:49:26,71.01
04:49:27,71.01
04:49:28,71.01
04:49:29,71.01
04:49:30,71.01
04:49:31,70.134375
04:49:32,69.25875
04:49:33,68.383125
04:49:34,67.5075
04:49:35,66.631875
04:49:36,65.75625
04:49:37,64.880625
04:49:38,64.005
04:49:39,63.129375
04:49:40,62.25375
04:49:41,61.378125
04:49:42,60.5025
04:49:43,59.626875
04:49:44,58.75125
04:49:45,57.875625
04:49:46,57.0
04:49:47,53.596875
04:49:48,50.19375
04:49:49,46.790625
04:49:50,43.3875
04:49:51,39.984375
04:49:52,36.58125
04:49:53,33.178125
04:49:54,29.775
04:49:55,26.371875
04:49:56,22.96875
04:49:57,19.565625
04:49:58,16.1625
04:49:59,12.759375
04:50:00,9.35625
04:50:01,5.953125
04:50:02,2.55
04:50:03,2.55
04:50:04,2.55
04:50:05,2.55
04:50:06,2.55
04:50:07,2.55
04:50:08,2.55
04:50:09,2.55
04:50:10,2.55
04:50:11,2.55
04:50:12,2.55
04:50:13,2.55
04:50:14,2.55
04:50:15,2.55
04:50:16,2.55
04:50:17,2.55
04:50:18,2.55
04:50:19,2.55
04:50:20,2.55
04:50:21,2.55
04:50:22,2.55
04:50:23,2.55
04:50:24,2.55
04:50:25,2.55
04:50:26,2.55
04:50:27,2.55
04:50:28,2.55
04:50:29,2.55
04:50:30,2.55
04:50:31,2.55
04:50:32,2.55
04:50:33,2.55
04:50:34,2.55
04:50:35,2.55
04:50:36,2.55
04:50:37,2.55
04:50:38,2.55
04:50:39,2.55
04:50:40,2.55
04:50:41,2.55
04:50:42,2.55
04:50:43,2.55
04:50:44,2.55
04:50:45,2.55
04:50:46,2.55
04:50:47,2.55
04:50:48,2.55
04:50:49,2.55
04:50:50,2.55
04:50:51,2.55
04:50:52,2.55
04:50:53,2.55
04:50:54,2.55
04:50:55,2.55
04:50:56,2.55
04:50:57,2.55
04:50:58,2.55
04:50:59,2.55
04:51:00,2.55
04:51:01,2.55
04:51:02,2.55
04:51:03,2.55
04:51:04,2.55
04:51:05,2.55
04:51:06,2.55
04:51:07,2.55
04:51:08,2.55
04:51:09,2.55
04:51:10,2.55
04:51:11,2.55
04:51:12,2.55
04:51:13,2.55
04:51:14,2.55
04:51:15,2.55
04:51:16,2.55
04:51:17,2.55
04:51:18,2.55
04:51:19,2.55
04:51:20,2.55
04:51:21,2.55
04:51:22,2.55
04:51:23,2.55
04:51:24,2.55
04:51:25,2.55
04:51:26,2.55
04:51:27,2.55
04:51:28,2.55
04:51:29,2.55
04:51:30,2.55
04:51:31,2.55
04:51:32,2.55
04:51:33,2.55
04:51:34,2.55
04:51:35,2.55
04:51:36,2.55
04:51:37,2.55
04:51:38,2.55
04:51:39,2.55
04:51:40,2.55
04:51:41,2.55
04:51:42,2.55
04:51:43,2.55
04:51:44,2.55
04:51:45,2.55
04:51:46,2.55
04:51:47,2.55
04:51:48,2.55
04:51:49,2.55
04:51:50,2.55
04:51:51,2.55
04:51:52,2.55
04:51:53,2.55
04:51:54,2.55
04:51:55,2.55
04:51:56,2.55
04:51:57,2.55
04:51:58,2.55
04:51:59,2.55
04:52:00,2.55
04:52:01,2.55
04:52:02,2.55
04:52:03,2.55
04:52:04,2.55
04:52:05,2.55
04:52:06,2.55
04:52:07,2.55
04:52:08,2.55
04:52:09,2.55
04:52:10,2.55
04:52:11,2.55
04:52:12,2.55
04:52:13,2.55
04:52:14,2.55
04:52:15,2.55
04:52:16,2.55
04:52:17,2.55
04:52:18,2.55
04:52:19,2.55
04:52:20,2.55
04:52:21,2.55
04:52:22,2.55
04:52:23,2.55
04:52:24,2.55
04:52:25,2.55
04:52:26,2.55
04:52:27,2.55
04:52:28,2.55
04:52:29,2.55
04:52:30,2.55
04:52:31,2.55
04:52:32,2.55
04:52:33,2.55
04:52:34,2.55
04:52:35,2.55
04:52:36,2.55
04:52:37,2.55
04:52:38,2.55
04:52:39,2.55
04:52:40,2.55
04:52:41,2.55
04:52:42,2.55
04:52:43,2.55
04:52:44,2.55
04:52:45,2.55
04:52:46,2.55
04:52:47,2.55
04:52:48,2.55
04:52:49,2.55
04:52:50,2.55
04:52:51,2.55
04:52:52,2.55
04:52:53,2.55
04:52:54,2.55
04:52:55,2.55
04:52:56,2.55
04:52:57,2.55
04:52:58,2.55
04:52:59,2.55
04:53:00,2.55
04:53:01,2.55
04:53:02,2.55
04:53:03,2.55
04:53:04,2.55
04:53:05,2.55
04:53:06,2.55
04:53:07,2.55
04:53:08,2.55
04:53:09,2.55
04:53:10,2.55
04:53:11,2.55
04:53:12,2.55
04:53:13,2.55
04:53:14,2.55
04:53:15,2.55
04:53:16,2.55
04:53:17,2.55
04:53:18,2.55
04:53:19,2.55
04:53:20,2.55
04:53:21,2.55
04:53:22,2.55
04:53:23,2.55
04:53:24,2.55
04:53:25,2.55
04:53:26,2.55
04:53:27,2.55
04:53:28,2.55
04:53:29,2.55
04:53:30,2.55
04:53:31,2.55
04:53:32,2.55
04:53:33,2.55
04:53:34,2.55
04:53:35,2.55
04:53:36,2.55
04:53:37,2.55
04:53:38,2.55
04:53:39,2.55
04:53:40,2.55
04:53:41,2.55
04:53:42,2.55
04:53:43,2.55
04:53:44,2.55
04:53:45,2.55
04:53:46,2.55
04:53:47,2.55
04:53:48,2.55
04:53:49,2.55
04:53:50,2.55
04:53:51,2.55
04:53:52,2.55
04:53:53,2.55
04:53:54,2.55
04:53:55,2.55
04:53:56,2.55
04:53:57,2.55
04:53:58,2.55
04:53:59,2.55
04:54:00,2.55
04:54:01,2.55
04:54:02,2.55
04:54:03,2.55
04:54:04,2.55
04:54:05,2.55
04:54:06,2.55
04:54:07,2.55
04:54:08,2.55
04:54:09,2.55
04:54:10,2.55
04:54:11,2.55
04:54:12,2.55
04:54:13,2.55
04:54:14,2.55
04:54:15,2.55
04:54:16,2.55
04:54:17,2.55
04:54:18,2.55
04:54:19,2.55
04:54:20,2.55
04:54:21,2.55
04:54:22,2.55
04:54:23,2.55
04:54:24,2.55
04:54:25,2.55
04:54:26,2.55
04:54:27,2.55
04:54:28,2.55
04:54:29,2.55
04:54:30,2.55
04:54:31,2.55
04:54:32,2.55
04:54:33,2.55
04:54:34,2.55
04:54:35,2.55
04:54:36,2.55
04:54:37,2.55
04:54:38,2.55
04:54:39,2.55
04:54:40,2.55
04:54:41,2.55
04:54:42,2.55
04:54:43,2.55
04:54:44,2.55
04:54:45,2.55
04:54:46,2.55
04:54:47,2.55
04:54:48,2.55
04:54:49,2.55
04:54:50,2.55
04:54:51,2.55
04:54:52,2.55
04:54:53,2.55
04:54:54,2.55
04:54:55,2.55
04:54:56,2.55
04:54:57,2.55
04:54:58,2.55
04:54:59,2.55
04:55:00,2.55
04:55:01,2.55
04:55:02,2.55
04:55:03,2.55
04:55:04,2.55
04:55:05,2.55
04:55:06,2.55
04:55:07,2.55
04:55:08,2.55
04:55:09,2.55
04:55:10,2.55
04:55:11,2.55
04:55:12,2.55
04:55:13,2.55
04:55:14,2.55
04:55:15,2.55
04:55:16,2.55
04:55:17,2.55
04:55:18,2.55
04:55:19,2.55
04:55:20,2.55
04:55:21,2.55
04:55:22,2.55
04:55:23,2.55
04:55:24,2.55
04:55:25,2.55
04:55:26,2.55
04:55:27,2.55
04:55:28,2.55
04:55:29,2.55
04:55:30,2.55
04:55:31,2.55
04:55:32,2.55
04:55:33,2.55
04:55:34,2.55
04:55:35,2.55
04:55:36,2.55
04:55:37,2.55
04:55:38,2.55
04:55:39,2.55
04:55:40,2.55
04:55:41,2.55
04:55:42,2.55
04:55:43,2.55
04:55:44,2.55
04:55:45,2.55
04:55:46,2.55
04:55:47,2.55
04:55:48,2.55
04:55:49,2.55
04:55:50,2.55
04:55:51,2.55
04:55:52,2.55
04:55:53,2.55
04:55:54,2.55
04:55:55,2.55
04:55:56,2.55
04:55:57,2.55
04:55:58,2.55
04:55:59,2.55
04:56:00,2.55
04:56:01,2.55
04:56:02,2.55
04:56:03,2.55
04:56:04,2.55
04:56:05,2.55
04:56:06,2.55
04:56:07,2.55
04:56:08,2.55
04:56:09,2.55
04:56:10,2.55
04:56:11,2.55
04:56:12,2.55
04:56:13,2.55
04:56:14,2.55
04:56:15,2.55
04:56:16,2.55
04:56:17,2.55
04:56:18,2.55
04:56:19,2.55
04:56:20,2.55
04:56:21,2.55
04:56:22,2.55
04:56:23,2.55
04:56:24,2.55
04:56:25,2.55
04:56:26,2.55
04:56:27,2.55
04:56:28,2.55
04:56:29,2.55
04:56:30,2.55
04:56:31,2.55
04:56:32,2.55
04:56:33,2.55
04:56:34,2.55
04:56:35,2.55
04:56:36,2.55
04:56:37,2.55
04:56:38,2.55
04:56:39,2.55
04:56:40,2.55
04:56:41,2.55
04:56:42,2.55
04:56:43,2.55
04:56:44,2.55
04:56:45,2.55
04:56:46,2.55
04:56:47,2.55
04:56:48,2.55
04:56:49,2.55
04:56:50,2.55
04:56:51,2.55
04:56:52,2.55
04:56:53,2.55
04:56:54,2.55
04:56:55,2.55
04:56:56,2.55
04:56:57,2.55
04:56:58,2.55
04:56:59,2.55
04:57:00,2.55
04:57:01,2.55
04:57:02,2.55
04:57:03,2.55
04:57:04,2.55
04:57:05,2.55
04:57:06,2.55
04:57:07,2.55
04:57:08,2.55
04:57:09,2.55
04:57:10,2.55
04:57:11,2.55
04:57:12,2.55
04:57:13,2.55
04:57:14,2.55
04:57:15,2.55
04:57:16,2.55
04:57:17,2.55
04:57:18,2.55
04:57:19,2.55
04:57:20,2.55
04:57:21,2.55
04:57:22,2.55
04:57:23,2.55
04:57:24,2.55
04:57:25,2.55
04:57:26,2.55
04:57:27,2.55
04:57:28,2.55
04:57:29,2.55
04:57:30,2.55
04:57:31,2.55
04:57:32,2.55
04:57:33,2.55
04:57:34,2.55
04:57:35,2.55
04:57:36,2.55
04:57:37,2.55
04:57:38,2.55
04:57:39,2.55
04:57:40,2.55
04:57:41,2.55
04:57:42,2.55
04:57:43,2.55
04:57:44,2.55
04:57:45,2.55
04:57:46,2.55
04:57:47,2.55
04:57:48,2.55
04:57:49,2.55
04:57:50,2.55
04:57:51,2.55
04:57:52,2.55
04:57:53,2.55
04:57:54,2.55
04:57:55,2.55
04:57:56,2.55
04:57:57,2.55
04:57:58,2.55
04:57:59,2.55
04:58:00,2.55
04:58:01,2.55
04:58:02,2.55
04:58:03,2.55
04:58:04,2.55
04:58:05,2.55
04:58:06,2.55
04:58:07,2.55
04:58:08,2.55
04:58:09,2.55
04:58:10,2.55
04:58:11,2.55
04:58:12,2.55
04:58:13,2.55
04:58:14,2.55
04:58:15,2.55
04:58:16,2.55
04:58:17,2.55
04:58:18,2.55
04:58:19,2.55
04:58:20,2.55
04:58:21,2.55
04:58:22,2.55
04:58:23,2.55
04:58:24,2.55
04:58:25,2.55
04:58:26,2.55
04:58:27,2.55
04:58:28,2.55
04:58:29,2.55
04:58:30,2.55
04:58:31,2.55
04:58:32,2.55
04:58:33,2.55
04:58:34,2.55
04:58:35,2.55
04:58:36,2.55
04:58:37,2.55
04:58:38,2.55
04:58:39,2.55
04:58:40,2.55
04:58:41,2.55
04:58:42,2.55
04:58:43,2.55
04:58:44,2.55
04:58:45,2.55
04:58:46,2.55
04:58:47,2.55
04:58:48,2.55
04:58:49,2.55
04:58:50,2.55
04:58:51,2.55
04:58:52,2.55
04:58:53,2.55
04:58:54,2.55
04:58:55,2.55
04:58:56,2.55
04:58:57,2.55
04:58:58,2.55
04:58:59,2.55
04:59:00,2.55
04:59:01,2.55
04:59:02,2.55
04:59:03,2.55
04:59:04,2.55
04:59:05,2.55
04:59:06,2.55
04:59:07,2.55
04:59:08,2.55
04:59:09,2.55
04:59:10,2.55
04:59:11,2.55
04:59:12,2.55
04:59:13,2.55
04:59:14,2.55
04:59:15,2.55
04:59:16,2.55
04:59:17,2.55
04:59:18,2.55
04:59:19,2.55
04:59:20,2.55
04:59:21,2.55
04:59:22,2.55
04:59:23,2.55
04:59:24,2.55
04:59:25,2.55
04:59:26,2.55
04:59:27,2.55
04:59:28,2.55
04:59:29,2.55
04:59:30,2.55
04:59:31,2.55
04:59:32,2.55
04:59:33,2.55
04:59:34,2.55
04:59:35,2.55
04:59:36,2.55
04:59:37,2.55
04:59:38,2.55
04:59:39,2.55
04:59:40,2.55
04:59:41,2.55
04:59:42,2.55
04:59:43,2.55
04:59:44,2.55
04:59:45,2.55
04:59:46,2.55
04:59:47,2.55
04:59:48,2.55
04:59:49,2.55
04:59:50,2.55
04:59:51,2.55
04:59:52,2.55
04:59:53,2.55
04:59:54,2.55
04:59:55,2.55
04:59:56,2.55
04:59:57,2.55
04:59:58,2.55
04:59:59,2.55
05:00:00,2.55
05:00:01,2.55
05:00:02,2.55
05:00:03,2.55
05:00:04,2.55
05:00:05,2.55
05:00:06,2.55
05:00:07,2.55
05:00:08,2.55
05:00:09,2.55
05:00:10,2.55
05:00:11,2.55
05:00:12,2.55
05:00:13,2.55
05:00:14,2.55
05:00:15,2.55
05:00:16,2.55
05:00:17,2.55
05:00:18,2.55
05:00:19,2.55
05:00:20,2.55
05:00:21,2.55
05:00:22,2.55
05:00:23,2.55
05:00:24,2.55
05:00:25,2.55
05:00:26,2.55
05:00:27,2.55
05:00:28,2.55
05:00:29,2.55
05:00:30,2.55
05:00:31,2.55
05:00:32,2.55
05:00:33,2.55
05:00:34,2.55
05:00:35,2.55
05:00:36,2.55
05:00:37,2.55
05:00:38,2.55
05:00:39,2.55
05:00:40,2.55
05:00:41,2.55
05:00:42,2.55
05:00:43,2.55
05:00:44,2.55
05:00:45,2.55
05:00:46,2.55
05:00:47,2.55
05:00:48,2.55
05:00:49,2.55
05:00:50,2.55
05:00:51,2.55
05:00:52,2.55
05:00:53,2.55
05:00:54,2.55
05:00:55,2.55
05:00:56,2.55
05:00:57,2.55
05:00:58,2.55
05:00:59,2.55
05:01:00,2.55
05:01:01,2.55
05:01:02,2.55
05:01:03,2.55
05:01:04,2.55
05:01:05,2.55
05:01:06,2.55
05:01:07,2.55
05:01:08,2.55
05:01:09,2.55
05:01:10,2.55
05:01:11,2.55
05:01:12,2.55
05:01:13,2.55
05:01:14,2.55
05:01:15,2.55
05:01:16,2.55
05:01:17,2.55
05:01:18,2.55
05:01:19,2.55
05:01:20,2.55
05:01:21,2.55
05:01:22,2.55
05:01:23,2.55
05:01:24,2.55
05:01:25,2.55
05:01:26,2.55
05:01:27,2.55
05:01:28,2.55
05:01:29,2.55
05:01:30,2.55
05:01:31,2.55
05:01:32,2.55
05:01:33,2.55
05:01:34,2.55
05:01:35,2.55
05:01:36,2.55
05:01:37,2.55
05:01:38,2.55
05:01:39,2.55
05:01:40,2.55
05:01:41,2.55
05:01:42,2.55
05:01:43,2.55
05:01:44,2.55
05:01:45,2.55
05:01:46,2.55
05:01:47,2.55
05:01:48,2.55
05:01:49,2.55
05:01:50,2.55
05:01:51,2.55
05:01:52,2.55
05:01:53,2.55
05:01:54,2.55
05:01:55,2.55
05:01:56,2.55
05:01:57,2.55
05:01:58,2.55
05:01:59,2.55
05:02:00,2.55
05:02:01,2.55
05:02:02,2.55
05:02:03,2.55
05:02:04,2.55
05:02:05,2.55
05:02:06,2.55
05:02:07,2.55
05:02:08,2.55
05:02:09,2.55
05:02:10,2.55
05:02:11,2.55
05:02:12,2.55
05:02:13,2.55
05:02:14,2.55
05:02:15,2.55
05:02:16,2.55
05:02:17,2.55
05:02:18,2.55
05:02:19,2.55
05:02:20,2.55
05:02:21,2.55
05:02:22,2.55
05:02:23,2.55
05:02:24,2.55
05:02:25,2.55
05:02:26,2.55
05:02:27,2.55
05:02:28,2.55
05:02:29,2.55
05:02:30,2.55
05:02:31,2.55
05:02:32,2.55
05:02:33,2.55
05:02:34,2.55
05:02:35,2.55
05:02:36,2.55
05:02:37,2.55
05:02:38,2.55
05:02:39,2.55
05:02:40,2.55
05:02:41,2.55
05:02:42,2.55
05:02:43,2.55
05:02:44,2.55
05:02:45,2.55
05:02:46,2.55
05:02:47,2.55
05:02:48,2.55
05:02:49,2.55
05:02:50,2.55
05:02:51,2.55
05:02:52,2.55
05:02:53,2.55
05:02:54,2.55
05:02:55,2.55
05:02:56,2.55
05:02:57,2.55
05:02:58,2.55
05:02:59,2.55
05:03:00,2.55
05:03:01,2.55
05:03:02,2.55
05:03:03,2.55
05:03:04,2.55
05:03:05,2.55
05:03:06,2.55
05:03:07,2.55
05:03:08,2.55
05:03:09,2.55
05:03:10,2.55
05:03:11,2.55
05:03:12,2.55
05:03:13,2.55
05:03:14,2.55
05:03:15,2.55
05:03:16,2.55
05:03:17,2.55
05:03:18,2.55
05:03:19,2.55
05:03:20,2.55
05:03:21,2.55
05:03:22,2.55
05:03:23,2.55
05:03:24,2.55
05:03:25,2.55
05:03:26,2.55
05:03:27,2.55
05:03:28,2.55
05:03:29,2.55
05:03:30,2.55
05:03:31,2.55
05:03:32,2.55
05:03:33,2.55
05:03:34,2.55
05:03:35,2.55
05:03:36,2.55
05:03:37,2.55
05:03:38,2.55
05:03:39,2.55
05:03:40,2.55
05:03:41,2.55
05:03:42,2.55
05:03:43,2.55
05:03:44,2.55
05:03:45,2.55
05:03:46,2.55
05:03:47,2.55
05:03:48,2.55
05:03:49,2.55
05:03:50,2.55
05:03:51,2.55
05:03:52,2.55
05:03:53,2.55
05:03:54,2.55
05:03:55,2.55
05:03:56,2.55
05:03:57,2.55
05:03:58,2.55
05:03:59,2.55
05:04:00,2.55
05:04:01,2.55
05:04:02,2.55
05:04:03,2.55
05:04:04,2.55
05:04:05,2.55
05:04:06,2.55
05:04:07,2.55
05:04:08,2.55
05:04:09,2.55
05:04:10,2.55
05:04:11,2.55
05:04:12,2.55
05:04:13,2.55
05:04:14,2.55
05:04:15,2.55
05:04:16,2.55
05:04:17,2.55
05:04:18,2.55
05:04:19,2.55
05:04:20,2.55
05:04:21,2.55
05:04:22,2.55
05:04:23,2.55
05:04:24,2.55
05:04:25,2.55
05:04:26,2.55
05:04:27,2.55
05:04:28,2.55
05:04:29,2.55
05:04:30,2.55
05:04:31,2.55
05:04:32,2.55
05:04:33,2.55
05:04:34,2.55
05:04:35,2.55
05:04:36,2.55
05:04:37,2.55
05:04:38,2.55
05:04:39,2.55
05:04:40,2.55
05:04:41,2.55
05:04:42,2.55
05:04:43,2.55
05:04:44,2.55
05:04:45,2.55
05:04:46,2.55
05:04:47,2.55
05:04:48,2.55
05:04:49,2.55
05:04:50,2.55
05:04:51,2.55
05:04:52,2.55
05:04:53,2.55
05:04:54,2.55
05:04:55,2.55
05:04:56,2.55
05:04:57,2.55
05:04:58,2.55
05:04:59,2.55
05:05:00,2.55
05:05:01,2.55
05:05:02,2.55
05:05:03,2.55
05:05:04,2.55
05:05:05,2.55
05:05:06,2.55
05:05:07,2.55
05:05:08,2.55
05:05:09,2.55
05:05:10,2.55
05:05:11,2.55
05:05:12,2.55
05:05:13,2.55
05:05:14,2.55
05:05:15,2.55
05:05:16,2.55
05:05:17,2.55
05:05:18,2.55
05:05:19,2.55
05:05:20,2.55
05:05:21,2.55
05:05:22,2.55
05:05:23,2.55
05:05:24,2.55
05:05:25,2.55
05:05:26,2.55
05:05:27,2.55
05:05:28,2.55
05:05:29,2.55
05:05:30,2.55
05:05:31,2.55
05:05:32,2.55
05:05:33,2.55
05:05:34,2.55
05:05:35,2.55
05:05:36,2.55
05:05:37,2.55
05:05:38,2.55
05:05:39,2.55
05:05:40,2.55
05:05:41,2.55
05:05:42,2.55
05:05:43,2.55
05:05:44,2.55
05:05:45,2.55
05:05:46,2.55
05:05:47,2.55
05:05:48,2.55
05:05:49,2.55
05:05:50,2.55
05:05:51,2.55
05:05:52,2.55
05:05:53,2.55
05:05:54,2.55
05:05:55,2.55
05:05:56,2.55
05:05:57,2.55
05:05:58,2.55
05:05:59,2.55
05:06:00,2.55
05:06:01,2.55
05:06:02,2.55
05:06:03,2.55
05:06:04,2.55
05:06:05,2.55
05:06:06,2.55
05:06:07,2.55
05:06:08,2.55
05:06:09,2.55
05:06:10,2.55
05:06:11,2.55
05:06:12,2.55
05:06:13,2.55
05:06:14,2.55
05:06:15,2.55
05:06:16,2.55
05:06:17,2.55
05:06:18,2.55
05:06:19,2.55
05:06:20,2.55
05:06:21,2.55
05:06:22,2.55
05:06:23,2.55
05:06:24,2.55
05:06:25,2.55
05:06:26,2.55
05:06:27,2.55
05:06:28,2.55
05:06:29,2.55
05:06:30,2.55
05:06:31,2.55
05:06:32,2.55
05:06:33,2.55
05:06:34,2.55
05:06:35,2.55
05:06:36,2.55
05:06:37,2.55
05:06:38,2.55
05:06:39,2.55
05:06:40,2.55
05:06:41,2.55
05:06:42,2.55
05:06:43,2.55
05:06:44,2.55
05:06:45,2.55
05:06:46,2.55
05:06:47,2.55
05:06:48,2.55
05:06:49,2.55
05:06:50,2.55
05:06:51,2.55
05:06:52,2.55
05:06:53,2.55
05:06:54,2.55
05:06:55,2.55
05:06:56,2.55
05:06:57,2.55
05:06:58,2.55
05:06:59,2.55
05:07:00,2.55
05:07:01,2.55
05:07:02,2.55
05:07:03,2.55
05:07:04,2.55
05:07:05,2.55
05:07:06,2.55
05:07:07,2.55
05:07:08,2.55
05:07:09,2.55
05:07:10,2.55
05:07:11,2.55
05:07:12,2.55
05:07:13,2.55
05:07:14,2.55
05:07:15,2.55
05:07:16,2.55
05:07:17,2.55
05:07:18,2.55
05:07:19,2.55
05:07:20,2.55
05:07:21,2.55
05:07:22,2.55
05:07:23,2.55
05:07:24,2.55
05:07:25,2.55
05:07:26,2.55
05:07:27,2.55
05:07:28,2.55
05:07:29,2.55
05:07:30,2.55
05:07:31,2.55
05:07:32,2.55
05:07:33,2.55
05:07:34,2.55
05:07:35,2.55
05:07:36,2.55
05:07:37,2.55
05:07:38,2.55
05:07:39,2.55
05:07:40,2.55
05:07:41,2.55
05:07:42,2.55
05:07:43,2.55
05:07:44,2.55
05:07:45,2.55
05:07:46,2.55
05:07:47,2.55
05:07:48,2.55
05:07:49,2.55
05:07:50,2.55
05:07:51,2.55
05:07:52,2.55
05:07:53,2.55
05:07:54,2.55
05:07:55,2.55
05:07:56,2.55
05:07:57,2.55
05:07:58,2.55
05:07:59,2.55
05:08:00,2.55
05:08:01,2.55
05:08:02,2.55
05:08:03,2.55
05:08:04,2.55
05:08:05,2.55
05:08:06,2.55
05:08:07,2.55
05:08:08,2.55
05:08:09,2.55
05:08:10,2.55
05:08:11,2.55
05:08:12,2.55
05:08:13,2.55
05:08:14,2.55
05:08:15,2.55
05:08:16,2.55
05:08:17,2.55
05:08:18,2.55
05:08:19,2.55
05:08:20,2.55
05:08:21,2.55
05:08:22,2.55
05:08:23,2.55
05:08:24,2.55
05:08:25,2.55
05:08:26,2.55
05:08:27,2.55
05:08:28,2.55
05:08:29,2.55
05:08:30,2.55
05:08:31,2.55
05:08:32,2.55
05:08:33,2.55
05:08:34,2.55
05:08:35,2.55
05:08:36,2.55
05:08:37,2.55
05:08:38,2.55
05:08:39,2.55
05:08:40,2.55
05:08:41,2.55
05:08:42,2.55
05:08:43,2.55
05:08:44,2.55
05:08:45,2.55
05:08:46,2.55
05:08:47,2.55
05:08:48,2.55
05:08:49,2.55
05:08:50,2.55
05:08:51,2.55
05:08:52,2.55
05:08:53,2.55
05:08:54,2.55
05:08:55,2.55
05:08:56,2.55
05:08:57,2.55
05:08:58,2.55
05:08:59,2.55
05:09:00,2.55
05:09:01,2.55
05:09:02,2.55
05:09:03,2.55
05:09:04,2.55
05:09:05,2.55
05:09:06,2.55
05:09:07,2.55
05:09:08,2.55
05:09:09,2.55
05:09:10,2.55
05:09:11,2.55
05:09:12,2.55
05:09:13,2.55
05:09:14,2.55
05:09:15,2.55
05:09:16,2.55
05:09:17,2.55
05:09:18,2.55
05:09:19,2.55
05:09:20,2.55
05:09:21,2.55
05:09:22,2.55
05:09:23,2.55
05:09:24,2.55
05:09:25,2.55
05:09:26,2.55
05:09:27,2.55
05:09:28,2.55
05:09:29,2.55
05:09:30,2.55
05:09:31,2.55
05:09:32,2.55
05:09:33,2.55
05:09:34,2.55
05:09:35,2.55
05:09:36,2.55
05:09:37,2.55
05:09:38,2.55
05:09:39,2.55
05:09:40,2.55
05:09:41,2.55
05:09:42,2.55
05:09:43,2.55
05:09:44,2.55
05:09:45,2.55
05:09:46,2.55
05:09:47,2.55
05:09:48,2.55
05:09:49,2.55
05:09:50,2.55
05:09:51,2.55
05:09:52,2.55
05:09:53,2.55
05:09:54,2.55
05:09:55,2.55
05:09:56,2.55
05:09:57,2.55
05:09:58,2.55
05:09:59,2.55
05:10:00,2.55
05:10:01,2.55
05:10:02,2.55
05:10:03,2.55
05:10:04,2.55
05:10:05,2.55
05:10:06,2.55
05:10:07,2.55
05:10:08,2.55
05:10:09,2.55
05:10:10,2.55
05:10:11,2.55
05:10:12,2.55
05:10:13,2.55
05:10:14,2.55
05:10:15,2.55
05:10:16,2.55
05:10:17,2.55
05:10:18,2.55
05:10:19,2.55
05:10:20,2.55
05:10:21,2.55
05:10:22,2.55
05:10:23,2.55
05:10:24,2.55
05:10:25,2.55
05:10:26,2.55
05:10:27,2.55
05:10:28,2.55
05:10:29,2.55
05:10:30,2.55
05:10:31,2.55
05:10:32,2.55
05:10:33,2.55
05:10:34,2.55
05:10:35,2.55
05:10:36,2.55
05:10:37,2.55
05:10:38,2.55
05:10:39,2.55
05:10:40,2.55
05:10:41,2.55
05:10:42,2.55
05:10:43,2.55
05:10:44,2.55
05:10:45,2.55
05:10:46,2.55
05:10:47,2.55
05:10:48,2.55
05:10:49,2.55
05:10:50,2.55
05:10:51,2.55
05:10:52,2.55
05:10:53,2.55
05:10:54,2.55
05:10:55,2.55
05:10:56,2.55
05:10:57,2.55
05:10:58,2.55
05:10:59,2.55
05:11:00,2.55
05:11:01,2.55
05:11:02,2.55
05:11:03,2.55
05:11:04,2.55
05:11:05,2.55
05:11:06,2.55
05:11:07,2.55
05:11:08,2.55
05:11:09,2.55
05:11:10,2.55
05:11:11,2.55
05:11:12,2.55
05:11:13,2.55
05:11:14,2.55
05:11:15,2.55
05:11:16,2.55
05:11:17,2.55
05:11:18,2.55
05:11:19,2.55
05:11:20,2.55
05:11:21,2.55
05:11:22,2.55
05:11:23,2.55
05:11:24,2.55
05:11:25,2.55
05:11:26,2.55
05:11:27,2.55
05:11:28,2.55
05:11:29,2.55
05:11:30,2.55
05:11:31,2.55
05:11:32,2.55
05:11:33,2.55
05:11:34,2.55
05:11:35,2.55
05:11:36,2.55
05:11:37,2.55
05:11:38,2.55
05:11:39,2.55
05:11:40,2.55
05:11:41,2.55
05:11:42,2.55
05:11:43,2.55
05:11:44,2.55
05:11:45,2.55
05:11:46,2.55
05:11:47,2.55
05:11:48,2.55
05:11:49,2.55
05:11:50,2.55
05:11:51,2.55
05:11:52,2.55
05:11:53,2.55
05:11:54,2.55
05:11:55,2.55
05:11:56,2.55
05:11:57,2.55
05:11:58,2.55
05:11:59,2.55
05:12:00,2.55
05:12:01,2.55
05:12:02,2.55
05:12:03,2.55
05:12:04,2.55
05:12:05,2.55
05:12:06,2.55
05:12:07,2.55
05:12:08,2.55
05:12:09,2.55
05:12:10,2.55
05:12:11,2.55
05:12:12,2.55
05:12:13,2.55
05:12:14,2.55
05:12:15,2.55
05:12:16,2.55
05:12:17,2.55
05:12:18,2.55
05:12:19,2.55
05:12:20,2.55
05:12:21,2.55
05:12:22,2.55
05:12:23,2.55
05:12:24,2.55
05:12:25,2.55
05:12:26,2.55
05:12:27,2.55
05:12:28,2.55
05:12:29,2.55
05:12:30,2.55
05:12:31,2.55
05:12:32,2.55
05:12:33,2.55
05:12:34,2.55
05:12:35,2.55
05:12:36,2.55
05:12:37,2.55
05:12:38,2.55
05:12:39,2.55
05:12:40,2.55
05:12:41,2.55
05:12:42,2.55
05:12:43,2.55
05:12:44,2.55
05:12:45,2.55
05:12:46,2.55
05:12:47,2.55
05:12:48,2.55
05:12:49,2.55
05:12:50,2.55
05:12:51,2.55
05:12:52,2.55
05:12:53,2.55
05:12:54,2.55
05:12:55,2.55
05:12:56,2.55
05:12:57,2.55
05:12:58,2.55
05:12:59,2.55
05:13:00,2.55
05:13:01,2.55
05:13:02,2.55
05:13:03,2.55
05:13:04,2.55
05:13:05,2.55
05:13:06,2.55
05:13:07,2.55
05:13:08,2.55
05:13:09,2.55
05:13:10,2.55
05:13:11,2.55
05:13:12,2.55
05:13:13,2.55
05:13:14,2.55
05:13:15,2.55
05:13:16,2.55
05:13:17,2.55
05:13:18,2.55
05:13:19,2.55
05:13:20,2.55
05:13:21,2.55
05:13:22,2.55
05:13:23,2.55
05:13:24,2.55
05:13:25,2.55
05:13:26,2.55
05:13:27,2.55
05:13:28,2.55
05:13:29,2.55
05:13:30,2.55
05:13:31,2.55
05:13:32,2.55
05:13:33,2.55
05:13:34,2.55
05:13:35,2.55
05:13:36,2.55
05:13:37,2.55
05:13:38,2.55
05:13:39,2.55
05:13:40,2.55
05:13:41,2.55
05:13:42,2.55
05:13:43,2.55
05:13:44,2.55
05:13:45,2.55
05:13:46,2.55
05:13:47,2.55
05:13:48,2.55
05:13:49,2.55
05:13:50,2.55
05:13:51,2.55
05:13:52,2.55
05:13:53,2.55
05:13:54,2.55
05:13:55,2.55
05:13:56,2.55
05:13:57,2.55
05:13:58,2.55
05:13:59,2.55
05:14:00,2.55
05:14:01,2.55
05:14:02,2.55
05:14:03,2.55
05:14:04,2.55
05:14:05,2.55
05:14:06,2.55
05:14:07,2.55
05:14:08,2.55
05:14:09,2.55
05:14:10,2.55
05:14:11,2.55
05:14:12,2.55
05:14:13,2.55
05:14:14,2.55
05:14:15,2.55
05:14:16,2.55
05:14:17,2.55
05:14:18,2.55
05:14:19,2.55
05:14:20,2.55
05:14:21,2.55
05:14:22,2.55
05:14:23,2.55
05:14:24,2.55
05:14:25,2.55
05:14:26,2.55
05:14:27,2.55
05:14:28,2.55
05:14:29,2.55
05:14:30,2.55
05:14:31,2.55
05:14:32,2.55
05:14:33,2.55
05:14:34,2.55
05:14:35,2.55
05:14:36,2.55
05:14:37,2.55
05:14:38,2.55
05:14:39,2.55
05:14:40,2.55
05:14:41,2.55
05:14:42,2.55
05:14:43,2.55
05:14:44,2.55
05:14:45,2.55
05:14:46,2.55
05:14:47,2.55
05:14:48,2.55
05:14:49,2.55
05:14:50,2.55
05:14:51,2.55
05:14:52,2.55
05:14:53,2.55
05:14:54,2.55
05:14:55,2.55
05:14:56,2.55
05:14:57,2.55
05:14:58,2.55
05:14:59,2.55
05:15:00,2.55
05:15:01,2.55
05:15:02,2.55
05:15:03,2.55
05:15:04,2.55
05:15:05,2.55
05:15:06,2.55
05:15:07,2.55
05:15:08,2.55
05:15:09,2.55
05:15:10,2.55
05:15:11,2.55
05:15:12,2.55
05:15:13,2.55
05:15:14,2.55
05:15:15,2.55
05:15:16,2.55
05:15:17,2.55
05:15:18,2.55
05:15:19,2.55
05:15:20,2.55
05:15:21,2.55
05:15:22,2.55
05:15:23,2.55
05:15:24,2.55
05:15:25,2.55
05:15:26,2.55
05:15:27,2.55
05:15:28,2.55
05:15:29,2.55
05:15:30,2.55
05:15:31,2.55
05:15:32,2.55
05:15:33,2.55
05:15:34,2.55
05:15:35,2.55
05:15:36,2.55
05:15:37,2.55
05:15:38,2.55
05:15:39,2.55
05:15:40,2.55
05:15:41,2.55
05:15:42,2.55
05:15:43,2.55
05:15:44,2.55
05:15:45,2.55
05:15:46,2.55
05:15:47,2.55
05:15:48,2.55
05:15:49,2.55
05:15:50,2.55
05:15:51,2.55
05:15:52,2.55
05:15:53,2.55
05:15:54,2.55
05:15:55,2.55
05:15:56,2.55
05:15:57,2.55
05:15:58,2.55
05:15:59,2.55
05:16:00,2.55
05:16:01,2.55
05:16:02,2.55
05:16:03,2.55
05:16:04,2.55
05:16:05,2.55
05:16:06,2.55
05:16:07,2.55
05:16:08,2.55
05:16:09,2.55
05:16:10,2.55
05:16:11,2.55
05:16:12,2.55
05:16:13,2.55
05:16:14,2.55
05:16:15,2.55
05:16:16,2.55
05:16:17,2.55
05:16:18,2.55
05:16:19,2.55
05:16:20,2.55
05:16:21,2.55
05:16:22,2.55
05:16:23,2.55
05:16:24,2.55
05:16:25,2.55
05:16:26,2.55
05:16:27,2.55
05:16:28,2.55
05:16:29,2.55
05:16:30,2.55
05:16:31,2.55
05:16:32,2.55
05:16:33,2.55
05:16:34,2.55
05:16:35,2.55
05:16:36,2.55
05:16:37,2.55
05:16:38,2.55
05:16:39,2.55
05:16:40,2.55
05:16:41,2.55
05:16:42,2.55
05:16:43,2.55
05:16:44,2.55
05:16:45,2.55
05:16:46,2.55
05:16:47,2.55
05:16:48,2.55
05:16:49,2.55
05:16:50,2.55
05:16:51,2.55
05:16:52,2.55
05:16:53,2.55
05:16:54,2.55
05:16:55,2.55
05:16:56,2.55
05:16:57,2.55
05:16:58,2.55
05:16:59,2.55
05:17:00,2.55
05:17:01,2.55
05:17:02,2.55
05:17:03,2.55
05:17:04,2.55
05:17:05,2.55
05:17:06,2.55
05:17:07,2.55
05:17:08,2.55
05:17:09,2.55
05:17:10,2.55
05:17:11,2.55
05:17:12,2.55
05:17:13,2.55
05:17:14,2.55
05:17:15,2.55
05:17:16,2.55
05:17:17,2.55
05:17:18,2.55
05:17:19,2.55
05:17:20,2.55
05:17:21,2.55
05:17:22,2.55
05:17:23,2.55
05:17:24,2.55
05:17:25,2.55
05:17:26,2.55
05:17:27,2.55
05:17:28,2.55
05:17:29,2.55
05:17:30,2.55
05:17:31,2.55
05:17:32,2.55
05:17:33,2.55
05:17:34,2.55
05:17:35,2.55
05:17:36,2.55
05:17:37,2.55
05:17:38,2.55
05:17:39,2.55
05:17:40,2.55
05:17:41,2.55
05:17:42,2.55
05:17:43,2.55
05:17:44,2.55
05:17:45,2.55
05:17:46,2.55
05:17:47,2.55
05:17:48,2.55
05:17:49,2.55
05:17:50,2.55
05:17:51,2.55
05:17:52,2.55
05:17:53,2.55
05:17:54,2.55
05:17:55,2.55
05:17:56,2.55
05:17:57,2.55
05:17:58,2.55
05:17:59,2.55
05:18:00,2.55
05:18:01,2.55
05:18:02,2.55
05:18:03,2.55
05:18:04,2.55
05:18:05,2.55
05:18:06,2.55
05:18:07,2.55
05:18:08,2.55
05:18:09,2.55
05:18:10,2.55
05:18:11,2.55
05:18:12,2.55
05:18:13,2.55
05:18:14,2.55
05:18:15,2.55
05:18:16,2.55
05:18:17,2.55
05:18:18,2.55
05:18:19,2.55
05:18:20,2.55
05:18:21,2.55
05:18:22,2.55
05:18:23,2.55
05:18:24,2.55
05:18:25,2.55
05:18:26,2.55
05:18:27,2.55
05:18:28,2.55
05:18:29,2.55
05:18:30,2.55
05:18:31,2.55
05:18:32,2.55
05:18:33,2.55
05:18:34,2.55
05:18:35,2.55
05:18:36,2.55
05:18:37,2.55
05:18:38,2.55
05:18:39,2.55
05:18:40,2.55
05:18:41,2.55
05:18:42,2.55
05:18:43,2.55
05:18:44,2.55
05:18:45,2.55
05:18:46,2.55
05:18:47,2.55
05:18:48,2.55
05:18:49,2.55
05:18:50,2.55
05:18:51,2.55
05:18:52,2.55
05:18:53,2.55
05:18:54,2.55
05:18:55,2.55
05:18:56,2.55
05:18:57,2.55
05:18:58,2.55
05:18:59,2.55
05:19:00,2.55
05:19:01,2.55
05:19:02,2.55
05:19:03,2.55
05:19:04,2.55
05:19:05,2.55
05:19:06,2.55
05:19:07,2.55
05:19:08,2.55
05:19:09,2.55
05:19:10,2.55
05:19:11,2.55
05:19:12,2.55
05:19:13,2.55
05:19:14,2.55
05:19:15,2.55
05:19:16,2.55
05:19:17,2.55
05:19:18,2.55
05:19:19,2.55
05:19:20,2.55
05:19:21,2.55
05:19:22,2.55
05:19:23,2.55
05:19:24,2.55
05:19:25,2.55
05:19:26,2.55
05:19:27,2.55
05:19:28,2.55
05:19:29,2.55
05:19:30,2.55
05:19:31,2.55
05:19:32,2.55
05:19:33,2.55
05:19:34,2.55
05:19:35,2.55
05:19:36,2.55
05:19:37,2.55
05:19:38,2.55
05:19:39,2.55
05:19:40,2.55
05:19:41,2.55
05:19:42,2.55
05:19:43,2.55
05:19:44,2.55
05:19:45,2.55
05:19:46,2.55
05:19:47,2.55
05:19:48,2.55
05:19:49,2.55
05:19:50,2.55
05:19:51,2.55
05:19:52,2.55
05:19:53,2.55
05:19:54,2.55
05:19:55,2.55
05:19:56,2.55
05:19:57,2.55
05:19:58,2.55
05:19:59,2.55
05:20:00,2.55
05:20:01,2.55
05:20:02,2.55
05:20:03,2.55
05:20:04,2.55
05:20:05,2.55
05:20:06,2.55
05:20:07,2.55
05:20:08,2.55
05:20:09,2.55
05:20:10,2.55
05:20:11,2.55
05:20:12,2.55
05:20:13,2.55
05:20:14,2.55
05:20:15,2.55
05:20:16,2.55
05:20:17,2.55
05:20:18,2.55
05:20:19,2.55
05:20:20,2.55
05:20:21,2.55
05:20:22,2.55
05:20:23,2.55
05:20:24,2.55
05:20:25,2.55
05:20:26,2.55
05:20:27,2.55
05:20:28,2.55
05:20:29,2.55
05:20:30,2.55
05:20:31,2.55
05:20:32,2.55
05:20:33,2.55
05:20:34,2.55
05:20:35,2.55
05:20:36,2.55
05:20:37,2.55
05:20:38,2.55
05:20:39,2.55
05:20:40,2.55
05:20:41,2.55
05:20:42,2.55
05:20:43,2.55
05:20:44,2.55
05:20:45,2.55
05:20:46,2.55
05:20:47,2.55
05:20:48,2.55
05:20:49,2.55
05:20:50,2.55
05:20:51,2.55
05:20:52,2.55
05:20:53,2.55
05:20:54,2.55
05:20:55,2.55
05:20:56,2.55
05:20:57,2.55
05:20:58,2.55
05:20:59,2.55
05:21:00,2.55
05:21:01,2.55
05:21:02,2.55
05:21:03,2.55
05:21:04,2.55
05:21:05,2.55
05:21:06,2.55
05:21:07,2.55
05:21:08,2.55
05:21:09,2.55
05:21:10,2.55
05:21:11,2.55
05:21:12,2.55
05:21:13,2.55
05:21:14,2.55
05:21:15,2.55
05:21:16,2.55
05:21:17,2.55
05:21:18,2.55
05:21:19,2.55
05:21:20,2.55
05:21:21,2.55
05:21:22,2.55
05:21:23,2.55
05:21:24,2.55
05:21:25,2.55
05:21:26,2.55
05:21:27,2.55
05:21:28,2.55
05:21:29,2.55
05:21:30,2.55
05:21:31,2.55
05:21:32,2.55
05:21:33,2.55
05:21:34,2.55
05:21:35,2.55
05:21:36,2.55
05:21:37,2.55
05:21:38,2.55
05:21:39,2.55
05:21:40,2.55
05:21:41,2.55
05:21:42,2.55
05:21:43,2.55
05:21:44,2.55
05:21:45,2.55
05:21:46,2.55
05:21:47,2.55
05:21:48,2.55
05:21:49,2.55
05:21:50,2.55
05:21:51,2.55
05:21:52,2.55
05:21:53,2.55
05:21:54,2.55
05:21:55,2.55
05:21:56,2.55
05:21:57,2.55
05:21:58,2.55
05:21:59,2.55
05:22:00,2.55
05:22:01,2.55
05:22:02,2.55
05:22:03,2.55
05:22:04,2.55
05:22:05,2.55
05:22:06,2.55
05:22:07,2.55
05:22:08,2.55
05:22:09,2.55
05:22:10,2.55
05:22:11,2.55
05:22:12,2.55
05:22:13,2.55
05:22:14,2.55
05:22:15,2.55
05:22:16,2.55
05:22:17,2.55
05:22:18,2.55
05:22:19,2.55
05:22:20,2.55
05:22:21,2.55
05:22:22,2.55
05:22:23,2.55
05:22:24,2.55
05:22:25,2.55
05:22:26,2.55
05:22:27,2.55
05:22:28,2.55
05:22:29,2.55
05:22:30,2.55
05:22:31,2.55
05:22:32,2.55
05:22:33,2.55
05:22:34,2.55
05:22:35,2.55
05:22:36,2.55
05:22:37,2.55
05:22:38,2.55
05:22:39,2.55
05:22:40,2.55
05:22:41,2.55
05:22:42,2.55
05:22:43,2.55
05:22:44,2.55
05:22:45,2.55
05:22:46,2.55
05:22:47,2.55
05:22:48,2.55
05:22:49,2.55
05:22:50,2.55
05:22:51,2.55
05:22:52,2.55
05:22:53,2.55
05:22:54,2.55
05:22:55,2.55
05:22:56,2.55
05:22:57,2.55
05:22:58,2.55
05:22:59,2.55
05:23:00,2.55
05:23:01,2.55
05:23:02,2.55
05:23:03,2.55
05:23:04,2.55
05:23:05,2.55
05:23:06,2.55
05:23:07,2.55
05:23:08,2.55
05:23:09,2.55
05:23:10,2.55
05:23:11,2.55
05:23:12,2.55
05:23:13,2.55
05:23:14,2.55
05:23:15,2.55
05:23:16,2.55
05:23:17,2.55
05:23:18,2.55
05:23:19,2.55
05:23:20,2.55
05:23:21,2.55
05:23:22,2.55
05:23:23,2.55
05:23:24,2.55
05:23:25,2.55
05:23:26,2.55
05:23:27,2.55
05:23:28,2.55
05:23:29,2.55
05:23:30,2.55
05:23:31,2.55
05:23:32,2.55
05:23:33,2.55
05:23:34,2.55
05:23:35,2.55
05:23:36,2.55
05:23:37,2.55
05:23:38,2.55
05:23:39,2.55
05:23:40,2.55
05:23:41,2.55
05:23:42,2.55
05:23:43,2.55
05:23:44,2.55
05:23:45,2.55
05:23:46,2.55
05:23:47,2.55
05:23:48,2.55
05:23:49,2.55
05:23:50,2.55
05:23:51,2.55
05:23:52,2.55
05:23:53,2.55
05:23:54,2.55
05:23:55,2.55
05:23:56,2.55
05:23:57,2.55
05:23:58,2.55
05:23:59,2.55
05:24:00,2.55
05:24:01,2.55
05:24:02,2.55
05:24:03,2.55
05:24:04,2.55
05:24:05,2.55
05:24:06,2.55
05:24:07,2.55
05:24:08,2.55
05:24:09,2.55
05:24:10,2.55
05:24:11,2.55
05:24:12,2.55
05:24:13,2.55
05:24:14,2.55
05:24:15,2.55
05:24:16,2.55
05:24:17,2.55
05:24:18,2.55
05:24:19,2.55
05:24:20,2.55
05:24:21,2.55
05:24:22,2.55
05:24:23,2.55
05:24:24,2.55
05:24:25,2.55
05:24:26,2.55
05:24:27,2.55
05:24:28,2.55
05:24:29,2.55
05:24:30,2.55
05:24:31,2.55
05:24:32,2.55
05:24:33,2.55
05:24:34,2.55
05:24:35,2.55
05:24:36,2.55
05:24:37,2.55
05:24:38,2.55
05:24:39,2.55
05:24:40,2.55
05:24:41,2.55
05:24:42,2.55
05:24:43,2.55
05:24:44,2.55
05:24:45,2.55
05:24:46,2.55
05:24:47,2.55
05:24:48,2.55
05:24:49,2.55
05:24:50,2.55
05:24:51,2.55
05:24:52,2.55
05:24:53,2.55
05:24:54,2.55
05:24:55,2.55
05:24:56,2.55
05:24:57,2.55
05:24:58,2.55
05:24:59,2.55
05:25:00,2.55
05:25:01,2.55
05:25:02,2.55
05:25:03,2.55
05:25:04,2.55
05:25:05,2.55
05:25:06,2.55
05:25:07,2.55
05:25:08,2.55
05:25:09,2.55
05:25:10,2.55
05:25:11,2.55
05:25:12,2.55
05:25:13,2.55
05:25:14,2.55
05:25:15,2.55
05:25:16,2.55
05:25:17,2.55
05:25:18,2.55
05:25:19,2.55
05:25:20,2.55
05:25:21,2.55
05:25:22,2.55
05:25:23,2.55
05:25:24,2.55
05:25:25,2.55
05:25:26,2.55
05:25:27,2.55
05:25:28,2.55
05:25:29,2.55
05:25:30,2.55
05:25:31,2.55
05:25:32,2.55
05:25:33,2.55
05:25:34,2.55
05:25:35,2.55
05:25:36,2.55
05:25:37,2.55
05:25:38,2.55
05:25:39,2.55
05:25:40,2.55
05:25:41,2.55
05:25:42,2.55
05:25:43,2.55
05:25:44,2.55
05:25:45,2.55
05:25:46,2.55
05:25:47,2.55
05:25:48,2.55
05:25:49,2.55
05:25:50,2.55
05:25:51,2.55
05:25:52,2.55
05:25:53,2.55
05:25:54,2.55
05:25:55,2.55
05:25:56,2.55
05:25:57,2.55
05:25:58,2.55
05:25:59,2.55
05:26:00,2.55
05:26:01,2.55
05:26:02,2.55
05:26:03,2.55
05:26:04,2.55
05:26:05,2.55
05:26:06,2.55
05:26:07,2.55
05:26:08,2.55
05:26:09,2.55
05:26:10,2.55
05:26:11,2.55
05:26:12,2.55
05:26:13,2.55
05:26:14,2.55
05:26:15,2.55
05:26:16,2.55
05:26:17,2.55
05:26:18,2.55
05:26:19,2.55
05:26:20,2.55
05:26:21,2.55
05:26:22,2.55
05:26:23,2.55
05:26:24,2.55
05:26:25,2.55
05:26:26,2.55
05:26:27,2.55
05:26:28,2.55
05:26:29,2.55
05:26:30,2.55
05:26:31,2.55
05:26:32,2.55
05:26:33,2.55
05:26:34,2.55
05:26:35,2.55
05:26:36,2.55
05:26:37,2.55
05:26:38,2.55
05:26:39,2.55
05:26:40,2.55
05:26:41,2.55
05:26:42,2.55
05:26:43,2.55
05:26:44,2.55
05:26:45,2.55
05:26:46,2.55
05:26:47,2.55
05:26:48,2.55
05:26:49,2.55
05:26:50,2.55
05:26:51,2.55
05:26:52,2.55
05:26:53,2.55
05:26:54,2.55
05:26:55,2.55
05:26:56,2.55
05:26:57,2.55
05:26:58,2.55
05:26:59,2.55
05:27:00,2.55
05:27:01,2.55
05:27:02,2.55
05:27:03,2.55
05:27:04,2.55
05:27:05,2.55
05:27:06,2.55
05:27:07,2.55
05:27:08,2.55
05:27:09,2.55
05:27:10,2.55
05:27:11,2.55
05:27:12,2.55
05:27:13,2.55
05:27:14,2.55
05:27:15,2.55
05:27:16,2.55
05:27:17,2.55
05:27:18,2.55
05:27:19,2.55
05:27:20,2.55
05:27:21,2.55
05:27:22,2.55
05:27:23,2.55
05:27:24,2.55
05:27:25,2.55
05:27:26,2.55
05:27:27,2.55
05:27:28,2.55
05:27:29,2.55
05:27:30,2.55
05:27:31,2.55
05:27:32,2.55
05:27:33,2.55
05:27:34,2.55
05:27:35,2.55
05:27:36,2.55
05:27:37,2.55
05:27:38,2.55
05:27:39,2.55
05:27:40,2.55
05:27:41,2.55
05:27:42,2.55
05:27:43,2.55
05:27:44,2.55
05:27:45,2.55
05:27:46,2.55
05:27:47,2.55
05:27:48,2.55
05:27:49,2.55
05:27:50,2.55
05:27:51,2.55
05:27:52,2.55
05:27:53,2.55
05:27:54,2.55
05:27:55,2.55
05:27:56,2.55
05:27:57,2.55
05:27:58,2.55
05:27:59,2.55
05:28:00,2.55
05:28:01,2.55
05:28:02,2.55
05:28:03,2.55
05:28:04,2.55
05:28:05,2.55
05:28:06,2.55
05:28:07,2.55
05:28:08,2.55
05:28:09,2.55
05:28:10,2.55
05:28:11,2.55
05:28:12,2.55
05:28:13,2.55
05:28:14,2.55
05:28:15,2.55
05:28:16,2.55
05:28:17,2.55
05:28:18,2.55
05:28:19,2.55
05:28:20,2.55
05:28:21,2.55
05:28:22,2.55
05:28:23,2.55
05:28:24,2.55
05:28:25,2.55
05:28:26,2.55
05:28:27,2.55
05:28:28,2.55
05:28:29,2.55
05:28:30,2.55
05:28:31,2.55
05:28:32,2.55
05:28:33,2.55
05:28:34,2.55
05:28:35,2.55
05:28:36,2.55
05:28:37,2.55
05:28:38,2.55
05:28:39,2.55
05:28:40,2.55
05:28:41,2.55
05:28:42,2.55
05:28:43,2.55
05:28:44,2.55
05:28:45,2.55
05:28:46,2.55
05:28:47,2.55
05:28:48,2.55
05:28:49,2.55
05:28:50,2.55
05:28:51,2.55
05:28:52,2.55
05:28:53,2.55
05:28:54,2.55
05:28:55,2.55
05:28:56,2.55
05:28:57,2.55
05:28:58,2.55
05:28:59,2.55
05:29:00,2.55
05:29:01,2.55
05:29:02,2.55
05:29:03,2.55
05:29:04,2.55
05:29:05,2.55
05:29:06,2.55
05:29:07,2.55
05:29:08,2.55
05:29:09,2.55
05:29:10,2.55
05:29:11,2.55
05:29:12,2.55
05:29:13,2.55
05:29:14,2.55
05:29:15,2.55
05:29:16,2.55
05:29:17,2.55
05:29:18,2.55
05:29:19,2.55
05:29:20,2.55
05:29:21,2.55
05:29:22,2.55
05:29:23,2.55
05:29:24,2.55
05:29:25,2.55
05:29:26,2.55
05:29:27,2.55
05:29:28,2.55
05:29:29,2.55
05:29:30,2.55
05:29:31,2.55
05:29:32,2.55
05:29:33,2.55
05:29:34,2.55
05:29:35,2.55
05:29:36,2.55
05:29:37,2.55
05:29:38,2.55
05:29:39,2.55
05:29:40,2.55
05:29:41,2.55
05:29:42,2.55
05:29:43,2.55
05:29:44,2.55
05:29:45,2.55
05:29:46,2.55
05:29:47,2.55
05:29:48,2.55
05:29:49,2.55
05:29:50,2.55
05:29:51,2.55
05:29:52,2.55
05:29:53,2.55
05:29:54,2.55
05:29:55,2.55
05:29:56,2.55
05:29:57,2.55
05:29:58,2.55
05:29:59,2.55
05:30:00,2.55
05:30:01,2.55
05:30:02,2.55
05:30:03,2.55
05:30:04,2.55
05:30:05,2.55
05:30:06,2.55
05:30:07,2.55
05:30:08,2.55
05:30:09,2.55
05:30:10,2.55
05:30:11,2.55
05:30:12,2.55
05:30:13,2.55
05:30:14,2.55
05:30:15,2.55
05:30:16,2.55
05:30:17,2.55
05:30:18,2.55
05:30:19,2.55
05:30:20,2.55
05:30:21,2.55
05:30:22,2.55
05:30:23,2.55
05:30:24,2.55
05:30:25,2.55
05:30:26,2.55
05:30:27,2.55
05:30:28,2.55
05:30:29,2.55
05:30:30,2.55
05:30:31,2.55
05:30:32,2.55
05:30:33,2.55
05:30:34,2.55
05:30:35,2.55
05:30:36,2.55
05:30:37,2.55
05:30:38,2.55
05:30:39,2.55
05:30:40,2.55
05:30:41,2.55
05:30:42,2.55
05:30:43,2.55
05:30:44,2.55
05:30:45,2.55
05:30:46,2.55
05:30:47,2.55
05:30:48,2.55
05:30:49,2.55
05:30:50,2.55
05:30:51,2.55
05:30:52,2.55
05:30:53,2.55
05:30:54,2.55
05:30:55,2.55
05:30:56,2.55
05:30:57,2.55
05:30:58,2.55
05:30:59,2.55
05:31:00,2.55
05:31:01,2.55
05:31:02,2.55
05:31:03,2.55
05:31:04,2.55
05:31:05,2.55
05:31:06,2.55
05:31:07,2.55
05:31:08,2.55
05:31:09,2.55
05:31:10,2.55
05:31:11,2.55
05:31:12,2.55
05:31:13,2.55
05:31:14,2.55
05:31:15,2.55
05:31:16,2.55
05:31:17,2.55
05:31:18,2.55
05:31:19,2.55
05:31:20,2.55
05:31:21,2.55
05:31:22,2.55
05:31:23,2.55
05:31:24,2.55
05:31:25,2.55
05:31:26,2.55
05:31:27,2.55
05:31:28,2.55
05:31:29,2.55
05:31:30,2.55
05:31:31,2.55
05:31:32,2.55
05:31:33,2.55
05:31:34,2.55
05:31:35,2.55
05:31:36,2.55
05:31:37,2.55
05:31:38,2.55
05:31:39,2.55
05:31:40,2.55
05:31:41,2.55
05:31:42,2.55
05:31:43,2.55
05:31:44,2.55
05:31:45,2.55
05:31:46,2.55
05:31:47,2.55
05:31:48,2.55
05:31:49,2.55
05:31:50,2.55
05:31:51,2.55
05:31:52,2.55
05:31:53,2.55
05:31:54,2.55
05:31:55,2.55
05:31:56,2.55
05:31:57,2.55
05:31:58,2.55
05:31:59,2.55
05:32:00,2.55
05:32:01,2.55
05:32:02,2.55
05:32:03,2.55
05:32:04,2.55
05:32:05,2.55
05:32:06,2.55
05:32:07,2.55
05:32:08,2.55
05:32:09,2.55
05:32:10,2.55
05:32:11,2.55
05:32:12,2.55
05:32:13,2.55
05:32:14,2.55
05:32:15,2.55
05:32:16,2.55
05:32:17,2.55
05:32:18,2.55
05:32:19,2.55
05:32:20,2.55
05:32:21,2.55
05:32:22,2.55
05:32:23,2.55
05:32:24,2.55
05:32:25,2.55
05:32:26,2.55
05:32:27,2.55
05:32:28,2.55
05:32:29,2.55
05:32:30,2.55
05:32:31,2.55
05:32:32,2.55
05:32:33,2.55
05:32:34,2.55
05:32:35,2.55
05:32:36,2.55
05:32:37,2.55
05:32:38,2.55
05:32:39,2.55
05:32:40,2.55
05:32:41,2.55
05:32:42,2.55
05:32:43,2.55
05:32:44,2.55
05:32:45,2.55
05:32:46,2.55
05:32:47,2.55
05:32:48,2.55
05:32:49,2.55
05:32:50,2.55
05:32:51,2.55
05:32:52,2.55
05:32:53,2.55
05:32:54,2.55
05:32:55,2.55
05:32:56,2.55
05:32:57,2.55
05:32:58,2.55
05:32:59,2.55
05:33:00,2.55
05:33:01,2.55
05:33:02,2.55
05:33:03,2.55
05:33:04,2.55
05:33:05,2.55
05:33:06,2.55
05:33:07,2.55
05:33:08,2.55
05:33:09,2.55
05:33:10,2.55
05:33:11,2.55
05:33:12,2.55
05:33:13,2.55
05:33:14,2.55
05:33:15,2.55
05:33:16,2.55
05:33:17,2.55
05:33:18,2.55
05:33:19,2.55
05:33:20,2.55
05:33:21,2.55
05:33:22,2.55
05:33:23,2.55
05:33:24,2.55
05:33:25,2.55
05:33:26,2.55
05:33:27,2.55
05:33:28,2.55
05:33:29,2.55
05:33:30,2.55
05:33:31,2.55
05:33:32,2.55
05:33:33,2.55
05:33:34,2.55
05:33:35,2.55
05:33:36,2.55
05:33:37,2.55
05:33:38,2.55
05:33:39,2.55
05:33:40,2.55
05:33:41,2.55
05:33:42,2.55
05:33:43,2.55
05:33:44,2.55
05:33:45,2.55
05:33:46,2.55
05:33:47,2.55
05:33:48,2.55
05:33:49,2.55
05:33:50,2.55
05:33:51,2.55
05:33:52,2.55
05:33:53,2.55
05:33:54,2.55
05:33:55,2.55
05:33:56,2.55
05:33:57,2.55
05:33:58,2.55
05:33:59,2.55
05:34:00,2.55
05:34:01,2.55
05:34:02,2.55
05:34:03,2.55
05:34:04,2.55
05:34:05,2.55
05:34:06,2.55
05:34:07,2.55
05:34:08,2.55
05:34:09,2.55
05:34:10,2.55
05:34:11,2.55
05:34:12,2.55
05:34:13,2.55
05:34:14,2.55
05:34:15,2.55
05:34:16,2.55
05:34:17,2.55
05:34:18,2.55
05:34:19,2.55
05:34:20,2.55
05:34:21,2.55
05:34:22,2.55
05:34:23,2.55
05:34:24,2.55
05:34:25,2.55
05:34:26,2.55
05:34:27,2.55
05:34:28,2.55
05:34:29,2.55
05:34:30,2.55
05:34:31,2.55
05:34:32,2.55
05:34:33,2.55
05:34:34,2.55
05:34:35,2.55
05:34:36,2.55
05:34:37,2.55
05:34:38,2.55
05:34:39,2.55
05:34:40,2.55
05:34:41,2.55
05:34:42,2.55
05:34:43,2.55
05:34:44,2.55
05:34:45,2.55
05:34:46,2.55
05:34:47,2.55
05:34:48,2.55
05:34:49,2.55
05:34:50,2.55
05:34:51,2.55
05:34:52,2.55
05:34:53,2.55
05:34:54,2.55
05:34:55,2.55
05:34:56,2.55
05:34:57,2.55
05:34:58,2.55
05:34:59,2.55
05:35:00,2.55
05:35:01,2.55
05:35:02,2.55
05:35:03,2.55
05:35:04,2.55
05:35:05,2.55
05:35:06,2.55
05:35:07,2.55
05:35:08,2.55
05:35:09,2.55
05:35:10,2.55
05:35:11,2.55
05:35:12,2.55
05:35:13,2.55
05:35:14,2.55
05:35:15,2.55
05:35:16,2.55
05:35:17,2.55
05:35:18,2.55
05:35:19,2.55
05:35:20,2.55
05:35:21,2.55
05:35:22,2.55
05:35:23,2.55
05:35:24,2.55
05:35:25,2.55
05:35:26,2.55
05:35:27,2.55
05:35:28,2.55
05:35:29,2.55
05:35:30,2.55
05:35:31,2.55
05:35:32,2.55
05:35:33,2.55
05:35:34,2.55
05:35:35,2.55
05:35:36,2.55
05:35:37,2.55
05:35:38,2.55
05:35:39,2.55
05:35:40,2.55
05:35:41,2.55
05:35:42,2.55
05:35:43,2.55
05:35:44,2.55
05:35:45,2.55
05:35:46,2.55
05:35:47,2.55
05:35:48,2.55
05:35:49,2.55
05:35:50,2.55
05:35:51,2.55
05:35:52,2.55
05:35:53,2.55
05:35:54,2.55
05:35:55,2.55
05:35:56,2.55
05:35:57,2.55
05:35:58,2.55
05:35:59,2.55
05:36:00,2.55
05:36:01,2.55
05:36:02,2.55
05:36:03,2.55
05:36:04,2.55
05:36:05,2.55
05:36:06,2.55
05:36:07,2.55
05:36:08,2.55
05:36:09,2.55
05:36:10,2.55
05:36:11,2.55
05:36:12,2.55
05:36:13,2.55
05:36:14,2.55
05:36:15,2.55
05:36:16,2.55
05:36:17,2.55
05:36:18,2.55
05:36:19,2.55
05:36:20,2.55
05:36:21,2.55
05:36:22,2.55
05:36:23,2.55
05:36:24,2.55
05:36:25,2.55
05:36:26,2.55
05:36:27,2.55
05:36:28,2.55
05:36:29,2.55
05:36:30,2.55
05:36:31,2.55
05:36:32,2.55
05:36:33,2.55
05:36:34,2.55
05:36:35,2.55
05:36:36,2.55
05:36:37,2.55
05:36:38,2.55
05:36:39,2.55
05:36:40,2.55
05:36:41,2.55
05:36:42,2.55
05:36:43,2.55
05:36:44,2.55
05:36:45,2.55
05:36:46,2.55
05:36:47,2.55
05:36:48,2.55
05:36:49,2.55
05:36:50,2.55
05:36:51,2.55
05:36:52,2.55
05:36:53,2.55
05:36:54,2.55
05:36:55,2.55
05:36:56,2.55
05:36:57,2.55
05:36:58,2.55
05:36:59,2.55
05:37:00,2.55
05:37:01,2.55
05:37:02,2.55
05:37:03,2.55
05:37:04,2.55
05:37:05,2.55
05:37:06,2.55
05:37:07,2.55
05:37:08,2.55
05:37:09,2.55
05:37:10,2.55
05:37:11,2.55
05:37:12,2.55
05:37:13,2.55
05:37:14,2.55
05:37:15,2.55
05:37:16,2.55
05:37:17,2.55
05:37:18,2.55
05:37:19,2.55
05:37:20,2.55
05:37:21,2.55
05:37:22,2.55
05:37:23,2.55
05:37:24,2.55
05:37:25,2.55
05:37:26,2.55
05:37:27,2.55
05:37:28,2.55
05:37:29,2.55
05:37:30,2.55
05:37:31,2.55
05:37:32,2.55
05:37:33,2.55
05:37:34,2.55
05:37:35,2.55
05:37:36,2.55
05:37:37,2.55
05:37:38,2.55
05:37:39,2.55
05:37:40,2.55
05:37:41,2.55
05:37:42,2.55
05:37:43,2.55
05:37:44,2.55
05:37:45,2.55
05:37:46,2.55
05:37:47,2.55
05:37:48,2.55
05:37:49,2.55
05:37:50,2.55
05:37:51,2.55
05:37:52,2.55
05:37:53,2.55
05:37:54,2.55
05:37:55,2.55
05:37:56,2.55
05:37:57,2.55
05:37:58,2.55
05:37:59,2.55
05:38:00,2.55
05:38:01,2.55
05:38:02,2.55
05:38:03,2.55
05:38:04,2.55
05:38:05,2.55
05:38:06,2.55
05:38:07,2.55
05:38:08,2.55
05:38:09,2.55
05:38:10,2.55
05:38:11,2.55
05:38:12,2.55
05:38:13,2.55
05:38:14,2.55
05:38:15,2.55
05:38:16,2.55
05:38:17,2.55
05:38:18,2.55
05:38:19,2.55
05:38:20,2.55
05:38:21,2.55
05:38:22,2.55
05:38:23,2.55
05:38:24,2.55
05:38:25,2.55
05:38:26,2.55
05:38:27,2.55
05:38:28,2.55
05:38:29,2.55
05:38:30,2.55
05:38:31,2.55
05:38:32,2.55
05:38:33,2.55
05:38:34,2.55
05:38:35,2.55
05:38:36,2.55
05:38:37,2.55
05:38:38,2.55
05:38:39,2.55
05:38:40,2.55
05:38:41,2.55
05:38:42,2.55
05:38:43,2.55
05:38:44,2.55
05:38:45,2.55
05:38:46,2.55
05:38:47,2.55
05:38:48,2.55
05:38:49,2.55
05:38:50,2.55
05:38:51,2.55
05:38:52,2.55
05:38:53,2.55
05:38:54,2.55
05:38:55,2.55
05:38:56,2.55
05:38:57,2.55
05:38:58,2.55
05:38:59,2.55
05:39:00,2.55
05:39:01,2.55
05:39:02,2.55
05:39:03,2.55
05:39:04,2.55
05:39:05,2.55
05:39:06,2.55
05:39:07,2.55
05:39:08,2.55
05:39:09,2.55
05:39:10,2.55
05:39:11,2.55
05:39:12,2.55
05:39:13,2.55
05:39:14,2.55
05:39:15,2.55
05:39:16,2.55
05:39:17,2.55
05:39:18,2.55
05:39:19,2.55
05:39:20,2.55
05:39:21,2.55
05:39:22,2.55
05:39:23,2.55
05:39:24,2.55
05:39:25,2.55
05:39:26,2.55
05:39:27,2.55
05:39:28,2.55
05:39:29,2.55
05:39:30,2.55
05:39:31,2.55
05:39:32,2.55
05:39:33,2.55
05:39:34,2.55
05:39:35,2.55
05:39:36,2.55
05:39:37,2.55
05:39:38,2.55
05:39:39,2.55
05:39:40,2.55
05:39:41,2.55
05:39:42,2.55
05:39:43,2.55
05:39:44,2.55
05:39:45,2.55
05:39:46,2.55
05:39:47,2.55
05:39:48,2.55
05:39:49,2.55
05:39:50,2.55
05:39:51,2.55
05:39:52,2.55
05:39:53,2.55
05:39:54,2.55
05:39:55,2.55
05:39:56,2.55
05:39:57,2.55
05:39:58,2.55
05:39:59,2.55
05:40:00,2.55
05:40:01,2.55
05:40:02,2.55
05:40:03,2.55
05:40:04,2.55
05:40:05,2.55
05:40:06,2.55
05:40:07,2.55
05:40:08,2.55
05:40:09,2.55
05:40:10,2.55
05:40:11,2.55
05:40:12,2.55
05:40:13,2.55
05:40:14,2.55
05:40:15,2.55
05:40:16,2.55
05:40:17,2.55
05:40:18,2.55
05:40:19,2.55
05:40:20,2.55
05:40:21,2.55
05:40:22,2.55
05:40:23,2.55
05:40:24,2.55
05:40:25,2.55
05:40:26,2.55
05:40:27,2.55
05:40:28,2.55
05:40:29,2.55
05:40:30,2.55
05:40:31,2.55
05:40:32,2.55
05:40:33,2.55
05:40:34,2.55
05:40:35,2.55
05:40:36,2.55
05:40:37,2.55
05:40:38,2.55
05:40:39,2.55
05:40:40,2.55
05:40:41,2.55
05:40:42,2.55
05:40:43,2.55
05:40:44,2.55
05:40:45,2.55
05:40:46,2.55
05:40:47,2.55
05:40:48,2.55
05:40:49,2.55
05:40:50,2.55
05:40:51,2.55
05:40:52,2.55
05:40:53,2.55
05:40:54,2.55
05:40:55,2.55
05:40:56,2.55
05:40:57,2.55
05:40:58,2.55
05:40:59,2.55
05:41:00,2.55
05:41:01,2.55
05:41:02,2.55
05:41:03,2.55
05:41:04,2.55
05:41:05,2.55
05:41:06,2.55
05:41:07,2.55
05:41:08,2.55
05:41:09,2.55
05:41:10,2.55
05:41:11,2.55
05:41:12,2.55
05:41:13,2.55
05:41:14,2.55
05:41:15,2.55
05:41:16,2.55
05:41:17,2.55
05:41:18,2.55
05:41:19,2.55
05:41:20,2.55
05:41:21,2.55
05:41:22,2.55
05:41:23,2.55
05:41:24,2.55
05:41:25,2.55
05:41:26,2.55
05:41:27,2.55
05:41:28,2.55
05:41:29,2.55
05:41:30,2.55
05:41:31,2.55
05:41:32,2.55
05:41:33,2.55
05:41:34,2.55
05:41:35,2.55
05:41:36,2.55
05:41:37,2.55
05:41:38,2.55
05:41:39,2.55
05:41:40,2.55
05:41:41,2.55
05:41:42,2.55
05:41:43,2.55
05:41:44,2.55
05:41:45,2.55
05:41:46,2.55
05:41:47,2.55
05:41:48,2.55
05:41:49,2.55
05:41:50,2.55
05:41:51,2.55
05:41:52,2.55
05:41:53,2.55
05:41:54,2.55
05:41:55,2.55
05:41:56,2.55
05:41:57,2.55
05:41:58,2.55
05:41:59,2.55
05:42:00,2.55
05:42:01,2.55
05:42:02,2.55
05:42:03,2.55
05:42:04,2.55
05:42:05,2.55
05:42:06,2.55
05:42:07,2.55
05:42:08,2.55
05:42:09,2.55
05:42:10,2.55
05:42:11,2.55
05:42:12,2.55
05:42:13,2.55
05:42:14,2.55
05:42:15,2.55
05:42:16,2.55
05:42:17,2.55
05:42:18,2.55
05:42:19,2.55
05:42:20,2.55
05:42:21,2.55
05:42:22,2.55
05:42:23,2.55
05:42:24,2.55
05:42:25,2.55
05:42:26,2.55
05:42:27,2.55
05:42:28,2.55
05:42:29,2.55
05:42:30,2.55
05:42:31,2.55
05:42:32,2.55
05:42:33,2.55
05:42:34,2.55
05:42:35,2.55
05:42:36,2.55
05:42:37,2.55
05:42:38,2.55
05:42:39,2.55
05:42:40,2.55
05:42:41,2.55
05:42:42,2.55
05:42:43,2.55
05:42:44,2.55
05:42:45,2.55
05:42:46,2.55
05:42:47,2.55
05:42:48,2.55
05:42:49,2.55
05:42:50,2.55
05:42:51,2.55
05:42:52,2.55
05:42:53,2.55
05:42:54,2.55
05:42:55,2.55
05:42:56,2.55
05:42:57,2.55
05:42:58,2.55
05:42:59,2.55
05:43:00,2.55
05:43:01,2.55
05:43:02,2.55
05:43:03,2.55
05:43:04,2.55
05:43:05,2.55
05:43:06,2.55
05:43:07,2.55
05:43:08,2.55
05:43:09,2.55
05:43:10,2.55
05:43:11,2.55
05:43:12,2.55
05:43:13,2.55
05:43:14,2.55
05:43:15,2.55
05:43:16,2.55
05:43:17,2.55
05:43:18,2.55
05:43:19,2.55
05:43:20,2.55
05:43:21,2.55
05:43:22,2.55
05:43:23,2.55
05:43:24,2.55
05:43:25,2.55
05:43:26,2.55
05:43:27,2.55
05:43:28,2.55
05:43:29,2.55
05:43:30,2.55
05:43:31,2.55
05:43:32,2.55
05:43:33,2.55
05:43:34,2.55
05:43:35,2.55
05:43:36,2.55
05:43:37,2.55
05:43:38,2.55
05:43:39,2.55
05:43:40,2.55
05:43:41,2.55
05:43:42,2.55
05:43:43,2.55
05:43:44,2.55
05:43:45,2.55
05:43:46,2.55
05:43:47,2.55
05:43:48,2.55
05:43:49,2.55
05:43:50,2.55
05:43:51,2.55
05:43:52,2.55
05:43:53,2.55
05:43:54,2.55
05:43:55,2.55
05:43:56,2.55
05:43:57,2.55
05:43:58,2.55
05:43:59,2.55
05:44:00,2.55
05:44:01,2.55
05:44:02,2.55
05:44:03,2.55
05:44:04,2.55
05:44:05,2.55
05:44:06,2.55
05:44:07,2.55
05:44:08,2.55
05:44:09,2.55
05:44:10,2.55
05:44:11,2.55
05:44:12,2.55
05:44:13,2.55
05:44:14,2.55
05:44:15,2.55
05:44:16,2.55
05:44:17,2.55
05:44:18,2.55
05:44:19,2.55
05:44:20,2.55
05:44:21,2.55
05:44:22,2.55
05:44:23,2.55
05:44:24,2.55
05:44:25,2.55
05:44:26,2.55
05:44:27,2.55
05:44:28,2.55
05:44:29,2.55
05:44:30,2.55
05:44:31,2.55
05:44:32,2.55
05:44:33,2.55
05:44:34,2.55
05:44:35,2.55
05:44:36,2.55
05:44:37,2.55
05:44:38,2.55
05:44:39,2.55
05:44:40,2.55
05:44:41,2.55
05:44:42,2.55
05:44:43,2.55
05:44:44,2.55
05:44:45,2.55
05:44:46,2.55
05:44:47,2.55
05:44:48,2.55
05:44:49,2.55
05:44:50,2.55
05:44:51,2.55
05:44:52,2.55
05:44:53,2.55
05:44:54,2.55
05:44:55,2.55
05:44:56,2.55
05:44:57,2.55
05:44:58,2.55
05:44:59,2.55
05:45:00,2.55
05:45:01,2.55
05:45:02,2.55
05:45:03,2.55
05:45:04,2.55
05:45:05,2.55
05:45:06,2.55
05:45:07,2.55
05:45:08,2.55
05:45:09,2.55
05:45:10,2.55
05:45:11,2.55
05:45:12,2.55
05:45:13,2.55
05:45:14,2.55
05:45:15,2.55
05:45:16,2.55
05:45:17,2.55
05:45:18,2.55
05:45:19,2.55
05:45:20,2.55
05:45:21,2.55
05:45:22,2.55
05:45:23,2.55
05:45:24,2.55
05:45:25,2.55
05:45:26,2.55
05:45:27,2.55
05:45:28,2.55
05:45:29,2.55
05:45:30,2.55
05:45:31,2.55
05:45:32,2.55
05:45:33,2.55
05:45:34,2.55
05:45:35,2.55
05:45:36,2.55
05:45:37,2.55
05:45:38,2.55
05:45:39,2.55
05:45:40,2.55
05:45:41,2.55
05:45:42,2.55
05:45:43,2.55
05:45:44,2.55
05:45:45,2.55
05:45:46,2.55
05:45:47,2.55
05:45:48,2.55
05:45:49,2.55
05:45:50,2.55
05:45:51,2.55
05:45:52,2.55
05:45:53,2.55
05:45:54,2.55
05:45:55,2.55
05:45:56,2.55
05:45:57,2.55
05:45:58,2.55
05:45:59,2.55
05:46:00,2.55
05:46:01,2.55
05:46:02,2.55
05:46:03,2.55
05:46:04,2.55
05:46:05,2.55
05:46:06,2.55
05:46:07,2.55
05:46:08,2.55
05:46:09,2.55
05:46:10,2.55
05:46:11,2.55
05:46:12,2.55
05:46:13,2.55
05:46:14,2.55
05:46:15,2.55
05:46:16,2.55
05:46:17,2.55
05:46:18,2.55
05:46:19,2.55
05:46:20,2.55
05:46:21,2.55
05:46:22,2.55
05:46:23,2.55
05:46:24,2.55
05:46:25,2.55
05:46:26,2.55
05:46:27,2.55
05:46:28,2.55
05:46:29,2.55
05:46:30,2.55
05:46:31,2.55
05:46:32,2.55
05:46:33,2.55
05:46:34,2.55
05:46:35,2.55
05:46:36,2.55
05:46:37,2.55
05:46:38,2.55
05:46:39,2.55
05:46:40,2.55
05:46:41,2.55
05:46:42,2.55
05:46:43,2.55
05:46:44,2.55
05:46:45,2.55
05:46:46,2.55
05:46:47,2.55
05:46:48,2.55
05:46:49,2.55
05:46:50,2.55
05:46:51,2.55
05:46:52,2.55
05:46:53,2.55
05:46:54,2.55
05:46:55,2.55
05:46:56,2.55
05:46:57,2.55
05:46:58,2.55
05:46:59,2.55
05:47:00,2.55
05:47:01,2.55
05:47:02,2.55
05:47:03,2.55
05:47:04,2.55
05:47:05,2.55
05:47:06,2.55
05:47:07,2.55
05:47:08,2.55
05:47:09,2.55
05:47:10,2.55
05:47:11,2.55
05:47:12,2.55
05:47:13,2.55
05:47:14,2.55
05:47:15,2.55
05:47:16,2.55
05:47:17,2.55
05:47:18,2.55
05:47:19,2.55
05:47:20,2.55
05:47:21,2.55
05:47:22,2.55
05:47:23,2.55
05:47:24,2.55
05:47:25,2.55
05:47:26,2.55
05:47:27,2.55
05:47:28,2.55
05:47:29,2.55
05:47:30,2.55
05:47:31,2.55
05:47:32,2.55
05:47:33,2.55
05:47:34,2.55
05:47:35,2.55
05:47:36,2.55
05:47:37,2.55
05:47:38,2.55
05:47:39,2.55
05:47:40,2.55
05:47:41,2.55
05:47:42,2.55
05:47:43,2.55
05:47:44,2.55
05:47:45,2.55
05:47:46,2.55
05:47:47,2.55
05:47:48,2.55
05:47:49,2.55
05:47:50,2.55
05:47:51,2.55
05:47:52,2.55
05:47:53,2.55
05:47:54,2.55
05:47:55,2.55
05:47:56,2.55
05:47:57,2.55
05:47:58,2.55
05:47:59,2.55
05:48:00,2.55
05:48:01,2.55
05:48:02,2.55
05:48:03,2.55
05:48:04,2.55
05:48:05,2.55
05:48:06,2.55
05:48:07,2.55
05:48:08,2.55
05:48:09,2.55
05:48:10,2.55
05:48:11,2.55
05:48:12,2.55
05:48:13,2.55
05:48:14,2.55
05:48:15,2.55
05:48:16,2.55
05:48:17,2.55
05:48:18,2.55
05:48:19,2.55
05:48:20,2.55
05:48:21,2.55
05:48:22,2.55
05:48:23,2.55
05:48:24,2.55
05:48:25,2.55
05:48:26,2.55
05:48:27,2.55
05:48:28,2.55
05:48:29,2.55
05:48:30,2.55
05:48:31,2.55
05:48:32,2.55
05:48:33,2.55
05:48:34,2.55
05:48:35,2.55
05:48:36,2.55
05:48:37,2.55
05:48:38,2.55
05:48:39,2.55
05:48:40,2.55
05:48:41,2.55
05:48:42,2.55
05:48:43,2.55
05:48:44,2.55
05:48:45,2.55
05:48:46,2.55
05:48:47,2.55
05:48:48,2.55
05:48:49,2.55
05:48:50,2.55
05:48:51,2.55
05:48:52,2.55
05:48:53,2.55
05:48:54,2.55
05:48:55,2.55
05:48:56,2.55
05:48:57,2.55
05:48:58,2.55
05:48:59,2.55
05:49:00,2.55
05:49:01,2.55
05:49:02,2.55
05:49:03,2.55
05:49:04,2.55
05:49:05,2.55
05:49:06,2.55
05:49:07,2.55
05:49:08,2.55
05:49:09,2.55
05:49:10,2.55
05:49:11,2.55
05:49:12,2.55
05:49:13,2.55
05:49:14,2.55
05:49:15,2.55
05:49:16,2.55
05:49:17,2.55
05:49:18,2.55
05:49:19,2.55
05:49:20,2.55
05:49:21,2.55
05:49:22,2.55
05:49:23,2.55
05:49:24,2.55
05:49:25,2.55
05:49:26,2.55
05:49:27,2.55
05:49:28,2.55
05:49:29,2.55
05:49:30,2.55
05:49:31,2.55
05:49:32,2.55
05:49:33,2.55
05:49:34,2.55
05:49:35,2.55
05:49:36,2.55
05:49:37,2.55
05:49:38,2.55
05:49:39,2.55
05:49:40,2.55
05:49:41,2.55
05:49:42,2.55
05:49:43,2.55
05:49:44,2.55
05:49:45,2.55
05:49:46,2.55
05:49:47,2.55
05:49:48,2.55
05:49:49,2.55
05:49:50,2.55
05:49:51,2.55
05:49:52,2.55
05:49:53,2.55
05:49:54,2.55
05:49:55,2.55
05:49:56,2.55
05:49:57,2.55
05:49:58,2.55
05:49:59,2.55
05:50:00,2.55
05:50:01,2.55
05:50:02,2.55
05:50:03,2.55
05:50:04,2.55
05:50:05,2.55
05:50:06,2.55
05:50:07,2.55
05:50:08,2.55
05:50:09,2.55
05:50:10,2.55
05:50:11,2.55
05:50:12,2.55
05:50:13,2.55
05:50:14,2.55
05:50:15,2.55
05:50:16,2.55
05:50:17,2.55
05:50:18,2.55
05:50:19,2.55
05:50:20,2.55
05:50:21,2.55
05:50:22,2.55
05:50:23,2.55
05:50:24,2.55
05:50:25,2.55
05:50:26,2.55
05:50:27,2.55
05:50:28,2.55
05:50:29,2.55
05:50:30,2.55
05:50:31,2.55
05:50:32,2.55
05:50:33,2.55
05:50:34,2.55
05:50:35,2.55
05:50:36,2.55
05:50:37,2.55
05:50:38,2.55
05:50:39,2.55
05:50:40,2.55
05:50:41,2.55
05:50:42,2.55
05:50:43,2.55
05:50:44,2.55
05:50:45,2.55
05:50:46,2.55
05:50:47,2.55
05:50:48,2.55
05:50:49,2.55
05:50:50,2.55
05:50:51,2.55
05:50:52,2.55
05:50:53,2.55
05:50:54,2.55
05:50:55,2.55
05:50:56,2.55
05:50:57,2.55
05:50:58,2.55
05:50:59,2.55
05:51:00,2.55
05:51:01,2.55
05:51:02,2.55
05:51:03,2.55
05:51:04,2.55
05:51:05,2.55
05:51:06,2.55
05:51:07,2.55
05:51:08,2.55
05:51:09,2.55
05:51:10,2.55
05:51:11,2.55
05:51:12,2.55
05:51:13,2.55
05:51:14,2.55
05:51:15,2.55
05:51:16,2.55
05:51:17,2.55
05:51:18,2.55
05:51:19,2.55
05:51:20,2.55
05:51:21,2.55
05:51:22,2.55
05:51:23,2.55
05:51:24,2.55
05:51:25,2.55
05:51:26,2.55
05:51:27,2.55
05:51:28,2.55
05:51:29,2.55
05:51:30,2.55
05:51:31,2.55
05:51:32,2.55
05:51:33,2.55
05:51:34,2.55
05:51:35,2.55
05:51:36,2.55
05:51:37,2.55
05:51:38,2.55
05:51:39,2.55
05:51:40,2.55
05:51:41,2.55
05:51:42,2.55
05:51:43,2.55
05:51:44,2.55
05:51:45,2.55
05:51:46,2.55
05:51:47,2.55
05:51:48,2.55
05:51:49,2.55
05:51:50,2.55
05:51:51,2.55
05:51:52,2.55
05:51:53,2.55
05:51:54,2.55
05:51:55,2.55
05:51:56,2.55
05:51:57,2.55
05:51:58,2.55
05:51:59,2.55
05:52:00,2.55
05:52:01,2.55
05:52:02,2.55
05:52:03,2.55
05:52:04,2.55
05:52:05,2.55
05:52:06,2.55
05:52:07,2.55
05:52:08,2.55
05:52:09,2.55
05:52:10,2.55
05:52:11,2.55
05:52:12,2.55
05:52:13,2.55
05:52:14,2.55
05:52:15,2.55
05:52:16,2.55
05:52:17,2.55
05:52:18,2.55
05:52:19,2.55
05:52:20,2.55
05:52:21,2.55
05:52:22,2.55
05:52:23,2.55
05:52:24,2.55
05:52:25,2.55
05:52:26,2.55
05:52:27,2.55
05:52:28,2.55
05:52:29,2.55
05:52:30,2.55
05:52:31,2.55
05:52:32,2.55
05:52:33,2.55
05:52:34,2.55
05:52:35,2.55
05:52:36,2.55
05:52:37,2.55
05:52:38,2.55
05:52:39,2.55
05:52:40,2.55
05:52:41,2.55
05:52:42,2.55
05:52:43,2.55
05:52:44,2.55
05:52:45,2.55
05:52:46,2.55
05:52:47,2.55
05:52:48,2.55
05:52:49,2.55
05:52:50,2.55
05:52:51,2.55
05:52:52,2.55
05:52:53,2.55
05:52:54,2.55
05:52:55,2.55
05:52:56,2.55
05:52:57,2.55
05:52:58,2.55
05:52:59,2.55
05:53:00,2.55
05:53:01,2.55
05:53:02,2.55
05:53:03,2.55
05:53:04,2.55
05:53:05,2.55
05:53:06,2.55
05:53:07,2.55
05:53:08,2.55
05:53:09,2.55
05:53:10,2.55
05:53:11,2.55
05:53:12,2.55
05:53:13,2.55
05:53:14,2.55
05:53:15,2.55
05:53:16,2.55
05:53:17,2.55
05:53:18,2.55
05:53:19,2.55
05:53:20,2.55
05:53:21,2.55
05:53:22,2.55
05:53:23,2.55
05:53:24,2.55
05:53:25,2.55
05:53:26,2.55
05:53:27,2.55
05:53:28,2.55
05:53:29,2.55
05:53:30,2.55
05:53:31,2.55
05:53:32,2.55
05:53:33,2.55
05:53:34,2.55
05:53:35,2.55
05:53:36,2.55
05:53:37,2.55
05:53:38,2.55
05:53:39,2.55
05:53:40,2.55
05:53:41,2.55
05:53:42,2.55
05:53:43,2.55
05:53:44,2.55
05:53:45,2.55
05:53:46,2.55
05:53:47,2.55
05:53:48,2.55
05:53:49,2.55
05:53:50,2.55
05:53:51,2.55
05:53:52,2.55
05:53:53,2.55
05:53:54,2.55
05:53:55,2.55
05:53:56,2.55
05:53:57,2.55
05:53:58,2.55
05:53:59,2.55
05:54:00,2.55
05:54:01,2.55
05:54:02,2.55
05:54:03,2.55
05:54:04,2.55
05:54:05,2.55
05:54:06,2.55
05:54:07,2.55
05:54:08,2.55
05:54:09,2.55
05:54:10,2.55
05:54:11,2.55
05:54:12,2.55
05:54:13,2.55
05:54:14,2.55
05:54:15,2.55
05:54:16,2.55
05:54:17,2.55
05:54:18,2.55
05:54:19,2.55
05:54:20,2.55
05:54:21,2.55
05:54:22,2.55
05:54:23,2.55
05:54:24,2.55
05:54:25,2.55
05:54:26,2.55
05:54:27,2.55
05:54:28,2.55
05:54:29,2.55
05:54:30,2.55
05:54:31,2.55
05:54:32,2.55
05:54:33,2.55
05:54:34,2.55
05:54:35,2.55
05:54:36,2.55
05:54:37,2.55
05:54:38,2.55
05:54:39,2.55
05:54:40,2.55
05:54:41,2.55
05:54:42,2.55
05:54:43,2.55
05:54:44,2.55
05:54:45,2.55
05:54:46,2.55
05:54:47,2.55
05:54:48,2.55
05:54:49,2.55
05:54:50,2.55
05:54:51,2.55
05:54:52,2.55
05:54:53,2.55
05:54:54,2.55
05:54:55,2.55
05:54:56,2.55
05:54:57,2.55
05:54:58,2.55
05:54:59,2.55
05:55:00,2.55
05:55:01,2.55
05:55:02,2.55
05:55:03,2.55
05:55:04,2.55
05:55:05,2.55
05:55:06,2.55
05:55:07,2.55
05:55:08,2.55
05:55:09,2.55
05:55:10,2.55
05:55:11,2.55
05:55:12,2.55
05:55:13,2.55
05:55:14,2.55
05:55:15,2.55
05:55:16,2.55
05:55:17,2.55
05:55:18,2.55
05:55:19,2.55
05:55:20,2.55
05:55:21,2.55
05:55:22,2.55
05:55:23,2.55
05:55:24,2.55
05:55:25,2.55
05:55:26,2.55
05:55:27,2.55
05:55:28,2.55
05:55:29,2.55
05:55:30,2.55
05:55:31,2.55
05:55:32,2.55
05:55:33,2.55
05:55:34,2.55
05:55:35,2.55
05:55:36,2.55
05:55:37,2.55
05:55:38,2.55
05:55:39,2.55
05:55:40,2.55
05:55:41,2.55
05:55:42,2.55
05:55:43,2.55
05:55:44,2.55
05:55:45,2.55
05:55:46,2.55
05:55:47,2.55
05:55:48,2.55
05:55:49,2.55
05:55:50,2.55
05:55:51,2.55
05:55:52,2.55
05:55:53,2.55
05:55:54,2.55
05:55:55,2.55
05:55:56,2.55
05:55:57,2.55
05:55:58,2.55
05:55:59,2.55
05:56:00,2.55
05:56:01,2.55
05:56:02,2.55
05:56:03,2.55
05:56:04,2.55
05:56:05,2.55
05:56:06,2.55
05:56:07,2.55
05:56:08,2.55
05:56:09,2.55
05:56:10,2.55
05:56:11,2.55
05:56:12,2.55
05:56:13,2.55
05:56:14,2.55
05:56:15,2.55
05:56:16,2.55
05:56:17,2.55
05:56:18,2.55
05:56:19,2.55
05:56:20,2.55
05:56:21,2.55
05:56:22,2.55
05:56:23,2.55
05:56:24,2.55
05:56:25,2.55
05:56:26,2.55
05:56:27,2.55
05:56:28,2.55
05:56:29,2.55
05:56:30,2.55
05:56:31,2.55
05:56:32,2.55
05:56:33,2.55
05:56:34,2.55
05:56:35,2.55
05:56:36,2.55
05:56:37,2.55
05:56:38,2.55
05:56:39,2.55
05:56:40,2.55
05:56:41,2.55
05:56:42,2.55
05:56:43,2.55
05:56:44,2.55
05:56:45,2.55
05:56:46,2.55
05:56:47,2.55
05:56:48,2.55
05:56:49,2.55
05:56:50,2.55
05:56:51,2.55
05:56:52,2.55
05:56:53,2.55
05:56:54,2.55
05:56:55,2.55
05:56:56,2.55
05:56:57,2.55
05:56:58,2.55
05:56:59,2.55
05:57:00,2.55
05:57:01,2.55
05:57:02,2.55
05:57:03,2.55
05:57:04,2.55
05:57:05,2.55
05:57:06,2.55
05:57:07,2.55
05:57:08,2.55
05:57:09,2.55
05:57:10,2.55
05:57:11,2.55
05:57:12,2.55
05:57:13,2.55
05:57:14,2.55
05:57:15,2.55
05:57:16,2.55
05:57:17,2.55
05:57:18,2.55
05:57:19,2.55
05:57:20,2.55
05:57:21,2.55
05:57:22,2.55
05:57:23,2.55
05:57:24,2.55
05:57:25,2.55
05:57:26,2.55
05:57:27,2.55
05:57:28,2.55
05:57:29,2.55
05:57:30,2.55
05:57:31,2.55
05:57:32,2.55
05:57:33,2.55
05:57:34,2.55
05:57:35,2.55
05:57:36,2.55
05:57:37,2.55
05:57:38,2.55
05:57:39,2.55
05:57:40,2.55
05:57:41,2.55
05:57:42,2.55
05:57:43,2.55
05:57:44,2.55
05:57:45,2.55
05:57:46,2.55
05:57:47,2.55
05:57:48,2.55
05:57:49,2.55
05:57:50,2.55
05:57:51,2.55
05:57:52,2.55
05:57:53,2.55
05:57:54,2.55
05:57:55,2.55
05:57:56,2.55
05:57:57,2.55
05:57:58,2.55
05:57:59,2.55
05:58:00,2.55
05:58:01,2.55
05:58:02,2.55
05:58:03,2.55
05:58:04,2.55
05:58:05,2.55
05:58:06,2.55
05:58:07,2.55
05:58:08,2.55
05:58:09,2.55
05:58:10,2.55
05:58:11,2.55
05:58:12,2.55
05:58:13,2.55
05:58:14,2.55
05:58:15,2.55
05:58:16,2.55
05:58:17,2.55
05:58:18,2.55
05:58:19,2.55
05:58:20,2.55
05:58:21,2.55
05:58:22,2.55
05:58:23,3.590625
05:58:24,4.63125
05:58:25,5.671875
05:58:26,6.7125
05:58:27,7.753125
05:58:28,8.79375
05:58:29,9.834375
05:58:30,10.875
05:58:31,11.915625
05:58:32,12.95625
05:58:33,13.996875
05:58:34,15.0375
05:58:35,16.078125
05:58:36,17.11875
05:58:37,18.159375
05:58:38,19.2
05:58:39,22.421875
05:58:40,25.64375
05:58:41,28.865625
05:58:42,32.0875
05:58:43,35.309375
05:58:44,38.53125
05:58:45,41.753125
05:58:46,44.975
05:58:47,48.196875
05:58:48,51.41875
05:58:49,54.640625
05:58:50,57.8625
05:58:51,61.084375
05:58:52,64.30625
05:58:53,67.528125
05:58:54,70.75
05:58:55,70.75
05:58:56,70.75
05:58:57,70.75
05:58:58,70.75
05:58:59,70.75
05:59:00,70.75
05:59:01,70.75
05:59:02,70.75
05:59:03,70.75
05:59:04,70.75
05:59:05,70.75
05:59:06,70.75
05:59:07,70.75
05:59:08,70.75
05:59:09,70.75
05:59:10,70.75
05:59:11,70.38
05:59:12,70.01
05:59:13,69.64
05:59:14,69.27
05:59:15,68.9
05:59:16,68.53
05:59:17,68.16
05:59:18,67.79
05:59:19,67.42
05:59:20,67.05
05:59:21,66.68
05:59:22,66.31
05:59:23,65.94
05:59:24,65.57
05:59:25,65.2
05:59:26,62.7642857143
05:59:27,60.3285714286
05:59:28,57.8928571429
05:59:29,55.4571428571
05:59:30,53.0214285714
05:59:31,50.5857142857
05:59:32,48.15
05:59:33,45.7142857143
05:59:34,43.2785714286
05:59:35,40.8428571429
05:59:36,38.4071428571
05:59:37,35.9714285714
05:59:38,33.5357142857
05:59:39,31.1
05:59:40,29.4205882353
05:59:41,27.7411764706
05:59:42,26.0617647059
05:59:43,24.3823529412
05:59:44,22.7029411765
05:59:45,21.0235294118
05:59:46,19.3441176471
05:59:47,17.6647058824
05:59:48,15.9852941176
05:59:49,14.3058823529
05:59:50,12.6264705882
05:59:51,10.9470588235
05:59:52,9.26764705882
05:59:53,7.58823529412
05:59:54,5.90882352941
05:59:55,4.22941176471
05:59:56,2.55
05:59:57,2.55
05:59:58,2.55
05:59:59,2.55
06:00:00,2.55
06:00:01,2.55
06:00:02,2.55
06:00:03,2.55
06:00:04,2.55
06:00:05,2.55
06:00:06,2.55
06:00:07,2.55
06:00:08,2.55
06:00:09,2.55
06:00:10,2.55
06:00:11,2.55
06:00:12,2.55
06:00:13,2.55
06:00:14,2.55
06:00:15,2.55
06:00:16,2.55
06:00:17,2.55
06:00:18,2.55
06:00:19,2.55
06:00:20,2.55
06:00:21,2.55
06:00:22,2.55
06:00:23,2.55
06:00:24,2.55
06:00:25,2.55
06:00:26,2.55
06:00:27,2.55
06:00:28,2.55
06:00:29,2.55
06:00:30,2.55
06:00:31,2.55
06:00:32,2.55
06:00:33,2.55
06:00:34,2.55
06:00:35,2.55
06:00:36,2.55
06:00:37,2.55
06:00:38,2.55
06:00:39,2.55
06:00:40,2.55
06:00:41,2.55
06:00:42,2.55
06:00:43,2.55
06:00:44,2.55
06:00:45,2.55
06:00:46,2.55
06:00:47,2.55
06:00:48,2.55
06:00:49,2.55
06:00:50,2.55
06:00:51,2.55
06:00:52,2.55
06:00:53,2.55
06:00:54,2.55
06:00:55,2.55
06:00:56,2.55
06:00:57,2.55
06:00:58,2.55
06:00:59,2.55
06:01:00,2.55
06:01:01,2.55
06:01:02,2.55
06:01:03,2.55
06:01:04,2.55
06:01:05,2.55
06:01:06,2.55
06:01:07,2.55
06:01:08,2.55
06:01:09,2.55
06:01:10,2.55
06:01:11,2.55
06:01:12,2.55
06:01:13,2.55
06:01:14,2.55
06:01:15,2.55
06:01:16,2.55
06:01:17,2.55
06:01:18,2.55
06:01:19,2.55
06:01:20,2.55
06:01:21,2.55
06:01:22,2.55
06:01:23,2.55
06:01:24,2.55
06:01:25,2.55
06:01:26,2.55
06:01:27,2.55
06:01:28,2.55
06:01:29,2.55
06:01:30,2.55
06:01:31,2.55
06:01:32,2.55
06:01:33,2.55
06:01:34,2.55
06:01:35,2.55
06:01:36,2.55
06:01:37,2.55
06:01:38,2.55
06:01:39,2.55
06:01:40,2.55
06:01:41,2.55
06:01:42,2.55
06:01:43,2.55
06:01:44,2.55
06:01:45,2.55
06:01:46,2.55
06:01:47,2.55
06:01:48,2.55
06:01:49,2.55
06:01:50,2.55
06:01:51,2.55
06:01:52,2.55
06:01:53,2.55
06:01:54,2.55
06:01:55,2.55
06:01:56,2.55
06:01:57,2.55
06:01:58,2.55
06:01:59,2.55
06:02:00,2.55
06:02:01,2.55
06:02:02,2.55
06:02:03,2.55
06:02:04,2.55
06:02:05,2.55
06:02:06,2.55
06:02:07,2.55
06:02:08,2.55
06:02:09,2.55
06:02:10,2.55
06:02:11,2.55
06:02:12,2.55
06:02:13,2.55
06:02:14,2.55
06:02:15,2.55
06:02:16,2.55
06:02:17,2.55
06:02:18,2.55
06:02:19,2.55
06:02:20,2.55
06:02:21,2.55
06:02:22,2.55
06:02:23,2.55
06:02:24,2.55
06:02:25,2.55
06:02:26,2.55
06:02:27,2.55
06:02:28,2.55
06:02:29,2.55
06:02:30,2.55
06:02:31,2.55
06:02:32,2.55
06:02:33,2.55
06:02:34,2.55
06:02:35,2.55
06:02:36,2.55
06:02:37,2.55
06:02:38,2.55
06:02:39,2.55
06:02:40,2.55
06:02:41,2.55
06:02:42,2.55
06:02:43,2.55
06:02:44,2.55
06:02:45,2.55
06:02:46,2.55
06:02:47,2.55
06:02:48,2.55
06:02:49,2.55
06:02:50,2.55
06:02:51,2.55
06:02:52,2.55
06:02:53,2.55
06:02:54,2.55
06:02:55,2.55
06:02:56,2.55
06:02:57,2.55
06:02:58,2.55
06:02:59,2.55
06:03:00,2.55
06:03:01,2.55
06:03:02,2.55
06:03:03,2.55
06:03:04,2.55
06:03:05,2.55
06:03:06,2.55
06:03:07,2.55
06:03:08,2.55
06:03:09,2.55
06:03:10,2.55
06:03:11,2.55
06:03:12,2.55
06:03:13,2.55
06:03:14,2.55
06:03:15,2.55
06:03:16,2.55
06:03:17,2.55
06:03:18,2.55
06:03:19,2.55
06:03:20,2.55
06:03:21,2.55
06:03:22,2.55
06:03:23,2.55
06:03:24,2.55
06:03:25,2.55
06:03:26,2.55
06:03:27,2.55
06:03:28,2.55
06:03:29,2.55
06:03:30,2.55
06:03:31,2.55
06:03:32,2.55
06:03:33,2.55
06:03:34,2.55
06:03:35,2.55
06:03:36,2.55
06:03:37,2.55
06:03:38,2.55
06:03:39,2.55
06:03:40,2.55
06:03:41,2.55
06:03:42,2.55
06:03:43,2.55
06:03:44,2.55
06:03:45,2.55
06:03:46,2.55
06:03:47,2.55
06:03:48,2.55
06:03:49,2.55
06:03:50,2.55
06:03:51,2.55
06:03:52,2.55
06:03:53,2.55
06:03:54,2.55
06:03:55,2.55
06:03:56,2.55
06:03:57,2.55
06:03:58,2.55
06:03:59,2.55
06:04:00,2.55
06:04:01,2.55
06:04:02,2.55
06:04:03,2.55
06:04:04,2.55
06:04:05,2.55
06:04:06,2.55
06:04:07,2.55
06:04:08,2.55
06:04:09,2.55
06:04:10,2.55
06:04:11,2.55
06:04:12,2.55
06:04:13,2.55
06:04:14,2.55
06:04:15,2.55
06:04:16,2.55
06:04:17,2.55
06:04:18,2.55
06:04:19,2.55
06:04:20,2.55
06:04:21,2.55
06:04:22,2.55
06:04:23,2.55
06:04:24,2.55
06:04:25,2.55
06:04:26,2.55
06:04:27,2.55
06:04:28,2.55
06:04:29,2.55
06:04:30,2.55
06:04:31,2.55
06:04:32,2.55
06:04:33,2.55
06:04:34,2.55
06:04:35,2.55
06:04:36,2.55
06:04:37,2.55
06:04:38,2.55
06:04:39,2.55
06:04:40,2.55
06:04:41,2.55
06:04:42,2.55
06:04:43,2.55
06:04:44,2.55
06:04:45,2.55
06:04:46,2.55
06:04:47,2.55
06:04:48,2.55
06:04:49,2.55
06:04:50,2.55
06:04:51,2.55
06:04:52,2.55
06:04:53,2.55
06:04:54,2.55
06:04:55,2.55
06:04:56,2.55
06:04:57,2.55
06:04:58,2.55
06:04:59,2.55
06:05:00,2.55
06:05:01,2.55
06:05:02,2.55
06:05:03,2.55
06:05:04,2.55
06:05:05,2.55
06:05:06,2.55
06:05:07,2.55
06:05:08,2.55
06:05:09,2.55
06:05:10,2.55
06:05:11,2.55
06:05:12,2.55
06:05:13,2.55
06:05:14,2.55
06:05:15,2.55
06:05:16,2.55
06:05:17,2.55
06:05:18,2.55
06:05:19,2.55
06:05:20,2.55
06:05:21,2.55
06:05:22,2.55
06:05:23,2.55
06:05:24,2.55
06:05:25,2.55
06:05:26,2.55
06:05:27,2.55
06:05:28,2.55
06:05:29,2.55
06:05:30,2.55
06:05:31,2.55
06:05:32,2.55
06:05:33,2.55
06:05:34,2.55
06:05:35,2.55
06:05:36,2.55
06:05:37,2.55
06:05:38,2.55
06:05:39,2.55
06:05:40,2.55
06:05:41,2.55
06:05:42,2.55
06:05:43,2.55
06:05:44,2.55
06:05:45,2.55
06:05:46,2.55
06:05:47,2.55
06:05:48,2.55
06:05:49,2.55
06:05:50,2.55
06:05:51,2.55
06:05:52,2.55
06:05:53,2.55
06:05:54,2.55
06:05:55,2.55
06:05:56,2.55
06:05:57,2.55
06:05:58,2.55
06:05:59,2.55
06:06:00,2.55
06:06:01,2.55
06:06:02,2.55
06:06:03,2.55
06:06:04,2.55
06:06:05,2.55
06:06:06,2.55
06:06:07,2.55
06:06:08,2.55
06:06:09,2.55
06:06:10,2.55
06:06:11,2.55
06:06:12,2.55
06:06:13,2.55
06:06:14,2.55
06:06:15,2.55
06:06:16,2.55
06:06:17,2.55
06:06:18,2.55
06:06:19,2.55
06:06:20,2.55
06:06:21,2.55
06:06:22,2.55
06:06:23,2.55
06:06:24,2.55
06:06:25,2.55
06:06:26,2.55
06:06:27,2.55
06:06:28,2.55
06:06:29,2.55
06:06:30,2.55
06:06:31,2.55
06:06:32,2.55
06:06:33,2.55
06:06:34,2.55
06:06:35,2.55
06:06:36,2.55
06:06:37,2.55
06:06:38,2.55
06:06:39,2.55
06:06:40,2.55
06:06:41,2.55
06:06:42,2.55
06:06:43,2.55
06:06:44,2.55
06:06:45,2.55
06:06:46,2.55
06:06:47,2.55
06:06:48,2.55
06:06:49,2.55
06:06:50,2.55
06:06:51,2.55
06:06:52,2.55
06:06:53,2.55
06:06:54,2.55
06:06:55,2.55
06:06:56,2.55
06:06:57,2.55
06:06:58,2.55
06:06:59,2.55
06:07:00,2.55
06:07:01,2.55
06:07:02,2.55
06:07:03,2.55
06:07:04,2.55
06:07:05,2.55
06:07:06,2.55
06:07:07,2.55
06:07:08,2.55
06:07:09,2.55
06:07:10,2.55
06:07:11,2.55
06:07:12,2.55
06:07:13,2.55
06:07:14,2.55
06:07:15,2.55
06:07:16,2.55
06:07:17,2.55
06:07:18,2.55
06:07:19,2.55
06:07:20,2.55
06:07:21,2.55
06:07:22,2.55
06:07:23,2.55
06:07:24,2.55
06:07:25,2.55
06:07:26,2.55
06:07:27,2.55
06:07:28,2.55
06:07:29,2.55
06:07:30,2.55
06:07:31,2.55
06:07:32,2.55
06:07:33,2.55
06:07:34,2.55
06:07:35,2.55
06:07:36,2.55
06:07:37,2.55
06:07:38,2.55
06:07:39,2.55
06:07:40,2.55
06:07:41,2.55
06:07:42,2.55
06:07:43,2.55
06:07:44,2.55
06:07:45,2.55
06:07:46,2.55
06:07:47,2.55
06:07:48,2.55
06:07:49,2.55
06:07:50,2.55
06:07:51,2.55
06:07:52,2.55
06:07:53,2.55
06:07:54,2.55
06:07:55,2.55
06:07:56,2.55
06:07:57,2.55
06:07:58,2.55
06:07:59,2.55
06:08:00,2.55
06:08:01,2.55
06:08:02,2.55
06:08:03,2.55
06:08:04,2.55
06:08:05,2.55
06:08:06,2.55
06:08:07,2.55
06:08:08,2.55
06:08:09,2.55
06:08:10,2.55
06:08:11,2.55
06:08:12,2.55
06:08:13,2.55
06:08:14,2.55
06:08:15,2.55
06:08:16,2.55
06:08:17,2.55
06:08:18,2.55
06:08:19,2.55
06:08:20,2.55
06:08:21,2.55
06:08:22,2.55
06:08:23,2.55
06:08:24,2.55
06:08:25,2.55
06:08:26,2.55
06:08:27,2.55
06:08:28,2.55
06:08:29,2.55
06:08:30,2.55
06:08:31,2.55
06:08:32,2.55
06:08:33,2.55
06:08:34,2.55
06:08:35,2.55
06:08:36,2.55
06:08:37,2.55
06:08:38,2.55
06:08:39,2.55
06:08:40,2.55
06:08:41,2.55
06:08:42,2.55
06:08:43,2.55
06:08:44,2.55
06:08:45,2.55
06:08:46,2.55
06:08:47,2.55
06:08:48,2.55
06:08:49,2.55
06:08:50,2.55
06:08:51,2.55
06:08:52,2.55
06:08:53,2.55
06:08:54,2.55
06:08:55,2.55
06:08:56,2.55
06:08:57,2.55
06:08:58,2.55
06:08:59,2.55
06:09:00,2.55
06:09:01,2.55
06:09:02,2.55
06:09:03,2.55
06:09:04,2.55
06:09:05,2.55
06:09:06,2.55
06:09:07,2.55
06:09:08,2.55
06:09:09,2.55
06:09:10,2.55
06:09:11,2.55
06:09:12,2.55
06:09:13,2.55
06:09:14,2.55
06:09:15,2.55
06:09:16,2.55
06:09:17,2.55
06:09:18,2.55
06:09:19,2.55
06:09:20,2.55
06:09:21,2.55
06:09:22,2.55
06:09:23,2.55
06:09:24,2.55
06:09:25,2.55
06:09:26,2.55
06:09:27,2.55
06:09:28,2.55
06:09:29,2.55
06:09:30,2.55
06:09:31,2.55
06:09:32,2.55
06:09:33,2.55
06:09:34,2.55
06:09:35,2.55
06:09:36,2.55
06:09:37,2.55
06:09:38,2.55
06:09:39,2.55
06:09:40,2.55
06:09:41,2.55
06:09:42,2.55
06:09:43,2.55
06:09:44,2.55
06:09:45,2.55
06:09:46,2.55
06:09:47,2.55
06:09:48,2.55
06:09:49,2.55
06:09:50,2.55
06:09:51,2.55
06:09:52,2.55
06:09:53,2.55
06:09:54,2.55
06:09:55,2.55
06:09:56,2.55
06:09:57,2.55
06:09:58,2.55
06:09:59,2.55
06:10:00,2.55
06:10:01,2.55
06:10:02,2.55
06:10:03,2.55
06:10:04,2.55
06:10:05,2.55
06:10:06,2.55
06:10:07,2.55
06:10:08,2.55
06:10:09,2.55
06:10:10,2.55
06:10:11,2.55
06:10:12,2.55
06:10:13,2.55
06:10:14,2.55
06:10:15,2.55
06:10:16,2.55
06:10:17,2.55
06:10:18,2.55
06:10:19,2.55
06:10:20,2.55
06:10:21,2.55
06:10:22,2.55
06:10:23,2.55
06:10:24,2.55
06:10:25,2.55
06:10:26,2.55
06:10:27,2.55
06:10:28,2.55
06:10:29,2.55
06:10:30,2.55
06:10:31,2.55
06:10:32,2.55
06:10:33,2.55
06:10:34,2.55
06:10:35,2.55
06:10:36,2.55
06:10:37,2.55
06:10:38,2.55
06:10:39,2.55
06:10:40,2.55
06:10:41,2.55
06:10:42,2.55
06:10:43,2.55
06:10:44,2.55
06:10:45,2.55
06:10:46,2.55
06:10:47,2.55
06:10:48,2.55
06:10:49,2.55
06:10:50,2.55
06:10:51,2.55
06:10:52,2.55
06:10:53,2.55
06:10:54,2.55
06:10:55,2.55
06:10:56,2.55
06:10:57,2.55
06:10:58,2.55
06:10:59,2.55
06:11:00,2.55
06:11:01,2.55
06:11:02,2.55
06:11:03,2.55
06:11:04,2.55
06:11:05,2.55
06:11:06,2.55
06:11:07,2.55
06:11:08,2.55
06:11:09,2.55
06:11:10,2.55
06:11:11,2.55
06:11:12,2.55
06:11:13,2.55
06:11:14,2.55
06:11:15,2.55
06:11:16,2.55
06:11:17,2.55
06:11:18,2.55
06:11:19,2.55
06:11:20,2.55
06:11:21,2.55
06:11:22,2.55
06:11:23,2.55
06:11:24,2.55
06:11:25,2.55
06:11:26,2.55
06:11:27,2.55
06:11:28,2.55
06:11:29,2.55
06:11:30,2.55
06:11:31,2.55
06:11:32,2.55
06:11:33,2.55
06:11:34,2.55
06:11:35,2.55
06:11:36,2.55
06:11:37,2.55
06:11:38,2.55
06:11:39,2.55
06:11:40,2.55
06:11:41,2.55
06:11:42,2.55
06:11:43,2.55
06:11:44,2.55
06:11:45,2.55
06:11:46,2.55
06:11:47,2.55
06:11:48,2.55
06:11:49,2.55
06:11:50,2.55
06:11:51,2.55
06:11:52,2.55
06:11:53,2.55
06:11:54,2.55
06:11:55,2.55
06:11:56,2.55
06:11:57,2.55
06:11:58,2.55
06:11:59,2.55
06:12:00,2.55
06:12:01,2.55
06:12:02,2.55
06:12:03,2.55
06:12:04,2.55
06:12:05,2.55
06:12:06,2.55
06:12:07,2.55
06:12:08,2.55
06:12:09,2.55
06:12:10,2.55
06:12:11,2.55
06:12:12,2.55
06:12:13,2.55
06:12:14,2.55
06:12:15,2.55
06:12:16,2.55
06:12:17,2.55
06:12:18,2.55
06:12:19,2.55
06:12:20,2.55
06:12:21,2.55
06:12:22,2.55
06:12:23,2.55
06:12:24,2.55
06:12:25,2.55
06:12:26,2.55
06:12:27,2.55
06:12:28,2.55
06:12:29,2.55
06:12:30,2.55
06:12:31,2.55
06:12:32,2.55
06:12:33,2.55
06:12:34,2.55
06:12:35,2.55
06:12:36,2.55
06:12:37,2.55
06:12:38,2.55
06:12:39,2.55
06:12:40,2.55
06:12:41,2.55
06:12:42,2.55
06:12:43,2.55
06:12:44,2.55
06:12:45,2.55
06:12:46,2.55
06:12:47,2.55
06:12:48,2.55
06:12:49,2.55
06:12:50,2.55
06:12:51,2.55
06:12:52,2.55
06:12:53,2.55
06:12:54,2.55
06:12:55,2.55
06:12:56,2.55
06:12:57,2.55
06:12:58,2.55
06:12:59,2.55
06:13:00,2.55
06:13:01,2.55
06:13:02,2.55
06:13:03,2.55
06:13:04,2.55
06:13:05,2.55
06:13:06,2.55
06:13:07,2.55
06:13:08,2.55
06:13:09,2.55
06:13:10,2.55
06:13:11,2.55
06:13:12,2.55
06:13:13,2.55
06:13:14,2.55
06:13:15,2.55
06:13:16,2.55
06:13:17,2.55
06:13:18,2.55
06:13:19,2.55
06:13:20,2.55
06:13:21,2.55
06:13:22,2.55
06:13:23,2.55
06:13:24,2.55
06:13:25,2.55
06:13:26,2.55
06:13:27,2.55
06:13:28,2.55
06:13:29,2.55
06:13:30,2.55
06:13:31,2.55
06:13:32,2.55
06:13:33,2.55
06:13:34,2.55
06:13:35,2.55
06:13:36,2.55
06:13:37,2.55
06:13:38,2.55
06:13:39,2.55
06:13:40,2.55
06:13:41,2.55
06:13:42,2.55
06:13:43,2.55
06:13:44,2.55
06:13:45,2.55
06:13:46,2.55
06:13:47,2.55
06:13:48,2.55
06:13:49,2.55
06:13:50,2.55
06:13:51,2.55
06:13:52,2.55
06:13:53,2.55
06:13:54,2.55
06:13:55,2.55
06:13:56,2.55
06:13:57,2.55
06:13:58,2.55
06:13:59,2.55
06:14:00,2.55
06:14:01,2.55
06:14:02,2.55
06:14:03,2.55
06:14:04,2.55
06:14:05,2.55
06:14:06,2.55
06:14:07,2.55
06:14:08,2.55
06:14:09,2.55
06:14:10,2.55
06:14:11,2.55
06:14:12,2.55
06:14:13,2.55
06:14:14,2.55
06:14:15,2.55
06:14:16,2.55
06:14:17,2.55
06:14:18,2.55
06:14:19,2.55
06:14:20,2.55
06:14:21,2.55
06:14:22,2.55
06:14:23,2.55
06:14:24,2.55
06:14:25,2.55
06:14:26,2.55
06:14:27,2.55
06:14:28,2.55
06:14:29,2.55
06:14:30,2.55
06:14:31,2.55
06:14:32,2.55
06:14:33,2.55
06:14:34,2.55
06:14:35,2.55
06:14:36,2.55
06:14:37,2.55
06:14:38,2.55
06:14:39,2.55
06:14:40,2.55
06:14:41,2.55
06:14:42,2.55
06:14:43,2.55
06:14:44,2.55
06:14:45,2.55
06:14:46,2.55
06:14:47,2.55
06:14:48,2.55
06:14:49,2.55
06:14:50,2.55
06:14:51,2.55
06:14:52,2.55
06:14:53,2.55
06:14:54,2.55
06:14:55,2.55
06:14:56,2.55
06:14:57,2.55
06:14:58,2.55
06:14:59,2.55
06:15:00,2.55
06:15:01,2.55
06:15:02,2.55
06:15:03,2.55
06:15:04,2.55
06:15:05,2.55
06:15:06,2.55
06:15:07,2.55
06:15:08,2.55
06:15:09,2.55
06:15:10,2.55
06:15:11,2.55
06:15:12,2.55
06:15:13,2.55
06:15:14,2.55
06:15:15,2.55
06:15:16,2.55
06:15:17,2.55
06:15:18,2.55
06:15:19,2.55
06:15:20,2.55
06:15:21,2.55
06:15:22,2.55
06:15:23,2.55
06:15:24,2.55
06:15:25,2.55
06:15:26,2.55
06:15:27,2.55
06:15:28,2.55
06:15:29,2.55
06:15:30,2.55
06:15:31,2.55
06:15:32,2.55
06:15:33,2.55
06:15:34,2.55
06:15:35,2.55
06:15:36,2.55
06:15:37,2.55
06:15:38,2.55
06:15:39,2.55
06:15:40,2.55
06:15:41,2.55
06:15:42,2.55
06:15:43,2.55
06:15:44,2.55
06:15:45,2.55
06:15:46,2.55
06:15:47,2.55
06:15:48,2.55
06:15:49,2.55
06:15:50,2.55
06:15:51,2.55
06:15:52,2.55
06:15:53,2.55
06:15:54,2.55
06:15:55,2.55
06:15:56,2.55
06:15:57,2.55
06:15:58,2.55
06:15:59,2.55
06:16:00,2.55
06:16:01,2.55
06:16:02,2.55
06:16:03,2.55
06:16:04,2.55
06:16:05,2.55
06:16:06,2.55
06:16:07,2.55
06:16:08,2.55
06:16:09,2.55
06:16:10,2.55
06:16:11,2.55
06:16:12,2.55
06:16:13,2.55
06:16:14,2.55
06:16:15,2.55
06:16:16,2.55
06:16:17,2.55
06:16:18,2.55
06:16:19,2.55
06:16:20,2.55
06:16:21,2.55
06:16:22,2.55
06:16:23,2.55
06:16:24,2.55
06:16:25,2.55
06:16:26,2.55
06:16:27,2.55
06:16:28,2.55
06:16:29,2.55
06:16:30,2.55
06:16:31,2.55
06:16:32,2.55
06:16:33,2.55
06:16:34,2.55
06:16:35,2.55
06:16:36,2.55
06:16:37,2.55
06:16:38,2.55
06:16:39,2.55
06:16:40,2.55
06:16:41,2.55
06:16:42,2.55
06:16:43,2.55
06:16:44,2.55
06:16:45,2.55
06:16:46,2.55
06:16:47,2.55
06:16:48,2.55
06:16:49,2.55
06:16:50,2.55
06:16:51,2.55
06:16:52,2.55
06:16:53,2.55
06:16:54,2.55
06:16:55,2.55
06:16:56,2.55
06:16:57,2.55
06:16:58,2.55
06:16:59,2.55
06:17:00,2.55
06:17:01,2.55
06:17:02,2.55
06:17:03,2.55
06:17:04,2.55
06:17:05,2.55
06:17:06,2.55
06:17:07,2.55
06:17:08,2.55
06:17:09,2.55
06:17:10,2.55
06:17:11,2.55
06:17:12,2.55
06:17:13,2.55
06:17:14,2.55
06:17:15,2.55
06:17:16,2.55
06:17:17,2.55
06:17:18,2.55
06:17:19,2.55
06:17:20,2.55
06:17:21,2.55
06:17:22,2.55
06:17:23,2.55
06:17:24,2.55
06:17:25,2.55
06:17:26,2.55
06:17:27,2.55
06:17:28,2.55
06:17:29,2.55
06:17:30,2.55
06:17:31,2.55
06:17:32,2.55
06:17:33,2.55
06:17:34,2.55
06:17:35,2.55
06:17:36,2.55
06:17:37,2.55
06:17:38,2.55
06:17:39,2.55
06:17:40,2.55
06:17:41,2.55
06:17:42,2.55
06:17:43,2.55
06:17:44,2.55
06:17:45,2.55
06:17:46,2.55
06:17:47,2.55
06:17:48,2.55
06:17:49,2.55
06:17:50,2.55
06:17:51,2.55
06:17:52,2.55
06:17:53,2.55
06:17:54,2.55
06:17:55,2.55
06:17:56,2.55
06:17:57,2.55
06:17:58,2.55
06:17:59,2.55
06:18:00,2.55
06:18:01,2.55
06:18:02,2.55
06:18:03,2.55
06:18:04,2.55
06:18:05,2.55
06:18:06,2.55
06:18:07,2.55
06:18:08,2.55
06:18:09,2.55
06:18:10,2.55
06:18:11,2.55
06:18:12,2.55
06:18:13,2.55
06:18:14,2.55
06:18:15,2.55
06:18:16,2.55
06:18:17,2.55
06:18:18,2.55
06:18:19,2.55
06:18:20,2.55
06:18:21,2.55
06:18:22,2.55
06:18:23,2.55
06:18:24,2.55
06:18:25,2.55
06:18:26,2.55
06:18:27,2.55
06:18:28,2.55
06:18:29,2.55
06:18:30,2.55
06:18:31,2.55
06:18:32,2.55
06:18:33,2.55
06:18:34,2.55
06:18:35,2.55
06:18:36,2.55
06:18:37,2.55
06:18:38,2.55
06:18:39,2.55
06:18:40,2.55
06:18:41,2.55
06:18:42,2.55
06:18:43,2.55
06:18:44,2.55
06:18:45,2.55
06:18:46,2.55
06:18:47,2.55
06:18:48,2.55
06:18:49,2.55
06:18:50,2.55
06:18:51,2.55
06:18:52,2.55
06:18:53,2.55
06:18:54,2.55
06:18:55,2.55
06:18:56,2.55
06:18:57,2.55
06:18:58,2.55
06:18:59,2.55
06:19:00,2.55
06:19:01,2.55
06:19:02,2.55
06:19:03,2.55
06:19:04,2.55
06:19:05,2.55
06:19:06,2.55
06:19:07,2.55
06:19:08,2.55
06:19:09,2.55
06:19:10,2.55
06:19:11,2.55
06:19:12,2.55
06:19:13,2.55
06:19:14,2.55
06:19:15,2.55
06:19:16,2.55
06:19:17,2.55
06:19:18,2.55
06:19:19,2.55
06:19:20,2.55
06:19:21,2.55
06:19:22,2.55
06:19:23,2.55
06:19:24,2.55
06:19:25,2.55
06:19:26,2.55
06:19:27,2.55
06:19:28,2.55
06:19:29,2.55
06:19:30,2.55
06:19:31,2.55
06:19:32,2.55
06:19:33,2.55
06:19:34,2.55
06:19:35,2.55
06:19:36,2.55
06:19:37,2.55
06:19:38,2.55
06:19:39,2.55
06:19:40,2.55
06:19:41,2.55
06:19:42,2.55
06:19:43,2.55
06:19:44,2.55
06:19:45,2.55
06:19:46,2.55
06:19:47,2.55
06:19:48,2.55
06:19:49,2.55
06:19:50,2.55
06:19:51,2.55
06:19:52,2.55
06:19:53,2.55
06:19:54,2.55
06:19:55,2.55
06:19:56,2.55
06:19:57,2.55
06:19:58,2.55
06:19:59,2.55
06:20:00,2.55
06:20:01,2.55
06:20:02,2.55
06:20:03,2.55
06:20:04,2.55
06:20:05,2.55
06:20:06,2.55
06:20:07,2.55
06:20:08,2.55
06:20:09,2.55
06:20:10,2.55
06:20:11,2.55
06:20:12,2.55
06:20:13,2.55
06:20:14,2.55
06:20:15,2.55
06:20:16,2.55
06:20:17,2.55
06:20:18,2.55
06:20:19,2.55
06:20:20,2.55
06:20:21,2.55
06:20:22,2.55
06:20:23,2.55
06:20:24,2.55
06:20:25,2.55
06:20:26,2.55
06:20:27,2.55
06:20:28,2.55
06:20:29,2.55
06:20:30,2.55
06:20:31,2.55
06:20:32,2.55
06:20:33,2.55
06:20:34,2.55
06:20:35,2.55
06:20:36,2.55
06:20:37,2.55
06:20:38,2.55
06:20:39,2.55
06:20:40,2.55
06:20:41,2.55
06:20:42,2.55
06:20:43,2.55
06:20:44,2.55
06:20:45,2.55
06:20:46,2.55
06:20:47,2.55
06:20:48,2.55
06:20:49,2.55
06:20:50,2.55
06:20:51,2.55
06:20:52,2.55
06:20:53,2.55
06:20:54,2.55
06:20:55,2.55
06:20:56,2.55
06:20:57,2.55
06:20:58,2.55
06:20:59,2.55
06:21:00,2.55
06:21:01,2.55
06:21:02,2.55
06:21:03,2.55
06:21:04,2.55
06:21:05,2.55
06:21:06,2.55
06:21:07,2.55
06:21:08,2.55
06:21:09,2.55
06:21:10,2.55
06:21:11,2.55
06:21:12,2.55
06:21:13,2.55
06:21:14,2.55
06:21:15,2.55
06:21:16,2.55
06:21:17,2.55
06:21:18,2.55
06:21:19,2.55
06:21:20,2.55
06:21:21,2.55
06:21:22,2.55
06:21:23,2.55
06:21:24,2.55
06:21:25,2.55
06:21:26,2.55
06:21:27,2.55
06:21:28,2.55
06:21:29,2.55
06:21:30,2.55
06:21:31,2.55
06:21:32,2.55
06:21:33,2.55
06:21:34,2.55
06:21:35,2.55
06:21:36,2.55
06:21:37,2.55
06:21:38,2.55
06:21:39,2.55
06:21:40,2.55
06:21:41,2.55
06:21:42,2.55
06:21:43,2.55
06:21:44,2.55
06:21:45,2.55
06:21:46,2.55
06:21:47,2.55
06:21:48,2.55
06:21:49,2.55
06:21:50,2.55
06:21:51,2.55
06:21:52,2.55
06:21:53,2.55
06:21:54,2.55
06:21:55,2.55
06:21:56,2.55
06:21:57,2.55
06:21:58,2.55
06:21:59,2.55
06:22:00,2.55
06:22:01,2.55
06:22:02,2.55
06:22:03,2.55
06:22:04,2.55
06:22:05,2.55
06:22:06,2.55
06:22:07,2.55
06:22:08,2.55
06:22:09,2.55
06:22:10,2.55
06:22:11,2.55
06:22:12,2.55
06:22:13,2.55
06:22:14,2.55
06:22:15,2.55
06:22:16,2.55
06:22:17,2.55
06:22:18,2.55
06:22:19,2.55
06:22:20,2.55
06:22:21,2.55
06:22:22,2.55
06:22:23,2.55
06:22:24,2.55
06:22:25,2.55
06:22:26,2.55
06:22:27,2.55
06:22:28,2.55
06:22:29,2.55
06:22:30,2.55
06:22:31,2.55
06:22:32,2.55
06:22:33,2.55
06:22:34,2.55
06:22:35,2.55
06:22:36,2.55
06:22:37,2.55
06:22:38,2.55
06:22:39,2.55
06:22:40,2.55
06:22:41,2.55
06:22:42,2.55
06:22:43,2.55
06:22:44,2.55
06:22:45,2.55
06:22:46,2.55
06:22:47,2.55
06:22:48,2.55
06:22:49,2.55
06:22:50,2.55
06:22:51,2.55
06:22:52,2.55
06:22:53,2.55
06:22:54,2.55
06:22:55,2.55
06:22:56,2.55
06:22:57,2.55
06:22:58,2.55
06:22:59,2.55
06:23:00,2.55
06:23:01,2.55
06:23:02,2.55
06:23:03,2.55
06:23:04,2.55
06:23:05,2.55
06:23:06,2.55
06:23:07,2.55
06:23:08,2.55
06:23:09,2.55
06:23:10,2.55
06:23:11,2.55
06:23:12,2.55
06:23:13,2.55
06:23:14,2.55
06:23:15,2.55
06:23:16,2.55
06:23:17,2.55
06:23:18,2.55
06:23:19,2.55
06:23:20,2.55
06:23:21,2.55
06:23:22,2.55
06:23:23,2.55
06:23:24,2.55
06:23:25,2.55
06:23:26,2.55
06:23:27,2.55
06:23:28,2.55
06:23:29,2.55
06:23:30,2.55
06:23:31,2.55
06:23:32,2.55
06:23:33,2.55
06:23:34,2.55
06:23:35,2.55
06:23:36,2.55
06:23:37,2.55
06:23:38,2.55
06:23:39,2.55
06:23:40,2.55
06:23:41,2.55
06:23:42,2.55
06:23:43,2.55
06:23:44,2.55
06:23:45,2.55
06:23:46,2.55
06:23:47,2.55
06:23:48,2.55
06:23:49,2.55
06:23:50,2.55
06:23:51,2.55
06:23:52,2.55
06:23:53,2.55
06:23:54,2.55
06:23:55,2.55
06:23:56,2.55
06:23:57,2.55
06:23:58,2.55
06:23:59,2.55
06:24:00,2.55
06:24:01,2.55
06:24:02,2.55
06:24:03,2.55
06:24:04,2.55
06:24:05,2.55
06:24:06,2.55
06:24:07,2.55
06:24:08,2.55
06:24:09,2.55
06:24:10,2.55
06:24:11,2.55
06:24:12,2.55
06:24:13,2.55
06:24:14,2.55
06:24:15,2.55
06:24:16,2.55
06:24:17,2.55
06:24:18,2.55
06:24:19,2.55
06:24:20,2.55
06:24:21,2.55
06:24:22,2.55
06:24:23,2.55
06:24:24,2.55
06:24:25,2.55
06:24:26,2.55
06:24:27,2.55
06:24:28,2.55
06:24:29,2.55
06:24:30,2.55
06:24:31,2.55
06:24:32,2.55
06:24:33,2.55
06:24:34,2.55
06:24:35,2.55
06:24:36,2.55
06:24:37,2.55
06:24:38,2.55
06:24:39,2.55
06:24:40,2.55
06:24:41,2.55
06:24:42,2.55
06:24:43,2.55
06:24:44,2.55
06:24:45,2.55
06:24:46,2.55
06:24:47,2.55
06:24:48,2.55
06:24:49,2.55
06:24:50,2.55
06:24:51,2.55
06:24:52,2.55
06:24:53,2.55
06:24:54,2.55
06:24:55,2.55
06:24:56,2.55
06:24:57,2.55
06:24:58,2.55
06:24:59,2.55
06:25:00,2.55
06:25:01,2.55
06:25:02,2.55
06:25:03,2.55
06:25:04,2.55
06:25:05,2.55
06:25:06,2.55
06:25:07,2.55
06:25:08,2.55
06:25:09,2.55
06:25:10,2.55
06:25:11,2.55
06:25:12,2.55
06:25:13,2.55
06:25:14,2.55
06:25:15,2.55
06:25:16,2.55
06:25:17,2.55
06:25:18,2.55
06:25:19,2.55
06:25:20,2.55
06:25:21,2.55
06:25:22,2.55
06:25:23,2.55
06:25:24,2.55
06:25:25,2.55
06:25:26,2.55
06:25:27,2.55
06:25:28,2.55
06:25:29,2.55
06:25:30,2.55
06:25:31,2.55
06:25:32,2.55
06:25:33,2.55
06:25:34,2.55
06:25:35,2.55
06:25:36,2.55
06:25:37,2.55
06:25:38,2.55
06:25:39,2.55
06:25:40,2.55
06:25:41,2.55
06:25:42,2.55
06:25:43,2.55
06:25:44,2.55
06:25:45,2.55
06:25:46,2.55
06:25:47,2.55
06:25:48,2.55
06:25:49,2.55
06:25:50,2.55
06:25:51,2.55
06:25:52,2.55
06:25:53,2.55
06:25:54,2.55
06:25:55,2.55
06:25:56,2.55
06:25:57,2.55
06:25:58,2.55
06:25:59,2.55
06:26:00,2.55
06:26:01,2.55
06:26:02,2.55
06:26:03,2.55
06:26:04,2.55
06:26:05,2.55
06:26:06,2.55
06:26:07,2.55
06:26:08,2.55
06:26:09,2.55
06:26:10,2.55
06:26:11,2.55
06:26:12,2.55
06:26:13,2.55
06:26:14,2.55
06:26:15,2.55
06:26:16,2.55
06:26:17,2.55
06:26:18,2.55
06:26:19,2.55
06:26:20,2.55
06:26:21,2.55
06:26:22,2.55
06:26:23,2.55
06:26:24,2.55
06:26:25,2.55
06:26:26,2.55
06:26:27,2.55
06:26:28,2.55
06:26:29,2.55
06:26:30,2.55
06:26:31,2.55
06:26:32,2.55
06:26:33,2.55
06:26:34,2.55
06:26:35,2.55
06:26:36,2.55
06:26:37,2.55
06:26:38,2.55
06:26:39,2.55
06:26:40,2.55
06:26:41,2.55
06:26:42,2.55
06:26:43,2.55
06:26:44,2.55
06:26:45,2.55
06:26:46,2.55
06:26:47,2.55
06:26:48,2.55
06:26:49,2.55
06:26:50,2.55
06:26:51,2.55
06:26:52,2.55
06:26:53,2.55
06:26:54,2.55
06:26:55,2.55
06:26:56,2.55
06:26:57,2.55
06:26:58,2.55
06:26:59,2.55
06:27:00,2.55
06:27:01,2.55
06:27:02,2.55
06:27:03,2.55
06:27:04,2.55
06:27:05,2.55
06:27:06,2.55
06:27:07,2.55
06:27:08,2.55
06:27:09,2.55
06:27:10,2.55
06:27:11,2.55
06:27:12,2.55
06:27:13,2.55
06:27:14,2.55
06:27:15,2.55
06:27:16,2.55
06:27:17,2.55
06:27:18,2.55
06:27:19,2.55
06:27:20,2.55
06:27:21,2.55
06:27:22,2.55
06:27:23,2.55
06:27:24,2.55
06:27:25,2.55
06:27:26,2.55
06:27:27,2.55
06:27:28,2.55
06:27:29,2.55
06:27:30,2.55
06:27:31,2.55
06:27:32,2.55
06:27:33,2.55
06:27:34,2.55
06:27:35,2.55
06:27:36,2.55
06:27:37,2.55
06:27:38,2.55
06:27:39,2.55
06:27:40,2.55
06:27:41,2.55
06:27:42,2.55
06:27:43,2.55
06:27:44,2.55
06:27:45,2.55
06:27:46,2.55
06:27:47,2.55
06:27:48,2.55
06:27:49,2.55
06:27:50,2.55
06:27:51,2.55
06:27:52,2.55
06:27:53,2.55
06:27:54,2.55
06:27:55,2.55
06:27:56,2.55
06:27:57,2.55
06:27:58,2.55
06:27:59,2.55
06:28:00,2.55
06:28:01,2.55
06:28:02,2.55
06:28:03,2.55
06:28:04,2.55
06:28:05,2.55
06:28:06,2.55
06:28:07,2.55
06:28:08,2.55
06:28:09,2.55
06:28:10,2.55
06:28:11,2.55
06:28:12,2.55
06:28:13,2.55
06:28:14,2.55
06:28:15,2.55
06:28:16,2.55
06:28:17,2.55
06:28:18,2.55
06:28:19,2.55
06:28:20,2.55
06:28:21,2.55
06:28:22,2.55
06:28:23,2.55
06:28:24,2.55
06:28:25,2.55
06:28:26,2.55
06:28:27,2.55
06:28:28,2.55
06:28:29,2.55
06:28:30,2.55
06:28:31,2.55
06:28:32,2.55
06:28:33,2.55
06:28:34,2.55
06:28:35,2.55
06:28:36,2.55
06:28:37,2.55
06:28:38,2.55
06:28:39,2.55
06:28:40,2.55
06:28:41,2.55
06:28:42,2.55
06:28:43,2.55
06:28:44,2.55
06:28:45,2.55
06:28:46,2.55
06:28:47,2.55
06:28:48,2.55
06:28:49,2.55
06:28:50,2.55
06:28:51,2.55
06:28:52,2.55
06:28:53,2.55
06:28:54,2.55
06:28:55,2.55
06:28:56,2.55
06:28:57,2.55
06:28:58,2.55
06:28:59,2.55
06:29:00,2.55
06:29:01,2.55
06:29:02,2.55
06:29:03,2.55
06:29:04,2.55
06:29:05,2.55
06:29:06,2.55
06:29:07,2.55
06:29:08,2.55
06:29:09,2.55
06:29:10,2.55
06:29:11,2.55
06:29:12,2.55
06:29:13,2.55
06:29:14,2.55
06:29:15,2.55
06:29:16,2.55
06:29:17,2.55
06:29:18,2.55
06:29:19,2.55
06:29:20,2.55
06:29:21,2.55
06:29:22,2.55
06:29:23,2.55
06:29:24,2.55
06:29:25,2.55
06:29:26,2.55
06:29:27,2.55
06:29:28,2.55
06:29:29,2.55
06:29:30,2.55
06:29:31,2.55
06:29:32,2.55
06:29:33,2.55
06:29:34,2.55
06:29:35,2.55
06:29:36,2.55
06:29:37,2.55
06:29:38,2.55
06:29:39,2.55
06:29:40,2.55
06:29:41,2.55
06:29:42,2.55
06:29:43,2.55
06:29:44,2.55
06:29:45,2.55
06:29:46,2.55
06:29:47,2.55
06:29:48,2.55
06:29:49,2.55
06:29:50,2.55
06:29:51,2.55
06:29:52,2.55
06:29:53,2.55
06:29:54,2.55
06:29:55,2.55
06:29:56,2.55
06:29:57,2.55
06:29:58,2.55
06:29:59,2.55
06:30:00,2.55
06:30:01,2.55
06:30:02,2.55
06:30:03,2.55
06:30:04,2.55
06:30:05,2.55
06:30:06,2.55
06:30:07,2.55
06:30:08,2.55
06:30:09,2.55
06:30:10,2.55
06:30:11,2.55
06:30:12,2.55
06:30:13,2.55
06:30:14,2.55
06:30:15,2.55
06:30:16,2.55
06:30:17,2.55
06:30:18,2.55
06:30:19,2.55
06:30:20,2.55
06:30:21,2.55
06:30:22,2.55
06:30:23,2.55
06:30:24,2.55
06:30:25,2.55
06:30:26,2.55
06:30:27,2.55
06:30:28,2.55
06:30:29,2.55
06:30:30,2.55
06:30:31,2.55
06:30:32,2.55
06:30:33,2.55
06:30:34,2.55
06:30:35,2.55
06:30:36,2.55
06:30:37,2.55
06:30:38,2.55
06:30:39,2.55
06:30:40,2.55
06:30:41,2.55
06:30:42,2.55
06:30:43,2.55
06:30:44,2.55
06:30:45,2.55
06:30:46,2.55
06:30:47,2.55
06:30:48,2.55
06:30:49,2.55
06:30:50,2.55
06:30:51,2.55
06:30:52,2.55
06:30:53,2.55
06:30:54,2.55
06:30:55,2.55
06:30:56,2.55
06:30:57,2.55
06:30:58,2.55
06:30:59,2.55
06:31:00,2.55
06:31:01,2.55
06:31:02,2.55
06:31:03,2.55
06:31:04,2.55
06:31:05,2.55
06:31:06,2.55
06:31:07,2.55
06:31:08,2.55
06:31:09,2.55
06:31:10,2.55
06:31:11,2.55
06:31:12,2.55
06:31:13,2.55
06:31:14,2.55
06:31:15,2.55
06:31:16,2.55
06:31:17,2.55
06:31:18,2.55
06:31:19,2.55
06:31:20,2.55
06:31:21,2.55
06:31:22,2.55
06:31:23,2.55
06:31:24,2.55
06:31:25,2.55
06:31:26,2.55
06:31:27,2.55
06:31:28,2.55
06:31:29,2.55
06:31:30,2.55
06:31:31,2.55
06:31:32,2.55
06:31:33,2.55
06:31:34,2.55
06:31:35,2.55
06:31:36,2.55
06:31:37,2.55
06:31:38,2.55
06:31:39,2.55
06:31:40,2.55
06:31:41,2.55
06:31:42,2.55
06:31:43,2.55
06:31:44,2.55
06:31:45,2.55
06:31:46,2.55
06:31:47,2.55
06:31:48,2.55
06:31:49,2.55
06:31:50,2.55
06:31:51,2.55
06:31:52,2.55
06:31:53,2.55
06:31:54,2.55
06:31:55,2.55
06:31:56,2.55
06:31:57,2.55
06:31:58,2.55
06:31:59,2.55
06:32:00,2.55
06:32:01,2.55
06:32:02,2.55
06:32:03,2.55
06:32:04,2.55
06:32:05,2.55
06:32:06,2.55
06:32:07,2.55
06:32:08,2.55
06:32:09,2.55
06:32:10,2.55
06:32:11,2.55
06:32:12,2.55
06:32:13,2.55
06:32:14,2.55
06:32:15,2.55
06:32:16,2.55
06:32:17,2.55
06:32:18,2.55
06:32:19,2.55
06:32:20,2.55
06:32:21,2.55
06:32:22,2.55
06:32:23,2.55
06:32:24,2.55
06:32:25,2.55
06:32:26,2.55
06:32:27,2.55
06:32:28,2.55
06:32:29,2.55
06:32:30,2.55
06:32:31,2.55
06:32:32,2.55
06:32:33,2.55
06:32:34,2.55
06:32:35,2.55
06:32:36,2.55
06:32:37,2.55
06:32:38,2.55
06:32:39,2.55
06:32:40,2.55
06:32:41,2.55
06:32:42,2.55
06:32:43,2.55
06:32:44,2.55
06:32:45,2.55
06:32:46,2.55
06:32:47,2.55
06:32:48,2.55
06:32:49,2.55
06:32:50,2.55
06:32:51,2.55
06:32:52,2.55
06:32:53,2.55
06:32:54,2.55
06:32:55,2.55
06:32:56,2.55
06:32:57,2.55
06:32:58,2.55
06:32:59,2.55
06:33:00,2.55
06:33:01,2.55
06:33:02,2.55
06:33:03,2.55
06:33:04,2.55
06:33:05,2.55
06:33:06,2.55
06:33:07,2.55
06:33:08,2.55
06:33:09,2.55
06:33:10,2.55
06:33:11,2.55
06:33:12,2.55
06:33:13,2.55
06:33:14,2.55
06:33:15,2.55
06:33:16,2.55
06:33:17,2.55
06:33:18,2.55
06:33:19,2.55
06:33:20,2.55
06:33:21,2.55
06:33:22,2.55
06:33:23,2.55
06:33:24,2.55
06:33:25,2.55
06:33:26,2.55
06:33:27,2.55
06:33:28,2.55
06:33:29,2.55
06:33:30,2.55
06:33:31,2.55
06:33:32,2.55
06:33:33,2.55
06:33:34,2.55
06:33:35,2.55
06:33:36,2.55
06:33:37,2.55
06:33:38,2.55
06:33:39,2.55
06:33:40,2.55
06:33:41,2.55
06:33:42,2.55
06:33:43,2.55
06:33:44,2.55
06:33:45,2.55
06:33:46,2.55
06:33:47,2.55
06:33:48,2.55
06:33:49,2.55
06:33:50,2.55
06:33:51,2.55
06:33:52,2.55
06:33:53,2.55
06:33:54,2.55
06:33:55,2.55
06:33:56,2.55
06:33:57,2.55
06:33:58,2.55
06:33:59,2.55
06:34:00,2.55
06:34:01,2.55
06:34:02,2.55
06:34:03,2.55
06:34:04,2.55
06:34:05,2.55
06:34:06,2.55
06:34:07,2.55
06:34:08,2.55
06:34:09,2.55
06:34:10,2.55
06:34:11,2.55
06:34:12,2.55
06:34:13,2.55
06:34:14,2.55
06:34:15,2.55
06:34:16,2.55
06:34:17,2.55
06:34:18,2.55
06:34:19,2.55
06:34:20,2.55
06:34:21,2.55
06:34:22,2.55
06:34:23,2.55
06:34:24,2.55
06:34:25,2.55
06:34:26,2.55
06:34:27,2.55
06:34:28,2.55
06:34:29,2.55
06:34:30,2.55
06:34:31,2.55
06:34:32,2.55
06:34:33,2.55
06:34:34,2.55
06:34:35,2.55
06:34:36,2.55
06:34:37,2.55
06:34:38,2.55
06:34:39,2.55
06:34:40,2.55
06:34:41,2.55
06:34:42,2.55
06:34:43,2.55
06:34:44,2.55
06:34:45,2.55
06:34:46,2.55
06:34:47,2.55
06:34:48,2.55
06:34:49,2.55
06:34:50,2.55
06:34:51,2.55
06:34:52,2.55
06:34:53,2.55
06:34:54,2.55
06:34:55,2.55
06:34:56,2.55
06:34:57,2.55
06:34:58,2.55
06:34:59,2.55
06:35:00,2.55
06:35:01,2.55
06:35:02,2.55
06:35:03,2.55
06:35:04,2.55
06:35:05,2.55
06:35:06,2.55
06:35:07,2.55
06:35:08,2.55
06:35:09,2.55
06:35:10,2.55
06:35:11,2.55
06:35:12,2.55
06:35:13,2.55
06:35:14,2.55
06:35:15,2.55
06:35:16,2.55
06:35:17,2.55
06:35:18,2.55
06:35:19,2.55
06:35:20,2.55
06:35:21,2.55
06:35:22,2.55
06:35:23,2.55
06:35:24,2.55
06:35:25,2.55
06:35:26,2.55
06:35:27,2.55
06:35:28,2.55
06:35:29,2.55
06:35:30,2.55
06:35:31,2.55
06:35:32,2.55
06:35:33,2.55
06:35:34,2.55
06:35:35,2.55
06:35:36,2.55
06:35:37,2.55
06:35:38,2.55
06:35:39,2.55
06:35:40,2.55
06:35:41,2.55
06:35:42,2.55
06:35:43,2.55
06:35:44,2.55
06:35:45,2.55
06:35:46,2.55
06:35:47,2.55
06:35:48,2.55
06:35:49,2.55
06:35:50,2.55
06:35:51,2.55
06:35:52,2.55
06:35:53,2.55
06:35:54,2.55
06:35:55,2.55
06:35:56,2.55
06:35:57,2.55
06:35:58,2.55
06:35:59,2.55
06:36:00,2.55
06:36:01,2.55
06:36:02,2.55
06:36:03,2.55
06:36:04,2.55
06:36:05,2.55
06:36:06,2.55
06:36:07,2.55
06:36:08,2.55
06:36:09,2.55
06:36:10,2.55
06:36:11,2.55
06:36:12,2.55
06:36:13,2.55
06:36:14,2.55
06:36:15,2.55
06:36:16,2.55
06:36:17,2.55
06:36:18,2.55
06:36:19,2.55
06:36:20,2.55
06:36:21,2.55
06:36:22,2.55
06:36:23,2.55
06:36:24,2.55
06:36:25,2.55
06:36:26,2.55
06:36:27,2.55
06:36:28,2.55
06:36:29,2.55
06:36:30,2.55
06:36:31,2.55
06:36:32,2.55
06:36:33,2.55
06:36:34,2.55
06:36:35,2.55
06:36:36,2.55
06:36:37,2.55
06:36:38,2.55
06:36:39,2.55
06:36:40,2.55
06:36:41,2.55
06:36:42,2.55
06:36:43,2.55
06:36:44,2.55
06:36:45,2.55
06:36:46,2.55
06:36:47,2.55
06:36:48,2.55
06:36:49,2.55
06:36:50,2.55
06:36:51,2.55
06:36:52,2.55
06:36:53,2.55
06:36:54,2.55
06:36:55,2.55
06:36:56,2.55
06:36:57,2.55
06:36:58,2.55
06:36:59,2.55
06:37:00,2.55
06:37:01,2.55
06:37:02,2.55
06:37:03,2.55
06:37:04,2.55
06:37:05,2.55
06:37:06,2.55
06:37:07,2.55
06:37:08,2.55
06:37:09,2.55
06:37:10,2.55
06:37:11,2.55
06:37:12,2.55
06:37:13,2.55
06:37:14,2.55
06:37:15,2.55
06:37:16,2.55
06:37:17,2.55
06:37:18,2.55
06:37:19,2.55
06:37:20,2.55
06:37:21,2.55
06:37:22,2.55
06:37:23,2.55
06:37:24,2.55
06:37:25,2.55
06:37:26,2.55
06:37:27,2.55
06:37:28,2.55
06:37:29,2.55
06:37:30,2.55
06:37:31,2.55
06:37:32,2.55
06:37:33,2.55
06:37:34,2.55
06:37:35,2.55
06:37:36,2.55
06:37:37,2.55
06:37:38,2.55
06:37:39,2.55
06:37:40,2.55
06:37:41,2.55
06:37:42,2.55
06:37:43,2.55
06:37:44,2.55
06:37:45,2.55
06:37:46,2.55
06:37:47,2.55
06:37:48,2.55
06:37:49,2.55
06:37:50,2.55
06:37:51,2.55
06:37:52,2.55
06:37:53,2.55
06:37:54,2.55
06:37:55,2.55
06:37:56,2.55
06:37:57,2.55
06:37:58,2.55
06:37:59,2.55
06:38:00,2.55
06:38:01,2.55
06:38:02,2.55
06:38:03,2.55
06:38:04,2.55
06:38:05,2.55
06:38:06,2.55
06:38:07,2.55
06:38:08,2.55
06:38:09,2.55
06:38:10,2.55
06:38:11,2.55
06:38:12,2.55
06:38:13,2.55
06:38:14,2.55
06:38:15,2.55
06:38:16,2.55
06:38:17,2.55
06:38:18,2.55
06:38:19,2.55
06:38:20,2.55
06:38:21,2.55
06:38:22,2.55
06:38:23,2.55
06:38:24,2.55
06:38:25,2.55
06:38:26,2.55
06:38:27,2.55
06:38:28,2.55
06:38:29,2.55
06:38:30,2.55
06:38:31,2.55
06:38:32,2.55
06:38:33,2.55
06:38:34,2.55
06:38:35,2.55
06:38:36,2.55
06:38:37,2.55
06:38:38,2.55
06:38:39,2.55
06:38:40,2.55
06:38:41,2.55
06:38:42,2.55
06:38:43,2.55
06:38:44,2.55
06:38:45,2.55
06:38:46,2.55
06:38:47,2.55
06:38:48,2.55
06:38:49,2.55
06:38:50,2.55
06:38:51,2.55
06:38:52,2.55
06:38:53,2.55
06:38:54,2.55
06:38:55,2.55
06:38:56,2.55
06:38:57,2.55
06:38:58,2.55
06:38:59,2.55
06:39:00,2.55
06:39:01,2.55
06:39:02,2.55
06:39:03,2.55
06:39:04,2.55
06:39:05,2.55
06:39:06,2.55
06:39:07,2.55
06:39:08,2.55
06:39:09,2.55
06:39:10,2.55
06:39:11,2.55
06:39:12,2.55
06:39:13,2.55
06:39:14,2.55
06:39:15,2.55
06:39:16,2.55
06:39:17,2.55
06:39:18,2.55
06:39:19,2.55
06:39:20,2.55
06:39:21,2.55
06:39:22,2.55
06:39:23,2.55
06:39:24,2.55
06:39:25,2.55
06:39:26,2.55
06:39:27,2.55
06:39:28,2.55
06:39:29,2.55
06:39:30,2.55
06:39:31,2.55
06:39:32,2.55
06:39:33,2.55
06:39:34,2.55
06:39:35,2.55
06:39:36,2.55
06:39:37,2.55
06:39:38,2.55
06:39:39,2.55
06:39:40,2.55
06:39:41,2.55
06:39:42,2.55
06:39:43,2.55
06:39:44,2.55
06:39:45,2.55
06:39:46,2.55
06:39:47,2.55
06:39:48,2.55
06:39:49,2.55
06:39:50,2.55
06:39:51,2.55
06:39:52,2.55
06:39:53,2.55
06:39:54,2.55
06:39:55,2.55
06:39:56,2.55
06:39:57,2.55
06:39:58,2.55
06:39:59,2.55
06:40:00,2.55
06:40:01,2.55
06:40:02,2.55
06:40:03,2.55
06:40:04,2.55
06:40:05,2.55
06:40:06,2.55
06:40:07,2.55
06:40:08,2.55
06:40:09,2.55
06:40:10,2.55
06:40:11,2.55
06:40:12,2.55
06:40:13,2.55
06:40:14,2.55
06:40:15,2.55
06:40:16,2.55
06:40:17,2.55
06:40:18,2.55
06:40:19,2.55
06:40:20,2.55
06:40:21,2.55
06:40:22,2.55
06:40:23,2.55
06:40:24,2.55
06:40:25,2.55
06:40:26,2.55
06:40:27,2.55
06:40:28,2.55
06:40:29,2.55
06:40:30,2.55
06:40:31,2.55
06:40:32,2.55
06:40:33,2.55
06:40:34,2.55
06:40:35,2.55
06:40:36,2.55
06:40:37,2.55
06:40:38,2.55
06:40:39,2.55
06:40:40,2.55
06:40:41,2.55
06:40:42,2.55
06:40:43,2.55
06:40:44,2.55
06:40:45,2.55
06:40:46,2.55
06:40:47,2.55
06:40:48,2.55
06:40:49,2.55
06:40:50,2.55
06:40:51,2.55
06:40:52,2.55
06:40:53,2.55
06:40:54,2.55
06:40:55,2.55
06:40:56,2.55
06:40:57,2.55
06:40:58,2.55
06:40:59,2.55
06:41:00,2.55
06:41:01,2.55
06:41:02,2.55
06:41:03,2.55
06:41:04,2.55
06:41:05,2.55
06:41:06,2.55
06:41:07,2.55
06:41:08,2.55
06:41:09,2.55
06:41:10,2.55
06:41:11,2.55
06:41:12,2.55
06:41:13,2.55
06:41:14,2.55
06:41:15,2.55
06:41:16,2.55
06:41:17,2.55
06:41:18,2.55
06:41:19,2.55
06:41:20,2.55
06:41:21,2.55
06:41:22,2.55
06:41:23,2.55
06:41:24,2.55
06:41:25,2.55
06:41:26,2.55
06:41:27,2.55
06:41:28,2.55
06:41:29,2.55
06:41:30,2.55
06:41:31,2.55
06:41:32,2.55
06:41:33,2.55
06:41:34,2.55
06:41:35,2.55
06:41:36,2.55
06:41:37,2.55
06:41:38,2.55
06:41:39,2.55
06:41:40,2.55
06:41:41,2.55
06:41:42,2.55
06:41:43,2.55
06:41:44,2.55
06:41:45,2.55
06:41:46,2.55
06:41:47,2.55
06:41:48,2.55
06:41:49,2.55
06:41:50,2.55
06:41:51,2.55
06:41:52,2.55
06:41:53,2.55
06:41:54,2.55
06:41:55,2.55
06:41:56,2.55
06:41:57,2.55
06:41:58,2.55
06:41:59,2.55
06:42:00,2.55
06:42:01,2.55
06:42:02,2.55
06:42:03,2.55
06:42:04,2.55
06:42:05,2.55
06:42:06,2.55
06:42:07,2.55
06:42:08,2.55
06:42:09,2.55
06:42:10,2.55
06:42:11,2.55
06:42:12,2.55
06:42:13,2.55
06:42:14,2.55
06:42:15,2.55
06:42:16,2.55
06:42:17,2.55
06:42:18,2.55
06:42:19,2.55
06:42:20,2.55
06:42:21,2.55
06:42:22,2.55
06:42:23,2.55
06:42:24,2.55
06:42:25,2.55
06:42:26,2.55
06:42:27,2.55
06:42:28,2.55
06:42:29,2.55
06:42:30,2.55
06:42:31,2.55
06:42:32,2.55
06:42:33,2.55
06:42:34,2.55
06:42:35,2.55
06:42:36,2.55
06:42:37,2.55
06:42:38,2.55
06:42:39,2.55
06:42:40,2.55
06:42:41,2.55
06:42:42,2.55
06:42:43,2.55
06:42:44,2.55
06:42:45,2.55
06:42:46,2.55
06:42:47,2.55
06:42:48,2.55
06:42:49,2.55
06:42:50,2.55
06:42:51,2.55
06:42:52,2.55
06:42:53,2.55
06:42:54,2.55
06:42:55,2.55
06:42:56,2.55
06:42:57,2.55
06:42:58,2.55
06:42:59,2.55
06:43:00,2.55
06:43:01,2.55
06:43:02,2.55
06:43:03,2.55
06:43:04,2.55
06:43:05,2.55
06:43:06,2.55
06:43:07,2.55
06:43:08,2.55
06:43:09,2.55
06:43:10,2.55
06:43:11,2.55
06:43:12,2.55
06:43:13,2.55
06:43:14,2.55
06:43:15,2.55
06:43:16,2.55
06:43:17,2.55
06:43:18,2.55
06:43:19,2.55
06:43:20,2.55
06:43:21,2.55
06:43:22,2.55
06:43:23,2.55
06:43:24,2.55
06:43:25,2.55
06:43:26,2.55
06:43:27,2.55
06:43:28,2.55
06:43:29,2.55
06:43:30,2.55
06:43:31,2.55
06:43:32,2.55
06:43:33,2.55
06:43:34,2.55
06:43:35,2.55
06:43:36,2.55
06:43:37,2.55
06:43:38,2.55
06:43:39,2.55
06:43:40,2.55
06:43:41,2.55
06:43:42,2.55
06:43:43,2.55
06:43:44,2.55
06:43:45,2.55
06:43:46,2.55
06:43:47,2.55
06:43:48,2.55
06:43:49,2.55
06:43:50,2.55
06:43:51,2.55
06:43:52,2.55
06:43:53,2.55
06:43:54,2.55
06:43:55,2.55
06:43:56,2.55
06:43:57,2.55
06:43:58,2.55
06:43:59,2.55
06:44:00,2.55
06:44:01,2.55
06:44:02,2.55
06:44:03,2.55
06:44:04,2.55
06:44:05,2.55
06:44:06,2.55
06:44:07,2.55
06:44:08,2.55
06:44:09,2.55
06:44:10,2.55
06:44:11,2.55
06:44:12,2.55
06:44:13,2.55
06:44:14,2.55
06:44:15,2.55
06:44:16,2.55
06:44:17,2.55
06:44:18,2.55
06:44:19,2.55
06:44:20,2.55
06:44:21,2.55
06:44:22,2.55
06:44:23,2.55
06:44:24,2.55
06:44:25,2.55
06:44:26,2.55
06:44:27,2.55
06:44:28,2.55
06:44:29,2.55
06:44:30,2.55
06:44:31,2.55
06:44:32,2.55
06:44:33,2.55
06:44:34,2.55
06:44:35,2.55
06:44:36,2.55
06:44:37,2.55
06:44:38,2.55
06:44:39,2.55
06:44:40,2.55
06:44:41,2.55
06:44:42,2.55
06:44:43,2.55
06:44:44,2.55
06:44:45,2.55
06:44:46,2.55
06:44:47,2.55
06:44:48,2.55
06:44:49,2.55
06:44:50,2.55
06:44:51,2.55
06:44:52,2.55
06:44:53,2.55
06:44:54,2.55
06:44:55,2.55
06:44:56,2.55
06:44:57,2.55
06:44:58,2.55
06:44:59,2.55
06:45:00,2.55
06:45:01,2.55
06:45:02,2.55
06:45:03,2.55
06:45:04,2.55
06:45:05,2.55
06:45:06,2.55
06:45:07,2.55
06:45:08,2.55
06:45:09,2.55
06:45:10,2.55
06:45:11,2.55
06:45:12,2.55
06:45:13,2.55
06:45:14,2.55
06:45:15,2.55
06:45:16,2.55
06:45:17,2.55
06:45:18,2.55
06:45:19,2.55
06:45:20,2.55
06:45:21,2.55
06:45:22,2.55
06:45:23,2.55
06:45:24,2.55
06:45:25,2.55
06:45:26,2.55
06:45:27,2.55
06:45:28,2.55
06:45:29,2.55
06:45:30,2.55
06:45:31,2.55
06:45:32,2.55
06:45:33,2.55
06:45:34,2.55
06:45:35,2.55
06:45:36,2.55
06:45:37,2.55
06:45:38,2.55
06:45:39,2.55
06:45:40,2.55
06:45:41,2.55
06:45:42,2.55
06:45:43,2.55
06:45:44,2.55
06:45:45,2.55
06:45:46,2.55
06:45:47,2.55
06:45:48,2.55
06:45:49,2.55
06:45:50,2.55
06:45:51,2.55
06:45:52,2.55
06:45:53,2.55
06:45:54,2.55
06:45:55,2.55
06:45:56,2.55
06:45:57,2.55
06:45:58,2.55
06:45:59,2.55
06:46:00,2.55
06:46:01,2.55
06:46:02,2.55
06:46:03,2.55
06:46:04,2.55
06:46:05,2.55
06:46:06,2.55
06:46:07,2.55
06:46:08,2.55
06:46:09,2.55
06:46:10,2.55
06:46:11,2.55
06:46:12,2.55
06:46:13,2.55
06:46:14,2.55
06:46:15,2.55
06:46:16,2.55
06:46:17,2.55
06:46:18,2.55
06:46:19,2.55
06:46:20,2.55
06:46:21,2.55
06:46:22,2.55
06:46:23,2.55
06:46:24,2.55
06:46:25,2.55
06:46:26,2.55
06:46:27,2.55
06:46:28,2.55
06:46:29,2.55
06:46:30,2.55
06:46:31,2.55
06:46:32,2.55
06:46:33,2.55
06:46:34,2.55
06:46:35,2.55
06:46:36,2.55
06:46:37,2.55
06:46:38,2.55
06:46:39,2.55
06:46:40,2.55
06:46:41,2.55
06:46:42,2.55
06:46:43,2.55
06:46:44,2.55
06:46:45,2.55
06:46:46,2.55
06:46:47,2.55
06:46:48,2.55
06:46:49,2.55
06:46:50,2.55
06:46:51,2.55
06:46:52,2.55
06:46:53,2.55
06:46:54,2.55
06:46:55,2.55
06:46:56,2.55
06:46:57,2.55
06:46:58,2.55
06:46:59,2.55
06:47:00,2.55
06:47:01,2.55
06:47:02,2.55
06:47:03,2.55
06:47:04,2.55
06:47:05,2.55
06:47:06,2.55
06:47:07,2.55
06:47:08,2.55
06:47:09,2.55
06:47:10,2.55
06:47:11,2.55
06:47:12,2.55
06:47:13,2.55
06:47:14,2.55
06:47:15,2.55
06:47:16,2.55
06:47:17,2.55
06:47:18,2.55
06:47:19,2.55
06:47:20,2.55
06:47:21,2.55
06:47:22,2.55
06:47:23,2.55
06:47:24,2.55
06:47:25,2.55
06:47:26,2.55
06:47:27,2.55
06:47:28,2.55
06:47:29,2.55
06:47:30,2.55
06:47:31,2.55
06:47:32,2.55
06:47:33,2.55
06:47:34,2.55
06:47:35,2.55
06:47:36,2.55
06:47:37,2.55
06:47:38,2.55
06:47:39,2.55
06:47:40,2.55
06:47:41,2.55
06:47:42,2.55
06:47:43,2.55
06:47:44,2.55
06:47:45,2.55
06:47:46,2.55
06:47:47,2.55
06:47:48,2.55
06:47:49,2.55
06:47:50,2.55
06:47:51,2.55
06:47:52,2.55
06:47:53,2.55
06:47:54,2.55
06:47:55,2.55
06:47:56,2.55
06:47:57,2.55
06:47:58,2.55
06:47:59,2.55
06:48:00,2.55
06:48:01,2.55
06:48:02,2.55
06:48:03,2.55
06:48:04,2.55
06:48:05,2.55
06:48:06,2.55
06:48:07,2.55
06:48:08,2.55
06:48:09,2.55
06:48:10,2.55
06:48:11,2.55
06:48:12,2.55
06:48:13,2.55
06:48:14,2.55
06:48:15,2.55
06:48:16,2.55
06:48:17,2.55
06:48:18,2.55
06:48:19,2.55
06:48:20,2.55
06:48:21,2.55
06:48:22,2.55
06:48:23,2.55
06:48:24,2.55
06:48:25,2.55
06:48:26,2.55
06:48:27,2.55
06:48:28,2.55
06:48:29,2.55
06:48:30,2.55
06:48:31,2.55
06:48:32,2.55
06:48:33,2.55
06:48:34,2.55
06:48:35,2.55
06:48:36,2.55
06:48:37,2.55
06:48:38,2.55
06:48:39,2.55
06:48:40,2.55
06:48:41,2.55
06:48:42,2.55
06:48:43,2.55
06:48:44,2.55
06:48:45,2.55
06:48:46,2.55
06:48:47,2.55
06:48:48,2.55
06:48:49,2.55
06:48:50,2.55
06:48:51,2.55
06:48:52,2.55
06:48:53,2.55
06:48:54,2.55
06:48:55,2.55
06:48:56,2.55
06:48:57,2.55
06:48:58,2.55
06:48:59,2.55
06:49:00,2.55
06:49:01,2.55
06:49:02,2.55
06:49:03,2.55
06:49:04,2.55
06:49:05,2.55
06:49:06,2.55
06:49:07,2.55
06:49:08,2.55
06:49:09,2.55
06:49:10,2.55
06:49:11,2.55
06:49:12,2.55
06:49:13,2.55
06:49:14,2.55
06:49:15,2.55
06:49:16,2.55
06:49:17,2.55
06:49:18,2.55
06:49:19,2.55
06:49:20,2.55
06:49:21,2.55
06:49:22,2.55
06:49:23,2.55
06:49:24,2.55
06:49:25,2.55
06:49:26,2.55
06:49:27,2.55
06:49:28,2.55
06:49:29,2.55
06:49:30,2.55
06:49:31,2.55
06:49:32,2.55
06:49:33,2.55
06:49:34,2.55
06:49:35,2.55
06:49:36,2.55
06:49:37,2.55
06:49:38,2.55
06:49:39,2.55
06:49:40,2.55
06:49:41,2.55
06:49:42,2.55
06:49:43,2.55
06:49:44,2.55
06:49:45,2.55
06:49:46,2.55
06:49:47,2.55
06:49:48,2.55
06:49:49,2.55
06:49:50,2.55
06:49:51,2.55
06:49:52,2.55
06:49:53,2.55
06:49:54,2.55
06:49:55,2.55
06:49:56,2.55
06:49:57,2.55
06:49:58,2.55
06:49:59,2.55
06:50:00,2.55
06:50:01,2.55
06:50:02,2.55
06:50:03,2.55
06:50:04,2.55
06:50:05,2.55
06:50:06,2.55
06:50:07,2.55
06:50:08,2.55
06:50:09,2.55
06:50:10,2.55
06:50:11,2.55
06:50:12,2.55
06:50:13,2.55
06:50:14,2.55
06:50:15,2.55
06:50:16,2.55
06:50:17,2.55
06:50:18,2.55
06:50:19,2.55
06:50:20,2.55
06:50:21,2.55
06:50:22,2.55
06:50:23,2.55
06:50:24,2.55
06:50:25,2.55
06:50:26,2.55
06:50:27,2.55
06:50:28,2.55
06:50:29,2.55
06:50:30,2.55
06:50:31,2.55
06:50:32,2.55
06:50:33,2.55
06:50:34,2.55
06:50:35,2.55
06:50:36,2.55
06:50:37,2.55
06:50:38,2.55
06:50:39,2.55
06:50:40,2.55
06:50:41,2.55
06:50:42,2.55
06:50:43,2.55
06:50:44,2.55
06:50:45,2.55
06:50:46,2.55
06:50:47,2.55
06:50:48,2.55
06:50:49,2.55
06:50:50,2.55
06:50:51,2.55
06:50:52,2.55
06:50:53,2.55
06:50:54,2.55
06:50:55,2.55
06:50:56,2.55
06:50:57,2.55
06:50:58,2.55
06:50:59,2.55
06:51:00,2.55
06:51:01,2.55
06:51:02,2.55
06:51:03,2.55
06:51:04,2.55
06:51:05,2.55
06:51:06,2.55
06:51:07,2.55
06:51:08,2.55
06:51:09,2.55
06:51:10,2.55
06:51:11,2.55
06:51:12,2.55
06:51:13,2.55
06:51:14,2.55
06:51:15,2.55
06:51:16,2.55
06:51:17,2.55
06:51:18,2.55
06:51:19,2.55
06:51:20,2.55
06:51:21,2.55
06:51:22,2.55
06:51:23,2.55
06:51:24,2.55
06:51:25,2.55
06:51:26,2.55
06:51:27,2.55
06:51:28,2.55
06:51:29,2.55
06:51:30,2.55
06:51:31,2.55
06:51:32,2.55
06:51:33,2.55
06:51:34,2.55
06:51:35,2.55
06:51:36,2.55
06:51:37,2.55
06:51:38,2.55
06:51:39,2.55
06:51:40,2.55
06:51:41,2.55
06:51:42,2.55
06:51:43,2.55
06:51:44,2.55
06:51:45,2.55
06:51:46,2.55
06:51:47,2.55
06:51:48,2.55
06:51:49,2.55
06:51:50,2.55
06:51:51,2.55
06:51:52,2.55
06:51:53,2.55
06:51:54,2.55
06:51:55,2.55
06:51:56,2.55
06:51:57,2.55
06:51:58,2.55
06:51:59,2.55
06:52:00,2.55
06:52:01,2.55
06:52:02,2.55
06:52:03,2.55
06:52:04,2.55
06:52:05,2.55
06:52:06,2.55
06:52:07,2.55
06:52:08,2.55
06:52:09,2.55
06:52:10,2.55
06:52:11,2.55
06:52:12,2.55
06:52:13,2.55
06:52:14,2.55
06:52:15,2.55
06:52:16,2.55
06:52:17,2.55
06:52:18,2.55
06:52:19,2.55
06:52:20,2.55
06:52:21,2.55
06:52:22,2.55
06:52:23,2.55
06:52:24,2.55
06:52:25,2.55
06:52:26,2.55
06:52:27,2.55
06:52:28,2.55
06:52:29,2.55
06:52:30,2.55
06:52:31,2.55
06:52:32,2.55
06:52:33,2.55
06:52:34,2.55
06:52:35,2.55
06:52:36,2.55
06:52:37,2.55
06:52:38,2.55
06:52:39,2.55
06:52:40,2.55
06:52:41,2.55
06:52:42,2.55
06:52:43,2.55
06:52:44,2.55
06:52:45,2.55
06:52:46,2.55
06:52:47,2.55
06:52:48,2.55
06:52:49,2.55
06:52:50,2.55
06:52:51,2.55
06:52:52,2.55
06:52:53,2.55
06:52:54,2.55
06:52:55,2.55
06:52:56,2.55
06:52:57,2.55
06:52:58,2.55
06:52:59,2.55
06:53:00,2.55
06:53:01,2.55
06:53:02,2.55
06:53:03,2.55
06:53:04,2.55
06:53:05,2.55
06:53:06,2.55
06:53:07,2.55
06:53:08,2.55
06:53:09,2.55
06:53:10,2.55
06:53:11,2.55
06:53:12,2.55
06:53:13,2.55
06:53:14,2.55
06:53:15,2.55
06:53:16,2.55
06:53:17,2.55
06:53:18,2.55
06:53:19,2.55
06:53:20,2.55
06:53:21,2.55
06:53:22,2.55
06:53:23,2.55
06:53:24,2.55
06:53:25,2.55
06:53:26,2.55
06:53:27,2.55
06:53:28,2.55
06:53:29,2.55
06:53:30,2.55
06:53:31,2.55
06:53:32,2.55
06:53:33,2.55
06:53:34,2.55
06:53:35,2.55
06:53:36,2.55
06:53:37,2.55
06:53:38,2.55
06:53:39,2.55
06:53:40,2.55
06:53:41,2.55
06:53:42,2.55
06:53:43,2.55
06:53:44,2.55
06:53:45,2.55
06:53:46,2.55
06:53:47,2.55
06:53:48,2.55
06:53:49,2.55
06:53:50,2.55
06:53:51,2.55
06:53:52,2.55
06:53:53,2.55
06:53:54,2.55
06:53:55,2.55
06:53:56,2.55
06:53:57,2.55
06:53:58,2.55
06:53:59,2.55
06:54:00,2.55
06:54:01,2.55
06:54:02,2.55
06:54:03,2.55
06:54:04,2.55
06:54:05,2.55
06:54:06,2.55
06:54:07,2.55
06:54:08,2.55
06:54:09,2.55
06:54:10,2.55
06:54:11,2.55
06:54:12,2.55
06:54:13,2.55
06:54:14,2.55
06:54:15,2.55
06:54:16,2.55
06:54:17,2.55
06:54:18,2.55
06:54:19,2.55
06:54:20,2.55
06:54:21,2.55
06:54:22,2.55
06:54:23,2.55
06:54:24,2.55
06:54:25,2.55
06:54:26,2.55
06:54:27,2.55
06:54:28,2.55
06:54:29,2.55
06:54:30,2.55
06:54:31,2.55
06:54:32,2.55
06:54:33,2.55
06:54:34,2.55
06:54:35,2.55
06:54:36,2.55
06:54:37,2.55
06:54:38,2.55
06:54:39,2.55
06:54:40,2.55
06:54:41,2.55
06:54:42,2.55
06:54:43,2.55
06:54:44,2.55
06:54:45,2.55
06:54:46,2.55
06:54:47,2.55
06:54:48,2.55
06:54:49,2.55
06:54:50,2.55
06:54:51,2.55
06:54:52,2.55
06:54:53,2.55
06:54:54,2.55
06:54:55,2.55
06:54:56,2.55
06:54:57,2.55
06:54:58,2.55
06:54:59,2.55
06:55:00,2.55
06:55:01,2.55
06:55:02,2.55
06:55:03,2.55
06:55:04,2.55
06:55:05,2.55
06:55:06,2.55
06:55:07,2.55
06:55:08,2.55
06:55:09,2.55
06:55:10,2.55
06:55:11,2.55
06:55:12,2.55
06:55:13,2.55
06:55:14,2.55
06:55:15,2.55
06:55:16,2.55
06:55:17,2.55
06:55:18,2.55
06:55:19,2.55
06:55:20,2.55
06:55:21,2.55
06:55:22,2.55
06:55:23,2.55
06:55:24,2.55
06:55:25,2.55
06:55:26,2.55
06:55:27,2.55
06:55:28,2.55
06:55:29,2.55
06:55:30,2.55
06:55:31,2.55
06:55:32,2.55
06:55:33,2.55
06:55:34,2.55
06:55:35,2.55
06:55:36,2.55
06:55:37,2.55
06:55:38,2.55
06:55:39,2.55
06:55:40,2.55
06:55:41,2.55
06:55:42,2.55
06:55:43,2.55
06:55:44,2.55
06:55:45,2.55
06:55:46,2.55
06:55:47,2.55
06:55:48,2.55
06:55:49,2.55
06:55:50,2.55
06:55:51,2.55
06:55:52,2.55
06:55:53,2.55
06:55:54,2.55
06:55:55,2.55
06:55:56,2.55
06:55:57,2.55
06:55:58,2.55
06:55:59,2.55
06:56:00,2.55
06:56:01,2.55
06:56:02,2.55
06:56:03,2.55
06:56:04,2.55
06:56:05,2.55
06:56:06,2.55
06:56:07,2.55
06:56:08,2.55
06:56:09,2.55
06:56:10,2.55
06:56:11,2.55
06:56:12,2.55
06:56:13,2.55
06:56:14,2.55
06:56:15,2.55
06:56:16,2.55
06:56:17,2.55
06:56:18,2.55
06:56:19,2.55
06:56:20,2.55
06:56:21,2.55
06:56:22,2.55
06:56:23,2.55
06:56:24,2.55
06:56:25,2.55
06:56:26,2.55
06:56:27,2.55
06:56:28,2.55
06:56:29,2.55
06:56:30,2.55
06:56:31,2.55
06:56:32,2.55
06:56:33,2.55
06:56:34,2.55
06:56:35,2.55
06:56:36,2.55
06:56:37,2.55
06:56:38,2.55
06:56:39,2.55
06:56:40,2.55
06:56:41,2.55
06:56:42,2.55
06:56:43,2.55
06:56:44,2.55
06:56:45,2.55
06:56:46,2.55
06:56:47,2.55
06:56:48,2.55
06:56:49,2.55
06:56:50,2.55
06:56:51,2.55
06:56:52,2.55
06:56:53,2.55
06:56:54,2.55
06:56:55,2.55
06:56:56,2.55
06:56:57,2.55
06:56:58,2.55
06:56:59,2.55
06:57:00,2.55
06:57:01,2.55
06:57:02,2.55
06:57:03,2.55
06:57:04,2.55
06:57:05,2.55
06:57:06,2.55
06:57:07,2.55
06:57:08,2.55
06:57:09,2.55
06:57:10,2.55
06:57:11,2.55
06:57:12,2.55
06:57:13,2.55
06:57:14,2.55
06:57:15,2.55
06:57:16,2.55
06:57:17,2.55
06:57:18,2.55
06:57:19,2.55
06:57:20,2.55
06:57:21,2.55
06:57:22,2.55
06:57:23,2.55
06:57:24,2.55
06:57:25,2.55
06:57:26,2.55
06:57:27,2.55
06:57:28,2.55
06:57:29,2.55
06:57:30,2.55
06:57:31,2.55
06:57:32,2.55
06:57:33,2.55
06:57:34,2.55
06:57:35,2.55
06:57:36,2.55
06:57:37,2.55
06:57:38,2.55
06:57:39,2.55
06:57:40,2.55
06:57:41,2.55
06:57:42,2.55
06:57:43,2.55
06:57:44,2.55
06:57:45,2.55
06:57:46,2.55
06:57:47,2.55
06:57:48,2.55
06:57:49,2.55
06:57:50,2.55
06:57:51,2.55
06:57:52,2.55
06:57:53,2.55
06:57:54,2.55
06:57:55,2.55
06:57:56,2.55
06:57:57,2.55
06:57:58,2.55
06:57:59,2.55
06:58:00,2.55
06:58:01,2.55
06:58:02,2.55
06:58:03,2.55
06:58:04,2.55
06:58:05,2.55
06:58:06,2.55
06:58:07,2.55
06:58:08,2.55
06:58:09,2.55
06:58:10,2.55
06:58:11,2.55
06:58:12,2.55
06:58:13,2.55
06:58:14,2.55
06:58:15,2.55
06:58:16,2.55
06:58:17,2.55
06:58:18,2.55
06:58:19,2.55
06:58:20,2.55
06:58:21,2.55
06:58:22,2.55
06:58:23,2.55
06:58:24,2.55
06:58:25,2.55
06:58:26,2.55
06:58:27,2.55
06:58:28,2.55
06:58:29,2.55
06:58:30,2.55
06:58:31,2.55
06:58:32,2.55
06:58:33,2.55
06:58:34,2.55
06:58:35,2.55
06:58:36,2.55
06:58:37,2.55
06:58:38,2.55
06:58:39,2.55
06:58:40,2.55
06:58:41,2.55
06:58:42,2.55
06:58:43,2.55
06:58:44,2.55
06:58:45,2.55
06:58:46,2.55
06:58:47,2.55
06:58:48,2.55
06:58:49,2.55
06:58:50,2.55
06:58:51,2.55
06:58:52,2.55
06:58:53,2.55
06:58:54,2.55
06:58:55,2.55
06:58:56,2.55
06:58:57,2.55
06:58:58,2.55
06:58:59,2.55
06:59:00,2.55
06:59:01,2.55
06:59:02,2.55
06:59:03,2.55
06:59:04,2.55
06:59:05,2.55
06:59:06,2.55
06:59:07,2.55
06:59:08,2.55
06:59:09,2.55
06:59:10,2.55
06:59:11,2.55
06:59:12,2.55
06:59:13,2.55
06:59:14,2.55
06:59:15,2.55
06:59:16,2.55
06:59:17,2.55
06:59:18,2.55
06:59:19,2.55
06:59:20,2.55
06:59:21,2.55
06:59:22,2.55
06:59:23,2.55
06:59:24,2.55
06:59:25,2.55
06:59:26,2.55
06:59:27,2.55
06:59:28,2.55
06:59:29,2.55
06:59:30,2.55
06:59:31,2.55
06:59:32,2.55
06:59:33,2.55
06:59:34,2.55
06:59:35,2.55
06:59:36,2.55
06:59:37,2.55
06:59:38,2.55
06:59:39,2.55
06:59:40,2.55
06:59:41,2.55
06:59:42,2.55
06:59:43,2.55
06:59:44,2.55
06:59:45,2.55
06:59:46,2.55
06:59:47,2.55
06:59:48,2.55
06:59:49,2.55
06:59:50,2.55
06:59:51,2.55
06:59:52,2.55
06:59:53,2.55
06:59:54,2.55
06:59:55,2.55
06:59:56,2.55
06:59:57,2.55
06:59:58,2.55
06:59:59,2.55
07:00:00,2.55
07:00:01,2.55
07:00:02,2.55
07:00:03,2.55
07:00:04,2.55
07:00:05,2.55
07:00:06,2.55
07:00:07,2.55
07:00:08,2.55
07:00:09,2.55
07:00:10,2.55
07:00:11,2.55
07:00:12,2.55
07:00:13,2.55
07:00:14,2.55
07:00:15,2.55
07:00:16,2.55
07:00:17,2.55
07:00:18,2.55
07:00:19,2.55
07:00:20,2.55
07:00:21,2.55
07:00:22,2.55
07:00:23,2.55
07:00:24,2.55
07:00:25,2.55
07:00:26,2.55
07:00:27,2.55
07:00:28,2.55
07:00:29,2.55
07:00:30,2.55
07:00:31,2.55
07:00:32,2.55
07:00:33,2.55
07:00:34,2.55
07:00:35,2.55
07:00:36,2.55
07:00:37,2.55
07:00:38,2.55
07:00:39,2.55
07:00:40,2.55
07:00:41,2.55
07:00:42,2.55
07:00:43,2.55
07:00:44,2.55
07:00:45,2.55
07:00:46,2.55
07:00:47,2.55
07:00:48,2.55
07:00:49,2.55
07:00:50,2.55
07:00:51,2.55
07:00:52,2.55
07:00:53,2.55
07:00:54,2.55
07:00:55,2.55
07:00:56,2.55
07:00:57,2.55
07:00:58,2.55
07:00:59,2.55
07:01:00,2.55
07:01:01,2.55
07:01:02,2.55
07:01:03,2.55
07:01:04,2.55
07:01:05,2.55
07:01:06,2.55
07:01:07,2.55
07:01:08,2.55
07:01:09,2.55
07:01:10,2.55
07:01:11,2.55
07:01:12,2.55
07:01:13,2.55
07:01:14,2.55
07:01:15,2.55
07:01:16,2.55
07:01:17,2.55
07:01:18,2.55
07:01:19,2.55
07:01:20,2.55
07:01:21,2.55
07:01:22,2.55
07:01:23,2.55
07:01:24,2.55
07:01:25,2.55
07:01:26,2.55
07:01:27,2.55
07:01:28,2.55
07:01:29,2.55
07:01:30,2.55
07:01:31,2.55
07:01:32,2.55
07:01:33,2.55
07:01:34,2.55
07:01:35,2.55
07:01:36,2.55
07:01:37,2.55
07:01:38,2.55
07:01:39,2.55
07:01:40,2.55
07:01:41,2.55
07:01:42,2.55
07:01:43,2.55
07:01:44,2.55
07:01:45,2.55
07:01:46,2.55
07:01:47,2.55
07:01:48,2.55
07:01:49,2.55
07:01:50,2.55
07:01:51,2.55
07:01:52,2.55
07:01:53,2.55
07:01:54,2.55
07:01:55,2.55
07:01:56,2.55
07:01:57,2.55
07:01:58,2.55
07:01:59,2.55
07:02:00,2.55
07:02:01,2.55
07:02:02,2.55
07:02:03,2.55
07:02:04,2.55
07:02:05,2.55
07:02:06,2.55
07:02:07,2.55
07:02:08,2.55
07:02:09,2.55
07:02:10,2.55
07:02:11,2.55
07:02:12,2.55
07:02:13,2.55
07:02:14,2.55
07:02:15,2.55
07:02:16,2.55
07:02:17,2.55
07:02:18,2.55
07:02:19,2.55
07:02:20,2.55
07:02:21,2.55
07:02:22,2.55
07:02:23,2.55
07:02:24,2.55
07:02:25,2.55
07:02:26,2.55
07:02:27,2.55
07:02:28,2.55
07:02:29,2.55
07:02:30,2.55
07:02:31,2.55
07:02:32,2.55
07:02:33,2.55
07:02:34,2.55
07:02:35,2.55
07:02:36,2.55
07:02:37,2.55
07:02:38,2.55
07:02:39,2.55
07:02:40,2.55
07:02:41,2.55
07:02:42,2.55
07:02:43,2.55
07:02:44,2.55
07:02:45,2.55
07:02:46,2.55
07:02:47,2.55
07:02:48,2.55
07:02:49,2.55
07:02:50,2.55
07:02:51,2.55
07:02:52,2.55
07:02:53,2.55
07:02:54,2.55
07:02:55,2.55
07:02:56,2.55
07:02:57,2.55
07:02:58,2.55
07:02:59,2.55
07:03:00,2.55
07:03:01,2.55
07:03:02,2.55
07:03:03,2.55
07:03:04,2.55
07:03:05,2.55
07:03:06,2.55
07:03:07,2.55
07:03:08,2.55
07:03:09,2.55
07:03:10,2.55
07:03:11,2.55
07:03:12,2.55
07:03:13,2.55
07:03:14,2.55
07:03:15,2.55
07:03:16,2.55
07:03:17,2.55
07:03:18,2.55
07:03:19,2.55
07:03:20,2.55
07:03:21,2.55
07:03:22,2.55
07:03:23,2.55
07:03:24,2.55
07:03:25,2.55
07:03:26,2.55
07:03:27,2.55
07:03:28,2.55
07:03:29,2.55
07:03:30,2.55
07:03:31,2.55
07:03:32,2.55
07:03:33,2.55
07:03:34,2.55
07:03:35,2.55
07:03:36,2.55
07:03:37,2.55
07:03:38,2.55
07:03:39,2.55
07:03:40,2.55
07:03:41,2.55
07:03:42,2.55
07:03:43,2.55
07:03:44,2.55
07:03:45,2.55
07:03:46,2.55
07:03:47,2.55
07:03:48,2.55
07:03:49,2.55
07:03:50,2.55
07:03:51,2.55
07:03:52,2.55
07:03:53,2.55
07:03:54,2.55
07:03:55,2.55
07:03:56,2.55
07:03:57,2.55
07:03:58,2.55
07:03:59,2.55
07:04:00,2.55
07:04:01,2.55
07:04:02,2.55
07:04:03,2.55
07:04:04,2.55
07:04:05,2.55
07:04:06,2.55
07:04:07,2.55
07:04:08,2.55
07:04:09,2.55
07:04:10,2.55
07:04:11,2.55
07:04:12,2.55
07:04:13,2.55
07:04:14,2.55
07:04:15,2.55
07:04:16,2.55
07:04:17,2.55
07:04:18,2.55
07:04:19,2.55
07:04:20,2.55
07:04:21,2.55
07:04:22,2.55
07:04:23,2.55
07:04:24,2.55
07:04:25,2.55
07:04:26,2.55
07:04:27,2.55
07:04:28,2.55
07:04:29,2.55
07:04:30,2.55
07:04:31,2.55
07:04:32,2.55
07:04:33,2.55
07:04:34,2.55
07:04:35,2.55
07:04:36,2.55
07:04:37,2.55
07:04:38,2.55
07:04:39,2.55
07:04:40,2.55
07:04:41,2.55
07:04:42,2.55
07:04:43,2.55
07:04:44,2.55
07:04:45,2.55
07:04:46,2.55
07:04:47,2.55
07:04:48,2.55
07:04:49,2.55
07:04:50,2.55
07:04:51,2.55
07:04:52,2.55
07:04:53,2.55
07:04:54,2.55
07:04:55,2.55
07:04:56,2.55
07:04:57,2.55
07:04:58,2.55
07:04:59,2.55
07:05:00,2.55
07:05:01,2.55
07:05:02,2.55
07:05:03,2.55
07:05:04,2.55
07:05:05,2.55
07:05:06,2.55
07:05:07,2.55
07:05:08,2.55
07:05:09,2.55
07:05:10,2.55
07:05:11,2.55
07:05:12,2.55
07:05:13,2.55
07:05:14,2.55
07:05:15,2.55
07:05:16,2.55
07:05:17,2.55
07:05:18,2.55
07:05:19,2.55
07:05:20,2.55
07:05:21,2.55
07:05:22,2.55
07:05:23,2.55
07:05:24,2.55
07:05:25,2.55
07:05:26,2.55
07:05:27,2.55
07:05:28,2.55
07:05:29,2.55
07:05:30,2.55
07:05:31,2.55
07:05:32,2.55
07:05:33,2.55
07:05:34,2.55
07:05:35,2.55
07:05:36,2.55
07:05:37,2.55
07:05:38,2.55
07:05:39,2.55
07:05:40,2.55
07:05:41,2.55
07:05:42,2.55
07:05:43,2.55
07:05:44,2.55
07:05:45,2.55
07:05:46,2.55
07:05:47,2.55
07:05:48,2.55
07:05:49,2.55
07:05:50,2.55
07:05:51,2.55
07:05:52,2.55
07:05:53,2.55
07:05:54,2.55
07:05:55,2.55
07:05:56,2.55
07:05:57,2.55
07:05:58,2.55
07:05:59,2.55
07:06:00,2.55
07:06:01,2.55
07:06:02,2.55
07:06:03,2.55
07:06:04,2.55
07:06:05,2.55
07:06:06,2.55
07:06:07,2.55
07:06:08,2.55
07:06:09,2.55
07:06:10,2.55
07:06:11,2.55
07:06:12,2.55
07:06:13,2.55
07:06:14,2.55
07:06:15,2.55
07:06:16,2.55
07:06:17,2.55
07:06:18,2.55
07:06:19,2.55
07:06:20,2.55
07:06:21,2.55
07:06:22,2.55
07:06:23,2.55
07:06:24,2.55
07:06:25,2.55
07:06:26,2.55
07:06:27,2.55
07:06:28,2.55
07:06:29,2.55
07:06:30,2.55
07:06:31,2.55
07:06:32,2.55
07:06:33,2.55
07:06:34,2.55
07:06:35,2.55
07:06:36,2.55
07:06:37,2.55
07:06:38,2.55
07:06:39,2.55
07:06:40,2.55
07:06:41,2.55
07:06:42,2.55
07:06:43,2.55
07:06:44,2.55
07:06:45,2.55
07:06:46,2.55
07:06:47,2.55
07:06:48,2.55
07:06:49,2.55
07:06:50,2.55
07:06:51,2.55
07:06:52,2.55
07:06:53,2.55
07:06:54,2.55
07:06:55,2.55
07:06:56,2.55
07:06:57,2.55
07:06:58,2.55
07:06:59,2.55
07:07:00,2.55
07:07:01,2.55
07:07:02,2.55
07:07:03,2.55
07:07:04,2.55
07:07:05,2.55
07:07:06,2.55
07:07:07,2.55
07:07:08,2.55
07:07:09,2.55
07:07:10,2.55
07:07:11,2.55
07:07:12,2.55
07:07:13,2.55
07:07:14,2.55
07:07:15,2.55
07:07:16,2.55
07:07:17,2.55
07:07:18,2.55
07:07:19,2.55
07:07:20,2.55
07:07:21,2.55
07:07:22,2.55
07:07:23,2.55
07:07:24,2.55
07:07:25,2.55
07:07:26,2.55
07:07:27,2.55
07:07:28,2.55
07:07:29,2.55
07:07:30,2.55
07:07:31,2.55
07:07:32,2.55
07:07:33,2.55
07:07:34,2.55
07:07:35,2.55
07:07:36,2.55
07:07:37,2.55
07:07:38,2.55
07:07:39,2.55
07:07:40,2.55
07:07:41,2.55
07:07:42,2.55
07:07:43,2.55
07:07:44,2.55
07:07:45,2.55
07:07:46,2.55
07:07:47,2.55
07:07:48,2.55
07:07:49,2.55
07:07:50,2.55
07:07:51,2.55
07:07:52,2.55
07:07:53,2.55
07:07:54,2.55
07:07:55,2.55
07:07:56,2.55
07:07:57,2.55
07:07:58,2.55
07:07:59,2.55
07:08:00,2.55
07:08:01,2.55
07:08:02,2.55
07:08:03,2.55
07:08:04,2.55
07:08:05,2.55
07:08:06,2.55
07:08:07,2.55
07:08:08,2.55
07:08:09,2.55
07:08:10,2.55
07:08:11,2.55
07:08:12,2.55
07:08:13,2.55
07:08:14,2.55
07:08:15,4.77066666667
07:08:16,6.99133333333
07:08:17,9.212
07:08:18,11.4326666667
07:08:19,13.6533333333
07:08:20,15.874
07:08:21,18.0946666667
07:08:22,20.3153333333
07:08:23,22.536
07:08:24,24.7566666667
07:08:25,26.9773333333
07:08:26,29.198
07:08:27,31.4186666667
07:08:28,33.6393333333
07:08:29,35.86
07:08:30,38.2206666667
07:08:31,40.5813333333
07:08:32,42.942
07:08:33,45.3026666667
07:08:34,47.6633333333
07:08:35,50.024
07:08:36,52.3846666667
07:08:37,54.7453333333
07:08:38,57.106
07:08:39,59.4666666667
07:08:40,61.8273333333
07:08:41,64.188
07:08:42,66.5486666667
07:08:43,68.9093333333
07:08:44,71.27
07:08:45,71.27
07:08:46,71.27
07:08:47,71.27
07:08:48,71.27
07:08:49,71.27
07:08:50,71.27
07:08:51,71.27
07:08:52,71.27
07:08:53,71.27
07:08:54,71.27
07:08:55,71.27
07:08:56,71.27
07:08:57,71.27
07:08:58,71.27
07:08:59,71.27
07:09:00,71.27
07:09:01,70.6713333333
07:09:02,70.0726666667
07:09:03,69.474
07:09:04,68.8753333333
07:09:05,68.2766666667
07:09:06,67.678
07:09:07,67.0793333333
07:09:08,66.4806666667
07:09:09,65.882
07:09:10,65.2833333333
07:09:11,64.6846666667
07:09:12,64.086
07:09:13,63.4873333333
07:09:14,62.8886666667
07:09:15,62.29
07:09:16,58.6953333333
07:09:17,55.1006666667
07:09:18,51.506
07:09:19,47.9113333333
07:09:20,44.3166666667
07:09:21,40.722
07:09:22,37.1273333333
07:09:23,33.5326666667
07:09:24,29.938
07:09:25,26.3433333333
07:09:26,22.7486666667
07:09:27,19.154
07:09:28,15.5593333333
07:09:29,11.9646666667
07:09:30,8.37
07:09:31,13.27625
07:09:32,18.1825
07:09:33,23.08875
07:09:34,27.995
07:09:35,32.90125
07:09:36,37.8075
07:09:37,42.71375
07:09:38,47.62
07:09:39,52.52625
07:09:40,57.4325
07:09:41,62.33875
07:09:42,67.245
07:09:43,72.15125
07:09:44,77.0575
07:09:45,81.96375
07:09:46,86.87
07:09:47,87.046
07:09:48,87.222
07:09:49,87.398
07:09:50,87.574
07:09:51,87.75
07:09:52,87.926
07:09:53,88.102
07:09:54,88.278
07:09:55,88.454
07:09:56,88.63
07:09:57,88.806
07:09:58,88.982
07:09:59,89.158
07:10:00,89.334
07:10:01,89.51
07:10:02,87.610625
07:10:03,85.71125
07:10:04,83.811875
07:10:05,81.9125
07:10:06,80.013125
07:10:07,78.11375
07:10:08,76.214375
07:10:09,74.315
07:10:10,72.415625
07:10:11,70.51625
07:10:12,68.616875
07:10:13,66.7175
07:10:14,64.818125
07:10:15,62.91875
07:10:16,61.019375
07:10:17,59.12
07:10:18,55.8076470588
07:10:19,52.4952941176
07:10:20,49.1829411765
07:10:21,45.8705882353
07:10:22,42.5582352941
07:10:23,39.2458823529
07:10:24,35.9335294118
07:10:25,32.6211764706
07:10:26,29.3088235294
07:10:27,25.9964705882
07:10:28,22.6841176471
07:10:29,19.3717647059
07:10:30,16.0594117647
07:10:31,12.7470588235
07:10:32,9.43470588235
07:10:33,6.12235294118
07:10:34,2.81
07:10:35,2.81
07:10:36,2.81
07:10:37,2.81
07:10:38,2.81
07:10:39,2.81
07:10:40,2.81
07:10:41,2.81
07:10:42,2.81
07:10:43,2.81
07:10:44,2.81
07:10:45,2.81
07:10:46,2.81
07:10:47,2.81
07:10:48,2.81
07:10:49,2.81
07:10:50,2.81
07:10:51,2.81
07:10:52,2.81
07:10:53,2.81
07:10:54,2.81
07:10:55,2.81
07:10:56,2.81
07:10:57,2.81
07:10:58,2.81
07:10:59,2.81
07:11:00,2.81
07:11:01,2.81
07:11:02,2.81
07:11:03,2.81
07:11:04,2.81
07:11:05,2.81
07:11:06,2.81
07:11:07,2.81
07:11:08,2.81
07:11:09,2.81
07:11:10,2.81
07:11:11,2.81
07:11:12,2.81
07:11:13,2.81
07:11:14,2.81
07:11:15,2.81
07:11:16,2.81
07:11:17,2.81
07:11:18,2.81
07:11:19,2.81
07:11:20,2.81
07:11:21,2.81
07:11:22,2.81
07:11:23,2.81
07:11:24,2.81
07:11:25,2.81
07:11:26,2.81
07:11:27,2.81
07:11:28,2.81
07:11:29,2.81
07:11:30,2.81
07:11:31,2.81
07:11:32,2.81
07:11:33,2.81
07:11:34,2.81
07:11:35,2.81
07:11:36,2.81
07:11:37,2.81
07:11:38,2.81
07:11:39,2.81
07:11:40,2.81
07:11:41,2.81
07:11:42,2.81
07:11:43,2.81
07:11:44,2.81
07:11:45,2.81
07:11:46,2.81
07:11:47,2.81
07:11:48,2.81
07:11:49,2.81
07:11:50,2.81
07:11:51,2.81
07:11:52,2.81
07:11:53,2.81
07:11:54,2.81
07:11:55,2.81
07:11:56,2.81
07:11:57,2.81
07:11:58,2.81
07:11:59,2.81
07:12:00,2.81
07:12:01,2.81
07:12:02,2.81
07:12:03,2.81
07:12:04,2.81
07:12:05,2.81
07:12:06,2.81
07:12:07,2.81
07:12:08,2.81
07:12:09,2.81
07:12:10,2.81
07:12:11,2.81
07:12:12,2.81
07:12:13,2.81
07:12:14,2.81
07:12:15,2.81
07:12:16,2.81
07:12:17,2.81
07:12:18,2.81
07:12:19,2.81
07:12:20,2.81
07:12:21,2.81
07:12:22,2.81
07:12:23,2.81
07:12:24,2.81
07:12:25,2.81
07:12:26,2.81
07:12:27,2.81
07:12:28,2.81
07:12:29,2.81
07:12:30,2.81
07:12:31,2.81
07:12:32,2.81
07:12:33,2.81
07:12:34,2.81
07:12:35,2.81
07:12:36,2.81
07:12:37,2.81
07:12:38,2.81
07:12:39,2.81
07:12:40,2.81
07:12:41,2.81
07:12:42,2.81
07:12:43,2.81
07:12:44,2.81
07:12:45,2.81
07:12:46,2.81
07:12:47,2.81
07:12:48,2.81
07:12:49,2.81
07:12:50,2.81
07:12:51,2.81
07:12:52,2.81
07:12:53,2.81
07:12:54,2.81
07:12:55,2.81
07:12:56,2.81
07:12:57,2.81
07:12:58,2.81
07:12:59,2.81
07:13:00,2.81
07:13:01,2.81
07:13:02,2.81
07:13:03,2.81
07:13:04,2.81
07:13:05,2.81
07:13:06,2.81
07:13:07,2.81
07:13:08,2.81
07:13:09,2.81
07:13:10,2.81
07:13:11,2.81
07:13:12,2.81
07:13:13,2.81
07:13:14,2.81
07:13:15,2.81
07:13:16,2.81
07:13:17,2.81
07:13:18,2.81
07:13:19,2.81
07:13:20,2.81
07:13:21,2.81
07:13:22,2.81
07:13:23,2.81
07:13:24,2.81
07:13:25,2.81
07:13:26,2.81
07:13:27,2.81
07:13:28,2.81
07:13:29,2.81
07:13:30,2.81
07:13:31,2.81
07:13:32,2.81
07:13:33,2.81
07:13:34,2.81
07:13:35,2.81
07:13:36,2.81
07:13:37,2.81
07:13:38,2.81
07:13:39,2.81
07:13:40,2.81
07:13:41,2.81
07:13:42,2.81
07:13:43,2.81
07:13:44,2.81
07:13:45,2.81
07:13:46,2.81
07:13:47,2.81
07:13:48,2.81
07:13:49,2.81
07:13:50,2.81
07:13:51,2.81
07:13:52,2.81
07:13:53,2.81
07:13:54,2.81
07:13:55,2.81
07:13:56,2.81
07:13:57,2.81
07:13:58,2.81
07:13:59,2.81
07:14:00,2.81
07:14:01,2.81
07:14:02,2.81
07:14:03,2.81
07:14:04,2.81
07:14:05,2.81
07:14:06,2.81
07:14:07,2.81
07:14:08,2.81
07:14:09,2.81
07:14:10,2.81
07:14:11,2.81
07:14:12,2.81
07:14:13,2.81
07:14:14,2.81
07:14:15,2.81
07:14:16,2.81
07:14:17,2.81
07:14:18,2.81
07:14:19,2.81
07:14:20,2.81
07:14:21,2.81
07:14:22,2.81
07:14:23,2.81
07:14:24,2.81
07:14:25,2.81
07:14:26,2.81
07:14:27,2.81
07:14:28,2.81
07:14:29,2.81
07:14:30,2.81
07:14:31,2.81
07:14:32,2.81
07:14:33,2.81
07:14:34,2.81
07:14:35,2.81
07:14:36,2.81
07:14:37,2.81
07:14:38,2.81
07:14:39,2.81
07:14:40,2.81
07:14:41,2.81
07:14:42,2.81
07:14:43,2.81
07:14:44,2.81
07:14:45,2.81
07:14:46,2.81
07:14:47,2.81
07:14:48,2.81
07:14:49,2.81
07:14:50,2.81
07:14:51,2.81
07:14:52,2.81
07:14:53,2.81
07:14:54,2.81
07:14:55,2.81
07:14:56,2.81
07:14:57,2.81
07:14:58,2.81
07:14:59,2.81
07:15:00,2.81
07:15:01,2.81
07:15:02,2.81
07:15:03,2.81
07:15:04,2.81
07:15:05,2.81
07:15:06,2.81
07:15:07,2.81
07:15:08,2.81
07:15:09,2.81
07:15:10,2.81
07:15:11,2.81
07:15:12,2.81
07:15:13,2.81
07:15:14,2.81
07:15:15,2.81
07:15:16,2.81
07:15:17,2.81
07:15:18,2.81
07:15:19,2.81
07:15:20,2.81
07:15:21,2.81
07:15:22,2.81
07:15:23,2.81
07:15:24,2.81
07:15:25,2.81
07:15:26,2.81
07:15:27,2.81
07:15:28,2.81
07:15:29,2.81
07:15:30,2.81
07:15:31,2.81
07:15:32,2.81
07:15:33,2.81
07:15:34,2.81
07:15:35,2.81
07:15:36,2.81
07:15:37,2.81
07:15:38,2.81
07:15:39,2.81
07:15:40,2.81
07:15:41,2.81
07:15:42,2.81
07:15:43,2.81
07:15:44,2.81
07:15:45,2.81
07:15:46,2.81
07:15:47,2.81
07:15:48,2.81
07:15:49,2.81
07:15:50,2.81
07:15:51,2.81
07:15:52,2.81
07:15:53,2.81
07:15:54,2.81
07:15:55,2.81
07:15:56,2.81
07:15:57,2.81
07:15:58,2.81
07:15:59,2.81
07:16:00,2.81
07:16:01,2.81
07:16:02,2.81
07:16:03,2.81
07:16:04,2.81
07:16:05,2.81
07:16:06,2.81
07:16:07,2.81
07:16:08,2.81
07:16:09,2.81
07:16:10,2.81
07:16:11,2.81
07:16:12,2.81
07:16:13,2.81
07:16:14,2.81
07:16:15,2.81
07:16:16,2.81
07:16:17,2.81
07:16:18,2.81
07:16:19,2.81
07:16:20,2.81
07:16:21,2.81
07:16:22,2.81
07:16:23,2.81
07:16:24,2.81
07:16:25,2.81
07:16:26,2.81
07:16:27,2.81
07:16:28,2.81
07:16:29,2.81
07:16:30,2.81
07:16:31,2.81
07:16:32,2.81
07:16:33,2.81
07:16:34,2.81
07:16:35,2.81
07:16:36,2.81
07:16:37,2.81
07:16:38,2.81
07:16:39,2.81
07:16:40,2.81
07:16:41,2.81
07:16:42,2.81
07:16:43,2.81
07:16:44,2.81
07:16:45,2.81
07:16:46,2.81
07:16:47,2.81
07:16:48,2.81
07:16:49,2.81
07:16:50,2.81
07:16:51,2.81
07:16:52,2.81
07:16:53,2.81
07:16:54,2.81
07:16:55,2.81
07:16:56,2.81
07:16:57,2.81
07:16:58,2.81
07:16:59,2.81
07:17:00,2.81
07:17:01,2.81
07:17:02,2.81
07:17:03,2.81
07:17:04,2.81
07:17:05,2.81
07:17:06,2.81
07:17:07,2.81
07:17:08,2.81
07:17:09,2.81
07:17:10,2.81
07:17:11,2.81
07:17:12,2.81
07:17:13,2.81
07:17:14,2.81
07:17:15,2.81
07:17:16,2.81
07:17:17,2.81
07:17:18,2.81
07:17:19,2.81
07:17:20,2.81
07:17:21,2.81
07:17:22,2.81
07:17:23,2.81
07:17:24,2.81
07:17:25,2.81
07:17:26,2.81
07:17:27,2.81
07:17:28,2.81
07:17:29,2.81
07:17:30,2.81
07:17:31,2.81
07:17:32,2.81
07:17:33,2.81
07:17:34,2.81
07:17:35,2.81
07:17:36,2.81
07:17:37,2.81
07:17:38,2.81
07:17:39,2.81
07:17:40,2.81
07:17:41,2.81
07:17:42,2.81
07:17:43,2.81
07:17:44,2.81
07:17:45,2.81
07:17:46,2.81
07:17:47,2.81
07:17:48,2.81
07:17:49,2.81
07:17:50,2.81
07:17:51,2.81
07:17:52,2.81
07:17:53,2.81
07:17:54,2.81
07:17:55,2.81
07:17:56,2.81
07:17:57,2.81
07:17:58,2.81
07:17:59,2.81
07:18:00,2.81
07:18:01,2.81
07:18:02,2.81
07:18:03,2.81
07:18:04,2.81
07:18:05,2.81
07:18:06,2.81
07:18:07,2.81
07:18:08,2.81
07:18:09,2.81
07:18:10,2.81
07:18:11,2.81
07:18:12,2.81
07:18:13,2.81
07:18:14,2.81
07:18:15,2.81
07:18:16,2.81
07:18:17,2.81
07:18:18,2.81
07:18:19,2.81
07:18:20,2.81
07:18:21,2.81
07:18:22,2.81
07:18:23,2.81
07:18:24,2.81
07:18:25,2.81
07:18:26,2.81
07:18:27,2.81
07:18:28,2.81
07:18:29,2.81
07:18:30,2.81
07:18:31,2.81
07:18:32,2.81
07:18:33,2.81
07:18:34,2.81
07:18:35,2.81
07:18:36,2.81
07:18:37,2.81
07:18:38,2.81
07:18:39,2.81
07:18:40,2.81
07:18:41,2.81
07:18:42,2.81
07:18:43,2.81
07:18:44,2.81
07:18:45,2.81
07:18:46,2.81
07:18:47,2.81
07:18:48,2.81
07:18:49,2.81
07:18:50,2.81
07:18:51,2.81
07:18:52,2.81
07:18:53,2.81
07:18:54,2.81
07:18:55,2.81
07:18:56,6.15294117647
07:18:57,9.49588235294
07:18:58,12.8388235294
07:18:59,16.1817647059
07:19:00,19.5247058824
07:19:01,22.8676470588
07:19:02,26.2105882353
07:19:03,29.5535294118
07:19:04,32.8964705882
07:19:05,36.2394117647
07:19:06,39.5823529412
07:19:07,42.9252941176
07:19:08,46.2682352941
07:19:09,49.6111764706
07:19:10,52.9541176471
07:19:11,56.2970588235
07:19:12,59.64
07:19:13,55.8166666667
07:19:14,51.9933333333
07:19:15,48.17
07:19:16,44.3466666667
07:19:17,40.5233333333
07:19:18,36.7
07:19:19,32.8766666667
07:19:20,29.0533333333
07:19:21,25.23
07:19:22,21.4066666667
07:19:23,17.5833333333
07:19:24,13.76
07:19:25,9.93666666667
07:19:26,6.11333333333
07:19:27,2.29
07:19:28,7.51
07:19:29,12.73
07:19:30,17.95
07:19:31,23.17
07:19:32,28.39
07:19:33,33.61
07:19:34,38.83
07:19:35,44.05
07:19:36,49.27
07:19:37,54.49
07:19:38,59.71
07:19:39,64.93
07:19:40,70.15
07:19:41,75.37
07:19:42,80.59
07:19:43,85.81
07:19:44,83.9246666667
07:19:45,82.0393333333
07:19:46,80.154
07:19:47,78.2686666667
07:19:48,76.3833333333
07:19:49,74.498
07:19:50,72.6126666667
07:19:51,70.7273333333
07:19:52,68.842
07:19:53,66.9566666667
07:19:54,65.0713333333
07:19:55,63.186
07:19:56,61.3006666667
07:19:57,59.4153333333
07:19:58,57.53
07:19:59,54.3111764706
07:20:00,51.0923529412
07:20:01,47.8735294118
07:20:02,44.6547058824
07:20:03,41.4358823529
07:20:04,38.2170588235
07:20:05,34.9982352941
07:20:06,31.7794117647
07:20:07,28.5605882353
07:20:08,25.3417647059
07:20:09,22.1229411765
07:20:10,18.9041176471
07:20:11,15.6852941176
07:20:12,12.4664705882
07:20:13,9.24764705882
07:20:14,6.02882352941
07:20:15,2.81
07:20:16,6.81066666667
07:20:17,10.8113333333
07:20:18,14.812
07:20:19,18.8126666667
07:20:20,22.8133333333
07:20:21,26.814
07:20:22,30.8146666667
07:20:23,34.8153333333
07:20:24,38.816
07:20:25,42.8166666667
07:20:26,46.8173333333
07:20:27,50.818
07:20:28,54.8186666667
07:20:29,58.8193333333
07:20:30,62.82
07:20:31,60.4233333333
07:20:32,58.0266666667
07:20:33,55.63
07:20:34,53.2333333333
07:20:35,50.8366666667
07:20:36,48.44
07:20:37,46.0433333333
07:20:38,43.6466666667
07:20:39,41.25
07:20:40,38.8533333333
07:20:41,36.4566666667
07:20:42,34.06
07:20:43,31.6633333333
07:20:44,29.2666666667
07:20:45,26.87
07:20:46,28.3005882353
07:20:47,29.7311764706
07:20:48,31.1617647059
07:20:49,32.5923529412
07:20:50,34.0229411765
07:20:51,35.4535294118
07:20:52,36.8841176471
07:20:53,38.3147058824
07:20:54,39.7452941176
07:20:55,41.1758823529
07:20:56,42.6064705882
07:20:57,44.0370588235
07:20:58,45.4676470588
07:20:59,46.8982352941
07:21:00,48.3288235294
07:21:01,49.7594117647
07:21:02,51.19
07:21:03,48.15
07:21:04,45.11
07:21:05,42.07
07:21:06,39.03
07:21:07,35.99
07:21:08,32.95
07:21:09,29.91
07:21:10,26.87
07:21:11,23.83
07:21:12,20.79
07:21:13,17.75
07:21:14,14.71
07:21:15,11.67
07:21:16,8.63
07:21:17,5.59
07:21:18,2.55
07:21:19,2.55
07:21:20,2.55
07:21:21,2.55
07:21:22,2.55
07:21:23,2.55
07:21:24,2.55
07:21:25,2.55
07:21:26,2.55
07:21:27,2.55
07:21:28,2.55
07:21:29,2.55
07:21:30,2.55
07:21:31,2.55
07:21:32,2.55
07:21:33,2.55
07:21:34,2.55
07:21:35,2.55
07:21:36,7.678
07:21:37,12.806
07:21:38,17.934
07:21:39,23.062
07:21:40,28.19
07:21:41,33.318
07:21:42,38.446
07:21:43,43.574
07:21:44,48.702
07:21:45,53.83
07:21:46,58.958
07:21:47,64.086
07:21:48,69.214
07:21:49,74.342
07:21:50,79.47
07:21:51,79.9106666667
07:21:52,80.3513333333
07:21:53,80.792
07:21:54,81.2326666667
07:21:55,81.6733333333
07:21:56,82.114
07:21:57,82.5546666667
07:21:58,82.9953333333
07:21:59,83.436
07:22:00,83.8766666667
07:22:01,84.3173333333
07:22:02,84.758
07:22:03,85.1986666667
07:22:04,85.6393333333
07:22:05,86.08
07:22:06,84.1593333333
07:22:07,82.2386666667
07:22:08,80.318
07:22:09,78.3973333333
07:22:10,76.4766666667
07:22:11,74.556
07:22:12,72.6353333333
07:22:13,70.7146666667
07:22:14,68.794
07:22:15,66.8733333333
07:22:16,64.9526666667
07:22:17,63.032
07:22:18,61.1113333333
07:22:19,59.1906666667
07:22:20,57.27
07:22:21,53.86625
07:22:22,50.4625
07:22:23,47.05875
07:22:24,43.655
07:22:25,40.25125
07:22:26,36.8475
07:22:27,33.44375
07:22:28,30.04
07:22:29,26.63625
07:22:30,23.2325
07:22:31,19.82875
07:22:32,16.425
07:22:33,13.02125
07:22:34,9.6175
07:22:35,6.21375
07:22:36,2.81
07:22:37,2.81
07:22:38,2.81
07:22:39,2.81
07:22:40,2.81
07:22:41,2.81
07:22:42,2.81
07:22:43,2.81
07:22:44,2.81
07:22:45,2.81
07:22:46,2.81
07:22:47,2.81
07:22:48,2.81
07:22:49,2.81
07:22:50,2.81
07:22:51,2.81
07:22:52,2.81
07:22:53,2.81
07:22:54,2.81
07:22:55,2.81
07:22:56,2.81
07:22:57,2.81
07:22:58,2.81
07:22:59,2.81
07:23:00,2.81
07:23:01,2.81
07:23:02,2.81
07:23:03,2.81
07:23:04,2.81
07:23:05,2.81
07:23:06,2.81
07:23:07,2.81
07:23:08,2.81
07:23:09,2.81
07:23:10,2.81
07:23:11,2.81
07:23:12,2.81
07:23:13,2.81
07:23:14,2.81
07:23:15,2.81
07:23:16,2.81
07:23:17,2.81
07:23:18,2.81
07:23:19,2.81
07:23:20,2.81
07:23:21,2.81
07:23:22,2.81
07:23:23,2.81
07:23:24,2.81
07:23:25,2.81
07:23:26,2.81
07:23:27,2.81
07:23:28,2.81
07:23:29,2.81
07:23:30,2.81
07:23:31,2.81
07:23:32,2.81
07:23:33,2.81
07:23:34,2.81
07:23:35,2.81
07:23:36,2.81
07:23:37,2.81
07:23:38,2.81
07:23:39,2.81
07:23:40,2.81
07:23:41,2.81
07:23:42,2.81
07:23:43,2.81
07:23:44,2.81
07:23:45,2.81
07:23:46,2.81
07:23:47,2.81
07:23:48,2.81
07:23:49,2.81
07:23:50,2.81
07:23:51,2.81
07:23:52,2.81
07:23:53,2.81
07:23:54,2.81
07:23:55,2.81
07:23:56,2.81
07:23:57,2.81
07:23:58,2.81
07:23:59,2.81
07:24:00,2.81
07:24:01,2.81
07:24:02,2.81
07:24:03,2.81
07:24:04,2.81
07:24:05,2.81
07:24:06,2.81
07:24:07,2.81
07:24:08,2.81
07:24:09,2.81
07:24:10,2.81
07:24:11,2.81
07:24:12,2.81
07:24:13,2.81
07:24:14,2.81
07:24:15,2.81
07:24:16,2.81
07:24:17,2.81
07:24:18,2.81
07:24:19,2.81
07:24:20,2.81
07:24:21,2.81
07:24:22,2.81
07:24:23,2.81
07:24:24,2.81
07:24:25,2.81
07:24:26,2.81
07:24:27,2.81
07:24:28,2.81
07:24:29,2.81
07:24:30,2.81
07:24:31,2.81
07:24:32,2.81
07:24:33,2.81
07:24:34,2.81
07:24:35,2.81
07:24:36,2.81
07:24:37,2.81
07:24:38,2.81
07:24:39,2.81
07:24:40,2.81
07:24:41,2.81
07:24:42,2.81
07:24:43,2.81
07:24:44,2.81
07:24:45,2.81
07:24:46,2.81
07:24:47,2.81
07:24:48,2.81
07:24:49,2.81
07:24:50,2.81
07:24:51,2.81
07:24:52,2.81
07:24:53,2.81
07:24:54,2.81
07:24:55,2.81
07:24:56,2.81
07:24:57,2.81
07:24:58,2.81
07:24:59,2.81
07:25:00,2.81
07:25:01,2.81
07:25:02,2.81
07:25:03,2.81
07:25:04,2.81
07:25:05,2.81
07:25:06,2.81
07:25:07,2.81
07:25:08,2.81
07:25:09,2.81
07:25:10,2.81
07:25:11,2.81
07:25:12,2.81
07:25:13,2.81
07:25:14,2.81
07:25:15,2.81
07:25:16,2.81
07:25:17,2.81
07:25:18,2.81
07:25:19,2.81
07:25:20,2.81
07:25:21,2.81
07:25:22,2.81
07:25:23,2.81
07:25:24,2.81
07:25:25,2.81
07:25:26,2.81
07:25:27,2.81
07:25:28,2.81
07:25:29,2.81
07:25:30,2.81
07:25:31,2.81
07:25:32,2.81
07:25:33,2.81
07:25:34,2.81
07:25:35,2.81
07:25:36,2.81
07:25:37,2.81
07:25:38,2.81
07:25:39,2.81
07:25:40,2.81
07:25:41,2.81
07:25:42,2.81
07:25:43,2.81
07:25:44,2.81
07:25:45,2.81
07:25:46,2.81
07:25:47,2.81
07:25:48,2.81
07:25:49,2.81
07:25:50,2.81
07:25:51,2.81
07:25:52,2.81
07:25:53,2.81
07:25:54,2.81
07:25:55,2.81
07:25:56,2.81
07:25:57,2.81
07:25:58,2.81
07:25:59,2.81
07:26:00,2.81
07:26:01,2.81
07:26:02,2.81
07:26:03,2.81
07:26:04,2.81
07:26:05,2.81
07:26:06,2.81
07:26:07,2.81
07:26:08,2.81
07:26:09,2.81
07:26:10,2.81
07:26:11,2.81
07:26:12,2.81
07:26:13,2.81
07:26:14,2.81
07:26:15,2.81
07:26:16,2.81
07:26:17,2.81
07:26:18,2.81
07:26:19,2.81
07:26:20,2.81
07:26:21,2.81
07:26:22,2.81
07:26:23,2.81
07:26:24,2.81
07:26:25,2.81
07:26:26,2.81
07:26:27,2.81
07:26:28,2.81
07:26:29,2.81
07:26:30,2.81
07:26:31,2.81
07:26:32,2.81
07:26:33,2.81
07:26:34,2.81
07:26:35,2.81
07:26:36,2.81
07:26:37,2.81
07:26:38,2.81
07:26:39,2.81
07:26:40,2.81
07:26:41,2.81
07:26:42,2.81
07:26:43,2.81
07:26:44,2.81
07:26:45,2.81
07:26:46,2.81
07:26:47,2.81
07:26:48,4.6275
07:26:49,6.445
07:26:50,8.2625
07:26:51,10.08
07:26:52,11.8975
07:26:53,13.715
07:26:54,15.5325
07:26:55,17.35
07:26:56,19.1675
07:26:57,20.985
07:26:58,22.8025
07:26:59,24.62
07:27:00,26.4375
07:27:01,28.255
07:27:02,30.0725
07:27:03,31.89
07:27:04,33.443125
07:27:05,34.99625
07:27:06,36.549375
07:27:07,38.1025
07:27:08,39.655625
07:27:09,41.20875
07:27:10,42.761875
07:27:11,44.315
07:27:12,45.868125
07:27:13,47.42125
07:27:14,48.974375
07:27:15,50.5275
07:27:16,52.080625
07:27:17,53.63375
07:27:18,55.186875
07:27:19,56.74
07:27:20,53.353125
07:27:21,49.96625
07:27:22,46.579375
07:27:23,43.1925
07:27:24,39.805625
07:27:25,36.41875
07:27:26,33.031875
07:27:27,29.645
07:27:28,26.258125
07:27:29,22.87125
07:27:30,19.484375
07:27:31,16.0975
07:27:32,12.710625
07:27:33,9.32375
07:27:34,5.936875
07:27:35,2.55
07:27:36,2.55
07:27:37,2.55
07:27:38,2.55
07:27:39,2.55
07:27:40,2.55
07:27:41,2.55
07:27:42,2.55
07:27:43,2.55
07:27:44,2.55
07:27:45,2.55
07:27:46,2.55
07:27:47,2.55
07:27:48,2.55
07:27:49,2.55
07:27:50,2.55
07:27:51,2.55
07:27:52,2.55
07:27:53,2.55
07:27:54,2.55
07:27:55,2.55
07:27:56,2.55
07:27:57,2.55
07:27:58,2.55
07:27:59,2.55
07:28:00,2.55
07:28:01,2.55
07:28:02,2.55
07:28:03,2.55
07:28:04,2.55
07:28:05,2.55
07:28:06,2.55
07:28:07,2.55
07:28:08,2.55
07:28:09,2.55
07:28:10,2.55
07:28:11,2.55
07:28:12,2.55
07:28:13,2.55
07:28:14,2.55
07:28:15,2.55
07:28:16,2.55
07:28:17,2.55
07:28:18,2.55
07:28:19,2.55
07:28:20,2.55
07:28:21,2.55
07:28:22,2.55
07:28:23,2.55
07:28:24,2.55
07:28:25,2.55
07:28:26,2.55
07:28:27,2.55
07:28:28,2.55
07:28:29,2.55
07:28:30,2.55
07:28:31,2.55
07:28:32,2.55
07:28:33,2.55
07:28:34,2.55
07:28:35,2.55
07:28:36,2.55
07:28:37,2.55
07:28:38,2.55
07:28:39,2.55
07:28:40,2.55
07:28:41,2.55
07:28:42,2.55
07:28:43,2.55
07:28:44,2.55
07:28:45,2.55
07:28:46,2.55
07:28:47,2.55
07:28:48,2.55
07:28:49,2.55
07:28:50,2.55
07:28:51,2.55
07:28:52,2.55
07:28:53,2.55
07:28:54,2.55
07:28:55,2.55
07:28:56,2.55
07:28:57,2.55
07:28:58,2.55
07:28:59,2.55
07:29:00,2.55
07:29:01,2.55
07:29:02,2.55
07:29:03,2.55
07:29:04,2.55
07:29:05,2.55
07:29:06,2.55
07:29:07,2.55
07:29:08,2.55
07:29:09,2.55
07:29:10,2.55
07:29:11,2.55
07:29:12,2.55
07:29:13,2.55
07:29:14,2.55
07:29:15,2.55
07:29:16,2.55
07:29:17,2.55
07:29:18,2.55
07:29:19,2.55
07:29:20,2.55
07:29:21,2.55
07:29:22,2.55
07:29:23,2.55
07:29:24,2.55
07:29:25,2.55
07:29:26,2.55
07:29:27,2.55
07:29:28,2.55
07:29:29,2.55
07:29:30,2.55
07:29:31,2.55
07:29:32,2.55
07:29:33,2.55
07:29:34,2.55
07:29:35,2.55
07:29:36,2.55
07:29:37,2.55
07:29:38,2.55
07:29:39,2.55
07:29:40,2.55
07:29:41,2.55
07:29:42,2.55
07:29:43,2.55
07:29:44,2.55
07:29:45,2.55
07:29:46,2.55
07:29:47,2.55
07:29:48,2.55
07:29:49,2.55
07:29:50,2.55
07:29:51,2.55
07:29:52,2.55
07:29:53,2.55
07:29:54,2.55
07:29:55,2.55
07:29:56,2.55
07:29:57,2.55
07:29:58,2.55
07:29:59,2.55
07:30:00,2.55
07:30:01,2.55
07:30:02,2.55
07:30:03,2.55
07:30:04,2.55
07:30:05,2.55
07:30:06,2.55
07:30:07,2.55
07:30:08,2.55
07:30:09,2.55
07:30:10,2.55
07:30:11,2.55
07:30:12,2.55
07:30:13,2.55
07:30:14,2.55
07:30:15,2.55
07:30:16,2.55
07:30:17,2.55
07:30:18,2.55
07:30:19,2.55
07:30:20,2.55
07:30:21,2.55
07:30:22,2.55
07:30:23,2.55
07:30:24,2.55
07:30:25,2.55
07:30:26,2.55
07:30:27,2.55
07:30:28,2.55
07:30:29,2.55
07:30:30,2.55
07:30:31,2.55
07:30:32,2.55
07:30:33,2.55
07:30:34,2.55
07:30:35,2.55
07:30:36,2.55
07:30:37,2.55
07:30:38,2.55
07:30:39,2.55
07:30:40,2.55
07:30:41,2.55
07:30:42,2.55
07:30:43,2.55
07:30:44,2.55
07:30:45,2.55
07:30:46,2.55
07:30:47,2.55
07:30:48,2.55
07:30:49,2.55
07:30:50,2.55
07:30:51,2.55
07:30:52,2.55
07:30:53,2.55
07:30:54,2.55
07:30:55,2.55
07:30:56,2.55
07:30:57,2.55
07:30:58,2.55
07:30:59,2.55
07:31:00,2.55
07:31:01,2.55
07:31:02,2.55
07:31:03,2.55
07:31:04,2.55
07:31:05,2.55
07:31:06,2.55
07:31:07,2.55
07:31:08,2.55
07:31:09,2.55
07:31:10,2.55
07:31:11,2.55
07:31:12,2.55
07:31:13,2.55
07:31:14,2.55
07:31:15,2.55
07:31:16,2.55
07:31:17,2.55
07:31:18,2.55
07:31:19,2.55
07:31:20,2.55
07:31:21,2.55
07:31:22,2.55
07:31:23,2.55
07:31:24,2.55
07:31:25,2.55
07:31:26,2.55
07:31:27,2.55
07:31:28,2.55
07:31:29,2.55
07:31:30,2.55
07:31:31,2.55
07:31:32,2.55
07:31:33,2.55
07:31:34,2.55
07:31:35,2.55
07:31:36,2.55
07:31:37,2.55
07:31:38,2.55
07:31:39,2.55
07:31:40,2.55
07:31:41,2.55
07:31:42,2.55
07:31:43,2.55
07:31:44,2.55
07:31:45,2.55
07:31:46,2.55
07:31:47,2.55
07:31:48,2.55
07:31:49,2.55
07:31:50,2.55
07:31:51,2.55
07:31:52,2.55
07:31:53,2.55
07:31:54,2.55
07:31:55,2.55
07:31:56,2.55
07:31:57,2.55
07:31:58,2.55
07:31:59,2.55
07:32:00,2.55
07:32:01,2.55
07:32:02,2.55
07:32:03,2.55
07:32:04,2.55
07:32:05,2.55
07:32:06,2.55
07:32:07,2.55
07:32:08,2.55
07:32:09,2.55
07:32:10,2.55
07:32:11,2.55
07:32:12,2.55
07:32:13,2.55
07:32:14,2.55
07:32:15,2.55
07:32:16,2.55
07:32:17,2.55
07:32:18,2.55
07:32:19,2.55
07:32:20,2.55
07:32:21,2.55
07:32:22,2.55
07:32:23,2.55
07:32:24,2.55
07:32:25,2.55
07:32:26,2.55
07:32:27,2.55
07:32:28,2.55
07:32:29,2.55
07:32:30,2.55
07:32:31,2.55
07:32:32,2.55
07:32:33,2.55
07:32:34,2.55
07:32:35,2.55
07:32:36,2.55
07:32:37,2.55
07:32:38,2.55
07:32:39,2.55
07:32:40,2.55
07:32:41,2.55
07:32:42,2.55
07:32:43,2.55
07:32:44,2.55
07:32:45,2.55
07:32:46,2.55
07:32:47,2.55
07:32:48,2.55
07:32:49,2.55
07:32:50,2.55
07:32:51,2.55
07:32:52,2.55
07:32:53,2.55
07:32:54,2.55
07:32:55,2.55
07:32:56,2.55
07:32:57,2.55
07:32:58,2.55
07:32:59,2.55
07:33:00,2.55
07:33:01,2.55
07:33:02,2.55
07:33:03,2.55
07:33:04,2.55
07:33:05,2.55
07:33:06,2.55
07:33:07,2.55
07:33:08,2.55
07:33:09,2.55
07:33:10,2.55
07:33:11,2.55
07:33:12,2.55
07:33:13,2.55
07:33:14,2.55
07:33:15,2.55
07:33:16,2.55
07:33:17,2.55
07:33:18,2.55
07:33:19,2.55
07:33:20,2.55
07:33:21,2.55
07:33:22,2.55
07:33:23,2.55
07:33:24,2.55
07:33:25,2.55
07:33:26,2.55
07:33:27,2.55
07:33:28,2.55
07:33:29,2.55
07:33:30,2.55
07:33:31,2.55
07:33:32,2.55
07:33:33,2.55
07:33:34,2.55
07:33:35,2.55
07:33:36,2.55
07:33:37,2.55
07:33:38,2.55
07:33:39,2.55
07:33:40,2.55
07:33:41,2.55
07:33:42,2.55
07:33:43,2.55
07:33:44,2.55
07:33:45,2.55
07:33:46,2.55
07:33:47,2.55
07:33:48,2.55
07:33:49,2.55
07:33:50,2.55
07:33:51,2.55
07:33:52,2.55
07:33:53,2.55
07:33:54,2.55
07:33:55,2.55
07:33:56,2.55
07:33:57,2.55
07:33:58,2.55
07:33:59,2.55
07:34:00,2.55
07:34:01,2.55
07:34:02,2.55
07:34:03,2.55
07:34:04,2.55
07:34:05,2.55
07:34:06,2.55
07:34:07,2.55
07:34:08,2.55
07:34:09,2.55
07:34:10,2.55
07:34:11,2.55
07:34:12,2.55
07:34:13,2.55
07:34:14,2.55
07:34:15,2.55
07:34:16,2.55
07:34:17,2.55
07:34:18,2.55
07:34:19,2.55
07:34:20,2.55
07:34:21,2.55
07:34:22,2.55
07:34:23,2.55
07:34:24,2.55
07:34:25,2.55
07:34:26,2.55
07:34:27,2.55
07:34:28,2.55
07:34:29,2.55
07:34:30,2.55
07:34:31,2.55
07:34:32,2.55
07:34:33,2.55
07:34:34,2.55
07:34:35,2.55
07:34:36,2.55
07:34:37,2.55
07:34:38,2.55
07:34:39,2.55
07:34:40,2.55
07:34:41,2.55
07:34:42,2.55
07:34:43,2.55
07:34:44,2.55
07:34:45,2.55
07:34:46,2.55
07:34:47,2.55
07:34:48,2.55
07:34:49,2.55
07:34:50,2.55
07:34:51,2.55
07:34:52,2.55
07:34:53,2.55
07:34:54,2.55
07:34:55,2.55
07:34:56,2.55
07:34:57,2.55
07:34:58,2.55
07:34:59,2.55
07:35:00,2.55
07:35:01,2.55
07:35:02,2.55
07:35:03,2.55
07:35:04,2.55
07:35:05,2.55
07:35:06,2.55
07:35:07,2.55
07:35:08,2.55
07:35:09,2.55
07:35:10,2.55
07:35:11,2.55
07:35:12,2.55
07:35:13,2.55
07:35:14,2.55
07:35:15,2.55
07:35:16,2.55
07:35:17,2.55
07:35:18,2.55
07:35:19,2.55
07:35:20,2.55
07:35:21,2.55
07:35:22,2.55
07:35:23,2.55
07:35:24,2.55
07:35:25,2.55
07:35:26,2.55
07:35:27,2.55
07:35:28,2.55
07:35:29,2.55
07:35:30,2.55
07:35:31,2.55
07:35:32,2.55
07:35:33,2.55
07:35:34,2.55
07:35:35,2.55
07:35:36,2.55
07:35:37,2.55
07:35:38,2.55
07:35:39,2.55
07:35:40,2.55
07:35:41,2.55
07:35:42,2.55
07:35:43,2.55
07:35:44,2.55
07:35:45,2.55
07:35:46,2.55
07:35:47,2.55
07:35:48,2.55
07:35:49,2.55
07:35:50,2.55
07:35:51,2.55
07:35:52,2.55
07:35:53,2.55
07:35:54,2.55
07:35:55,2.55
07:35:56,2.55
07:35:57,2.55
07:35:58,2.55
07:35:59,2.55
07:36:00,2.55
07:36:01,2.55
07:36:02,2.55
07:36:03,2.55
07:36:04,2.55
07:36:05,2.55
07:36:06,2.55
07:36:07,2.55
07:36:08,2.55
07:36:09,2.55
07:36:10,2.55
07:36:11,2.55
07:36:12,2.55
07:36:13,2.55
07:36:14,2.55
07:36:15,2.55
07:36:16,2.55
07:36:17,2.55
07:36:18,2.55
07:36:19,2.55
07:36:20,2.55
07:36:21,2.55
07:36:22,2.55
07:36:23,2.55
07:36:24,2.55
07:36:25,2.55
07:36:26,2.55
07:36:27,2.55
07:36:28,2.55
07:36:29,2.55
07:36:30,2.55
07:36:31,2.55
07:36:32,2.55
07:36:33,2.55
07:36:34,2.55
07:36:35,2.55
07:36:36,2.55
07:36:37,2.55
07:36:38,2.55
07:36:39,2.55
07:36:40,2.55
07:36:41,2.55
07:36:42,2.55
07:36:43,2.55
07:36:44,2.55
07:36:45,2.55
07:36:46,2.55
07:36:47,2.55
07:36:48,2.55
07:36:49,2.55
07:36:50,2.55
07:36:51,2.55
07:36:52,2.55
07:36:53,2.55
07:36:54,2.55
07:36:55,2.55
07:36:56,2.55
07:36:57,2.55
07:36:58,2.55
07:36:59,2.55
07:37:00,2.55
07:37:01,2.55
07:37:02,2.55
07:37:03,2.55
07:37:04,2.55
07:37:05,2.55
07:37:06,2.55
07:37:07,2.55
07:37:08,2.55
07:37:09,2.55
07:37:10,2.55
07:37:11,2.55
07:37:12,2.55
07:37:13,2.55
07:37:14,2.55
07:37:15,2.55
07:37:16,2.55
07:37:17,2.55
07:37:18,2.55
07:37:19,2.55
07:37:20,2.55
07:37:21,2.55
07:37:22,2.55
07:37:23,2.55
07:37:24,2.55
07:37:25,2.55
07:37:26,2.55
07:37:27,2.55
07:37:28,2.55
07:37:29,2.55
07:37:30,2.55
07:37:31,2.55
07:37:32,2.55
07:37:33,2.55
07:37:34,2.55
07:37:35,2.55
07:37:36,2.55
07:37:37,2.55
07:37:38,2.55
07:37:39,2.55
07:37:40,2.55
07:37:41,2.55
07:37:42,2.55
07:37:43,2.55
07:37:44,2.55
07:37:45,2.55
07:37:46,2.55
07:37:47,2.55
07:37:48,2.55
07:37:49,2.55
07:37:50,2.55
07:37:51,2.55
07:37:52,2.55
07:37:53,2.55
07:37:54,2.55
07:37:55,2.55
07:37:56,2.55
07:37:57,2.55
07:37:58,2.55
07:37:59,2.55
07:38:00,2.55
07:38:01,2.55
07:38:02,2.55
07:38:03,2.55
07:38:04,2.55
07:38:05,2.55
07:38:06,2.55
07:38:07,2.55
07:38:08,2.55
07:38:09,2.55
07:38:10,2.55
07:38:11,2.55
07:38:12,2.55
07:38:13,2.55
07:38:14,2.55
07:38:15,2.55
07:38:16,2.55
07:38:17,2.55
07:38:18,2.55
07:38:19,2.55
07:38:20,2.55
07:38:21,2.55
07:38:22,2.55
07:38:23,2.55
07:38:24,2.55
07:38:25,2.55
07:38:26,2.55
07:38:27,2.55
07:38:28,2.55
07:38:29,2.55
07:38:30,2.55
07:38:31,2.55
07:38:32,2.55
07:38:33,2.55
07:38:34,2.55
07:38:35,2.55
07:38:36,2.55
07:38:37,2.55
07:38:38,2.55
07:38:39,2.55
07:38:40,2.55
07:38:41,2.55
07:38:42,2.55
07:38:43,2.55
07:38:44,2.55
07:38:45,2.55
07:38:46,2.55
07:38:47,2.55
07:38:48,2.55
07:38:49,2.55
07:38:50,2.55
07:38:51,2.55
07:38:52,2.55
07:38:53,2.55
07:38:54,2.55
07:38:55,2.55
07:38:56,2.55
07:38:57,2.55
07:38:58,2.55
07:38:59,2.55
07:39:00,2.55
07:39:01,2.55
07:39:02,2.55
07:39:03,2.55
07:39:04,2.55
07:39:05,2.55
07:39:06,2.55
07:39:07,2.55
07:39:08,2.55
07:39:09,2.55
07:39:10,2.55
07:39:11,2.55
07:39:12,2.55
07:39:13,2.55
07:39:14,2.55
07:39:15,2.55
07:39:16,2.55
07:39:17,2.55
07:39:18,2.55
07:39:19,2.55
07:39:20,2.55
07:39:21,2.55
07:39:22,2.55
07:39:23,2.55
07:39:24,2.55
07:39:25,2.55
07:39:26,2.55
07:39:27,2.55
07:39:28,2.55
07:39:29,2.55
07:39:30,2.55
07:39:31,2.55
07:39:32,2.55
07:39:33,2.55
07:39:34,2.55
07:39:35,2.55
07:39:36,2.55
07:39:37,2.55
07:39:38,2.55
07:39:39,2.55
07:39:40,2.55
07:39:41,2.55
07:39:42,2.55
07:39:43,2.55
07:39:44,2.55
07:39:45,2.55
07:39:46,2.55
07:39:47,2.55
07:39:48,2.55
07:39:49,2.55
07:39:50,2.55
07:39:51,2.55
07:39:52,2.55
07:39:53,2.55
07:39:54,2.55
07:39:55,2.55
07:39:56,2.55
07:39:57,2.55
07:39:58,2.55
07:39:59,2.55
07:40:00,2.55
07:40:01,2.55
07:40:02,2.55
07:40:03,2.55
07:40:04,2.55
07:40:05,2.55
07:40:06,2.55
07:40:07,2.55
07:40:08,2.55
07:40:09,2.55
07:40:10,2.55
07:40:11,2.55
07:40:12,2.55
07:40:13,2.55
07:40:14,2.55
07:40:15,2.55
07:40:16,2.55
07:40:17,2.55
07:40:18,2.55
07:40:19,2.55
07:40:20,2.55
07:40:21,2.55
07:40:22,2.55
07:40:23,2.55
07:40:24,2.55
07:40:25,2.55
07:40:26,2.55
07:40:27,2.55
07:40:28,2.55
07:40:29,2.55
07:40:30,2.55
07:40:31,2.55
07:40:32,2.55
07:40:33,2.55
07:40:34,2.55
07:40:35,2.55
07:40:36,2.55
07:40:37,2.55
07:40:38,2.55
07:40:39,2.55
07:40:40,2.55
07:40:41,2.55
07:40:42,2.55
07:40:43,2.55
07:40:44,2.55
07:40:45,2.55
07:40:46,2.55
07:40:47,2.55
07:40:48,2.55
07:40:49,2.55
07:40:50,2.55
07:40:51,2.55
07:40:52,2.55
07:40:53,2.55
07:40:54,2.55
07:40:55,2.55
07:40:56,2.55
07:40:57,2.55
07:40:58,2.55
07:40:59,2.55
07:41:00,2.55
07:41:01,2.55
07:41:02,2.55
07:41:03,2.55
07:41:04,2.55
07:41:05,2.55
07:41:06,2.55
07:41:07,2.55
07:41:08,2.55
07:41:09,2.55
07:41:10,2.55
07:41:11,2.55
07:41:12,2.55
07:41:13,2.55
07:41:14,2.55
07:41:15,2.55
07:41:16,2.55
07:41:17,2.55
07:41:18,2.55
07:41:19,2.55
07:41:20,2.55
07:41:21,2.55
07:41:22,2.55
07:41:23,2.55
07:41:24,2.55
07:41:25,2.55
07:41:26,2.55
07:41:27,2.55
07:41:28,2.55
07:41:29,2.55
07:41:30,2.55
07:41:31,2.55
07:41:32,2.55
07:41:33,2.55
07:41:34,2.55
07:41:35,2.55
07:41:36,2.55
07:41:37,2.55
07:41:38,2.55
07:41:39,2.55
07:41:40,2.55
07:41:41,2.55
07:41:42,2.55
07:41:43,2.55
07:41:44,2.55
07:41:45,2.55
07:41:46,2.55
07:41:47,2.55
07:41:48,2.55
07:41:49,2.55
07:41:50,2.55
07:41:51,2.55
07:41:52,2.55
07:41:53,2.55
07:41:54,2.55
07:41:55,2.55
07:41:56,2.55
07:41:57,2.55
07:41:58,2.55
07:41:59,2.55
07:42:00,2.55
07:42:01,2.55
07:42:02,2.55
07:42:03,2.55
07:42:04,2.55
07:42:05,2.55
07:42:06,2.55
07:42:07,2.55
07:42:08,2.55
07:42:09,2.55
07:42:10,2.55
07:42:11,2.55
07:42:12,2.55
07:42:13,2.55
07:42:14,2.55
07:42:15,2.55
07:42:16,2.55
07:42:17,2.55
07:42:18,2.55
07:42:19,2.55
07:42:20,2.55
07:42:21,2.55
07:42:22,2.55
07:42:23,2.55
07:42:24,2.55
07:42:25,2.55
07:42:26,2.55
07:42:27,2.55
07:42:28,2.55
07:42:29,2.55
07:42:30,2.55
07:42:31,2.55
07:42:32,2.55
07:42:33,2.55
07:42:34,2.55
07:42:35,2.55
07:42:36,2.55
07:42:37,2.55
07:42:38,2.55
07:42:39,2.55
07:42:40,2.55
07:42:41,2.55
07:42:42,2.55
07:42:43,2.55
07:42:44,2.55
07:42:45,2.55
07:42:46,2.55
07:42:47,2.55
07:42:48,2.55
07:42:49,2.55
07:42:50,2.55
07:42:51,2.55
07:42:52,2.55
07:42:53,2.55
07:42:54,2.55
07:42:55,2.55
07:42:56,2.55
07:42:57,2.55
07:42:58,2.55
07:42:59,2.55
07:43:00,2.55
07:43:01,2.55
07:43:02,2.55
07:43:03,2.55
07:43:04,2.55
07:43:05,2.55
07:43:06,2.55
07:43:07,2.55
07:43:08,2.55
07:43:09,2.55
07:43:10,2.55
07:43:11,2.55
07:43:12,2.55
07:43:13,2.55
07:43:14,2.55
07:43:15,2.55
07:43:16,2.55
07:43:17,2.55
07:43:18,2.55
07:43:19,2.55
07:43:20,2.55
07:43:21,2.55
07:43:22,2.55
07:43:23,2.55
07:43:24,2.55
07:43:25,2.55
07:43:26,2.55
07:43:27,2.55
07:43:28,2.55
07:43:29,2.55
07:43:30,2.55
07:43:31,2.55
07:43:32,2.55
07:43:33,2.55
07:43:34,2.55
07:43:35,2.55
07:43:36,2.55
07:43:37,2.55
07:43:38,2.55
07:43:39,2.55
07:43:40,2.55
07:43:41,2.55
07:43:42,2.55
07:43:43,2.55
07:43:44,2.55
07:43:45,2.55
07:43:46,2.55
07:43:47,2.55
07:43:48,2.55
07:43:49,2.55
07:43:50,2.55
07:43:51,2.55
07:43:52,2.55
07:43:53,2.55
07:43:54,2.55
07:43:55,2.55
07:43:56,2.55
07:43:57,2.55
07:43:58,2.55
07:43:59,2.55
07:44:00,2.55
07:44:01,2.55
07:44:02,2.55
07:44:03,2.55
07:44:04,2.55
07:44:05,2.55
07:44:06,2.55
07:44:07,2.55
07:44:08,2.55
07:44:09,2.55
07:44:10,2.55
07:44:11,2.55
07:44:12,2.55
07:44:13,2.55
07:44:14,2.55
07:44:15,2.55
07:44:16,2.55
07:44:17,2.55
07:44:18,2.55
07:44:19,2.55
07:44:20,2.55
07:44:21,2.55
07:44:22,2.55
07:44:23,2.55
07:44:24,2.55
07:44:25,2.55
07:44:26,2.55
07:44:27,2.55
07:44:28,2.55
07:44:29,2.55
07:44:30,2.55
07:44:31,2.55
07:44:32,2.55
07:44:33,2.55
07:44:34,2.55
07:44:35,2.55
07:44:36,2.55
07:44:37,2.55
07:44:38,2.55
07:44:39,2.55
07:44:40,2.55
07:44:41,2.55
07:44:42,2.55
07:44:43,2.55
07:44:44,2.55
07:44:45,2.55
07:44:46,2.55
07:44:47,2.55
07:44:48,2.55
07:44:49,2.55
07:44:50,2.55
07:44:51,2.55
07:44:52,2.55
07:44:53,2.55
07:44:54,2.55
07:44:55,2.55
07:44:56,2.55
07:44:57,2.55
07:44:58,2.55
07:44:59,2.55
07:45:00,2.55
07:45:01,2.55
07:45:02,2.55
07:45:03,2.55
07:45:04,2.55
07:45:05,2.55
07:45:06,2.55
07:45:07,2.55
07:45:08,2.55
07:45:09,2.55
07:45:10,2.55
07:45:11,2.55
07:45:12,2.55
07:45:13,2.55
07:45:14,2.55
07:45:15,2.55
07:45:16,2.55
07:45:17,2.55
07:45:18,2.55
07:45:19,2.55
07:45:20,2.55
07:45:21,2.55
07:45:22,2.55
07:45:23,2.55
07:45:24,2.55
07:45:25,2.55
07:45:26,2.55
07:45:27,2.55
07:45:28,2.55
07:45:29,2.55
07:45:30,2.55
07:45:31,2.55
07:45:32,2.55
07:45:33,2.55
07:45:34,2.55
07:45:35,2.55
07:45:36,2.55
07:45:37,2.55
07:45:38,2.55
07:45:39,2.55
07:45:40,2.55
07:45:41,2.55
07:45:42,2.55
07:45:43,2.55
07:45:44,2.55
07:45:45,2.55
07:45:46,2.55
07:45:47,2.55
07:45:48,2.55
07:45:49,2.55
07:45:50,2.55
07:45:51,2.55
07:45:52,2.55
07:45:53,2.55
07:45:54,2.55
07:45:55,2.55
07:45:56,2.55
07:45:57,2.55
07:45:58,2.55
07:45:59,2.55
07:46:00,2.55
07:46:01,2.55
07:46:02,2.55
07:46:03,2.55
07:46:04,2.55
07:46:05,2.55
07:46:06,2.55
07:46:07,2.55
07:46:08,2.55
07:46:09,2.55
07:46:10,2.55
07:46:11,2.55
07:46:12,2.55
07:46:13,2.55
07:46:14,2.55
07:46:15,2.55
07:46:16,2.55
07:46:17,2.55
07:46:18,2.55
07:46:19,2.55
07:46:20,2.55
07:46:21,2.55
07:46:22,2.55
07:46:23,2.55
07:46:24,2.55
07:46:25,2.55
07:46:26,2.55
07:46:27,2.55
07:46:28,2.55
07:46:29,2.55
07:46:30,2.55
07:46:31,2.55
07:46:32,2.55
07:46:33,2.55
07:46:34,2.55
07:46:35,2.55
07:46:36,2.55
07:46:37,2.55
07:46:38,2.55
07:46:39,2.55
07:46:40,2.55
07:46:41,2.55
07:46:42,2.55
07:46:43,2.55
07:46:44,2.55
07:46:45,2.55
07:46:46,2.55
07:46:47,2.55
07:46:48,2.55
07:46:49,2.55
07:46:50,2.55
07:46:51,2.55
07:46:52,2.55
07:46:53,2.55
07:46:54,2.55
07:46:55,2.55
07:46:56,2.55
07:46:57,2.55
07:46:58,2.55
07:46:59,2.55
07:47:00,2.55
07:47:01,2.55
07:47:02,2.55
07:47:03,2.55
07:47:04,2.55
07:47:05,2.55
07:47:06,2.55
07:47:07,2.55
07:47:08,2.55
07:47:09,2.55
07:47:10,2.55
07:47:11,2.55
07:47:12,2.55
07:47:13,2.55
07:47:14,2.55
07:47:15,2.55
07:47:16,2.55
07:47:17,2.55
07:47:18,2.55
07:47:19,2.55
07:47:20,2.55
07:47:21,2.55
07:47:22,2.55
07:47:23,2.55
07:47:24,2.55
07:47:25,2.55
07:47:26,2.55
07:47:27,2.55
07:47:28,2.55
07:47:29,2.55
07:47:30,2.55
07:47:31,2.55
07:47:32,2.55
07:47:33,2.55
07:47:34,2.55
07:47:35,2.55
07:47:36,2.55
07:47:37,2.55
07:47:38,2.55
07:47:39,2.55
07:47:40,2.55
07:47:41,2.55
07:47:42,2.55
07:47:43,2.55
07:47:44,2.55
07:47:45,2.55
07:47:46,2.55
07:47:47,2.55
07:47:48,2.55
07:47:49,2.55
07:47:50,2.55
07:47:51,2.55
07:47:52,2.55
07:47:53,2.55
07:47:54,2.55
07:47:55,2.55
07:47:56,2.55
07:47:57,2.55
07:47:58,2.55
07:47:59,2.55
07:48:00,2.55
07:48:01,2.55
07:48:02,2.55
07:48:03,2.55
07:48:04,2.55
07:48:05,2.55
07:48:06,2.55
07:48:07,2.55
07:48:08,2.55
07:48:09,2.55
07:48:10,2.55
07:48:11,2.55
07:48:12,2.55
07:48:13,2.55
07:48:14,2.55
07:48:15,2.55
07:48:16,2.55
07:48:17,2.55
07:48:18,2.55
07:48:19,2.55
07:48:20,2.55
07:48:21,2.55
07:48:22,2.55
07:48:23,2.55
07:48:24,2.55
07:48:25,2.55
07:48:26,2.55
07:48:27,2.55
07:48:28,2.55
07:48:29,2.55
07:48:30,2.55
07:48:31,2.55
07:48:32,2.55
07:48:33,2.55
07:48:34,2.55
07:48:35,2.55
07:48:36,2.55
07:48:37,2.55
07:48:38,2.55
07:48:39,2.55
07:48:40,2.55
07:48:41,2.55
07:48:42,2.55
07:48:43,2.55
07:48:44,2.55
07:48:45,2.55
07:48:46,2.55
07:48:47,2.55
07:48:48,2.55
07:48:49,2.55
07:48:50,2.55
07:48:51,2.55
07:48:52,2.55
07:48:53,2.55
07:48:54,2.55
07:48:55,2.55
07:48:56,2.55
07:48:57,2.55
07:48:58,2.55
07:48:59,2.55
07:49:00,2.55
07:49:01,2.55
07:49:02,2.55
07:49:03,2.55
07:49:04,2.55
07:49:05,2.55
07:49:06,2.55
07:49:07,2.55
07:49:08,2.55
07:49:09,2.55
07:49:10,2.55
07:49:11,2.55
07:49:12,2.55
07:49:13,2.55
07:49:14,2.55
07:49:15,2.55
07:49:16,2.55
07:49:17,2.55
07:49:18,2.55
07:49:19,2.55
07:49:20,2.55
07:49:21,2.55
07:49:22,2.55
07:49:23,2.55
07:49:24,2.55
07:49:25,2.55
07:49:26,2.55
07:49:27,2.55
07:49:28,2.55
07:49:29,2.55
07:49:30,2.55
07:49:31,2.55
07:49:32,2.55
07:49:33,2.55
07:49:34,2.55
07:49:35,2.55
07:49:36,2.55
07:49:37,2.55
07:49:38,2.55
07:49:39,2.55
07:49:40,2.55
07:49:41,2.55
07:49:42,2.55
07:49:43,2.55
07:49:44,2.55
07:49:45,2.55
07:49:46,2.55
07:49:47,2.55
07:49:48,2.55
07:49:49,2.55
07:49:50,2.55
07:49:51,2.55
07:49:52,2.55
07:49:53,2.55
07:49:54,2.55
07:49:55,2.55
07:49:56,2.55
07:49:57,2.55
07:49:58,2.55
07:49:59,2.55
07:50:00,2.55
07:50:01,2.55
07:50:02,2.55
07:50:03,2.55
07:50:04,2.55
07:50:05,2.55
07:50:06,2.55
07:50:07,2.55
07:50:08,2.55
07:50:09,2.55
07:50:10,2.55
07:50:11,2.55
07:50:12,2.55
07:50:13,2.55
07:50:14,2.55
07:50:15,2.55
07:50:16,2.55
07:50:17,2.55
07:50:18,2.55
07:50:19,2.55
07:50:20,2.55
07:50:21,2.55
07:50:22,2.55
07:50:23,2.55
07:50:24,2.55
07:50:25,2.55
07:50:26,2.55
07:50:27,2.55
07:50:28,2.55
07:50:29,2.55
07:50:30,2.55
07:50:31,2.55
07:50:32,2.55
07:50:33,2.55
07:50:34,2.55
07:50:35,2.55
07:50:36,2.55
07:50:37,2.55
07:50:38,2.55
07:50:39,2.55
07:50:40,2.55
07:50:41,2.55
07:50:42,2.55
07:50:43,2.55
07:50:44,2.55
07:50:45,2.55
07:50:46,2.55
07:50:47,2.55
07:50:48,2.55
07:50:49,2.55
07:50:50,2.55
07:50:51,2.55
07:50:52,2.55
07:50:53,2.55
07:50:54,2.55
07:50:55,2.55
07:50:56,2.55
07:50:57,2.55
07:50:58,2.55
07:50:59,2.55
07:51:00,2.55
07:51:01,2.55
07:51:02,2.55
07:51:03,2.55
07:51:04,2.55
07:51:05,2.55
07:51:06,2.55
07:51:07,2.55
07:51:08,2.55
07:51:09,2.55
07:51:10,2.55
07:51:11,2.55
07:51:12,2.55
07:51:13,2.55
07:51:14,2.55
07:51:15,2.55
07:51:16,2.55
07:51:17,2.55
07:51:18,2.55
07:51:19,2.55
07:51:20,2.55
07:51:21,2.55
07:51:22,2.55
07:51:23,2.55
07:51:24,2.55
07:51:25,2.55
07:51:26,2.55
07:51:27,2.55
07:51:28,2.55
07:51:29,2.55
07:51:30,2.55
07:51:31,2.55
07:51:32,2.55
07:51:33,2.55
07:51:34,2.55
07:51:35,2.55
07:51:36,2.55
07:51:37,2.55
07:51:38,2.55
07:51:39,2.55
07:51:40,2.55
07:51:41,2.55
07:51:42,2.55
07:51:43,2.55
07:51:44,2.55
07:51:45,2.55
07:51:46,2.55
07:51:47,2.55
07:51:48,2.55
07:51:49,2.55
07:51:50,2.55
07:51:51,2.55
07:51:52,2.55
07:51:53,2.55
07:51:54,2.55
07:51:55,2.55
07:51:56,2.55
07:51:57,2.55
07:51:58,2.55
07:51:59,2.55
07:52:00,2.55
07:52:01,2.55
07:52:02,2.55
07:52:03,2.55
07:52:04,2.55
07:52:05,2.55
07:52:06,2.55
07:52:07,2.55
07:52:08,2.55
07:52:09,2.55
07:52:10,2.55
07:52:11,5.916
07:52:12,9.282
07:52:13,12.648
07:52:14,16.014
07:52:15,19.38
07:52:16,22.746
07:52:17,26.112
07:52:18,29.478
07:52:19,32.844
07:52:20,36.21
07:52:21,39.576
07:52:22,42.942
07:52:23,46.308
07:52:24,49.674
07:52:25,53.04
07:52:26,55.2073333333
07:52:27,57.3746666667
07:52:28,59.542
07:52:29,61.7093333333
07:52:30,63.8766666667
07:52:31,66.044
07:52:32,68.2113333333
07:52:33,70.3786666667
07:52:34,72.546
07:52:35,74.7133333333
07:52:36,76.8806666667
07:52:37,79.048
07:52:38,81.2153333333
07:52:39,83.3826666667
07:52:40,85.55
07:52:41,83.8705882353
07:52:42,82.1911764706
07:52:43,80.5117647059
07:52:44,78.8323529412
07:52:45,77.1529411765
07:52:46,75.4735294118
07:52:47,73.7941176471
07:52:48,72.1147058824
07:52:49,70.4352941176
07:52:50,68.7558823529
07:52:51,67.0764705882
07:52:52,65.3970588235
07:52:53,63.7176470588
07:52:54,62.0382352941
07:52:55,60.3588235294
07:52:56,58.6794117647
07:52:57,57.0
07:52:58,53.37
07:52:59,49.74
07:53:00,46.11
07:53:01,42.48
07:53:02,38.85
07:53:03,35.22
07:53:04,31.59
07:53:05,27.96
07:53:06,24.33
07:53:07,20.7
07:53:08,17.07
07:53:09,13.44
07:53:10,9.81
07:53:11,6.18
07:53:12,2.55
07:53:13,2.55
07:53:14,2.55
07:53:15,2.55
07:53:16,2.55
07:53:17,2.55
07:53:18,2.55
07:53:19,2.55
07:53:20,2.55
07:53:21,2.55
07:53:22,2.55
07:53:23,2.55
07:53:24,2.55
07:53:25,2.55
07:53:26,2.55
07:53:27,2.55
07:53:28,2.55
07:53:29,2.55
07:53:30,2.55
07:53:31,2.55
07:53:32,2.55
07:53:33,2.55
07:53:34,2.55
07:53:35,2.55
07:53:36,2.55
07:53:37,2.55
07:53:38,2.55
07:53:39,2.55
07:53:40,2.55
07:53:41,2.55
07:53:42,2.55
07:53:43,2.55
07:53:44,2.55
07:53:45,2.55
07:53:46,2.55
07:53:47,2.55
07:53:48,2.55
07:53:49,2.55
07:53:50,2.55
07:53:51,2.55
07:53:52,2.55
07:53:53,2.55
07:53:54,2.55
07:53:55,2.55
07:53:56,2.55
07:53:57,2.55
07:53:58,6.16266666667
07:53:59,9.77533333333
07:54:00,13.388
07:54:01,17.0006666667
07:54:02,20.6133333333
07:54:03,24.226
07:54:04,27.8386666667
07:54:05,31.4513333333
07:54:06,35.064
07:54:07,38.6766666667
07:54:08,42.2893333333
07:54:09,45.902
07:54:10,49.5146666667
07:54:11,53.1273333333
07:54:12,56.74
07:54:13,53.1273333333
07:54:14,49.5146666667
07:54:15,45.902
07:54:16,42.2893333333
07:54:17,38.6766666667
07:54:18,35.064
07:54:19,31.4513333333
07:54:20,27.8386666667
07:54:21,24.226
07:54:22,20.6133333333
07:54:23,17.0006666667
07:54:24,13.388
07:54:25,9.77533333333
07:54:26,6.16266666667
07:54:27,2.55
07:54:28,2.55
07:54:29,2.55
07:54:30,2.55
07:54:31,2.55
07:54:32,2.55
07:54:33,2.55
07:54:34,2.55
07:54:35,2.55
07:54:36,2.55
07:54:37,2.55
07:54:38,2.55
07:54:39,2.55
07:54:40,2.55
07:54:41,2.55
07:54:42,2.55
07:54:43,2.55
07:54:44,2.55
07:54:45,2.55
07:54:46,2.55
07:54:47,2.55
07:54:48,2.55
07:54:49,2.55
07:54:50,2.55
07:54:51,2.55
07:54:52,2.55
07:54:53,2.55
07:54:54,2.55
07:54:55,2.55
07:54:56,2.55
07:54:57,2.55
07:54:58,2.55
07:54:59,2.55
07:55:00,2.55
07:55:01,2.55
07:55:02,2.55
07:55:03,2.55
07:55:04,2.55
07:55:05,2.55
07:55:06,2.55
07:55:07,2.55
07:55:08,2.55
07:55:09,2.55
07:55:10,2.55
07:55:11,2.55
07:55:12,2.55
07:55:13,2.55
07:55:14,2.55
07:55:15,2.55
07:55:16,2.55
07:55:17,2.55
07:55:18,2.55
07:55:19,2.55
07:55:20,2.55
07:55:21,2.55
07:55:22,2.55
07:55:23,2.55
07:55:24,2.55
07:55:25,2.55
07:55:26,2.55
07:55:27,2.55
07:55:28,2.55
07:55:29,2.55
07:55:30,2.55
07:55:31,2.55
07:55:32,2.55
07:55:33,2.55
07:55:34,2.55
07:55:35,2.55
07:55:36,2.55
07:55:37,2.55
07:55:38,2.55
07:55:39,2.55
07:55:40,2.55
07:55:41,2.55
07:55:42,2.55
07:55:43,2.55
07:55:44,2.55
07:55:45,2.55
07:55:46,2.55
07:55:47,2.55
07:55:48,2.55
07:55:49,2.55
07:55:50,2.55
07:55:51,2.55
07:55:52,2.55
07:55:53,2.55
07:55:54,2.55
07:55:55,2.55
07:55:56,2.55
07:55:57,2.55
07:55:58,2.55
07:55:59,2.55
07:56:00,2.55
07:56:01,2.55
07:56:02,2.55
07:56:03,2.55
07:56:04,2.55
07:56:05,2.55
07:56:06,2.55
07:56:07,2.55
07:56:08,2.55
07:56:09,2.55
07:56:10,2.55
07:56:11,2.55
07:56:12,2.55
07:56:13,2.55
07:56:14,2.55
07:56:15,2.55
07:56:16,2.55
07:56:17,2.55
07:56:18,2.55
07:56:19,2.55
07:56:20,2.55
07:56:21,2.55
07:56:22,2.55
07:56:23,2.55
07:56:24,2.55
07:56:25,2.55
07:56:26,2.55
07:56:27,2.55
07:56:28,2.55
07:56:29,2.55
07:56:30,2.55
07:56:31,2.55
07:56:32,2.55
07:56:33,2.55
07:56:34,2.55
07:56:35,2.55
07:56:36,2.55
07:56:37,2.55
07:56:38,2.55
07:56:39,2.55
07:56:40,2.55
07:56:41,2.55
07:56:42,2.55
07:56:43,2.55
07:56:44,2.55
07:56:45,2.55
07:56:46,2.55
07:56:47,2.55
07:56:48,6.7625
07:56:49,10.975
07:56:50,15.1875
07:56:51,19.4
07:56:52,23.6125
07:56:53,27.825
07:56:54,32.0375
07:56:55,36.25
07:56:56,40.4625
07:56:57,44.675
07:56:58,48.8875
07:56:59,53.1
07:57:00,57.3125
07:57:01,61.525
07:57:02,65.7375
07:57:03,69.95
07:57:04,68.199375
07:57:05,66.44875
07:57:06,64.698125
07:57:07,62.9475
07:57:08,61.196875
07:57:09,59.44625
07:57:10,57.695625
07:57:11,55.945
07:57:12,54.194375
07:57:13,52.44375
07:57:14,50.693125
07:57:15,48.9425
07:57:16,47.191875
07:57:17,45.44125
07:57:18,43.690625
07:57:19,41.94
07:57:20,42.1513333333
07:57:21,42.3626666667
07:57:22,42.574
07:57:23,42.7853333333
07:57:24,42.9966666667
07:57:25,43.208
07:57:26,43.4193333333
07:57:27,43.6306666667
07:57:28,43.842
07:57:29,44.0533333333
07:57:30,44.2646666667
07:57:31,44.476
07:57:32,44.6873333333
07:57:33,44.8986666667
07:57:34,45.11
07:57:35,42.6217647059
07:57:36,40.1335294118
07:57:37,37.6452941176
07:57:38,35.1570588235
07:57:39,32.6688235294
07:57:40,30.1805882353
07:57:41,27.6923529412
07:57:42,25.2041176471
07:57:43,22.7158823529
07:57:44,20.2276470588
07:57:45,17.7394117647
07:57:46,15.2511764706
07:57:47,12.7629411765
07:57:48,10.2747058824
07:57:49,7.78647058824
07:57:50,5.29823529412
07:57:51,2.81
07:57:52,2.81
07:57:53,2.81
07:57:54,2.81
07:57:55,2.81
07:57:56,2.81
07:57:57,2.81
07:57:58,2.81
07:57:59,2.81
07:58:00,2.81
07:58:01,2.81
07:58:02,2.81
07:58:03,2.81
07:58:04,2.81
07:58:05,2.81
07:58:06,2.81
07:58:07,2.81
07:58:08,2.81
07:58:09,2.81
07:58:10,2.81
07:58:11,2.81
07:58:12,2.81
07:58:13,2.81
07:58:14,2.81
07:58:15,2.81
07:58:16,2.81
07:58:17,2.81
07:58:18,2.81
07:58:19,2.81
07:58:20,2.81
07:58:21,2.81
07:58:22,2.81
07:58:23,2.81
07:58:24,2.81
07:58:25,2.81
07:58:26,2.81
07:58:27,2.81
07:58:28,2.81
07:58:29,2.81
07:58:30,2.81
07:58:31,2.81
07:58:32,2.81
07:58:33,2.81
07:58:34,2.81
07:58:35,2.81
07:58:36,2.81
07:58:37,2.81
07:58:38,5.73533333333
07:58:39,8.66066666667
07:58:40,11.586
07:58:41,14.5113333333
07:58:42,17.4366666667
07:58:43,20.362
07:58:44,23.2873333333
07:58:45,26.2126666667
07:58:46,29.138
07:58:47,32.0633333333
07:58:48,34.9886666667
07:58:49,37.914
07:58:50,40.8393333333
07:58:51,43.7646666667
07:58:52,46.69
07:58:53,44.9952941176
07:58:54,43.3005882353
07:58:55,41.6058823529
07:58:56,39.9111764706
07:58:57,38.2164705882
07:58:58,36.5217647059
07:58:59,34.8270588235
07:59:00,33.1323529412
07:59:01,31.4376470588
07:59:02,29.7429411765
07:59:03,28.0482352941
07:59:04,26.3535294118
07:59:05,24.6588235294
07:59:06,22.9641176471
07:59:07,21.2694117647
07:59:08,19.5747058824
07:59:09,17.88
07:59:10,16.858
07:59:11,15.836
07:59:12,14.814
07:59:13,13.792
07:59:14,12.77
07:59:15,11.748
07:59:16,10.726
07:59:17,9.704
07:59:18,8.682
07:59:19,7.66
07:59:20,6.638
07:59:21,5.616
07:59:22,4.594
07:59:23,3.572
07:59:24,2.55
07:59:25,2.55
07:59:26,2.55
07:59:27,2.55
07:59:28,2.55
07:59:29,2.55
07:59:30,2.55
07:59:31,2.55
07:59:32,2.55
07:59:33,2.55
07:59:34,2.55
07:59:35,2.55
07:59:36,2.55
07:59:37,2.55
07:59:38,2.55
07:59:39,2.55
07:59:40,2.55
07:59:41,5.97
07:59:42,9.39
07:59:43,12.81
07:59:44,16.23
07:59:45,19.65
07:59:46,23.07
07:59:47,26.49
07:59:48,29.91
07:59:49,33.33
07:59:50,36.75
07:59:51,40.17
07:59:52,43.59
07:59:53,47.01
07:59:54,50.43
07:59:55,53.85
07:59:56,57.27
07:59:57,53.85
07:59:58,50.43
07:59:59,47.01
08:00:00,43.59
08:00:01,40.17
08:00:02,36.75
08:00:03,33.33
08:00:04,29.91
08:00:05,26.49
08:00:06,23.07
08:00:07,19.65
08:00:08,16.23
08:00:09,12.81
08:00:10,9.39
08:00:11,5.97
08:00:12,2.55
08:00:13,2.55
08:00:14,2.55
08:00:15,2.55
08:00:16,2.55
08:00:17,2.55
08:00:18,2.55
08:00:19,2.55
08:00:20,2.55
08:00:21,2.55
08:00:22,2.55
08:00:23,2.55
08:00:24,2.55
08:00:25,2.55
08:00:26,2.55
08:00:27,2.55
08:00:28,2.55
08:00:29,2.55
08:00:30,2.55
08:00:31,2.55
08:00:32,2.55
08:00:33,2.55
08:00:34,2.55
08:00:35,2.55
08:00:36,2.55
08:00:37,2.55
08:00:38,2.55
08:00:39,2.55
08:00:40,2.55
08:00:41,2.55
08:00:42,2.55
08:00:43,2.55
08:00:44,2.55
08:00:45,2.55
08:00:46,2.55
08:00:47,2.55
08:00:48,2.55
08:00:49,2.55
08:00:50,2.55
08:00:51,2.55
08:00:52,2.55
08:00:53,2.55
08:00:54,2.55
08:00:55,2.55
08:00:56,2.55
08:00:57,2.55
08:00:58,2.55
08:00:59,2.55
08:01:00,2.55
08:01:01,2.55
08:01:02,2.55
08:01:03,2.55
08:01:04,2.55
08:01:05,2.55
08:01:06,2.55
08:01:07,2.55
08:01:08,2.55
08:01:09,2.55
08:01:10,2.55
08:01:11,2.55
08:01:12,2.55
08:01:13,2.55
08:01:14,2.55
08:01:15,2.55
08:01:16,2.55
08:01:17,2.55
08:01:18,2.55
08:01:19,2.55
08:01:20,2.55
08:01:21,2.55
08:01:22,2.55
08:01:23,2.55
08:01:24,2.55
08:01:25,2.55
08:01:26,2.55
08:01:27,2.55
08:01:28,2.55
08:01:29,2.55
08:01:30,2.55
08:01:31,2.55
08:01:32,2.55
08:01:33,2.55
08:01:34,2.55
08:01:35,2.55
08:01:36,2.55
08:01:37,2.55
08:01:38,2.55
08:01:39,2.55
08:01:40,2.55
08:01:41,2.55
08:01:42,2.55
08:01:43,2.55
08:01:44,2.55
08:01:45,2.55
08:01:46,2.55
08:01:47,2.55
08:01:48,2.55
08:01:49,2.55
08:01:50,2.55
08:01:51,2.55
08:01:52,2.55
08:01:53,2.55
08:01:54,2.55
08:01:55,2.55
08:01:56,2.55
08:01:57,2.55
08:01:58,2.55
08:01:59,2.55
08:02:00,2.55
08:02:01,2.55
08:02:02,2.55
08:02:03,2.55
08:02:04,2.55
08:02:05,2.55
08:02:06,2.55
08:02:07,2.55
08:02:08,2.55
08:02:09,2.55
08:02:10,2.55
08:02:11,2.55
08:02:12,2.55
08:02:13,2.55
08:02:14,2.55
08:02:15,2.55
08:02:16,2.55
08:02:17,2.55
08:02:18,2.55
08:02:19,2.55
08:02:20,2.55
08:02:21,2.55
08:02:22,2.55
08:02:23,2.55
08:02:24,2.55
08:02:25,2.55
08:02:26,2.55
08:02:27,2.55
08:02:28,2.55
08:02:29,2.55
08:02:30,2.55
08:02:31,2.55
08:02:32,2.55
08:02:33,2.55
08:02:34,2.55
08:02:35,2.55
08:02:36,2.55
08:02:37,2.55
08:02:38,2.55
08:02:39,2.55
08:02:40,2.55
08:02:41,2.55
08:02:42,2.55
08:02:43,2.55
08:02:44,2.55
08:02:45,2.55
08:02:46,2.55
08:02:47,2.55
08:02:48,2.55
08:02:49,2.55
08:02:50,2.55
08:02:51,2.55
08:02:52,2.55
08:02:53,2.55
08:02:54,2.55
08:02:55,2.55
08:02:56,2.55
08:02:57,2.55
08:02:58,2.55
08:02:59,2.55
08:03:00,2.55
08:03:01,2.55
08:03:02,2.55
08:03:03,2.55
08:03:04,2.55
08:03:05,2.55
08:03:06,2.55
08:03:07,2.55
08:03:08,2.55
08:03:09,2.55
08:03:10,2.55
08:03:11,2.55
08:03:12,2.55
08:03:13,2.55
08:03:14,2.55
08:03:15,2.55
08:03:16,2.55
08:03:17,2.55
08:03:18,2.55
08:03:19,2.55
08:03:20,2.55
08:03:21,2.55
08:03:22,2.55
08:03:23,2.55
08:03:24,2.55
08:03:25,2.55
08:03:26,2.55
08:03:27,2.55
08:03:28,2.55
08:03:29,2.55
08:03:30,2.55
08:03:31,2.55
08:03:32,2.55
08:03:33,2.55
08:03:34,2.55
08:03:35,2.55
08:03:36,2.55
08:03:37,2.55
08:03:38,2.55
08:03:39,2.55
08:03:40,2.55
08:03:41,2.55
08:03:42,2.55
08:03:43,2.55
08:03:44,2.55
08:03:45,2.55
08:03:46,2.55
08:03:47,2.55
08:03:48,2.55
08:03:49,2.55
08:03:50,2.55
08:03:51,2.55
08:03:52,2.55
08:03:53,2.55
08:03:54,2.55
08:03:55,2.55
08:03:56,2.55
08:03:57,2.55
08:03:58,2.55
08:03:59,2.55
08:04:00,2.55
08:04:01,2.55
08:04:02,2.55
08:04:03,2.55
08:04:04,2.55
08:04:05,2.55
08:04:06,2.55
08:04:07,2.55
08:04:08,2.55
08:04:09,2.55
08:04:10,2.55
08:04:11,2.55
08:04:12,2.55
08:04:13,2.55
08:04:14,2.55
08:04:15,2.55
08:04:16,2.55
08:04:17,2.55
08:04:18,2.55
08:04:19,2.55
08:04:20,2.55
08:04:21,2.55
08:04:22,2.55
08:04:23,2.55
08:04:24,2.55
08:04:25,2.55
08:04:26,2.55
08:04:27,2.55
08:04:28,2.55
08:04:29,2.55
08:04:30,2.55
08:04:31,2.55
08:04:32,2.55
08:04:33,2.55
08:04:34,2.55
08:04:35,2.55
08:04:36,2.55
08:04:37,2.55
08:04:38,2.55
08:04:39,2.55
08:04:40,2.55
08:04:41,2.55
08:04:42,2.55
08:04:43,2.55
08:04:44,2.55
08:04:45,2.55
08:04:46,2.55
08:04:47,2.55
08:04:48,2.55
08:04:49,2.55
08:04:50,2.55
08:04:51,2.55
08:04:52,2.55
08:04:53,2.55
08:04:54,2.55
08:04:55,2.55
08:04:56,2.55
08:04:57,2.55
08:04:58,2.55
08:04:59,2.55
08:05:00,2.55
08:05:01,2.55
08:05:02,2.55
08:05:03,2.55
08:05:04,2.55
08:05:05,2.55
08:05:06,2.55
08:05:07,2.55
08:05:08,2.55
08:05:09,2.55
08:05:10,2.55
08:05:11,2.55
08:05:12,2.55
08:05:13,2.55
08:05:14,2.55
08:05:15,2.55
08:05:16,2.55
08:05:17,2.55
08:05:18,2.55
08:05:19,2.55
08:05:20,2.55
08:05:21,2.55
08:05:22,2.55
08:05:23,2.55
08:05:24,2.55
08:05:25,2.55
08:05:26,2.55
08:05:27,2.55
08:05:28,2.55
08:05:29,2.55
08:05:30,2.55
08:05:31,2.55
08:05:32,2.55
08:05:33,2.55
08:05:34,2.55
08:05:35,2.55
08:05:36,2.55
08:05:37,2.55
08:05:38,2.55
08:05:39,2.55
08:05:40,2.55
08:05:41,2.55
08:05:42,2.55
08:05:43,2.55
08:05:44,2.55
08:05:45,2.55
08:05:46,2.55
08:05:47,2.55
08:05:48,2.55
08:05:49,2.55
08:05:50,2.55
08:05:51,2.55
08:05:52,2.55
08:05:53,2.55
08:05:54,2.55
08:05:55,2.55
08:05:56,2.55
08:05:57,2.55
08:05:58,2.55
08:05:59,2.55
08:06:00,2.55
08:06:01,2.55
08:06:02,2.55
08:06:03,2.55
08:06:04,2.55
08:06:05,2.55
08:06:06,2.55
08:06:07,2.55
08:06:08,2.55
08:06:09,2.55
08:06:10,2.55
08:06:11,2.55
08:06:12,2.55
08:06:13,2.55
08:06:14,2.55
08:06:15,2.55
08:06:16,2.55
08:06:17,2.55
08:06:18,2.55
08:06:19,2.55
08:06:20,2.55
08:06:21,2.55
08:06:22,2.55
08:06:23,2.55
08:06:24,2.55
08:06:25,2.55
08:06:26,2.55
08:06:27,2.55
08:06:28,2.55
08:06:29,2.55
08:06:30,2.55
08:06:31,2.55
08:06:32,2.55
08:06:33,2.55
08:06:34,2.55
08:06:35,2.55
08:06:36,2.55
08:06:37,2.55
08:06:38,2.55
08:06:39,2.55
08:06:40,2.55
08:06:41,2.55
08:06:42,2.55
08:06:43,2.55
08:06:44,2.55
08:06:45,2.55
08:06:46,2.55
08:06:47,2.55
08:06:48,2.55
08:06:49,2.55
08:06:50,2.55
08:06:51,2.55
08:06:52,2.55
08:06:53,2.55
08:06:54,2.55
08:06:55,2.55
08:06:56,2.55
08:06:57,2.55
08:06:58,2.55
08:06:59,2.55
08:07:00,2.55
08:07:01,2.55
08:07:02,2.55
08:07:03,2.55
08:07:04,2.55
08:07:05,2.55
08:07:06,2.55
08:07:07,2.55
08:07:08,2.55
08:07:09,2.55
08:07:10,2.55
08:07:11,2.55
08:07:12,2.55
08:07:13,2.55
08:07:14,2.55
08:07:15,2.55
08:07:16,2.55
08:07:17,2.55
08:07:18,2.55
08:07:19,2.55
08:07:20,2.55
08:07:21,2.55
08:07:22,2.55
08:07:23,2.55
08:07:24,2.55
08:07:25,2.55
08:07:26,2.55
08:07:27,2.55
08:07:28,2.55
08:07:29,2.55
08:07:30,2.55
08:07:31,2.55
08:07:32,2.55
08:07:33,2.55
08:07:34,2.55
08:07:35,2.55
08:07:36,2.55
08:07:37,2.55
08:07:38,2.55
08:07:39,2.55
08:07:40,2.55
08:07:41,2.55
08:07:42,2.55
08:07:43,2.55
08:07:44,2.55
08:07:45,2.55
08:07:46,2.55
08:07:47,2.55
08:07:48,2.55
08:07:49,2.55
08:07:50,2.55
08:07:51,2.55
08:07:52,2.55
08:07:53,2.55
08:07:54,2.55
08:07:55,2.55
08:07:56,2.55
08:07:57,2.55
08:07:58,2.55
08:07:59,2.55
08:08:00,2.55
08:08:01,2.55
08:08:02,2.55
08:08:03,2.55
08:08:04,2.55
08:08:05,2.55
08:08:06,2.55
08:08:07,2.55
08:08:08,2.55
08:08:09,2.55
08:08:10,2.55
08:08:11,2.55
08:08:12,2.55
08:08:13,2.55
08:08:14,2.55
08:08:15,2.55
08:08:16,2.55
08:08:17,2.55
08:08:18,2.55
08:08:19,2.55
08:08:20,2.55
08:08:21,2.55
08:08:22,2.55
08:08:23,2.55
08:08:24,2.55
08:08:25,2.55
08:08:26,2.55
08:08:27,2.55
08:08:28,2.55
08:08:29,2.55
08:08:30,2.55
08:08:31,2.55
08:08:32,2.55
08:08:33,2.55
08:08:34,2.55
08:08:35,2.55
08:08:36,2.55
08:08:37,2.55
08:08:38,2.55
08:08:39,2.55
08:08:40,2.55
08:08:41,2.55
08:08:42,2.55
08:08:43,2.55
08:08:44,2.55
08:08:45,2.55
08:08:46,2.55
08:08:47,2.55
08:08:48,2.55
08:08:49,2.55
08:08:50,2.55
08:08:51,2.55
08:08:52,2.55
08:08:53,2.55
08:08:54,2.55
08:08:55,2.55
08:08:56,2.55
08:08:57,2.55
08:08:58,2.55
08:08:59,2.55
08:09:00,2.55
08:09:01,2.55
08:09:02,2.55
08:09:03,2.55
08:09:04,2.55
08:09:05,2.55
08:09:06,2.55
08:09:07,2.55
08:09:08,2.55
08:09:09,2.55
08:09:10,2.55
08:09:11,2.55
08:09:12,2.55
08:09:13,2.55
08:09:14,2.55
08:09:15,2.55
08:09:16,2.55
08:09:17,2.55
08:09:18,2.55
08:09:19,2.55
08:09:20,2.55
08:09:21,2.55
08:09:22,2.55
08:09:23,2.55
08:09:24,2.55
08:09:25,2.55
08:09:26,2.55
08:09:27,2.55
08:09:28,2.55
08:09:29,2.55
08:09:30,2.55
08:09:31,2.55
08:09:32,2.55
08:09:33,2.55
08:09:34,2.55
08:09:35,2.55
08:09:36,2.55
08:09:37,2.55
08:09:38,2.55
08:09:39,2.55
08:09:40,2.55
08:09:41,2.55
08:09:42,2.55
08:09:43,2.55
08:09:44,2.55
08:09:45,2.55
08:09:46,2.55
08:09:47,2.55
08:09:48,2.55
08:09:49,2.55
08:09:50,2.55
08:09:51,2.55
08:09:52,2.55
08:09:53,2.55
08:09:54,2.55
08:09:55,2.55
08:09:56,2.55
08:09:57,2.55
08:09:58,2.55
08:09:59,2.55
08:10:00,2.55
08:10:01,2.55
08:10:02,2.55
08:10:03,2.55
08:10:04,2.55
08:10:05,2.55
08:10:06,2.55
08:10:07,2.55
08:10:08,2.55
08:10:09,2.55
08:10:10,2.55
08:10:11,2.55
08:10:12,2.55
08:10:13,2.55
08:10:14,2.55
08:10:15,2.55
08:10:16,2.55
08:10:17,2.55
08:10:18,2.55
08:10:19,2.55
08:10:20,2.55
08:10:21,2.55
08:10:22,2.55
08:10:23,2.55
08:10:24,2.55
08:10:25,2.55
08:10:26,2.55
08:10:27,2.55
08:10:28,2.55
08:10:29,2.55
08:10:30,2.55
08:10:31,2.55
08:10:32,2.55
08:10:33,2.55
08:10:34,2.55
08:10:35,2.55
08:10:36,2.55
08:10:37,2.55
08:10:38,2.55
08:10:39,2.55
08:10:40,2.55
08:10:41,2.55
08:10:42,2.55
08:10:43,2.55
08:10:44,2.55
08:10:45,2.55
08:10:46,2.55
08:10:47,2.55
08:10:48,2.55
08:10:49,2.55
08:10:50,2.55
08:10:51,2.55
08:10:52,2.55
08:10:53,2.55
08:10:54,2.55
08:10:55,2.55
08:10:56,2.55
08:10:57,2.55
08:10:58,2.55
08:10:59,2.55
08:11:00,2.55
08:11:01,2.55
08:11:02,2.55
08:11:03,2.55
08:11:04,2.55
08:11:05,2.55
08:11:06,2.55
08:11:07,2.55
08:11:08,2.55
08:11:09,2.55
08:11:10,2.55
08:11:11,2.55
08:11:12,2.55
08:11:13,2.55
08:11:14,2.55
08:11:15,2.55
08:11:16,2.55
08:11:17,2.55
08:11:18,2.55
08:11:19,2.55
08:11:20,2.55
08:11:21,2.55
08:11:22,2.55
08:11:23,2.55
08:11:24,2.55
08:11:25,2.55
08:11:26,2.55
08:11:27,2.55
08:11:28,2.55
08:11:29,2.55
08:11:30,2.55
08:11:31,2.55
08:11:32,2.55
08:11:33,2.55
08:11:34,2.55
08:11:35,2.55
08:11:36,2.55
08:11:37,2.55
08:11:38,2.55
08:11:39,2.55
08:11:40,2.55
08:11:41,2.55
08:11:42,2.55
08:11:43,2.55
08:11:44,2.55
08:11:45,2.55
08:11:46,2.55
08:11:47,2.55
08:11:48,2.55
08:11:49,2.55
08:11:50,2.55
08:11:51,2.55
08:11:52,2.55
08:11:53,2.55
08:11:54,2.55
08:11:55,2.55
08:11:56,2.55
08:11:57,2.55
08:11:58,2.55
08:11:59,2.55
08:12:00,2.55
08:12:01,2.55
08:12:02,2.55
08:12:03,2.55
08:12:04,2.55
08:12:05,2.55
08:12:06,2.55
08:12:07,2.55
08:12:08,2.55
08:12:09,2.55
08:12:10,2.55
08:12:11,2.55
08:12:12,2.55
08:12:13,2.55
08:12:14,2.55
08:12:15,2.55
08:12:16,2.55
08:12:17,2.55
08:12:18,2.55
08:12:19,2.55
08:12:20,2.55
08:12:21,2.55
08:12:22,2.55
08:12:23,2.55
08:12:24,2.55
08:12:25,2.55
08:12:26,2.55
08:12:27,2.55
08:12:28,2.55
08:12:29,2.55
08:12:30,2.55
08:12:31,2.55
08:12:32,2.55
08:12:33,2.55
08:12:34,2.55
08:12:35,2.55
08:12:36,2.55
08:12:37,2.55
08:12:38,2.55
08:12:39,2.55
08:12:40,2.55
08:12:41,2.55
08:12:42,2.55
08:12:43,2.55
08:12:44,2.55
08:12:45,2.55
08:12:46,2.55
08:12:47,2.55
08:12:48,2.55
08:12:49,2.55
08:12:50,2.55
08:12:51,2.55
08:12:52,2.55
08:12:53,2.55
08:12:54,2.55
08:12:55,2.55
08:12:56,2.55
08:12:57,2.55
08:12:58,2.55
08:12:59,2.55
08:13:00,2.55
08:13:01,2.55
08:13:02,2.55
08:13:03,2.55
08:13:04,2.55
08:13:05,2.55
08:13:06,2.55
08:13:07,2.55
08:13:08,2.55
08:13:09,2.55
08:13:10,2.55
08:13:11,2.55
08:13:12,2.55
08:13:13,2.55
08:13:14,2.55
08:13:15,2.55
08:13:16,2.55
08:13:17,2.55
08:13:18,2.55
08:13:19,2.55
08:13:20,2.55
08:13:21,2.55
08:13:22,2.55
08:13:23,2.55
08:13:24,2.55
08:13:25,2.55
08:13:26,2.55
08:13:27,2.55
08:13:28,2.55
08:13:29,2.55
08:13:30,2.55
08:13:31,2.55
08:13:32,2.55
08:13:33,2.55
08:13:34,2.55
08:13:35,2.55
08:13:36,2.55
08:13:37,2.55
08:13:38,2.55
08:13:39,2.55
08:13:40,2.55
08:13:41,2.55
08:13:42,2.55
08:13:43,2.55
08:13:44,2.55
08:13:45,2.55
08:13:46,2.55
08:13:47,2.55
08:13:48,2.55
08:13:49,2.55
08:13:50,2.55
08:13:51,2.55
08:13:52,2.55
08:13:53,2.55
08:13:54,2.55
08:13:55,2.55
08:13:56,2.55
08:13:57,2.55
08:13:58,2.55
08:13:59,2.55
08:14:00,2.55
08:14:01,2.55
08:14:02,2.55
08:14:03,2.55
08:14:04,2.55
08:14:05,2.55
08:14:06,2.55
08:14:07,2.55
08:14:08,2.55
08:14:09,2.55
08:14:10,2.55
08:14:11,2.55
08:14:12,2.55
08:14:13,2.55
08:14:14,2.55
08:14:15,2.55
08:14:16,2.55
08:14:17,2.55
08:14:18,2.55
08:14:19,2.55
08:14:20,2.55
08:14:21,2.55
08:14:22,2.55
08:14:23,2.55
08:14:24,2.55
08:14:25,2.55
08:14:26,2.55
08:14:27,2.55
08:14:28,2.55
08:14:29,2.55
08:14:30,2.55
08:14:31,2.55
08:14:32,2.55
08:14:33,2.55
08:14:34,2.55
08:14:35,2.55
08:14:36,2.55
08:14:37,2.55
08:14:38,2.55
08:14:39,2.55
08:14:40,2.55
08:14:41,2.55
08:14:42,2.55
08:14:43,2.55
08:14:44,2.55
08:14:45,2.55
08:14:46,2.55
08:14:47,2.55
08:14:48,2.55
08:14:49,2.55
08:14:50,2.55
08:14:51,2.55
08:14:52,2.55
08:14:53,2.55
08:14:54,2.55
08:14:55,2.55
08:14:56,2.55
08:14:57,2.55
08:14:58,2.55
08:14:59,2.55
08:15:00,2.55
08:15:01,2.55
08:15:02,2.55
08:15:03,2.55
08:15:04,2.55
08:15:05,2.55
08:15:06,2.55
08:15:07,2.55
08:15:08,2.55
08:15:09,2.55
08:15:10,2.55
08:15:11,2.55
08:15:12,2.55
08:15:13,2.55
08:15:14,2.55
08:15:15,2.55
08:15:16,2.55
08:15:17,2.55
08:15:18,2.55
08:15:19,2.55
08:15:20,2.55
08:15:21,2.55
08:15:22,2.55
08:15:23,2.55
08:15:24,2.55
08:15:25,2.55
08:15:26,2.55
08:15:27,2.55
08:15:28,2.55
08:15:29,2.55
08:15:30,2.55
08:15:31,2.55
08:15:32,2.55
08:15:33,2.55
08:15:34,2.55
08:15:35,2.55
08:15:36,2.55
08:15:37,2.55
08:15:38,2.55
08:15:39,2.55
08:15:40,2.55
08:15:41,2.55
08:15:42,2.55
08:15:43,2.55
08:15:44,2.55
08:15:45,2.55
08:15:46,2.55
08:15:47,2.55
08:15:48,2.55
08:15:49,2.55
08:15:50,2.55
08:15:51,2.55
08:15:52,2.55
08:15:53,2.55
08:15:54,2.55
08:15:55,2.55
08:15:56,2.55
08:15:57,2.55
08:15:58,2.55
08:15:59,2.55
08:16:00,2.55
08:16:01,2.55
08:16:02,2.55
08:16:03,2.55
08:16:04,2.55
08:16:05,2.55
08:16:06,2.55
08:16:07,2.55
08:16:08,2.55
08:16:09,2.55
08:16:10,2.55
08:16:11,2.55
08:16:12,2.55
08:16:13,2.55
08:16:14,2.55
08:16:15,2.55
08:16:16,2.55
08:16:17,2.55
08:16:18,2.55
08:16:19,2.55
08:16:20,2.55
08:16:21,2.55
08:16:22,2.55
08:16:23,2.55
08:16:24,2.55
08:16:25,2.55
08:16:26,2.55
08:16:27,2.55
08:16:28,2.55
08:16:29,2.55
08:16:30,2.55
08:16:31,2.55
08:16:32,2.55
08:16:33,2.55
08:16:34,2.55
08:16:35,2.55
08:16:36,2.55
08:16:37,2.55
08:16:38,2.55
08:16:39,2.55
08:16:40,2.55
08:16:41,2.55
08:16:42,2.55
08:16:43,2.55
08:16:44,2.55
08:16:45,2.55
08:16:46,2.55
08:16:47,2.55
08:16:48,2.55
08:16:49,2.55
08:16:50,2.55
08:16:51,2.55
08:16:52,2.55
08:16:53,2.55
08:16:54,2.55
08:16:55,2.55
08:16:56,2.55
08:16:57,2.55
08:16:58,2.55
08:16:59,2.55
08:17:00,2.55
08:17:01,2.55
08:17:02,2.55
08:17:03,2.55
08:17:04,2.55
08:17:05,2.55
08:17:06,2.55
08:17:07,2.55
08:17:08,2.55
08:17:09,2.55
08:17:10,2.55
08:17:11,2.55
08:17:12,2.55
08:17:13,2.55
08:17:14,2.55
08:17:15,2.55
08:17:16,2.55
08:17:17,2.55
08:17:18,2.55
08:17:19,6.99375
08:17:20,11.4375
08:17:21,15.88125
08:17:22,20.325
08:17:23,24.76875
08:17:24,29.2125
08:17:25,33.65625
08:17:26,38.1
08:17:27,42.54375
08:17:28,46.9875
08:17:29,51.43125
08:17:30,55.875
08:17:31,60.31875
08:17:32,64.7625
08:17:33,69.20625
08:17:34,73.65
08:17:35,74.4253333333
08:17:36,75.2006666667
08:17:37,75.976
08:17:38,76.7513333333
08:17:39,77.5266666667
08:17:40,78.302
08:17:41,79.0773333333
08:17:42,79.8526666667
08:17:43,80.628
08:17:44,81.4033333333
08:17:45,82.1786666667
08:17:46,82.954
08:17:47,83.7293333333
08:17:48,84.5046666667
08:17:49,85.28
08:17:50,83.4107142857
08:17:51,81.5414285714
08:17:52,79.6721428571
08:17:53,77.8028571429
08:17:54,75.9335714286
08:17:55,74.0642857143
08:17:56,72.195
08:17:57,70.3257142857
08:17:58,68.4564285714
08:17:59,66.5871428571
08:18:00,64.7178571429
08:18:01,62.8485714286
08:18:02,60.9792857143
08:18:03,59.11
08:18:04,55.7829411765
08:18:05,52.4558823529
08:18:06,49.1288235294
08:18:07,45.8017647059
08:18:08,42.4747058824
08:18:09,39.1476470588
08:18:10,35.8205882353
08:18:11,32.4935294118
08:18:12,29.1664705882
08:18:13,25.8394117647
08:18:14,22.5123529412
08:18:15,19.1852941176
08:18:16,15.8582352941
08:18:17,12.5311764706
08:18:18,9.20411764706
08:18:19,5.87705882353
08:18:20,2.55
08:18:21,2.55
08:18:22,2.55
08:18:23,2.55
08:18:24,2.55
08:18:25,2.55
08:18:26,2.55
08:18:27,2.55
08:18:28,2.55
08:18:29,2.55
08:18:30,2.55
08:18:31,2.55
08:18:32,2.55
08:18:33,2.55
08:18:34,2.55
08:18:35,2.55
08:18:36,2.55
08:18:37,2.55
08:18:38,2.55
08:18:39,2.55
08:18:40,2.55
08:18:41,2.55
08:18:42,2.55
08:18:43,2.55
08:18:44,2.55
08:18:45,2.55
08:18:46,2.55
08:18:47,2.55
08:18:48,2.55
08:18:49,2.55
08:18:50,2.55
08:18:51,2.55
08:18:52,2.55
08:18:53,2.55
08:18:54,2.55
08:18:55,2.55
08:18:56,2.55
08:18:57,2.55
08:18:58,2.55
08:18:59,2.55
08:19:00,2.55
08:19:01,2.55
08:19:02,2.55
08:19:03,2.55
08:19:04,2.55
08:19:05,2.55
08:19:06,2.55
08:19:07,2.55
08:19:08,2.55
08:19:09,2.55
08:19:10,2.55
08:19:11,2.55
08:19:12,2.55
08:19:13,2.55
08:19:14,2.55
08:19:15,2.55
08:19:16,2.55
08:19:17,2.55
08:19:18,2.55
08:19:19,2.55
08:19:20,2.55
08:19:21,2.55
08:19:22,2.55
08:19:23,2.55
08:19:24,2.55
08:19:25,2.55
08:19:26,2.55
08:19:27,2.55
08:19:28,2.55
08:19:29,2.55
08:19:30,2.55
08:19:31,2.55
08:19:32,2.55
08:19:33,2.55
08:19:34,2.55
08:19:35,2.55
08:19:36,2.55
08:19:37,2.55
08:19:38,2.55
08:19:39,2.55
08:19:40,2.55
08:19:41,2.55
08:19:42,2.55
08:19:43,2.55
08:19:44,2.55
08:19:45,2.55
08:19:46,2.55
08:19:47,2.55
08:19:48,2.55
08:19:49,2.55
08:19:50,2.55
08:19:51,2.55
08:19:52,2.55
08:19:53,2.55
08:19:54,2.55
08:19:55,2.55
08:19:56,2.55
08:19:57,2.55
08:19:58,2.55
08:19:59,2.55
08:20:00,2.55
08:20:01,2.55
08:20:02,2.55
08:20:03,2.55
08:20:04,2.55
08:20:05,2.55
08:20:06,2.55
08:20:07,2.55
08:20:08,2.55
08:20:09,2.55
08:20:10,2.55
08:20:11,2.55
08:20:12,2.55
08:20:13,2.55
08:20:14,2.55
08:20:15,2.55
08:20:16,2.55
08:20:17,2.55
08:20:18,2.55
08:20:19,2.55
08:20:20,2.55
08:20:21,2.55
08:20:22,2.55
08:20:23,2.55
08:20:24,2.55
08:20:25,2.55
08:20:26,2.55
08:20:27,2.55
08:20:28,2.55
08:20:29,2.55
08:20:30,2.55
08:20:31,2.55
08:20:32,2.55
08:20:33,2.55
08:20:34,2.55
08:20:35,2.55
08:20:36,2.55
08:20:37,2.55
08:20:38,2.55
08:20:39,2.55
08:20:40,2.55
08:20:41,2.55
08:20:42,2.55
08:20:43,2.55
08:20:44,2.55
08:20:45,2.55
08:20:46,2.55
08:20:47,2.55
08:20:48,2.55
08:20:49,2.55
08:20:50,2.55
08:20:51,2.55
08:20:52,2.55
08:20:53,2.55
08:20:54,2.55
08:20:55,2.55
08:20:56,2.55
08:20:57,2.55
08:20:58,2.55
08:20:59,2.55
08:21:00,2.55
08:21:01,2.55
08:21:02,2.55
08:21:03,2.55
08:21:04,2.55
08:21:05,2.55
08:21:06,2.55
08:21:07,2.55
08:21:08,2.55
08:21:09,2.55
08:21:10,2.55
08:21:11,2.55
08:21:12,2.55
08:21:13,2.55
08:21:14,2.55
08:21:15,2.55
08:21:16,2.55
08:21:17,2.55
08:21:18,2.55
08:21:19,2.55
08:21:20,2.55
08:21:21,2.55
08:21:22,2.55
08:21:23,2.55
08:21:24,2.55
08:21:25,2.55
08:21:26,2.55
08:21:27,2.55
08:21:28,2.55
08:21:29,2.55
08:21:30,2.55
08:21:31,2.55
08:21:32,2.55
08:21:33,2.55
08:21:34,2.55
08:21:35,2.55
08:21:36,2.55
08:21:37,2.55
08:21:38,2.55
08:21:39,2.55
08:21:40,2.55
08:21:41,2.55
08:21:42,2.55
08:21:43,2.55
08:21:44,2.55
08:21:45,2.55
08:21:46,2.55
08:21:47,2.55
08:21:48,2.55
08:21:49,2.55
08:21:50,2.55
08:21:51,2.55
08:21:52,2.55
08:21:53,2.55
08:21:54,2.55
08:21:55,2.55
08:21:56,2.55
08:21:57,2.55
08:21:58,2.55
08:21:59,2.55
08:22:00,2.55
08:22:01,2.55
08:22:02,2.55
08:22:03,2.55
08:22:04,2.55
08:22:05,2.55
08:22:06,2.55
08:22:07,2.55
08:22:08,2.55
08:22:09,2.55
08:22:10,2.55
08:22:11,2.55
08:22:12,2.55
08:22:13,2.55
08:22:14,2.55
08:22:15,2.55
08:22:16,2.55
08:22:17,2.55
08:22:18,2.55
08:22:19,2.55
08:22:20,2.55
08:22:21,2.55
08:22:22,2.55
08:22:23,2.55
08:22:24,2.55
08:22:25,2.55
08:22:26,2.55
08:22:27,2.55
08:22:28,2.55
08:22:29,2.55
08:22:30,2.55
08:22:31,2.55
08:22:32,2.55
08:22:33,2.55
08:22:34,2.55
08:22:35,2.55
08:22:36,2.55
08:22:37,2.55
08:22:38,2.55
08:22:39,2.55
08:22:40,2.55
08:22:41,2.55
08:22:42,2.55
08:22:43,2.55
08:22:44,2.55
08:22:45,2.55
08:22:46,7.555625
08:22:47,12.56125
08:22:48,17.566875
08:22:49,22.5725
08:22:50,27.578125
08:22:51,32.58375
08:22:52,37.589375
08:22:53,42.595
08:22:54,47.600625
08:22:55,52.60625
08:22:56,57.611875
08:22:57,62.6175
08:22:58,67.623125
08:22:59,72.62875
08:23:00,77.634375
08:23:01,82.64
08:23:02,83.486
08:23:03,84.332
08:23:04,85.178
08:23:05,86.024
08:23:06,86.87
08:23:07,87.716
08:23:08,88.562
08:23:09,89.408
08:23:10,90.254
08:23:11,91.1
08:23:12,91.946
08:23:13,92.792
08:23:14,93.638
08:23:15,94.484
08:23:16,95.33
08:23:17,94.9723529412
08:23:18,94.6147058824
08:23:19,94.2570588235
08:23:20,93.8994117647
08:23:21,93.5417647059
08:23:22,93.1841176471
08:23:23,92.8264705882
08:23:24,92.4688235294
08:23:25,92.1111764706
08:23:26,91.7535294118
08:23:27,91.3958823529
08:23:28,91.0382352941
08:23:29,90.6805882353
08:23:30,90.3229411765
08:23:31,89.9652941176
08:23:32,89.6076470588
08:23:33,89.25
08:23:34,89.25
08:23:35,89.25
08:23:36,89.25
08:23:37,89.25
08:23:38,89.25
08:23:39,89.25
08:23:40,89.25
08:23:41,89.25
08:23:42,89.25
08:23:43,89.25
08:23:44,89.25
08:23:45,89.25
08:23:46,89.25
08:23:47,89.25
08:23:48,89.25
08:23:49,89.25
08:23:50,89.25
08:23:51,89.25
08:23:52,89.25
08:23:53,89.25
08:23:54,89.25
08:23:55,89.25
08:23:56,89.25
08:23:57,89.25
08:23:58,89.25
08:23:59,89.25
08:24:00,89.25
08:24:01,89.25
08:24:02,89.25
08:24:03,89.25
08:24:04,89.25
08:24:05,89.25
08:24:06,89.25
08:24:07,89.25
08:24:08,89.25
08:24:09,89.25
08:24:10,89.25
08:24:11,89.25
08:24:12,89.25
08:24:13,89.25
08:24:14,89.25
08:24:15,89.25
08:24:16,89.25
08:24:17,89.25
08:24:18,89.25
08:24:19,89.25
08:24:20,89.25
08:24:21,89.25
08:24:22,89.25
08:24:23,89.25
08:24:24,89.25
08:24:25,89.25
08:24:26,89.25
08:24:27,89.25
08:24:28,89.25
08:24:29,89.25
08:24:30,89.25
08:24:31,89.25
08:24:32,89.25
08:24:33,89.25
08:24:34,89.25
08:24:35,89.25
08:24:36,89.25
08:24:37,89.25
08:24:38,89.25
08:24:39,89.25
08:24:40,89.25
08:24:41,89.25
08:24:42,89.25
08:24:43,89.25
08:24:44,89.25
08:24:45,89.25
08:24:46,89.25
08:24:47,89.25
08:24:48,89.25
08:24:49,89.25
08:24:50,89.25
08:24:51,89.25
08:24:52,89.25
08:24:53,89.25
08:24:54,89.25
08:24:55,89.25
08:24:56,89.25
08:24:57,89.25
08:24:58,89.25
08:24:59,89.25
08:25:00,89.25
08:25:01,89.25
08:25:02,89.25
08:25:03,89.25
08:25:04,89.25
08:25:05,89.25
08:25:06,89.25
08:25:07,89.25
08:25:08,89.144
08:25:09,89.038
08:25:10,88.932
08:25:11,88.826
08:25:12,88.72
08:25:13,88.614
08:25:14,88.508
08:25:15,88.402
08:25:16,88.296
08:25:17,88.19
08:25:18,88.084
08:25:19,87.978
08:25:20,87.872
08:25:21,87.766
08:25:22,87.66
08:25:23,87.766
08:25:24,87.872
08:25:25,87.978
08:25:26,88.084
08:25:27,88.19
08:25:28,88.296
08:25:29,88.402
08:25:30,88.508
08:25:31,88.614
08:25:32,88.72
08:25:33,88.826
08:25:34,88.932
08:25:35,89.038
08:25:36,89.144
08:25:37,89.25
08:25:38,89.25
08:25:39,89.25
08:25:40,89.25
08:25:41,89.25
08:25:42,89.25
08:25:43,89.25
08:25:44,89.25
08:25:45,89.25
08:25:46,89.25
08:25:47,89.25
08:25:48,89.25
08:25:49,89.25
08:25:50,89.25
08:25:51,89.25
08:25:52,89.25
08:25:53,89.25
08:25:54,89.25
08:25:55,89.25
08:25:56,89.25
08:25:57,89.25
08:25:58,89.25
08:25:59,89.25
08:26:00,89.25
08:26:01,89.25
08:26:02,89.25
08:26:03,89.25
08:26:04,89.25
08:26:05,89.25
08:26:06,89.25
08:26:07,89.25
08:26:08,89.25
08:26:09,87.87875
08:26:10,86.5075
08:26:11,85.13625
08:26:12,83.765
08:26:13,82.39375
08:26:14,81.0225
08:26:15,79.65125
08:26:16,78.28
08:26:17,76.90875
08:26:18,75.5375
08:26:19,74.16625
08:26:20,72.795
08:26:21,71.42375
08:26:22,70.0525
08:26:23,68.68125
08:26:24,67.31
08:26:25,63.6870588235
08:26:26,60.0641176471
08:26:27,56.4411764706
08:26:28,52.8182352941
08:26:29,49.1952941176
08:26:30,45.5723529412
08:26:31,41.9494117647
08:26:32,38.3264705882
08:26:33,34.7035294118
08:26:34,31.0805882353
08:26:35,27.4576470588
08:26:36,23.8347058824
08:26:37,20.2117647059
08:26:38,16.5888235294
08:26:39,12.9658823529
08:26:40,9.34294117647
08:26:41,5.72
08:26:42,5.50866666667
08:26:43,5.29733333333
08:26:44,5.086
08:26:45,4.87466666667
08:26:46,4.66333333333
08:26:47,4.452
08:26:48,4.24066666667
08:26:49,4.02933333333
08:26:50,3.818
08:26:51,3.60666666667
08:26:52,3.39533333333
08:26:53,3.184
08:26:54,2.97266666667
08:26:55,2.76133333333
08:26:56,2.55
08:26:57,2.55
08:26:58,2.55
08:26:59,2.55
08:27:00,2.55
08:27:01,2.55
08:27:02,2.55
08:27:03,2.55
08:27:04,2.55
08:27:05,2.55
08:27:06,2.55
08:27:07,2.55
08:27:08,2.55
08:27:09,2.55
08:27:10,2.55
08:27:11,2.55
08:27:12,2.55
08:27:13,2.55
08:27:14,2.55
08:27:15,2.55
08:27:16,2.55
08:27:17,2.55
08:27:18,2.55
08:27:19,2.55
08:27:20,2.55
08:27:21,2.55
08:27:22,2.55
08:27:23,2.55
08:27:24,2.55
08:27:25,2.55
08:27:26,2.55
08:27:27,6.25066666667
08:27:28,9.95133333333
08:27:29,13.652
08:27:30,17.3526666667
08:27:31,21.0533333333
08:27:32,24.754
08:27:33,28.4546666667
08:27:34,32.1553333333
08:27:35,35.856
08:27:36,39.5566666667
08:27:37,43.2573333333
08:27:38,46.958
08:27:39,50.6586666667
08:27:40,54.3593333333
08:27:41,58.06
08:27:42,60.4213333333
08:27:43,62.7826666667
08:27:44,65.144
08:27:45,67.5053333333
08:27:46,69.8666666667
08:27:47,72.228
08:27:48,74.5893333333
08:27:49,76.9506666667
08:27:50,79.312
08:27:51,81.6733333333
08:27:52,84.0346666667
08:27:53,86.396
08:27:54,88.7573333333
08:27:55,91.1186666667
08:27:56,93.48
08:27:57,93.1825
08:27:58,92.885
08:27:59,92.5875
08:28:00,92.29
08:28:01,91.9925
08:28:02,91.695
08:28:03,91.3975
08:28:04,91.1
08:28:05,90.8025
08:28:06,90.505
08:28:07,90.2075
08:28:08,89.91
08:28:09,89.6125
08:28:10,89.315
08:28:11,89.0175
08:28:12,88.72
08:28:13,88.72
08:28:14,88.72
08:28:15,88.72
08:28:16,88.72
08:28:17,88.72
08:28:18,88.72
08:28:19,88.72
08:28:20,88.72
08:28:21,88.72
08:28:22,88.72
08:28:23,88.72
08:28:24,88.72
08:28:25,88.72
08:28:26,88.72
08:28:27,88.72
08:28:28,88.72
08:28:29,88.72
08:28:30,88.72
08:28:31,88.72
08:28:32,88.72
08:28:33,88.72
08:28:34,88.72
08:28:35,88.72
08:28:36,88.72
08:28:37,88.72
08:28:38,88.72
08:28:39,88.72
08:28:40,88.72
08:28:41,88.72
08:28:42,88.72
08:28:43,88.72
08:28:44,88.72
08:28:45,88.72
08:28:46,88.72
08:28:47,88.72
08:28:48,88.72
08:28:49,88.72
08:28:50,88.72
08:28:51,88.72
08:28:52,88.72
08:28:53,88.72
08:28:54,88.72
08:28:55,88.72
08:28:56,88.72
08:28:57,88.72
08:28:58,88.72
08:28:59,88.72
08:29:00,88.72
08:29:01,88.72
08:29:02,88.72
08:29:03,88.72
08:29:04,88.72
08:29:05,88.72
08:29:06,88.72
08:29:07,88.72
08:29:08,88.72
08:29:09,88.72
08:29:10,88.72
08:29:11,88.72
08:29:12,88.72
08:29:13,88.72
08:29:14,88.72
08:29:15,88.72
08:29:16,88.72
08:29:17,88.72
08:29:18,88.72
08:29:19,88.72
08:29:20,88.72
08:29:21,88.72
08:29:22,88.72
08:29:23,88.72
08:29:24,88.72
08:29:25,88.72
08:29:26,88.72
08:29:27,88.72
08:29:28,88.72
08:29:29,88.72
08:29:30,88.72
08:29:31,88.72
08:29:32,88.72
08:29:33,88.72
08:29:34,88.72
08:29:35,88.72
08:29:36,88.72
08:29:37,88.72
08:29:38,88.72
08:29:39,88.72
08:29:40,88.72
08:29:41,88.72
08:29:42,88.72
08:29:43,88.72
08:29:44,88.72
08:29:45,88.72
08:29:46,88.72
08:29:47,88.72
08:29:48,88.72
08:29:49,88.72
08:29:50,88.72
08:29:51,88.72
08:29:52,88.72
08:29:53,88.72
08:29:54,88.72
08:29:55,88.72
08:29:56,88.72
08:29:57,88.72
08:29:58,88.72
08:29:59,88.72
08:30:00,88.72
08:30:01,88.72
08:30:02,88.72
08:30:03,88.72
08:30:04,88.72
08:30:05,88.72
08:30:06,88.72
08:30:07,88.72
08:30:08,88.72
08:30:09,88.72
08:30:10,88.72
08:30:11,88.72
08:30:12,88.72
08:30:13,88.72
08:30:14,88.72
08:30:15,88.72
08:30:16,88.72
08:30:17,88.72
08:30:18,88.72
08:30:19,88.72
08:30:20,88.72
08:30:21,88.72
08:30:22,88.72
08:30:23,88.72
08:30:24,88.72
08:30:25,88.72
08:30:26,88.72
08:30:27,88.72
08:30:28,88.72
08:30:29,88.72
08:30:30,88.72
08:30:31,88.72
08:30:32,88.72
08:30:33,88.72
08:30:34,88.72
08:30:35,88.72
08:30:36,88.72
08:30:37,88.72
08:30:38,88.72
08:30:39,88.72
08:30:40,88.72
08:30:41,88.72
08:30:42,88.72
08:30:43,88.72
08:30:44,88.72
08:30:45,88.72
08:30:46,88.72
08:30:47,88.72
08:30:48,88.72
08:30:49,88.72
08:30:50,88.72
08:30:51,88.72
08:30:52,88.72
08:30:53,88.72
08:30:54,88.72
08:30:55,88.72
08:30:56,88.72
08:30:57,88.72
08:30:58,88.72
08:30:59,88.72
08:31:00,88.72
08:31:01,88.72
08:31:02,88.72
08:31:03,88.72
08:31:04,88.72
08:31:05,88.72
08:31:06,88.72
08:31:07,88.72
08:31:08,88.72
08:31:09,88.72
08:31:10,88.72
08:31:11,88.72
08:31:12,88.72
08:31:13,88.72
08:31:14,88.72
08:31:15,88.72
08:31:16,88.72
08:31:17,88.72
08:31:18,88.72
08:31:19,88.72
08:31:20,88.72
08:31:21,88.72
08:31:22,88.72
08:31:23,88.72
08:31:24,88.72
08:31:25,88.72
08:31:26,88.72
08:31:27,88.72
08:31:28,88.72
08:31:29,88.72
08:31:30,88.72
08:31:31,88.72
08:31:32,88.72
08:31:33,88.72
08:31:34,88.72
08:31:35,88.72
08:31:36,88.72
08:31:37,88.72
08:31:38,88.72
08:31:39,88.72
08:31:40,88.72
08:31:41,88.72
08:31:42,88.72
08:31:43,88.72
08:31:44,88.72
08:31:45,88.72
08:31:46,88.72
08:31:47,88.72
08:31:48,88.604375
08:31:49,88.48875
08:31:50,88.373125
08:31:51,88.2575
08:31:52,88.141875
08:31:53,88.02625
08:31:54,87.910625
08:31:55,87.795
08:31:56,87.679375
08:31:57,87.56375
08:31:58,87.448125
08:31:59,87.3325
08:32:00,87.216875
08:32:01,87.10125
08:32:02,86.985625
08:32:03,86.87
08:32:04,84.0870588235
08:32:05,81.3041176471
08:32:06,78.5211764706
08:32:07,75.7382352941
08:32:08,72.9552941176
08:32:09,70.1723529412
08:32:10,67.3894117647
08:32:11,64.6064705882
08:32:12,61.8235294118
08:32:13,59.0405882353
08:32:14,56.2576470588
08:32:15,53.4747058824
08:32:16,50.6917647059
08:32:17,47.9088235294
08:32:18,45.1258823529
08:32:19,42.3429411765
08:32:20,39.56
08:32:21,37.0926666667
08:32:22,34.6253333333
08:32:23,32.158
08:32:24,29.6906666667
08:32:25,27.2233333333
08:32:26,24.756
08:32:27,22.2886666667
08:32:28,19.8213333333
08:32:29,17.354
08:32:30,14.8866666667
08:32:31,12.4193333333
08:32:32,9.952
08:32:33,7.48466666667
08:32:34,5.01733333333
08:32:35,2.55
08:32:36,2.55
08:32:37,2.55
08:32:38,2.55
08:32:39,2.55
08:32:40,2.55
08:32:41,2.55
08:32:42,2.55
08:32:43,2.55
08:32:44,2.55
08:32:45,2.55
08:32:46,2.55
08:32:47,2.55
08:32:48,2.55
08:32:49,2.55
08:32:50,2.55
08:32:51,2.55
08:32:52,2.55
08:32:53,2.55
08:32:54,2.55
08:32:55,2.55
08:32:56,2.55
08:32:57,2.55
08:32:58,2.55
08:32:59,2.55
08:33:00,2.55
08:33:01,2.55
08:33:02,2.55
08:33:03,2.55
08:33:04,2.55
08:33:05,2.55
08:33:06,2.55
08:33:07,2.55
08:33:08,2.55
08:33:09,2.55
08:33:10,2.55
08:33:11,2.55
08:33:12,2.55
08:33:13,2.55
08:33:14,2.55
08:33:15,2.55
08:33:16,2.55
08:33:17,2.55
08:33:18,2.55
08:33:19,2.55
08:33:20,2.55
08:33:21,2.55
08:33:22,2.55
08:33:23,2.55
08:33:24,2.55
08:33:25,2.55
08:33:26,2.55
08:33:27,2.55
08:33:28,2.55
08:33:29,2.55
08:33:30,2.55
08:33:31,2.55
08:33:32,2.55
08:33:33,2.55
08:33:34,2.55
08:33:35,2.55
08:33:36,2.55
08:33:37,2.55
08:33:38,2.55
08:33:39,2.55
08:33:40,2.55
08:33:41,2.55
08:33:42,2.55
08:33:43,2.55
08:33:44,2.55
08:33:45,2.55
08:33:46,2.55
08:33:47,2.55
08:33:48,2.55
08:33:49,2.55
08:33:50,2.55
08:33:51,2.55
08:33:52,2.55
08:33:53,2.55
08:33:54,2.55
08:33:55,2.55
08:33:56,2.55
08:33:57,2.55
08:33:58,2.55
08:33:59,2.55
08:34:00,2.55
08:34:01,2.55
08:34:02,2.55
08:34:03,2.55
08:34:04,2.55
08:34:05,2.55
08:34:06,2.55
08:34:07,2.55
08:34:08,2.55
08:34:09,2.55
08:34:10,2.55
08:34:11,2.55
08:34:12,2.55
08:34:13,2.55
08:34:14,2.55
08:34:15,2.55
08:34:16,2.55
08:34:17,2.55
08:34:18,2.55
08:34:19,2.55
08:34:20,2.55
08:34:21,2.55
08:34:22,2.55
08:34:23,2.55
08:34:24,2.55
08:34:25,2.55
08:34:26,2.55
08:34:27,2.55
08:34:28,2.55
08:34:29,2.55
08:34:30,2.55
08:34:31,2.55
08:34:32,2.55
08:34:33,2.55
08:34:34,2.55
08:34:35,2.55
08:34:36,2.55
08:34:37,2.55
08:34:38,2.55
08:34:39,2.55
08:34:40,2.55
08:34:41,2.55
08:34:42,2.55
08:34:43,2.55
08:34:44,2.55
08:34:45,2.55
08:34:46,2.55
08:34:47,2.55
08:34:48,2.55
08:34:49,2.55
08:34:50,2.55
08:34:51,2.55
08:34:52,2.55
08:34:53,2.55
08:34:54,2.55
08:34:55,2.55
08:34:56,2.55
08:34:57,2.55
08:34:58,2.55
08:34:59,2.55
08:35:00,2.55
08:35:01,2.55
08:35:02,2.55
08:35:03,2.55
08:35:04,2.55
08:35:05,2.55
08:35:06,2.55
08:35:07,2.55
08:35:08,2.55
08:35:09,2.55
08:35:10,2.55
08:35:11,2.55
08:35:12,2.55
08:35:13,2.55
08:35:14,2.55
08:35:15,2.55
08:35:16,2.55
08:35:17,2.55
08:35:18,2.55
08:35:19,2.55
08:35:20,2.55
08:35:21,2.55
08:35:22,2.55
08:35:23,2.55
08:35:24,2.55
08:35:25,2.55
08:35:26,2.55
08:35:27,2.55
08:35:28,2.55
08:35:29,2.55
08:35:30,2.55
08:35:31,2.55
08:35:32,2.55
08:35:33,2.55
08:35:34,2.55
08:35:35,2.55
08:35:36,2.55
08:35:37,2.55
08:35:38,2.55
08:35:39,2.55
08:35:40,2.55
08:35:41,2.55
08:35:42,2.55
08:35:43,2.55
08:35:44,2.55
08:35:45,2.55
08:35:46,2.55
08:35:47,2.55
08:35:48,2.55
08:35:49,2.55
08:35:50,2.55
08:35:51,2.55
08:35:52,2.55
08:35:53,2.55
08:35:54,2.55
08:35:55,2.55
08:35:56,2.55
08:35:57,2.55
08:35:58,2.55
08:35:59,2.55
08:36:00,2.55
08:36:01,2.55
08:36:02,2.55
08:36:03,2.55
08:36:04,2.55
08:36:05,2.55
08:36:06,2.55
08:36:07,2.55
08:36:08,2.55
08:36:09,2.55
08:36:10,2.55
08:36:11,2.55
08:36:12,2.55
08:36:13,2.55
08:36:14,2.55
08:36:15,2.55
08:36:16,2.55
08:36:17,2.55
08:36:18,2.55
08:36:19,2.55
08:36:20,2.55
08:36:21,2.55
08:36:22,2.55
08:36:23,2.55
08:36:24,2.55
08:36:25,2.55
08:36:26,2.55
08:36:27,2.55
08:36:28,2.55
08:36:29,2.55
08:36:30,2.55
08:36:31,2.55
08:36:32,2.55
08:36:33,2.55
08:36:34,2.55
08:36:35,2.55
08:36:36,2.55
08:36:37,2.55
08:36:38,2.55
08:36:39,2.55
08:36:40,2.55
08:36:41,2.55
08:36:42,2.55
08:36:43,2.55
08:36:44,2.55
08:36:45,2.55
08:36:46,2.55
08:36:47,2.55
08:36:48,2.55
08:36:49,2.55
08:36:50,2.55
08:36:51,2.55
08:36:52,2.55
08:36:53,2.55
08:36:54,2.55
08:36:55,2.55
08:36:56,2.55
08:36:57,2.55
08:36:58,2.55
08:36:59,2.55
08:37:00,2.55
08:37:01,2.55
08:37:02,2.55
08:37:03,2.55
08:37:04,2.55
08:37:05,2.55
08:37:06,2.55
08:37:07,2.55
08:37:08,2.55
08:37:09,2.55
08:37:10,2.55
08:37:11,2.55
08:37:12,2.55
08:37:13,2.55
08:37:14,2.55
08:37:15,2.55
08:37:16,2.55
08:37:17,2.55
08:37:18,2.55
08:37:19,2.55
08:37:20,2.55
08:37:21,2.55
08:37:22,2.55
08:37:23,2.55
08:37:24,2.55
08:37:25,2.55
08:37:26,2.55
08:37:27,2.55
08:37:28,2.55
08:37:29,2.55
08:37:30,2.55
08:37:31,2.55
08:37:32,2.55
08:37:33,2.55
08:37:34,2.55
08:37:35,2.55
08:37:36,2.55
08:37:37,2.55
08:37:38,2.55
08:37:39,2.55
08:37:40,2.55
08:37:41,2.55
08:37:42,2.55
08:37:43,2.55
08:37:44,2.55
08:37:45,2.55
08:37:46,2.55
08:37:47,2.55
08:37:48,2.55
08:37:49,2.55
08:37:50,2.55
08:37:51,2.55
08:37:52,2.55
08:37:53,2.55
08:37:54,2.55
08:37:55,2.55
08:37:56,2.55
08:37:57,2.55
08:37:58,2.55
08:37:59,2.55
08:38:00,2.55
08:38:01,2.55
08:38:02,2.55
08:38:03,2.55
08:38:04,2.55
08:38:05,2.55
08:38:06,2.55
08:38:07,2.55
08:38:08,2.55
08:38:09,2.55
08:38:10,2.55
08:38:11,2.55
08:38:12,2.55
08:38:13,2.55
08:38:14,2.55
08:38:15,2.55
08:38:16,2.55
08:38:17,2.55
08:38:18,2.55
08:38:19,2.55
08:38:20,2.55
08:38:21,2.55
08:38:22,2.55
08:38:23,2.55
08:38:24,2.55
08:38:25,2.55
08:38:26,2.55
08:38:27,2.55
08:38:28,2.55
08:38:29,2.55
08:38:30,2.55
08:38:31,2.55
08:38:32,2.55
08:38:33,2.55
08:38:34,2.55
08:38:35,2.55
08:38:36,2.55
08:38:37,2.55
08:38:38,2.55
08:38:39,2.55
08:38:40,2.55
08:38:41,2.55
08:38:42,2.55
08:38:43,2.55
08:38:44,2.55
08:38:45,2.55
08:38:46,2.55
08:38:47,2.55
08:38:48,2.55
08:38:49,2.55
08:38:50,2.55
08:38:51,2.55
08:38:52,2.55
08:38:53,2.55
08:38:54,2.55
08:38:55,2.55
08:38:56,2.55
08:38:57,2.55
08:38:58,2.55
08:38:59,2.55
08:39:00,2.55
08:39:01,2.55
08:39:02,2.55
08:39:03,2.55
08:39:04,2.55
08:39:05,2.55
08:39:06,2.55
08:39:07,2.55
08:39:08,2.55
08:39:09,2.55
08:39:10,2.55
08:39:11,2.55
08:39:12,2.55
08:39:13,2.55
08:39:14,2.55
08:39:15,2.55
08:39:16,2.55
08:39:17,2.55
08:39:18,2.55
08:39:19,2.55
08:39:20,2.55
08:39:21,2.55
08:39:22,2.55
08:39:23,2.55
08:39:24,2.55
08:39:25,2.55
08:39:26,2.55
08:39:27,2.55
08:39:28,2.55
08:39:29,2.55
08:39:30,2.55
08:39:31,2.55
08:39:32,2.55
08:39:33,2.55
08:39:34,2.55
08:39:35,2.55
08:39:36,2.55
08:39:37,2.55
08:39:38,2.55
08:39:39,2.55
08:39:40,2.55
08:39:41,2.55
08:39:42,2.55
08:39:43,2.55
08:39:44,2.55
08:39:45,2.55
08:39:46,2.55
08:39:47,2.55
08:39:48,2.55
08:39:49,2.55
08:39:50,2.55
08:39:51,2.55
08:39:52,2.55
08:39:53,2.55
08:39:54,2.55
08:39:55,2.55
08:39:56,2.55
08:39:57,2.55
08:39:58,2.55
08:39:59,2.55
08:40:00,2.55
08:40:01,2.55
08:40:02,2.55
08:40:03,2.55
08:40:04,2.55
08:40:05,2.55
08:40:06,2.55
08:40:07,2.55
08:40:08,2.55
08:40:09,2.55
08:40:10,2.55
08:40:11,2.55
08:40:12,2.55
08:40:13,2.55
08:40:14,2.55
08:40:15,2.55
08:40:16,2.55
08:40:17,2.55
08:40:18,2.55
08:40:19,2.55
08:40:20,2.55
08:40:21,2.55
08:40:22,2.55
08:40:23,2.55
08:40:24,2.55
08:40:25,2.55
08:40:26,2.55
08:40:27,2.55
08:40:28,2.55
08:40:29,2.55
08:40:30,2.55
08:40:31,2.55
08:40:32,2.55
08:40:33,2.55
08:40:34,2.55
08:40:35,2.55
08:40:36,2.55
08:40:37,2.55
08:40:38,2.55
08:40:39,2.55
08:40:40,2.55
08:40:41,2.55
08:40:42,2.55
08:40:43,2.55
08:40:44,2.55
08:40:45,2.55
08:40:46,2.55
08:40:47,2.55
08:40:48,2.55
08:40:49,2.55
08:40:50,2.55
08:40:51,2.55
08:40:52,2.55
08:40:53,2.55
08:40:54,2.55
08:40:55,2.55
08:40:56,2.55
08:40:57,2.55
08:40:58,2.55
08:40:59,2.55
08:41:00,2.55
08:41:01,2.55
08:41:02,2.55
08:41:03,2.55
08:41:04,2.55
08:41:05,2.55
08:41:06,2.55
08:41:07,2.55
08:41:08,2.55
08:41:09,2.55
08:41:10,2.55
08:41:11,2.55
08:41:12,2.55
08:41:13,2.55
08:41:14,2.55
08:41:15,2.55
08:41:16,2.55
08:41:17,2.55
08:41:18,2.55
08:41:19,2.55
08:41:20,2.55
08:41:21,2.55
08:41:22,2.55
08:41:23,2.55
08:41:24,2.55
08:41:25,2.55
08:41:26,2.55
08:41:27,2.55
08:41:28,2.55
08:41:29,2.55
08:41:30,2.55
08:41:31,2.55
08:41:32,2.55
08:41:33,2.55
08:41:34,2.55
08:41:35,2.55
08:41:36,2.55
08:41:37,2.55
08:41:38,2.55
08:41:39,2.55
08:41:40,2.55
08:41:41,2.55
08:41:42,2.55
08:41:43,2.55
08:41:44,2.55
08:41:45,2.55
08:41:46,2.55
08:41:47,2.55
08:41:48,2.55
08:41:49,2.55
08:41:50,2.55
08:41:51,2.55
08:41:52,2.55
08:41:53,2.55
08:41:54,2.55
08:41:55,2.55
08:41:56,2.55
08:41:57,2.55
08:41:58,2.55
08:41:59,2.55
08:42:00,2.55
08:42:01,2.55
08:42:02,2.55
08:42:03,2.55
08:42:04,2.55
08:42:05,2.55
08:42:06,2.55
08:42:07,2.55
08:42:08,2.55
08:42:09,2.55
08:42:10,2.55
08:42:11,2.55
08:42:12,2.55
08:42:13,2.55
08:42:14,2.55
08:42:15,2.55
08:42:16,2.55
08:42:17,2.55
08:42:18,2.55
08:42:19,2.55
08:42:20,2.55
08:42:21,2.55
08:42:22,2.55
08:42:23,2.55
08:42:24,2.55
08:42:25,2.55
08:42:26,2.55
08:42:27,2.55
08:42:28,2.55
08:42:29,2.55
08:42:30,2.55
08:42:31,2.55
08:42:32,2.55
08:42:33,2.55
08:42:34,2.55
08:42:35,2.55
08:42:36,2.55
08:42:37,2.55
08:42:38,2.55
08:42:39,2.55
08:42:40,2.55
08:42:41,2.55
08:42:42,2.55
08:42:43,2.55
08:42:44,2.55
08:42:45,2.55
08:42:46,2.55
08:42:47,2.55
08:42:48,2.55
08:42:49,2.55
08:42:50,2.55
08:42:51,2.55
08:42:52,2.55
08:42:53,2.55
08:42:54,2.55
08:42:55,2.55
08:42:56,2.55
08:42:57,2.55
08:42:58,2.55
08:42:59,2.55
08:43:00,2.55
08:43:01,2.55
08:43:02,2.55
08:43:03,2.55
08:43:04,2.55
08:43:05,2.55
08:43:06,2.55
08:43:07,2.55
08:43:08,2.55
08:43:09,2.55
08:43:10,2.55
08:43:11,2.55
08:43:12,2.55
08:43:13,2.55
08:43:14,2.55
08:43:15,2.55
08:43:16,2.55
08:43:17,2.55
08:43:18,2.55
08:43:19,2.55
08:43:20,2.55
08:43:21,2.55
08:43:22,2.55
08:43:23,2.55
08:43:24,2.55
08:43:25,2.55
08:43:26,2.55
08:43:27,2.55
08:43:28,2.55
08:43:29,2.55
08:43:30,2.55
08:43:31,2.55
08:43:32,2.55
08:43:33,2.55
08:43:34,2.55
08:43:35,2.55
08:43:36,2.55
08:43:37,2.55
08:43:38,2.55
08:43:39,2.55
08:43:40,2.55
08:43:41,2.55
08:43:42,2.55
08:43:43,2.55
08:43:44,2.55
08:43:45,2.55
08:43:46,2.55
08:43:47,2.55
08:43:48,2.55
08:43:49,2.55
08:43:50,2.55
08:43:51,2.55
08:43:52,2.55
08:43:53,2.55
08:43:54,2.55
08:43:55,2.55
08:43:56,2.55
08:43:57,2.55
08:43:58,2.55
08:43:59,2.55
08:44:00,2.55
08:44:01,2.55
08:44:02,2.55
08:44:03,2.55
08:44:04,2.55
08:44:05,2.55
08:44:06,2.55
08:44:07,2.55
08:44:08,2.55
08:44:09,2.55
08:44:10,2.55
08:44:11,2.55
08:44:12,2.55
08:44:13,2.55
08:44:14,2.55
08:44:15,2.55
08:44:16,2.55
08:44:17,2.55
08:44:18,2.55
08:44:19,2.55
08:44:20,2.55
08:44:21,2.55
08:44:22,2.55
08:44:23,2.55
08:44:24,2.55
08:44:25,2.55
08:44:26,2.55
08:44:27,2.55
08:44:28,2.55
08:44:29,2.55
08:44:30,2.55
08:44:31,2.55
08:44:32,2.55
08:44:33,2.55
08:44:34,2.55
08:44:35,2.55
08:44:36,2.55
08:44:37,2.55
08:44:38,2.55
08:44:39,2.55
08:44:40,2.55
08:44:41,2.55
08:44:42,2.55
08:44:43,2.55
08:44:44,2.55
08:44:45,2.55
08:44:46,2.55
08:44:47,2.55
08:44:48,2.55
08:44:49,2.55
08:44:50,2.55
08:44:51,2.55
08:44:52,2.55
08:44:53,2.55
08:44:54,2.55
08:44:55,2.55
08:44:56,2.55
08:44:57,2.55
08:44:58,2.55
08:44:59,2.55
08:45:00,2.55
08:45:01,2.55
08:45:02,2.55
08:45:03,2.55
08:45:04,2.55
08:45:05,2.55
08:45:06,2.55
08:45:07,2.55
08:45:08,2.55
08:45:09,2.55
08:45:10,2.55
08:45:11,2.55
08:45:12,2.55
08:45:13,2.55
08:45:14,2.6325
08:45:15,2.715
08:45:16,2.7975
08:45:17,2.88
08:45:18,2.9625
08:45:19,3.045
08:45:20,3.1275
08:45:21,3.21
08:45:22,3.2925
08:45:23,3.375
08:45:24,3.4575
08:45:25,3.54
08:45:26,3.6225
08:45:27,3.705
08:45:28,3.7875
08:45:29,3.87
08:45:30,7.190625
08:45:31,10.51125
08:45:32,13.831875
08:45:33,17.1525
08:45:34,20.473125
08:45:35,23.79375
08:45:36,27.114375
08:45:37,30.435
08:45:38,33.755625
08:45:39,37.07625
08:45:40,40.396875
08:45:41,43.7175
08:45:42,47.038125
08:45:43,50.35875
08:45:44,53.679375
08:45:45,57.0
08:45:46,53.37
08:45:47,49.74
08:45:48,46.11
08:45:49,42.48
08:45:50,38.85
08:45:51,35.22
08:45:52,31.59
08:45:53,27.96
08:45:54,24.33
08:45:55,20.7
08:45:56,17.07
08:45:57,13.44
08:45:58,9.81
08:45:59,6.18
08:46:00,2.55
08:46:01,2.55
08:46:02,2.55
08:46:03,2.55
08:46:04,2.55
08:46:05,2.55
08:46:06,2.55
08:46:07,2.55
08:46:08,2.55
08:46:09,2.55
08:46:10,2.55
08:46:11,2.55
08:46:12,2.55
08:46:13,2.55
08:46:14,2.55
08:46:15,2.55
08:46:16,2.55
08:46:17,2.55
08:46:18,2.55
08:46:19,2.55
08:46:20,2.55
08:46:21,2.55
08:46:22,2.55
08:46:23,2.55
08:46:24,2.55
08:46:25,2.55
08:46:26,2.55
08:46:27,2.55
08:46:28,2.55
08:46:29,2.55
08:46:30,2.55
08:46:31,2.55
08:46:32,2.55
08:46:33,2.55
08:46:34,2.55
08:46:35,2.55
08:46:36,2.55
08:46:37,2.55
08:46:38,2.55
08:46:39,2.55
08:46:40,2.55
08:46:41,2.55
08:46:42,2.55
08:46:43,2.55
08:46:44,2.55
08:46:45,2.55
08:46:46,2.55
08:46:47,2.55
08:46:48,2.55
08:46:49,2.55
08:46:50,2.55
08:46:51,2.55
08:46:52,2.55
08:46:53,2.55
08:46:54,2.55
08:46:55,2.55
08:46:56,2.55
08:46:57,2.55
08:46:58,2.55
08:46:59,2.55
08:47:00,2.55
08:47:01,2.55
08:47:02,2.55
08:47:03,2.55
08:47:04,2.55
08:47:05,2.55
08:47:06,2.55
08:47:07,2.55
08:47:08,2.55
08:47:09,2.55
08:47:10,2.55
08:47:11,2.55
08:47:12,2.55
08:47:13,2.55
08:47:14,2.55
08:47:15,2.55
08:47:16,2.55
08:47:17,2.55
08:47:18,2.55
08:47:19,2.55
08:47:20,2.55
08:47:21,2.55
08:47:22,2.55
08:47:23,2.55
08:47:24,2.55
08:47:25,2.55
08:47:26,2.55
08:47:27,2.55
08:47:28,2.55
08:47:29,2.55
08:47:30,2.55
08:47:31,2.55
08:47:32,2.55
08:47:33,2.55
08:47:34,2.55
08:47:35,2.55
08:47:36,2.55
08:47:37,2.55
08:47:38,2.55
08:47:39,2.55
08:47:40,2.55
08:47:41,2.55
08:47:42,2.55
08:47:43,2.55
08:47:44,2.55
08:47:45,2.55
08:47:46,2.55
08:47:47,2.55
08:47:48,2.55
08:47:49,2.55
08:47:50,2.55
08:47:51,2.55
08:47:52,2.55
08:47:53,2.55
08:47:54,2.55
08:47:55,2.55
08:47:56,2.55
08:47:57,2.55
08:47:58,2.55
08:47:59,2.55
08:48:00,2.55
08:48:01,2.55
08:48:02,2.55
08:48:03,2.55
08:48:04,2.55
08:48:05,2.55
08:48:06,2.55
08:48:07,2.55
08:48:08,2.55
08:48:09,2.55
08:48:10,2.55
08:48:11,2.55
08:48:12,2.55
08:48:13,2.55
08:48:14,2.55
08:48:15,2.55
08:48:16,2.55
08:48:17,2.55
08:48:18,2.55
08:48:19,2.55
08:48:20,2.55
08:48:21,2.55
08:48:22,2.55
08:48:23,2.55
08:48:24,2.55
08:48:25,2.55
08:48:26,2.55
08:48:27,2.55
08:48:28,2.55
08:48:29,2.55
08:48:30,2.55
08:48:31,2.55
08:48:32,2.55
08:48:33,2.55
08:48:34,2.55
08:48:35,2.55
08:48:36,2.55
08:48:37,2.55
08:48:38,2.55
08:48:39,2.55
08:48:40,2.55
08:48:41,2.55
08:48:42,2.55
08:48:43,2.55
08:48:44,2.55
08:48:45,2.55
08:48:46,2.55
08:48:47,2.55
08:48:48,2.55
08:48:49,2.55
08:48:50,2.55
08:48:51,2.55
08:48:52,2.55
08:48:53,2.55
08:48:54,2.55
08:48:55,2.55
08:48:56,2.55
08:48:57,2.55
08:48:58,2.55
08:48:59,2.55
08:49:00,2.55
08:49:01,2.55
08:49:02,2.55
08:49:03,2.55
08:49:04,2.55
08:49:05,2.55
08:49:06,2.55
08:49:07,2.55
08:49:08,2.55
08:49:09,2.55
08:49:10,2.55
08:49:11,2.55
08:49:12,2.55
08:49:13,2.55
08:49:14,2.55
08:49:15,2.55
08:49:16,2.55
08:49:17,2.55
08:49:18,2.55
08:49:19,2.55
08:49:20,2.55
08:49:21,2.55
08:49:22,2.55
08:49:23,2.55
08:49:24,2.55
08:49:25,2.55
08:49:26,2.55
08:49:27,2.55
08:49:28,2.55
08:49:29,2.55
08:49:30,2.55
08:49:31,2.55
08:49:32,2.55
08:49:33,2.55
08:49:34,2.55
08:49:35,2.55
08:49:36,2.55
08:49:37,2.55
08:49:38,2.55
08:49:39,2.55
08:49:40,2.55
08:49:41,2.55
08:49:42,2.55
08:49:43,2.55
08:49:44,2.55
08:49:45,2.55
08:49:46,2.55
08:49:47,2.55
08:49:48,2.55
08:49:49,2.55
08:49:50,2.55
08:49:51,2.55
08:49:52,2.55
08:49:53,2.55
08:49:54,2.55
08:49:55,2.55
08:49:56,2.55
08:49:57,2.55
08:49:58,2.55
08:49:59,2.55
08:50:00,2.55
08:50:01,2.55
08:50:02,2.55
08:50:03,2.55
08:50:04,2.55
08:50:05,2.55
08:50:06,2.55
08:50:07,2.55
08:50:08,2.55
08:50:09,2.55
08:50:10,2.55
08:50:11,2.55
08:50:12,2.55
08:50:13,2.55
08:50:14,2.55
08:50:15,2.55
08:50:16,2.55
08:50:17,2.55
08:50:18,2.55
08:50:19,2.55
08:50:20,2.55
08:50:21,2.55
08:50:22,2.55
08:50:23,2.55
08:50:24,2.55
08:50:25,2.55
08:50:26,2.55
08:50:27,2.55
08:50:28,2.55
08:50:29,2.55
08:50:30,2.55
08:50:31,2.55
08:50:32,2.55
08:50:33,2.55
08:50:34,2.55
08:50:35,2.55
08:50:36,2.55
08:50:37,2.55
08:50:38,2.55
08:50:39,2.55
08:50:40,2.55
08:50:41,2.55
08:50:42,2.55
08:50:43,2.55
08:50:44,2.55
08:50:45,2.55
08:50:46,2.55
08:50:47,2.55
08:50:48,2.55
08:50:49,2.55
08:50:50,2.55
08:50:51,2.55
08:50:52,2.55
08:50:53,2.55
08:50:54,2.55
08:50:55,2.55
08:50:56,2.55
08:50:57,2.55
08:50:58,2.55
08:50:59,2.55
08:51:00,2.55
08:51:01,2.55
08:51:02,2.55
08:51:03,2.55
08:51:04,2.55
08:51:05,2.55
08:51:06,2.55
08:51:07,2.55
08:51:08,2.55
08:51:09,2.55
08:51:10,2.55
08:51:11,2.55
08:51:12,2.55
08:51:13,2.55
08:51:14,2.55
08:51:15,2.55
08:51:16,2.55
08:51:17,2.55
08:51:18,2.55
08:51:19,2.55
08:51:20,2.55
08:51:21,2.55
08:51:22,2.55
08:51:23,2.55
08:51:24,2.55
08:51:25,2.55
08:51:26,2.55
08:51:27,2.55
08:51:28,2.55
08:51:29,2.55
08:51:30,2.55
08:51:31,2.55
08:51:32,2.55
08:51:33,2.55
08:51:34,2.55
08:51:35,2.55
08:51:36,2.55
08:51:37,2.55
08:51:38,2.55
08:51:39,2.55
08:51:40,2.55
08:51:41,2.55
08:51:42,2.55
08:51:43,2.55
08:51:44,2.55
08:51:45,2.55
08:51:46,2.55
08:51:47,2.55
08:51:48,2.55
08:51:49,2.55
08:51:50,2.55
08:51:51,2.55
08:51:52,2.55
08:51:53,2.55
08:51:54,2.55
08:51:55,2.55
08:51:56,2.55
08:51:57,2.55
08:51:58,2.55
08:51:59,2.55
08:52:00,2.55
08:52:01,2.55
08:52:02,2.55
08:52:03,2.55
08:52:04,2.55
08:52:05,2.55
08:52:06,2.55
08:52:07,2.55
08:52:08,2.55
08:52:09,2.55
08:52:10,2.55
08:52:11,2.55
08:52:12,2.55
08:52:13,2.55
08:52:14,2.55
08:52:15,2.55
08:52:16,2.55
08:52:17,2.55
08:52:18,2.55
08:52:19,2.55
08:52:20,2.55
08:52:21,2.55
08:52:22,2.55
08:52:23,2.55
08:52:24,2.55
08:52:25,2.55
08:52:26,2.55
08:52:27,2.55
08:52:28,2.55
08:52:29,2.55
08:52:30,2.55
08:52:31,2.55
08:52:32,2.55
08:52:33,2.55
08:52:34,2.55
08:52:35,2.55
08:52:36,2.55
08:52:37,2.55
08:52:38,2.55
08:52:39,2.55
08:52:40,2.55
08:52:41,2.55
08:52:42,2.55
08:52:43,2.55
08:52:44,2.55
08:52:45,2.55
08:52:46,2.55
08:52:47,2.55
08:52:48,2.55
08:52:49,2.55
08:52:50,2.55
08:52:51,2.55
08:52:52,2.55
08:52:53,2.55
08:52:54,2.55
08:52:55,2.55
08:52:56,2.55
08:52:57,2.55
08:52:58,2.55
08:52:59,2.55
08:53:00,2.55
08:53:01,2.55
08:53:02,2.55
08:53:03,2.55
08:53:04,2.55
08:53:05,2.55
08:53:06,2.55
08:53:07,2.55
08:53:08,2.55
08:53:09,2.55
08:53:10,2.55
08:53:11,2.55
08:53:12,2.55
08:53:13,2.55
08:53:14,2.55
08:53:15,2.55
08:53:16,2.55
08:53:17,2.55
08:53:18,2.55
08:53:19,2.55
08:53:20,2.55
08:53:21,2.55
08:53:22,2.55
08:53:23,2.55
08:53:24,2.55
08:53:25,2.55
08:53:26,2.55
08:53:27,2.55
08:53:28,2.55
08:53:29,2.55
08:53:30,2.55
08:53:31,2.55
08:53:32,2.55
08:53:33,2.55
08:53:34,2.55
08:53:35,2.55
08:53:36,2.55
08:53:37,2.55
08:53:38,2.55
08:53:39,2.55
08:53:40,2.55
08:53:41,2.55
08:53:42,2.55
08:53:43,2.55
08:53:44,2.55
08:53:45,2.55
08:53:46,2.55
08:53:47,2.55
08:53:48,2.55
08:53:49,2.55
08:53:50,2.55
08:53:51,2.55
08:53:52,2.55
08:53:53,2.55
08:53:54,2.55
08:53:55,2.55
08:53:56,2.55
08:53:57,2.55
08:53:58,2.55
08:53:59,2.55
08:54:00,2.55
08:54:01,2.55
08:54:02,2.55
08:54:03,2.55
08:54:04,2.55
08:54:05,2.55
08:54:06,2.55
08:54:07,2.55
08:54:08,2.55
08:54:09,2.55
08:54:10,2.55
08:54:11,2.55
08:54:12,2.55
08:54:13,2.55
08:54:14,2.55
08:54:15,2.55
08:54:16,2.55
08:54:17,2.55
08:54:18,2.55
08:54:19,2.55
08:54:20,2.55
08:54:21,2.55
08:54:22,2.55
08:54:23,2.55
08:54:24,2.55
08:54:25,2.55
08:54:26,2.55
08:54:27,2.55
08:54:28,2.55
08:54:29,2.55
08:54:30,2.55
08:54:31,2.55
08:54:32,2.55
08:54:33,2.55
08:54:34,2.55
08:54:35,2.55
08:54:36,2.55
08:54:37,2.55
08:54:38,2.55
08:54:39,2.55
08:54:40,2.55
08:54:41,2.55
08:54:42,2.55
08:54:43,2.55
08:54:44,2.55
08:54:45,2.55
08:54:46,2.55
08:54:47,2.55
08:54:48,2.55
08:54:49,2.55
08:54:50,2.55
08:54:51,2.55
08:54:52,2.55
08:54:53,2.55
08:54:54,2.55
08:54:55,2.55
08:54:56,2.55
08:54:57,2.55
08:54:58,2.55
08:54:59,2.55
08:55:00,2.55
08:55:01,2.55
08:55:02,2.55
08:55:03,2.55
08:55:04,2.55
08:55:05,2.55
08:55:06,2.55
08:55:07,2.55
08:55:08,2.55
08:55:09,2.55
08:55:10,2.55
08:55:11,2.55
08:55:12,2.55
08:55:13,2.55
08:55:14,2.55
08:55:15,2.55
08:55:16,2.55
08:55:17,2.55
08:55:18,2.55
08:55:19,2.55
08:55:20,2.55
08:55:21,2.55
08:55:22,2.55
08:55:23,2.55
08:55:24,2.55
08:55:25,2.55
08:55:26,2.55
08:55:27,2.55
08:55:28,2.55
08:55:29,2.55
08:55:30,2.55
08:55:31,2.55
08:55:32,2.55
08:55:33,2.55
08:55:34,2.55
08:55:35,2.55
08:55:36,2.55
08:55:37,2.55
08:55:38,2.55
08:55:39,2.55
08:55:40,2.55
08:55:41,2.55
08:55:42,2.55
08:55:43,2.55
08:55:44,2.55
08:55:45,2.55
08:55:46,2.55
08:55:47,2.55
08:55:48,2.55
08:55:49,2.55
08:55:50,2.55
08:55:51,2.55
08:55:52,2.55
08:55:53,2.55
08:55:54,2.55
08:55:55,2.55
08:55:56,2.55
08:55:57,2.55
08:55:58,2.55
08:55:59,2.55
08:56:00,2.55
08:56:01,2.55
08:56:02,2.55
08:56:03,2.55
08:56:04,2.55
08:56:05,2.55
08:56:06,2.55
08:56:07,2.55
08:56:08,2.55
08:56:09,2.55
08:56:10,2.55
08:56:11,2.55
08:56:12,2.55
08:56:13,2.55
08:56:14,2.55
08:56:15,2.55
08:56:16,2.55
08:56:17,2.55
08:56:18,2.55
08:56:19,2.55
08:56:20,2.55
08:56:21,2.55
08:56:22,2.55
08:56:23,2.55
08:56:24,2.55
08:56:25,2.55
08:56:26,2.55
08:56:27,2.55
08:56:28,2.55
08:56:29,2.55
08:56:30,2.55
08:56:31,2.55
08:56:32,2.55
08:56:33,2.55
08:56:34,2.55
08:56:35,2.55
08:56:36,2.55
08:56:37,2.55
08:56:38,2.55
08:56:39,2.55
08:56:40,2.55
08:56:41,2.55
08:56:42,2.55
08:56:43,2.55
08:56:44,2.55
08:56:45,2.55
08:56:46,2.55
08:56:47,2.55
08:56:48,2.55
08:56:49,2.55
08:56:50,2.55
08:56:51,2.55
08:56:52,2.55
08:56:53,2.55
08:56:54,2.55
08:56:55,2.55
08:56:56,2.55
08:56:57,2.55
08:56:58,2.55
08:56:59,2.55
08:57:00,2.55
08:57:01,2.55
08:57:02,2.55
08:57:03,2.55
08:57:04,2.55
08:57:05,2.55
08:57:06,2.55
08:57:07,2.55
08:57:08,2.55
08:57:09,2.55
08:57:10,2.55
08:57:11,2.55
08:57:12,2.55
08:57:13,2.55
08:57:14,2.55
08:57:15,2.55
08:57:16,2.55
08:57:17,2.55
08:57:18,2.55
08:57:19,2.55
08:57:20,2.55
08:57:21,2.55
08:57:22,2.55
08:57:23,2.55
08:57:24,2.55
08:57:25,2.55
08:57:26,2.55
08:57:27,2.55
08:57:28,2.55
08:57:29,2.55
08:57:30,2.55
08:57:31,2.55
08:57:32,2.55
08:57:33,2.55
08:57:34,2.55
08:57:35,2.55
08:57:36,2.55
08:57:37,2.55
08:57:38,2.55
08:57:39,2.55
08:57:40,2.55
08:57:41,2.55
08:57:42,2.55
08:57:43,2.55
08:57:44,2.55
08:57:45,2.55
08:57:46,2.55
08:57:47,2.55
08:57:48,2.55
08:57:49,2.55
08:57:50,2.55
08:57:51,2.55
08:57:52,2.55
08:57:53,2.55
08:57:54,2.55
08:57:55,2.55
08:57:56,2.55
08:57:57,2.55
08:57:58,2.55
08:57:59,2.55
08:58:00,2.55
08:58:01,2.55
08:58:02,2.55
08:58:03,2.55
08:58:04,2.55
08:58:05,2.55
08:58:06,2.55
08:58:07,2.55
08:58:08,2.55
08:58:09,2.55
08:58:10,2.55
08:58:11,2.55
08:58:12,2.55
08:58:13,2.55
08:58:14,2.55
08:58:15,2.55
08:58:16,2.55
08:58:17,2.55
08:58:18,2.55
08:58:19,2.55
08:58:20,2.55
08:58:21,2.55
08:58:22,2.55
08:58:23,2.55
08:58:24,2.55
08:58:25,2.55
08:58:26,2.55
08:58:27,2.55
08:58:28,2.55
08:58:29,2.55
08:58:30,2.55
08:58:31,2.55
08:58:32,2.55
08:58:33,2.55
08:58:34,2.55
08:58:35,2.55
08:58:36,2.55
08:58:37,2.55
08:58:38,2.55
08:58:39,2.55
08:58:40,2.55
08:58:41,2.55
08:58:42,2.55
08:58:43,2.55
08:58:44,2.55
08:58:45,2.55
08:58:46,2.55
08:58:47,2.55
08:58:48,2.55
08:58:49,2.55
08:58:50,2.55
08:58:51,2.55
08:58:52,2.55
08:58:53,2.55
08:58:54,2.55
08:58:55,2.55
08:58:56,2.55
08:58:57,2.55
08:58:58,2.55
08:58:59,2.55
08:59:00,2.55
08:59:01,2.55
08:59:02,2.55
08:59:03,2.55
08:59:04,2.55
08:59:05,2.55
08:59:06,2.55
08:59:07,2.55
08:59:08,2.55
08:59:09,2.55
08:59:10,2.55
08:59:11,2.55
08:59:12,2.55
08:59:13,2.55
08:59:14,2.55
08:59:15,2.55
08:59:16,2.55
08:59:17,2.55
08:59:18,2.55
08:59:19,2.55
08:59:20,2.55
08:59:21,2.55
08:59:22,2.55
08:59:23,2.55
08:59:24,2.55
08:59:25,2.55
08:59:26,2.55
08:59:27,2.55
08:59:28,2.55
08:59:29,2.55
08:59:30,2.55
08:59:31,2.55
08:59:32,2.55
08:59:33,2.55
08:59:34,2.55
08:59:35,2.55
08:59:36,2.55
08:59:37,2.55
08:59:38,2.55
08:59:39,2.55
08:59:40,2.55
08:59:41,2.55
08:59:42,2.55
08:59:43,2.55
08:59:44,2.55
08:59:45,2.55
08:59:46,2.55
08:59:47,2.55
08:59:48,2.55
08:59:49,2.55
08:59:50,2.55
08:59:51,2.55
08:59:52,2.55
08:59:53,2.55
08:59:54,2.55
08:59:55,2.55
08:59:56,2.55
08:59:57,2.55
08:59:58,2.55
08:59:59,2.55
09:00:00,2.55
09:00:01,2.55
09:00:02,2.55
09:00:03,2.55
09:00:04,2.55
09:00:05,2.55
09:00:06,2.55
09:00:07,2.55
09:00:08,2.55
09:00:09,2.55
09:00:10,2.55
09:00:11,2.55
09:00:12,2.55
09:00:13,2.55
09:00:14,2.55
09:00:15,2.55
09:00:16,2.55
09:00:17,2.55
09:00:18,2.55
09:00:19,2.55
09:00:20,2.55
09:00:21,2.55
09:00:22,2.55
09:00:23,2.55
09:00:24,2.55
09:00:25,2.55
09:00:26,2.55
09:00:27,2.55
09:00:28,2.55
09:00:29,2.55
09:00:30,2.55
09:00:31,2.55
09:00:32,2.55
09:00:33,2.55
09:00:34,2.55
09:00:35,2.55
09:00:36,2.55
09:00:37,2.55
09:00:38,2.55
09:00:39,2.55
09:00:40,2.55
09:00:41,2.55
09:00:42,2.55
09:00:43,2.55
09:00:44,2.55
09:00:45,2.55
09:00:46,2.55
09:00:47,2.55
09:00:48,2.55
09:00:49,2.55
09:00:50,2.55
09:00:51,2.55
09:00:52,2.55
09:00:53,2.55
09:00:54,2.55
09:00:55,2.55
09:00:56,2.55
09:00:57,2.55
09:00:58,2.55
09:00:59,2.55
09:01:00,2.55
09:01:01,2.55
09:01:02,2.55
09:01:03,2.55
09:01:04,2.55
09:01:05,2.55
09:01:06,2.55
09:01:07,2.55
09:01:08,2.55
09:01:09,2.55
09:01:10,2.55
09:01:11,2.55
09:01:12,2.55
09:01:13,2.55
09:01:14,2.55
09:01:15,2.55
09:01:16,2.55
09:01:17,2.55
09:01:18,2.55
09:01:19,2.55
09:01:20,2.55
09:01:21,2.55
09:01:22,2.55
09:01:23,2.55
09:01:24,2.55
09:01:25,2.55
09:01:26,2.55
09:01:27,2.55
09:01:28,2.55
09:01:29,2.55
09:01:30,2.55
09:01:31,2.55
09:01:32,2.55
09:01:33,2.55
09:01:34,2.55
09:01:35,2.55
09:01:36,2.55
09:01:37,2.55
09:01:38,2.55
09:01:39,2.55
09:01:40,2.55
09:01:41,2.55
09:01:42,2.55
09:01:43,2.55
09:01:44,2.55
09:01:45,2.55
09:01:46,2.55
09:01:47,2.55
09:01:48,2.55
09:01:49,2.55
09:01:50,2.55
09:01:51,2.55
09:01:52,2.55
09:01:53,2.55
09:01:54,2.55
09:01:55,2.55
09:01:56,2.55
09:01:57,2.55
09:01:58,2.55
09:01:59,2.55
09:02:00,2.55
09:02:01,2.55
09:02:02,2.55
09:02:03,2.55
09:02:04,2.55
09:02:05,2.55
09:02:06,2.55
09:02:07,2.55
09:02:08,2.55
09:02:09,2.55
09:02:10,2.55
09:02:11,2.55
09:02:12,2.55
09:02:13,2.55
09:02:14,2.55
09:02:15,2.55
09:02:16,2.55
09:02:17,2.55
09:02:18,2.55
09:02:19,2.55
09:02:20,2.55
09:02:21,2.55
09:02:22,2.55
09:02:23,2.55
09:02:24,2.55
09:02:25,2.55
09:02:26,2.55
09:02:27,2.55
09:02:28,2.55
09:02:29,2.55
09:02:30,2.55
09:02:31,2.55
09:02:32,2.55
09:02:33,2.55
09:02:34,2.55
09:02:35,2.55
09:02:36,2.55
09:02:37,2.55
09:02:38,2.55
09:02:39,2.55
09:02:40,2.55
09:02:41,2.55
09:02:42,2.55
09:02:43,2.55
09:02:44,2.55
09:02:45,2.55
09:02:46,2.55
09:02:47,2.55
09:02:48,2.55
09:02:49,2.55
09:02:50,2.55
09:02:51,2.55
09:02:52,2.55
09:02:53,2.55
09:02:54,2.55
09:02:55,2.55
09:02:56,2.55
09:02:57,2.55
09:02:58,2.55
09:02:59,2.55
09:03:00,2.55
09:03:01,2.55
09:03:02,2.55
09:03:03,2.55
09:03:04,2.55
09:03:05,2.55
09:03:06,2.55
09:03:07,2.55
09:03:08,2.55
09:03:09,2.55
09:03:10,2.55
09:03:11,2.55
09:03:12,2.55
09:03:13,2.55
09:03:14,2.55
09:03:15,2.55
09:03:16,2.55
09:03:17,2.55
09:03:18,2.55
09:03:19,2.55
09:03:20,2.55
09:03:21,2.55
09:03:22,2.55
09:03:23,2.55
09:03:24,2.55
09:03:25,2.55
09:03:26,2.55
09:03:27,2.55
09:03:28,2.55
09:03:29,2.55
09:03:30,2.55
09:03:31,2.55
09:03:32,2.55
09:03:33,2.55
09:03:34,2.55
09:03:35,2.55
09:03:36,2.55
09:03:37,2.55
09:03:38,2.55
09:03:39,2.55
09:03:40,2.55
09:03:41,2.55
09:03:42,2.55
09:03:43,2.55
09:03:44,2.55
09:03:45,2.55
09:03:46,2.55
09:03:47,2.55
09:03:48,2.55
09:03:49,2.55
09:03:50,2.55
09:03:51,2.55
09:03:52,2.55
09:03:53,2.55
09:03:54,2.55
09:03:55,2.55
09:03:56,2.55
09:03:57,2.55
09:03:58,2.55
09:03:59,2.55
09:04:00,2.55
09:04:01,2.55
09:04:02,2.55
09:04:03,2.55
09:04:04,2.55
09:04:05,2.55
09:04:06,2.55
09:04:07,2.55
09:04:08,2.55
09:04:09,2.55
09:04:10,2.55
09:04:11,2.55
09:04:12,2.55
09:04:13,2.55
09:04:14,2.55
09:04:15,2.55
09:04:16,2.55
09:04:17,2.55
09:04:18,2.55
09:04:19,2.55
09:04:20,2.55
09:04:21,2.55
09:04:22,2.55
09:04:23,2.55
09:04:24,2.55
09:04:25,2.55
09:04:26,2.55
09:04:27,2.55
09:04:28,2.55
09:04:29,2.55
09:04:30,2.55
09:04:31,2.55
09:04:32,2.55
09:04:33,2.55
09:04:34,2.55
09:04:35,2.55
09:04:36,2.55
09:04:37,2.55
09:04:38,2.55
09:04:39,2.55
09:04:40,2.55
09:04:41,2.55
09:04:42,2.55
09:04:43,2.55
09:04:44,2.55
09:04:45,2.55
09:04:46,2.55
09:04:47,2.55
09:04:48,2.55
09:04:49,2.55
09:04:50,2.55
09:04:51,2.55
09:04:52,2.55
09:04:53,2.55
09:04:54,2.55
09:04:55,2.55
09:04:56,2.55
09:04:57,2.55
09:04:58,2.55
09:04:59,2.55
09:05:00,2.55
09:05:01,2.55
09:05:02,2.55
09:05:03,2.55
09:05:04,2.55
09:05:05,2.55
09:05:06,2.55
09:05:07,2.55
09:05:08,2.55
09:05:09,2.55
09:05:10,2.55
09:05:11,2.55
09:05:12,2.55
09:05:13,2.55
09:05:14,2.55
09:05:15,2.55
09:05:16,2.55
09:05:17,2.55
09:05:18,2.55
09:05:19,2.55
09:05:20,2.55
09:05:21,2.55
09:05:22,2.55
09:05:23,2.55
09:05:24,2.55
09:05:25,2.55
09:05:26,2.55
09:05:27,2.55
09:05:28,2.55
09:05:29,2.55
09:05:30,2.55
09:05:31,2.55
09:05:32,2.55
09:05:33,2.55
09:05:34,2.55
09:05:35,2.55
09:05:36,2.55
09:05:37,2.55
09:05:38,2.55
09:05:39,2.55
09:05:40,2.55
09:05:41,2.55
09:05:42,2.55
09:05:43,2.55
09:05:44,2.55
09:05:45,2.55
09:05:46,2.55
09:05:47,2.55
09:05:48,2.55
09:05:49,2.55
09:05:50,2.55
09:05:51,2.55
09:05:52,2.55
09:05:53,2.55
09:05:54,2.55
09:05:55,2.55
09:05:56,2.55
09:05:57,2.55
09:05:58,2.55
09:05:59,2.55
09:06:00,2.55
09:06:01,2.55
09:06:02,2.55
09:06:03,2.55
09:06:04,2.55
09:06:05,2.55
09:06:06,2.55
09:06:07,2.55
09:06:08,2.55
09:06:09,2.55
09:06:10,2.55
09:06:11,2.55
09:06:12,2.55
09:06:13,2.55
09:06:14,2.55
09:06:15,2.55
09:06:16,2.55
09:06:17,2.55
09:06:18,2.55
09:06:19,2.55
09:06:20,2.55
09:06:21,2.55
09:06:22,2.55
09:06:23,2.55
09:06:24,2.55
09:06:25,2.55
09:06:26,2.55
09:06:27,2.55
09:06:28,2.55
09:06:29,2.55
09:06:30,2.55
09:06:31,2.55
09:06:32,2.55
09:06:33,2.55
09:06:34,2.55
09:06:35,2.55
09:06:36,2.55
09:06:37,2.55
09:06:38,2.55
09:06:39,2.55
09:06:40,2.55
09:06:41,2.55
09:06:42,2.55
09:06:43,2.55
09:06:44,2.55
09:06:45,2.55
09:06:46,2.55
09:06:47,2.55
09:06:48,2.55
09:06:49,2.55
09:06:50,2.55
09:06:51,2.55
09:06:52,2.55
09:06:53,2.55
09:06:54,2.55
09:06:55,2.55
09:06:56,2.55
09:06:57,2.55
09:06:58,2.55
09:06:59,2.55
09:07:00,2.55
09:07:01,2.55
09:07:02,2.55
09:07:03,2.55
09:07:04,2.55
09:07:05,2.55
09:07:06,2.55
09:07:07,2.55
09:07:08,2.55
09:07:09,2.55
09:07:10,2.55
09:07:11,2.55
09:07:12,2.55
09:07:13,2.55
09:07:14,2.55
09:07:15,2.55
09:07:16,2.55
09:07:17,2.55
09:07:18,2.55
09:07:19,2.55
09:07:20,2.55
09:07:21,2.55
09:07:22,2.55
09:07:23,2.55
09:07:24,2.55
09:07:25,2.55
09:07:26,2.55
09:07:27,2.55
09:07:28,2.55
09:07:29,2.55
09:07:30,2.55
09:07:31,2.55
09:07:32,2.55
09:07:33,2.55
09:07:34,2.55
09:07:35,2.55
09:07:36,2.55
09:07:37,2.55
09:07:38,2.55
09:07:39,2.55
09:07:40,2.55
09:07:41,2.55
09:07:42,2.55
09:07:43,2.55
09:07:44,2.55
09:07:45,2.55
09:07:46,2.55
09:07:47,2.55
09:07:48,2.55
09:07:49,2.55
09:07:50,2.55
09:07:51,2.55
09:07:52,2.55
09:07:53,2.55
09:07:54,2.55
09:07:55,2.55
09:07:56,2.55
09:07:57,2.55
09:07:58,2.55
09:07:59,2.55
09:08:00,2.55
09:08:01,2.55
09:08:02,2.55
09:08:03,2.55
09:08:04,2.55
09:08:05,2.55
09:08:06,2.55
09:08:07,2.55
09:08:08,2.55
09:08:09,2.55
09:08:10,2.55
09:08:11,2.55
09:08:12,2.55
09:08:13,2.55
09:08:14,2.55
09:08:15,2.55
09:08:16,2.55
09:08:17,2.55
09:08:18,2.55
09:08:19,2.55
09:08:20,2.55
09:08:21,2.55
09:08:22,2.55
09:08:23,2.55
09:08:24,2.55
09:08:25,2.55
09:08:26,2.55
09:08:27,2.55
09:08:28,2.55
09:08:29,2.55
09:08:30,2.55
09:08:31,2.55
09:08:32,2.55
09:08:33,2.55
09:08:34,2.55
09:08:35,2.55
09:08:36,2.55
09:08:37,2.55
09:08:38,2.55
09:08:39,2.55
09:08:40,2.55
09:08:41,2.55
09:08:42,2.55
09:08:43,2.55
09:08:44,2.55
09:08:45,2.55
09:08:46,2.55
09:08:47,2.55
09:08:48,2.55
09:08:49,2.55
09:08:50,2.55
09:08:51,2.55
09:08:52,2.55
09:08:53,2.55
09:08:54,2.55
09:08:55,2.55
09:08:56,2.55
09:08:57,2.55
09:08:58,2.55
09:08:59,2.55
09:09:00,2.55
09:09:01,2.55
09:09:02,2.55
09:09:03,2.55
09:09:04,2.55
09:09:05,2.55
09:09:06,2.55
09:09:07,2.55
09:09:08,2.55
09:09:09,2.55
09:09:10,2.55
09:09:11,2.55
09:09:12,2.55
09:09:13,2.55
09:09:14,2.55
09:09:15,2.55
09:09:16,2.55
09:09:17,2.55
09:09:18,2.55
09:09:19,2.55
09:09:20,2.55
09:09:21,2.55
09:09:22,2.55
09:09:23,2.55
09:09:24,2.55
09:09:25,2.55
09:09:26,2.55
09:09:27,2.55
09:09:28,2.55
09:09:29,2.55
09:09:30,2.55
09:09:31,2.55
09:09:32,2.55
09:09:33,2.55
09:09:34,2.55
09:09:35,2.55
09:09:36,2.55
09:09:37,2.55
09:09:38,2.55
09:09:39,2.55
09:09:40,2.55
09:09:41,2.55
09:09:42,2.55
09:09:43,2.55
09:09:44,2.55
09:09:45,2.55
09:09:46,2.55
09:09:47,2.55
09:09:48,2.55
09:09:49,2.55
09:09:50,2.55
09:09:51,2.55
09:09:52,2.55
09:09:53,2.55
09:09:54,2.55
09:09:55,2.55
09:09:56,2.55
09:09:57,2.55
09:09:58,2.55
09:09:59,2.55
09:10:00,2.55
09:10:01,2.55
09:10:02,2.55
09:10:03,2.55
09:10:04,2.55
09:10:05,2.55
09:10:06,2.55
09:10:07,2.55
09:10:08,2.55
09:10:09,2.55
09:10:10,2.55
09:10:11,2.55
09:10:12,2.55
09:10:13,2.55
09:10:14,2.55
09:10:15,2.55
09:10:16,2.55
09:10:17,2.55
09:10:18,2.55
09:10:19,2.55
09:10:20,2.55
09:10:21,2.55
09:10:22,2.55
09:10:23,2.55
09:10:24,2.55
09:10:25,2.55
09:10:26,2.55
09:10:27,2.55
09:10:28,2.55
09:10:29,2.55
09:10:30,2.55
09:10:31,2.55
09:10:32,2.55
09:10:33,2.55
09:10:34,2.55
09:10:35,2.55
09:10:36,2.55
09:10:37,2.55
09:10:38,2.55
09:10:39,2.55
09:10:40,2.55
09:10:41,2.55
09:10:42,2.55
09:10:43,2.55
09:10:44,2.55
09:10:45,2.55
09:10:46,2.55
09:10:47,2.55
09:10:48,2.55
09:10:49,2.55
09:10:50,2.55
09:10:51,2.55
09:10:52,2.55
09:10:53,2.55
09:10:54,2.55
09:10:55,2.55
09:10:56,2.55
09:10:57,2.55
09:10:58,2.55
09:10:59,2.55
09:11:00,2.55
09:11:01,2.55
09:11:02,2.55
09:11:03,2.55
09:11:04,2.55
09:11:05,2.55
09:11:06,2.55
09:11:07,2.55
09:11:08,2.55
09:11:09,2.55
09:11:10,2.55
09:11:11,2.55
09:11:12,2.55
09:11:13,2.55
09:11:14,2.55
09:11:15,2.55
09:11:16,2.55
09:11:17,2.55
09:11:18,2.55
09:11:19,2.55
09:11:20,2.55
09:11:21,2.55
09:11:22,2.55
09:11:23,2.55
09:11:24,2.55
09:11:25,2.55
09:11:26,2.55
09:11:27,2.55
09:11:28,2.55
09:11:29,2.55
09:11:30,2.55
09:11:31,2.55
09:11:32,2.55
09:11:33,2.55
09:11:34,2.55
09:11:35,2.55
09:11:36,2.55
09:11:37,2.55
09:11:38,2.55
09:11:39,2.55
09:11:40,2.55
09:11:41,2.55
09:11:42,2.55
09:11:43,2.55
09:11:44,2.55
09:11:45,2.55
09:11:46,2.55
09:11:47,2.55
09:11:48,2.55
09:11:49,2.55
09:11:50,2.55
09:11:51,2.55
09:11:52,2.55
09:11:53,2.55
09:11:54,2.55
09:11:55,2.55
09:11:56,2.55
09:11:57,2.55
09:11:58,2.55
09:11:59,2.55
09:12:00,2.55
09:12:01,2.55
09:12:02,2.55
09:12:03,2.55
09:12:04,2.55
09:12:05,2.55
09:12:06,2.55
09:12:07,2.55
09:12:08,2.55
09:12:09,2.55
09:12:10,2.55
09:12:11,2.55
09:12:12,2.55
09:12:13,2.55
09:12:14,2.55
09:12:15,2.55
09:12:16,2.55
09:12:17,2.55
09:12:18,2.55
09:12:19,2.55
09:12:20,2.55
09:12:21,2.55
09:12:22,2.55
09:12:23,2.55
09:12:24,2.55
09:12:25,2.55
09:12:26,2.55
09:12:27,2.55
09:12:28,2.55
09:12:29,2.55
09:12:30,2.55
09:12:31,2.55
09:12:32,2.55
09:12:33,2.55
09:12:34,2.55
09:12:35,2.55
09:12:36,2.55
09:12:37,2.55
09:12:38,2.55
09:12:39,2.55
09:12:40,2.55
09:12:41,2.55
09:12:42,2.55
09:12:43,2.55
09:12:44,2.55
09:12:45,2.55
09:12:46,2.55
09:12:47,2.55
09:12:48,2.55
09:12:49,2.55
09:12:50,2.55
09:12:51,2.55
09:12:52,2.55
09:12:53,2.55
09:12:54,2.55
09:12:55,2.55
09:12:56,2.55
09:12:57,2.55
09:12:58,2.55
09:12:59,2.55
09:13:00,2.55
09:13:01,2.55
09:13:02,2.55
09:13:03,2.55
09:13:04,2.55
09:13:05,2.55
09:13:06,2.55
09:13:07,2.55
09:13:08,2.55
09:13:09,2.55
09:13:10,2.55
09:13:11,2.55
09:13:12,2.55
09:13:13,2.55
09:13:14,2.55
09:13:15,2.55
09:13:16,2.55
09:13:17,2.55
09:13:18,2.55
09:13:19,2.55
09:13:20,2.55
09:13:21,2.55
09:13:22,2.55
09:13:23,2.55
09:13:24,2.55
09:13:25,2.55
09:13:26,2.55
09:13:27,2.55
09:13:28,2.55
09:13:29,2.55
09:13:30,2.55
09:13:31,2.55
09:13:32,2.55
09:13:33,2.55
09:13:34,2.55
09:13:35,2.55
09:13:36,2.55
09:13:37,2.55
09:13:38,2.55
09:13:39,2.55
09:13:40,2.55
09:13:41,2.55
09:13:42,2.55
09:13:43,2.55
09:13:44,2.55
09:13:45,2.55
09:13:46,2.55
09:13:47,2.55
09:13:48,2.55
09:13:49,2.55
09:13:50,2.55
09:13:51,2.55
09:13:52,2.55
09:13:53,2.55
09:13:54,2.55
09:13:55,2.55
09:13:56,2.55
09:13:57,2.55
09:13:58,2.55
09:13:59,2.55
09:14:00,2.55
09:14:01,2.55
09:14:02,2.55
09:14:03,2.55
09:14:04,2.55
09:14:05,2.55
09:14:06,2.55
09:14:07,2.55
09:14:08,2.55
09:14:09,2.55
09:14:10,2.55
09:14:11,2.55
09:14:12,2.55
09:14:13,2.55
09:14:14,2.55
09:14:15,2.55
09:14:16,2.55
09:14:17,2.55
09:14:18,2.55
09:14:19,2.55
09:14:20,2.55
09:14:21,2.55
09:14:22,2.55
09:14:23,2.55
09:14:24,2.55
09:14:25,2.55
09:14:26,2.55
09:14:27,2.55
09:14:28,2.55
09:14:29,2.55
09:14:30,2.55
09:14:31,2.55
09:14:32,2.55
09:14:33,2.55
09:14:34,2.55
09:14:35,2.55
09:14:36,2.55
09:14:37,2.55
09:14:38,2.55
09:14:39,2.55
09:14:40,2.55
09:14:41,2.55
09:14:42,2.55
09:14:43,2.55
09:14:44,2.55
09:14:45,2.55
09:14:46,2.55
09:14:47,2.55
09:14:48,2.55
09:14:49,2.55
09:14:50,2.55
09:14:51,2.55
09:14:52,2.55
09:14:53,2.55
09:14:54,2.55
09:14:55,2.55
09:14:56,2.55
09:14:57,2.55
09:14:58,2.55
09:14:59,2.55
09:15:00,2.55
09:15:01,2.55
09:15:02,2.55
09:15:03,2.55
09:15:04,2.55
09:15:05,2.55
09:15:06,2.55
09:15:07,2.55
09:15:08,2.55
09:15:09,2.55
09:15:10,2.55
09:15:11,2.55
09:15:12,2.55
09:15:13,2.55
09:15:14,2.55
09:15:15,2.55
09:15:16,2.55
09:15:17,2.55
09:15:18,2.55
09:15:19,2.55
09:15:20,2.55
09:15:21,2.55
09:15:22,2.55
09:15:23,2.55
09:15:24,2.55
09:15:25,2.55
09:15:26,2.55
09:15:27,2.55
09:15:28,2.55
09:15:29,2.55
09:15:30,2.55
09:15:31,2.55
09:15:32,2.55
09:15:33,2.55
09:15:34,2.55
09:15:35,2.55
09:15:36,2.55
09:15:37,2.55
09:15:38,2.55
09:15:39,2.55
09:15:40,2.55
09:15:41,2.55
09:15:42,2.55
09:15:43,2.55
09:15:44,2.55
09:15:45,2.55
09:15:46,2.55
09:15:47,2.55
09:15:48,2.55
09:15:49,2.55
09:15:50,2.55
09:15:51,2.55
09:15:52,2.55
09:15:53,2.55
09:15:54,2.55
09:15:55,2.55
09:15:56,2.55
09:15:57,2.55
09:15:58,2.55
09:15:59,2.55
09:16:00,2.55
09:16:01,2.55
09:16:02,2.55
09:16:03,2.55
09:16:04,2.55
09:16:05,2.55
09:16:06,2.55
09:16:07,2.55
09:16:08,2.55
09:16:09,2.55
09:16:10,2.55
09:16:11,2.55
09:16:12,2.55
09:16:13,2.55
09:16:14,2.55
09:16:15,2.55
09:16:16,2.55
09:16:17,2.55
09:16:18,2.55
09:16:19,2.55
09:16:20,2.55
09:16:21,2.55
09:16:22,2.55
09:16:23,2.55
09:16:24,2.55
09:16:25,2.55
09:16:26,2.55
09:16:27,2.55
09:16:28,2.55
09:16:29,2.55
09:16:30,2.55
09:16:31,2.55
09:16:32,2.55
09:16:33,2.55
09:16:34,2.55
09:16:35,2.55
09:16:36,2.55
09:16:37,2.55
09:16:38,2.55
09:16:39,2.55
09:16:40,2.55
09:16:41,2.55
09:16:42,2.55
09:16:43,2.55
09:16:44,2.55
09:16:45,2.55
09:16:46,2.55
09:16:47,2.55
09:16:48,2.55
09:16:49,2.55
09:16:50,2.55
09:16:51,2.55
09:16:52,2.55
09:16:53,2.55
09:16:54,2.55
09:16:55,2.55
09:16:56,2.55
09:16:57,2.55
09:16:58,2.55
09:16:59,2.55
09:17:00,2.55
09:17:01,2.55
09:17:02,2.55
09:17:03,2.55
09:17:04,2.55
09:17:05,2.55
09:17:06,2.55
09:17:07,2.55
09:17:08,2.55
09:17:09,2.55
09:17:10,2.55
09:17:11,2.55
09:17:12,2.55
09:17:13,2.55
09:17:14,2.55
09:17:15,2.55
09:17:16,2.55
09:17:17,2.55
09:17:18,2.55
09:17:19,2.55
09:17:20,2.55
09:17:21,2.55
09:17:22,2.55
09:17:23,2.55
09:17:24,2.55
09:17:25,2.55
09:17:26,2.55
09:17:27,2.55
09:17:28,2.55
09:17:29,2.55
09:17:30,2.55
09:17:31,2.55
09:17:32,2.55
09:17:33,2.55
09:17:34,2.55
09:17:35,2.55
09:17:36,2.55
09:17:37,2.55
09:17:38,2.55
09:17:39,2.55
09:17:40,2.55
09:17:41,2.55
09:17:42,2.55
09:17:43,2.55
09:17:44,2.55
09:17:45,2.55
09:17:46,2.55
09:17:47,2.55
09:17:48,2.55
09:17:49,2.55
09:17:50,2.55
09:17:51,2.55
09:17:52,2.55
09:17:53,2.55
09:17:54,2.55
09:17:55,2.55
09:17:56,6.462
09:17:57,10.374
09:17:58,14.286
09:17:59,18.198
09:18:00,22.11
09:18:01,26.022
09:18:02,29.934
09:18:03,33.846
09:18:04,37.758
09:18:05,41.67
09:18:06,45.582
09:18:07,49.494
09:18:08,53.406
09:18:09,57.318
09:18:10,61.23
09:18:11,62.7633333333
09:18:12,64.2966666667
09:18:13,65.83
09:18:14,67.3633333333
09:18:15,68.8966666667
09:18:16,70.43
09:18:17,71.9633333333
09:18:18,73.4966666667
09:18:19,75.03
09:18:20,76.5633333333
09:18:21,78.0966666667
09:18:22,79.63
09:18:23,81.1633333333
09:18:24,82.6966666667
09:18:25,84.23
09:18:26,82.362
09:18:27,80.494
09:18:28,78.626
09:18:29,76.758
09:18:30,74.89
09:18:31,73.022
09:18:32,71.154
09:18:33,69.286
09:18:34,67.418
09:18:35,65.55
09:18:36,63.682
09:18:37,61.814
09:18:38,59.946
09:18:39,58.078
09:18:40,56.21
09:18:41,52.8725
09:18:42,49.535
09:18:43,46.1975
09:18:44,42.86
09:18:45,39.5225
09:18:46,36.185
09:18:47,32.8475
09:18:48,29.51
09:18:49,26.1725
09:18:50,22.835
09:18:51,19.4975
09:18:52,16.16
09:18:53,12.8225
09:18:54,9.485
09:18:55,6.1475
09:18:56,2.81
09:18:57,2.81
09:18:58,2.81
09:18:59,2.81
09:19:00,2.81
09:19:01,2.81
09:19:02,2.81
09:19:03,2.81
09:19:04,2.81
09:19:05,2.81
09:19:06,2.81
09:19:07,2.81
09:19:08,2.81
09:19:09,2.81
09:19:10,2.81
09:19:11,2.81
09:19:12,2.81
09:19:13,2.81
09:19:14,2.81
09:19:15,2.81
09:19:16,2.81
09:19:17,2.81
09:19:18,2.81
09:19:19,2.81
09:19:20,2.81
09:19:21,2.81
09:19:22,2.81
09:19:23,2.81
09:19:24,2.81
09:19:25,2.81
09:19:26,2.81
09:19:27,2.81
09:19:28,2.81
09:19:29,2.81
09:19:30,2.81
09:19:31,2.81
09:19:32,2.81
09:19:33,2.81
09:19:34,2.81
09:19:35,2.81
09:19:36,2.81
09:19:37,2.81
09:19:38,2.81
09:19:39,2.81
09:19:40,2.81
09:19:41,2.81
09:19:42,2.81
09:19:43,2.81
09:19:44,2.81
09:19:45,2.81
09:19:46,2.81
09:19:47,2.81
09:19:48,2.81
09:19:49,2.81
09:19:50,2.81
09:19:51,2.81
09:19:52,2.81
09:19:53,2.81
09:19:54,2.81
09:19:55,2.81
09:19:56,2.81
09:19:57,2.81
09:19:58,2.81
09:19:59,2.81
09:20:00,2.81
09:20:01,2.81
09:20:02,2.81
09:20:03,2.81
09:20:04,2.81
09:20:05,2.81
09:20:06,2.81
09:20:07,2.81
09:20:08,2.81
09:20:09,2.81
09:20:10,2.81
09:20:11,2.81
09:20:12,2.81
09:20:13,2.81
09:20:14,2.81
09:20:15,2.81
09:20:16,2.81
09:20:17,2.81
09:20:18,2.81
09:20:19,2.81
09:20:20,2.81
09:20:21,2.81
09:20:22,2.81
09:20:23,2.81
09:20:24,2.81
09:20:25,2.81
09:20:26,2.81
09:20:27,2.81
09:20:28,2.81
09:20:29,2.81
09:20:30,2.81
09:20:31,2.81
09:20:32,2.81
09:20:33,2.81
09:20:34,2.81
09:20:35,2.81
09:20:36,2.81
09:20:37,2.81
09:20:38,2.81
09:20:39,2.81
09:20:40,2.81
09:20:41,2.81
09:20:42,2.81
09:20:43,2.81
09:20:44,2.81
09:20:45,2.81
09:20:46,2.81
09:20:47,2.81
09:20:48,2.81
09:20:49,2.81
09:20:50,2.81
09:20:51,2.81
09:20:52,2.81
09:20:53,2.81
09:20:54,2.81
09:20:55,2.81
09:20:56,2.81
09:20:57,2.81
09:20:58,2.81
09:20:59,2.81
09:21:00,2.81
09:21:01,2.81
09:21:02,2.81
09:21:03,2.81
09:21:04,2.81
09:21:05,2.81
09:21:06,2.81
09:21:07,2.81
09:21:08,2.81
09:21:09,2.81
09:21:10,2.81
09:21:11,2.81
09:21:12,2.81
09:21:13,2.81
09:21:14,2.81
09:21:15,2.81
09:21:16,2.81
09:21:17,2.81
09:21:18,2.81
09:21:19,2.81
09:21:20,2.81
09:21:21,2.81
09:21:22,2.81
09:21:23,2.81
09:21:24,2.81
09:21:25,2.81
09:21:26,2.81
09:21:27,2.81
09:21:28,2.81
09:21:29,2.81
09:21:30,2.81
09:21:31,2.81
09:21:32,2.81
09:21:33,2.81
09:21:34,2.81
09:21:35,2.81
09:21:36,2.81
09:21:37,2.81
09:21:38,2.81
09:21:39,2.81
09:21:40,2.81
09:21:41,2.81
09:21:42,2.81
09:21:43,2.81
09:21:44,2.81
09:21:45,2.81
09:21:46,2.81
09:21:47,2.81
09:21:48,2.81
09:21:49,2.81
09:21:50,2.81
09:21:51,2.81
09:21:52,2.81
09:21:53,2.81
09:21:54,2.81
09:21:55,2.81
09:21:56,2.81
09:21:57,2.81
09:21:58,2.81
09:21:59,2.81
09:22:00,2.81
09:22:01,2.81
09:22:02,2.81
09:22:03,2.81
09:22:04,2.81
09:22:05,2.81
09:22:06,2.81
09:22:07,2.81
09:22:08,2.81
09:22:09,2.81
09:22:10,2.81
09:22:11,2.81
09:22:12,2.81
09:22:13,2.81
09:22:14,2.81
09:22:15,2.81
09:22:16,2.81
09:22:17,2.81
09:22:18,2.81
09:22:19,2.81
09:22:20,2.81
09:22:21,2.81
09:22:22,2.81
09:22:23,2.81
09:22:24,2.81
09:22:25,2.81
09:22:26,2.81
09:22:27,2.81
09:22:28,2.81
09:22:29,2.81
09:22:30,2.81
09:22:31,2.81
09:22:32,2.81
09:22:33,2.81
09:22:34,2.81
09:22:35,2.81
09:22:36,2.81
09:22:37,2.81
09:22:38,2.81
09:22:39,2.81
09:22:40,2.81
09:22:41,2.81
09:22:42,2.81
09:22:43,2.81
09:22:44,2.81
09:22:45,2.81
09:22:46,2.81
09:22:47,2.81
09:22:48,2.81
09:22:49,2.81
09:22:50,2.81
09:22:51,2.81
09:22:52,2.81
09:22:53,2.81
09:22:54,2.81
09:22:55,2.81
09:22:56,2.81
09:22:57,2.81
09:22:58,2.81
09:22:59,2.81
09:23:00,2.81
09:23:01,2.81
09:23:02,2.81
09:23:03,2.81
09:23:04,2.81
09:23:05,2.81
09:23:06,2.81
09:23:07,2.81
09:23:08,2.81
09:23:09,2.81
09:23:10,2.81
09:23:11,2.81
09:23:12,2.81
09:23:13,2.81
09:23:14,2.81
09:23:15,2.81
09:23:16,2.81
09:23:17,2.81
09:23:18,2.81
09:23:19,2.81
09:23:20,2.81
09:23:21,2.81
09:23:22,2.81
09:23:23,2.81
09:23:24,2.81
09:23:25,2.81
09:23:26,2.81
09:23:27,2.81
09:23:28,2.81
09:23:29,2.81
09:23:30,2.81
09:23:31,2.81
09:23:32,2.81
09:23:33,2.81
09:23:34,2.81
09:23:35,2.81
09:23:36,2.81
09:23:37,2.81
09:23:38,2.81
09:23:39,2.81
09:23:40,2.81
09:23:41,2.81
09:23:42,2.81
09:23:43,2.81
09:23:44,2.81
09:23:45,2.81
09:23:46,2.81
09:23:47,2.81
09:23:48,2.81
09:23:49,2.81
09:23:50,2.81
09:23:51,2.81
09:23:52,2.81
09:23:53,2.81
09:23:54,2.81
09:23:55,2.81
09:23:56,2.81
09:23:57,2.81
09:23:58,2.81
09:23:59,2.81
09:24:00,2.81
09:24:01,2.81
09:24:02,2.81
09:24:03,2.81
09:24:04,2.81
09:24:05,2.81
09:24:06,2.81
09:24:07,2.81
09:24:08,2.81
09:24:09,2.81
09:24:10,2.81
09:24:11,2.81
09:24:12,2.81
09:24:13,2.81
09:24:14,2.81
09:24:15,2.81
09:24:16,2.81
09:24:17,2.81
09:24:18,2.81
09:24:19,2.81
09:24:20,2.81
09:24:21,2.81
09:24:22,2.81
09:24:23,2.81
09:24:24,2.81
09:24:25,2.81
09:24:26,2.81
09:24:27,2.81
09:24:28,2.81
09:24:29,2.81
09:24:30,2.81
09:24:31,2.81
09:24:32,2.81
09:24:33,2.81
09:24:34,2.81
09:24:35,2.81
09:24:36,2.81
09:24:37,2.81
09:24:38,2.81
09:24:39,2.81
09:24:40,2.81
09:24:41,2.81
09:24:42,2.81
09:24:43,2.81
09:24:44,2.81
09:24:45,2.81
09:24:46,2.81
09:24:47,2.81
09:24:48,2.81
09:24:49,2.81
09:24:50,2.81
09:24:51,2.81
09:24:52,2.81
09:24:53,2.81
09:24:54,2.81
09:24:55,2.81
09:24:56,2.81
09:24:57,2.81
09:24:58,2.81
09:24:59,2.81
09:25:00,2.81
09:25:01,2.81
09:25:02,2.81
09:25:03,2.81
09:25:04,2.81
09:25:05,2.81
09:25:06,2.81
09:25:07,2.81
09:25:08,2.81
09:25:09,2.81
09:25:10,2.81
09:25:11,2.81
09:25:12,2.81
09:25:13,2.81
09:25:14,2.81
09:25:15,2.81
09:25:16,2.81
09:25:17,2.81
09:25:18,2.81
09:25:19,2.81
09:25:20,2.81
09:25:21,2.81
09:25:22,2.81
09:25:23,2.81
09:25:24,2.81
09:25:25,2.81
09:25:26,2.81
09:25:27,2.81
09:25:28,2.81
09:25:29,2.81
09:25:30,2.81
09:25:31,2.81
09:25:32,2.81
09:25:33,2.81
09:25:34,2.81
09:25:35,2.81
09:25:36,2.81
09:25:37,2.81
09:25:38,2.81
09:25:39,2.81
09:25:40,2.81
09:25:41,2.81
09:25:42,2.81
09:25:43,2.81
09:25:44,2.81
09:25:45,2.81
09:25:46,2.81
09:25:47,2.81
09:25:48,2.81
09:25:49,2.81
09:25:50,2.81
09:25:51,2.81
09:25:52,2.81
09:25:53,2.81
09:25:54,2.81
09:25:55,2.81
09:25:56,2.81
09:25:57,2.81
09:25:58,2.81
09:25:59,2.81
09:26:00,2.81
09:26:01,2.81
09:26:02,2.81
09:26:03,2.81
09:26:04,2.81
09:26:05,2.81
09:26:06,2.81
09:26:07,2.81
09:26:08,2.81
09:26:09,6.3125
09:26:10,9.815
09:26:11,13.3175
09:26:12,16.82
09:26:13,20.3225
09:26:14,23.825
09:26:15,27.3275
09:26:16,30.83
09:26:17,34.3325
09:26:18,37.835
09:26:19,41.3375
09:26:20,44.84
09:26:21,48.3425
09:26:22,51.845
09:26:23,55.3475
09:26:24,58.85
09:26:25,58.685
09:26:26,58.52
09:26:27,58.355
09:26:28,58.19
09:26:29,58.025
09:26:30,57.86
09:26:31,57.695
09:26:32,57.53
09:26:33,57.365
09:26:34,57.2
09:26:35,57.035
09:26:36,56.87
09:26:37,56.705
09:26:38,56.54
09:26:39,56.375
09:26:40,56.21
09:26:41,52.6326666667
09:26:42,49.0553333333
09:26:43,45.478
09:26:44,41.9006666667
09:26:45,38.3233333333
09:26:46,34.746
09:26:47,31.1686666667
09:26:48,27.5913333333
09:26:49,24.014
09:26:50,20.4366666667
09:26:51,16.8593333333
09:26:52,13.282
09:26:53,9.70466666667
09:26:54,6.12733333333
09:26:55,2.55
09:26:56,2.55
09:26:57,2.55
09:26:58,2.55
09:26:59,2.55
09:27:00,2.55
09:27:01,2.55
09:27:02,2.55
09:27:03,2.55
09:27:04,2.55
09:27:05,2.55
09:27:06,2.55
09:27:07,2.55
09:27:08,2.55
09:27:09,2.55
09:27:10,2.55
09:27:11,2.55
09:27:12,2.55
09:27:13,2.55
09:27:14,2.55
09:27:15,2.55
09:27:16,2.55
09:27:17,2.55
09:27:18,2.55
09:27:19,2.55
09:27:20,2.55
09:27:21,2.55
09:27:22,2.55
09:27:23,2.55
09:27:24,2.55
09:27:25,2.55
09:27:26,2.55
09:27:27,2.55
09:27:28,2.55
09:27:29,2.55
09:27:30,2.55
09:27:31,2.55
09:27:32,2.55
09:27:33,2.55
09:27:34,2.55
09:27:35,2.55
09:27:36,2.55
09:27:37,2.55
09:27:38,2.55
09:27:39,2.55
09:27:40,2.55
09:27:41,2.55
09:27:42,2.55
09:27:43,2.55
09:27:44,2.55
09:27:45,2.55
09:27:46,2.55
09:27:47,2.55
09:27:48,2.55
09:27:49,2.55
09:27:50,2.55
09:27:51,2.55
09:27:52,2.55
09:27:53,2.55
09:27:54,2.55
09:27:55,2.55
09:27:56,2.55
09:27:57,2.55
09:27:58,2.55
09:27:59,2.55
09:28:00,2.55
09:28:01,2.55
09:28:02,2.55
09:28:03,2.55
09:28:04,2.55
09:28:05,2.55
09:28:06,2.55
09:28:07,2.55
09:28:08,2.55
09:28:09,2.55
09:28:10,2.55
09:28:11,2.55
09:28:12,2.55
09:28:13,6.16266666667
09:28:14,9.77533333333
09:28:15,13.388
09:28:16,17.0006666667
09:28:17,20.6133333333
09:28:18,24.226
09:28:19,27.8386666667
09:28:20,31.4513333333
09:28:21,35.064
09:28:22,38.6766666667
09:28:23,42.2893333333
09:28:24,45.902
09:28:25,49.5146666667
09:28:26,53.1273333333
09:28:27,56.74
09:28:28,58.458125
09:28:29,60.17625
09:28:30,61.894375
09:28:31,63.6125
09:28:32,65.330625
09:28:33,67.04875
09:28:34,68.766875
09:28:35,70.485
09:28:36,72.203125
09:28:37,73.92125
09:28:38,75.639375
09:28:39,77.3575
09:28:40,79.075625
09:28:41,80.79375
09:28:42,82.511875
09:28:43,84.23
09:28:44,84.23
09:28:45,84.23
09:28:46,84.23
09:28:47,84.23
09:28:48,84.23
09:28:49,84.23
09:28:50,84.23
09:28:51,84.23
09:28:52,84.23
09:28:53,84.23
09:28:54,84.23
09:28:55,84.23
09:28:56,84.23
09:28:57,84.23
09:28:58,84.23
09:28:59,84.23
09:29:00,84.23
09:29:01,84.23
09:29:02,84.23
09:29:03,84.23
09:29:04,84.23
09:29:05,84.23
09:29:06,84.23
09:29:07,84.23
09:29:08,84.23
09:29:09,84.23
09:29:10,84.23
09:29:11,84.23
09:29:12,84.23
09:29:13,84.23
09:29:14,84.23
09:29:15,84.23
09:29:16,84.23
09:29:17,84.23
09:29:18,84.23
09:29:19,84.23
09:29:20,84.23
09:29:21,84.23
09:29:22,84.23
09:29:23,84.23
09:29:24,84.23
09:29:25,84.23
09:29:26,84.23
09:29:27,84.23
09:29:28,84.23
09:29:29,84.23
09:29:30,84.318
09:29:31,84.406
09:29:32,84.494
09:29:33,84.582
09:29:34,84.67
09:29:35,84.758
09:29:36,84.846
09:29:37,84.934
09:29:38,85.022
09:29:39,85.11
09:29:40,85.198
09:29:41,85.286
09:29:42,85.374
09:29:43,85.462
09:29:44,85.55
09:29:45,85.55
09:29:46,85.55
09:29:47,85.55
09:29:48,85.55
09:29:49,85.55
09:29:50,85.55
09:29:51,85.55
09:29:52,85.55
09:29:53,85.55
09:29:54,85.55
09:29:55,85.55
09:29:56,85.55
09:29:57,85.55
09:29:58,85.55
09:29:59,85.55
09:30:00,85.55
09:30:01,84.8446666667
09:30:02,84.1393333333
09:30:03,83.434
09:30:04,82.7286666667
09:30:05,82.0233333333
09:30:06,81.318
09:30:07,80.6126666667
09:30:08,79.9073333333
09:30:09,79.202
09:30:10,78.4966666667
09:30:11,77.7913333333
09:30:12,77.086
09:30:13,76.3806666667
09:30:14,75.6753333333
09:30:15,74.97
09:30:16,73.3666666667
09:30:17,71.7633333333
09:30:18,70.16
09:30:19,68.5566666667
09:30:20,66.9533333333
09:30:21,65.35
09:30:22,63.7466666667
09:30:23,62.1433333333
09:30:24,60.54
09:30:25,58.9366666667
09:30:26,57.3333333333
09:30:27,55.73
09:30:28,54.1266666667
09:30:29,52.5233333333
09:30:30,50.92
09:30:31,53.5986666667
09:30:32,56.2773333333
09:30:33,58.956
09:30:34,61.6346666667
09:30:35,64.3133333333
09:30:36,66.992
09:30:37,69.6706666667
09:30:38,72.3493333333
09:30:39,75.028
09:30:40,77.7066666667
09:30:41,80.3853333333
09:30:42,83.064
09:30:43,85.7426666667
09:30:44,88.4213333333
09:30:45,91.1
09:30:46,89.25
09:30:47,87.4
09:30:48,85.55
09:30:49,83.7
09:30:50,81.85
09:30:51,80.0
09:30:52,78.15
09:30:53,76.3
09:30:54,74.45
09:30:55,72.6
09:30:56,70.75
09:30:57,68.9
09:30:58,67.05
09:30:59,65.2
09:31:00,63.35
09:31:01,59.56625
09:31:02,55.7825
09:31:03,51.99875
09:31:04,48.215
09:31:05,44.43125
09:31:06,40.6475
09:31:07,36.86375
09:31:08,33.08
09:31:09,29.29625
09:31:10,25.5125
09:31:11,21.72875
09:31:12,17.945
09:31:13,14.16125
09:31:14,10.3775
09:31:15,6.59375
09:31:16,2.81
09:31:17,2.81
09:31:18,2.81
09:31:19,2.81
09:31:20,2.81
09:31:21,2.81
09:31:22,2.81
09:31:23,2.81
09:31:24,2.81
09:31:25,2.81
09:31:26,2.81
09:31:27,2.81
09:31:28,2.81
09:31:29,2.81
09:31:30,2.81
09:31:31,2.81
09:31:32,2.81
09:31:33,2.81
09:31:34,2.81
09:31:35,2.81
09:31:36,2.81
09:31:37,2.81
09:31:38,2.81
09:31:39,2.81
09:31:40,2.81
09:31:41,2.81
09:31:42,2.81
09:31:43,2.81
09:31:44,2.81
09:31:45,2.81
09:31:46,2.81
09:31:47,2.81
09:31:48,2.81
09:31:49,2.81
09:31:50,2.81
09:31:51,2.81
09:31:52,2.81
09:31:53,2.81
09:31:54,2.81
09:31:55,2.81
09:31:56,2.81
09:31:57,2.81
09:31:58,2.81
09:31:59,2.81
09:32:00,2.81
09:32:01,2.81
09:32:02,2.81
09:32:03,2.81
09:32:04,2.81
09:32:05,2.81
09:32:06,2.81
09:32:07,2.81
09:32:08,2.81
09:32:09,2.81
09:32:10,2.81
09:32:11,2.81
09:32:12,2.81
09:32:13,2.81
09:32:14,2.81
09:32:15,2.81
09:32:16,2.81
09:32:17,2.81
09:32:18,2.81
09:32:19,2.81
09:32:20,2.81
09:32:21,2.81
09:32:22,2.81
09:32:23,2.81
09:32:24,2.81
09:32:25,2.81
09:32:26,2.81
09:32:27,2.81
09:32:28,2.81
09:32:29,2.81
09:32:30,2.81
09:32:31,2.81
09:32:32,2.81
09:32:33,2.81
09:32:34,2.81
09:32:35,2.81
09:32:36,2.81
09:32:37,2.81
09:32:38,2.81
09:32:39,2.81
09:32:40,2.81
09:32:41,2.81
09:32:42,2.81
09:32:43,2.81
09:32:44,2.81
09:32:45,2.81
09:32:46,2.81
09:32:47,2.81
09:32:48,2.81
09:32:49,2.81
09:32:50,2.81
09:32:51,2.81
09:32:52,2.81
09:32:53,2.81
09:32:54,2.81
09:32:55,2.81
09:32:56,2.81
09:32:57,2.81
09:32:58,2.81
09:32:59,2.81
09:33:00,2.81
09:33:01,2.81
09:33:02,2.81
09:33:03,2.81
09:33:04,2.81
09:33:05,2.81
09:33:06,2.81
09:33:07,2.81
09:33:08,2.81
09:33:09,2.81
09:33:10,2.81
09:33:11,2.81
09:33:12,2.81
09:33:13,2.81
09:33:14,2.81
09:33:15,2.81
09:33:16,2.81
09:33:17,2.81
09:33:18,2.81
09:33:19,2.81
09:33:20,2.81
09:33:21,2.81
09:33:22,2.81
09:33:23,2.81
09:33:24,2.81
09:33:25,2.81
09:33:26,2.81
09:33:27,2.81
09:33:28,2.81
09:33:29,2.81
09:33:30,2.81
09:33:31,2.81
09:33:32,2.81
09:33:33,2.81
09:33:34,2.81
09:33:35,2.81
09:33:36,2.81
09:33:37,2.81
09:33:38,2.81
09:33:39,2.81
09:33:40,2.81
09:33:41,2.81
09:33:42,2.81
09:33:43,2.81
09:33:44,2.81
09:33:45,2.81
09:33:46,2.81
09:33:47,2.81
09:33:48,2.81
09:33:49,2.81
09:33:50,2.81
09:33:51,2.81
09:33:52,2.81
09:33:53,2.81
09:33:54,2.81
09:33:55,2.81
09:33:56,2.81
09:33:57,2.81
09:33:58,2.81
09:33:59,2.81
09:34:00,2.81
09:34:01,2.81
09:34:02,2.81
09:34:03,2.81
09:34:04,2.81
09:34:05,2.81
09:34:06,2.81
09:34:07,2.81
09:34:08,2.81
09:34:09,2.81
09:34:10,2.81
09:34:11,2.81
09:34:12,2.81
09:34:13,2.81
09:34:14,2.81
09:34:15,2.81
09:34:16,2.81
09:34:17,2.81
09:34:18,2.81
09:34:19,2.81
09:34:20,2.81
09:34:21,2.81
09:34:22,2.81
09:34:23,2.81
09:34:24,6.16375
09:34:25,9.5175
09:34:26,12.87125
09:34:27,16.225
09:34:28,19.57875
09:34:29,22.9325
09:34:30,26.28625
09:34:31,29.64
09:34:32,32.99375
09:34:33,36.3475
09:34:34,39.70125
09:34:35,43.055
09:34:36,46.40875
09:34:37,49.7625
09:34:38,53.11625
09:34:39,56.47
09:34:40,52.8753333333
09:34:41,49.2806666667
09:34:42,45.686
09:34:43,42.0913333333
09:34:44,38.4966666667
09:34:45,34.902
09:34:46,31.3073333333
09:34:47,27.7126666667
09:34:48,24.118
09:34:49,20.5233333333
09:34:50,16.9286666667
09:34:51,13.334
09:34:52,9.73933333333
09:34:53,6.14466666667
09:34:54,2.55
09:34:55,7.855
09:34:56,13.16
09:34:57,18.465
09:34:58,23.77
09:34:59,29.075
09:35:00,34.38
09:35:01,39.685
09:35:02,44.99
09:35:03,50.295
09:35:04,55.6
09:35:05,60.905
09:35:06,66.21
09:35:07,71.515
09:35:08,76.82
09:35:09,76.3446666667
09:35:10,75.8693333333
09:35:11,75.394
09:35:12,74.9186666667
09:35:13,74.4433333333
09:35:14,73.968
09:35:15,73.4926666667
09:35:16,73.0173333333
09:35:17,72.542
09:35:18,72.0666666667
09:35:19,71.5913333333
09:35:20,71.116
09:35:21,70.6406666667
09:35:22,70.1653333333
09:35:23,69.69
09:35:24,70.536
09:35:25,71.382
09:35:26,72.228
09:35:27,73.074
09:35:28,73.92
09:35:29,74.766
09:35:30,75.612
09:35:31,76.458
09:35:32,77.304
09:35:33,78.15
09:35:34,78.996
09:35:35,79.842
09:35:36,80.688
09:35:37,81.534
09:35:38,82.38
09:35:39,81.0735294118
09:35:40,79.7670588235
09:35:41,78.4605882353
09:35:42,77.1541176471
09:35:43,75.8476470588
09:35:44,74.5411764706
09:35:45,73.2347058824
09:35:46,71.9282352941
09:35:47,70.6217647059
09:35:48,69.3152941176
09:35:49,68.0088235294
09:35:50,66.7023529412
09:35:51,65.3958823529
09:35:52,64.0894117647
09:35:53,62.7829411765
09:35:54,61.4764705882
09:35:55,60.17
09:35:56,62.1086666667
09:35:57,64.0473333333
09:35:58,65.986
09:35:59,67.9246666667
09:36:00,69.8633333333
09:36:01,71.802
09:36:02,73.7406666667
09:36:03,75.6793333333
09:36:04,77.618
09:36:05,79.5566666667
09:36:06,81.4953333333
09:36:07,83.434
09:36:08,85.3726666667
09:36:09,87.3113333333
09:36:10,89.25
09:36:11,88.7386666667
09:36:12,88.2273333333
09:36:13,87.716
09:36:14,87.2046666667
09:36:15,86.6933333333
09:36:16,86.182
09:36:17,85.6706666667
09:36:18,85.1593333333
09:36:19,84.648
09:36:20,84.1366666667
09:36:21,83.6253333333
09:36:22,83.114
09:36:23,82.6026666667
09:36:24,82.0913333333
09:36:25,81.58
09:36:26,80.294
09:36:27,79.008
09:36:28,77.722
09:36:29,76.436
09:36:30,75.15
09:36:31,73.864
09:36:32,72.578
09:36:33,71.292
09:36:34,70.006
09:36:35,68.72
09:36:36,67.434
09:36:37,66.148
09:36:38,64.862
09:36:39,63.576
09:36:40,62.29
09:36:41,62.174375
09:36:42,62.05875
09:36:43,61.943125
09:36:44,61.8275
09:36:45,61.711875
09:36:46,61.59625
09:36:47,61.480625
09:36:48,61.365
09:36:49,61.249375
09:36:50,61.13375
09:36:51,61.018125
09:36:52,60.9025
09:36:53,60.786875
09:36:54,60.67125
09:36:55,60.555625
09:36:56,60.44
09:36:57,59.77875
09:36:58,59.1175
09:36:59,58.45625
09:37:00,57.795
09:37:01,57.13375
09:37:02,56.4725
09:37:03,55.81125
09:37:04,55.15
09:37:05,54.48875
09:37:06,53.8275
09:37:07,53.16625
09:37:08,52.505
09:37:09,51.84375
09:37:10,51.1825
09:37:11,50.52125
09:37:12,49.86
09:37:13,48.5225
09:37:14,47.185
09:37:15,45.8475
09:37:16,44.51
09:37:17,43.1725
09:37:18,41.835
09:37:19,40.4975
09:37:20,39.16
09:37:21,37.8225
09:37:22,36.485
09:37:23,35.1475
09:37:24,33.81
09:37:25,32.4725
09:37:26,31.135
09:37:27,29.7975
09:37:28,28.46
09:37:29,26.840625
09:37:30,25.22125
09:37:31,23.601875
09:37:32,21.9825
09:37:33,20.363125
09:37:34,18.74375
09:37:35,17.124375
09:37:36,15.505
09:37:37,13.885625
09:37:38,12.26625
09:37:39,10.646875
09:37:40,9.0275
09:37:41,7.408125
09:37:42,5.78875
09:37:43,4.169375
09:37:44,2.55
09:37:45,2.55
09:37:46,2.55
09:37:47,2.55
09:37:48,2.55
09:37:49,2.55
09:37:50,2.55
09:37:51,2.55
09:37:52,2.55
09:37:53,2.55
09:37:54,2.55
09:37:55,2.55
09:37:56,2.55
09:37:57,2.55
09:37:58,2.55
09:37:59,2.55
09:38:00,2.55
09:38:01,2.55
09:38:02,2.55
09:38:03,2.55
09:38:04,2.55
09:38:05,2.55
09:38:06,2.55
09:38:07,2.55
09:38:08,2.55
09:38:09,2.55
09:38:10,2.55
09:38:11,2.55
09:38:12,2.55
09:38:13,2.55
09:38:14,2.55
09:38:15,2.55
09:38:16,2.55
09:38:17,2.55
09:38:18,2.55
09:38:19,2.55
09:38:20,2.55
09:38:21,2.55
09:38:22,2.55
09:38:23,2.55
09:38:24,2.55
09:38:25,2.55
09:38:26,2.55
09:38:27,2.55
09:38:28,2.55
09:38:29,2.55
09:38:30,2.55
09:38:31,2.55
09:38:32,2.55
09:38:33,2.55
09:38:34,2.55
09:38:35,2.55
09:38:36,2.55
09:38:37,2.55
09:38:38,2.55
09:38:39,2.55
09:38:40,2.55
09:38:41,2.55
09:38:42,2.55
09:38:43,2.55
09:38:44,2.55
09:38:45,2.55
09:38:46,2.55
09:38:47,2.55
09:38:48,2.55
09:38:49,2.55
09:38:50,2.55
09:38:51,2.55
09:38:52,2.55
09:38:53,2.55
09:38:54,2.55
09:38:55,2.55
09:38:56,2.55
09:38:57,2.55
09:38:58,2.55
09:38:59,2.55
09:39:00,2.55
09:39:01,2.55
09:39:02,2.55
09:39:03,2.55
09:39:04,2.55
09:39:05,2.55
09:39:06,2.55
09:39:07,2.55
09:39:08,2.55
09:39:09,2.55
09:39:10,2.55
09:39:11,2.55
09:39:12,2.55
09:39:13,2.55
09:39:14,2.55
09:39:15,2.55
09:39:16,2.55
09:39:17,2.55
09:39:18,2.55
09:39:19,2.55
09:39:20,2.55
09:39:21,2.55
09:39:22,2.55
09:39:23,2.55
09:39:24,2.55
09:39:25,2.55
09:39:26,2.55
09:39:27,2.55
09:39:28,2.55
09:39:29,2.55
09:39:30,2.55
09:39:31,2.55
09:39:32,2.55
09:39:33,2.55
09:39:34,2.55
09:39:35,2.55
09:39:36,2.55
09:39:37,2.55
09:39:38,2.55
09:39:39,2.55
09:39:40,2.55
09:39:41,2.55
09:39:42,2.55
09:39:43,2.55
09:39:44,2.55
09:39:45,2.55
09:39:46,2.55
09:39:47,2.55
09:39:48,2.55
09:39:49,2.55
09:39:50,2.55
09:39:51,2.55
09:39:52,2.55
09:39:53,2.55
09:39:54,2.55
09:39:55,2.55
09:39:56,2.55
09:39:57,2.55
09:39:58,2.55
09:39:59,2.55
09:40:00,2.55
09:40:01,2.55
09:40:02,2.55
09:40:03,2.55
09:40:04,2.55
09:40:05,2.55
09:40:06,2.55
09:40:07,2.55
09:40:08,2.55
09:40:09,2.55
09:40:10,2.55
09:40:11,2.55
09:40:12,2.55
09:40:13,2.55
09:40:14,2.55
09:40:15,2.55
09:40:16,2.55
09:40:17,2.55
09:40:18,2.55
09:40:19,2.55
09:40:20,2.55
09:40:21,2.55
09:40:22,2.55
09:40:23,2.55
09:40:24,2.55
09:40:25,2.55
09:40:26,2.55
09:40:27,2.55
09:40:28,2.55
09:40:29,2.55
09:40:30,2.55
09:40:31,2.55
09:40:32,2.55
09:40:33,2.55
09:40:34,2.55
09:40:35,2.55
09:40:36,2.55
09:40:37,2.55
09:40:38,2.55
09:40:39,2.55
09:40:40,2.55
09:40:41,2.55
09:40:42,2.55
09:40:43,2.55
09:40:44,2.55
09:40:45,2.55
09:40:46,2.55
09:40:47,2.55
09:40:48,2.55
09:40:49,2.55
09:40:50,2.55
09:40:51,2.55
09:40:52,2.55
09:40:53,2.55
09:40:54,2.55
09:40:55,2.55
09:40:56,2.55
09:40:57,2.55
09:40:58,2.55
09:40:59,2.55
09:41:00,2.55
09:41:01,2.55
09:41:02,2.55
09:41:03,2.55
09:41:04,2.55
09:41:05,2.55
09:41:06,2.55
09:41:07,2.55
09:41:08,2.55
09:41:09,2.55
09:41:10,2.55
09:41:11,2.55
09:41:12,2.55
09:41:13,2.55
09:41:14,2.55
09:41:15,2.55
09:41:16,2.55
09:41:17,2.55
09:41:18,2.55
09:41:19,2.55
09:41:20,2.55
09:41:21,2.55
09:41:22,2.55
09:41:23,2.55
09:41:24,2.55
09:41:25,2.55
09:41:26,2.55
09:41:27,2.55
09:41:28,2.55
09:41:29,2.55
09:41:30,2.55
09:41:31,2.55
09:41:32,2.55
09:41:33,2.55
09:41:34,2.55
09:41:35,2.55
09:41:36,2.55
09:41:37,2.55
09:41:38,2.55
09:41:39,2.55
09:41:40,2.55
09:41:41,2.55
09:41:42,2.55
09:41:43,2.55
09:41:44,2.55
09:41:45,2.55
09:41:46,2.55
09:41:47,2.55
09:41:48,2.55
09:41:49,2.55
09:41:50,2.55
09:41:51,2.55
09:41:52,2.55
09:41:53,2.55
09:41:54,2.55
09:41:55,2.55
09:41:56,2.55
09:41:57,2.55
09:41:58,2.55
09:41:59,2.55
09:42:00,2.55
09:42:01,2.55
09:42:02,2.55
09:42:03,2.55
09:42:04,2.55
09:42:05,2.55
09:42:06,2.55
09:42:07,2.55
09:42:08,2.55
09:42:09,2.55
09:42:10,2.55
09:42:11,2.55
09:42:12,2.55
09:42:13,2.55
09:42:14,2.55
09:42:15,2.55
09:42:16,2.55
09:42:17,2.55
09:42:18,2.55
09:42:19,2.55
09:42:20,2.55
09:42:21,2.55
09:42:22,2.55
09:42:23,2.55
09:42:24,2.55
09:42:25,2.55
09:42:26,2.55
09:42:27,2.55
09:42:28,2.55
09:42:29,2.55
09:42:30,2.55
09:42:31,2.55
09:42:32,2.55
09:42:33,2.55
09:42:34,2.55
09:42:35,2.55
09:42:36,2.55
09:42:37,2.55
09:42:38,2.55
09:42:39,2.55
09:42:40,2.55
09:42:41,2.55
09:42:42,2.55
09:42:43,2.55
09:42:44,2.55
09:42:45,2.55
09:42:46,2.55
09:42:47,2.55
09:42:48,2.55
09:42:49,2.55
09:42:50,2.55
09:42:51,2.55
09:42:52,2.55
09:42:53,2.55
09:42:54,2.55
09:42:55,2.55
09:42:56,2.55
09:42:57,2.55
09:42:58,2.55
09:42:59,2.55
09:43:00,2.55
09:43:01,2.55
09:43:02,2.55
09:43:03,2.55
09:43:04,2.55
09:43:05,2.55
09:43:06,2.55
09:43:07,2.55
09:43:08,2.55
09:43:09,2.55
09:43:10,2.55
09:43:11,2.55
09:43:12,2.55
09:43:13,2.55
09:43:14,2.55
09:43:15,2.55
09:43:16,2.55
09:43:17,2.55
09:43:18,2.55
09:43:19,2.55
09:43:20,2.55
09:43:21,2.55
09:43:22,2.55
09:43:23,2.55
09:43:24,2.55
09:43:25,2.55
09:43:26,2.55
09:43:27,2.55
09:43:28,2.55
09:43:29,2.55
09:43:30,2.55
09:43:31,2.55
09:43:32,2.55
09:43:33,2.55
09:43:34,2.55
09:43:35,2.55
09:43:36,2.55
09:43:37,2.55
09:43:38,2.55
09:43:39,2.55
09:43:40,2.55
09:43:41,2.55
09:43:42,2.55
09:43:43,2.55
09:43:44,2.55
09:43:45,2.55
09:43:46,2.55
09:43:47,2.55
09:43:48,2.55
09:43:49,2.55
09:43:50,2.55
09:43:51,2.55
09:43:52,2.55
09:43:53,2.55
09:43:54,2.55
09:43:55,2.55
09:43:56,2.55
09:43:57,2.55
09:43:58,2.55
09:43:59,2.55
09:44:00,2.55
09:44:01,2.55
09:44:02,2.55
09:44:03,2.55
09:44:04,2.55
09:44:05,2.55
09:44:06,2.55
09:44:07,2.55
09:44:08,2.55
09:44:09,2.55
09:44:10,2.55
09:44:11,2.55
09:44:12,2.55
09:44:13,2.55
09:44:14,2.55
09:44:15,2.55
09:44:16,2.55
09:44:17,2.55
09:44:18,2.55
09:44:19,2.55
09:44:20,2.55
09:44:21,2.55
09:44:22,2.55
09:44:23,2.55
09:44:24,2.55
09:44:25,2.55
09:44:26,2.55
09:44:27,2.55
09:44:28,2.55
09:44:29,2.55
09:44:30,2.55
09:44:31,2.55
09:44:32,2.55
09:44:33,2.55
09:44:34,2.55
09:44:35,2.55
09:44:36,2.55
09:44:37,2.55
09:44:38,2.55
09:44:39,2.55
09:44:40,2.55
09:44:41,2.55
09:44:42,2.55
09:44:43,2.55
09:44:44,2.55
09:44:45,2.55
09:44:46,2.55
09:44:47,2.55
09:44:48,2.55
09:44:49,2.55
09:44:50,2.55
09:44:51,2.55
09:44:52,2.55
09:44:53,2.55
09:44:54,2.55
09:44:55,2.55
09:44:56,2.55
09:44:57,2.55
09:44:58,2.55
09:44:59,2.55
09:45:00,2.55
09:45:01,2.55
09:45:02,2.55
09:45:03,2.55
09:45:04,2.55
09:45:05,2.55
09:45:06,2.55
09:45:07,2.55
09:45:08,2.55
09:45:09,2.55
09:45:10,2.55
09:45:11,2.55
09:45:12,2.55
09:45:13,2.55
09:45:14,2.55
09:45:15,2.55
09:45:16,2.55
09:45:17,2.55
09:45:18,2.55
09:45:19,2.55
09:45:20,2.55
09:45:21,2.55
09:45:22,2.55
09:45:23,2.55
09:45:24,2.55
09:45:25,2.55
09:45:26,2.55
09:45:27,2.55
09:45:28,2.55
09:45:29,2.55
09:45:30,2.55
09:45:31,2.55
09:45:32,2.55
09:45:33,2.55
09:45:34,2.55
09:45:35,2.55
09:45:36,2.55
09:45:37,2.55
09:45:38,2.55
09:45:39,2.55
09:45:40,2.55
09:45:41,2.55
09:45:42,2.55
09:45:43,2.55
09:45:44,2.55
09:45:45,2.55
09:45:46,2.55
09:45:47,2.55
09:45:48,2.55
09:45:49,2.55
09:45:50,2.55
09:45:51,2.55
09:45:52,2.55
09:45:53,2.55
09:45:54,2.55
09:45:55,2.55
09:45:56,2.55
09:45:57,2.55
09:45:58,2.55
09:45:59,2.55
09:46:00,2.55
09:46:01,2.55
09:46:02,2.55
09:46:03,2.55
09:46:04,2.55
09:46:05,2.55
09:46:06,2.55
09:46:07,2.55
09:46:08,2.55
09:46:09,2.55
09:46:10,2.55
09:46:11,2.55
09:46:12,2.55
09:46:13,2.55
09:46:14,2.55
09:46:15,2.55
09:46:16,2.55
09:46:17,2.55
09:46:18,2.55
09:46:19,2.55
09:46:20,2.55
09:46:21,2.55
09:46:22,2.55
09:46:23,2.55
09:46:24,2.55
09:46:25,2.55
09:46:26,2.55
09:46:27,2.55
09:46:28,2.55
09:46:29,2.55
09:46:30,2.55
09:46:31,2.55
09:46:32,2.55
09:46:33,2.55
09:46:34,2.55
09:46:35,2.55
09:46:36,2.55
09:46:37,2.55
09:46:38,2.55
09:46:39,2.55
09:46:40,2.55
09:46:41,2.55
09:46:42,2.55
09:46:43,2.55
09:46:44,2.55
09:46:45,2.55
09:46:46,2.55
09:46:47,2.55
09:46:48,2.55
09:46:49,2.55
09:46:50,2.55
09:46:51,2.55
09:46:52,2.55
09:46:53,2.55
09:46:54,2.55
09:46:55,2.55
09:46:56,2.55
09:46:57,2.55
09:46:58,2.55
09:46:59,2.55
09:47:00,2.55
09:47:01,2.55
09:47:02,2.55
09:47:03,2.55
09:47:04,2.55
09:47:05,2.55
09:47:06,2.55
09:47:07,2.55
09:47:08,2.55
09:47:09,2.55
09:47:10,2.55
09:47:11,2.55
09:47:12,2.55
09:47:13,2.55
09:47:14,2.55
09:47:15,2.55
09:47:16,2.55
09:47:17,2.55
09:47:18,2.55
09:47:19,2.55
09:47:20,2.55
09:47:21,2.55
09:47:22,2.55
09:47:23,2.55
09:47:24,2.55
09:47:25,2.55
09:47:26,2.55
09:47:27,2.55
09:47:28,2.55
09:47:29,2.55
09:47:30,2.55
09:47:31,2.55
09:47:32,2.55
09:47:33,2.55
09:47:34,2.55
09:47:35,2.55
09:47:36,2.55
09:47:37,2.55
09:47:38,2.55
09:47:39,2.55
09:47:40,2.55
09:47:41,2.55
09:47:42,2.55
09:47:43,2.55
09:47:44,2.55
09:47:45,2.55
09:47:46,2.55
09:47:47,2.55
09:47:48,2.55
09:47:49,2.55
09:47:50,2.55
09:47:51,2.55
09:47:52,2.55
09:47:53,2.55
09:47:54,2.55
09:47:55,2.55
09:47:56,2.55
09:47:57,2.55
09:47:58,2.55
09:47:59,2.55
09:48:00,2.55
09:48:01,2.55
09:48:02,2.55
09:48:03,2.55
09:48:04,2.55
09:48:05,2.55
09:48:06,2.55
09:48:07,2.55
09:48:08,2.55
09:48:09,2.55
09:48:10,2.55
09:48:11,2.55
09:48:12,2.55
09:48:13,2.55
09:48:14,2.55
09:48:15,2.55
09:48:16,2.55
09:48:17,2.55
09:48:18,2.55
09:48:19,2.55
09:48:20,2.55
09:48:21,2.55
09:48:22,2.55
09:48:23,2.55
09:48:24,2.55
09:48:25,2.55
09:48:26,2.55
09:48:27,2.55
09:48:28,2.55
09:48:29,2.55
09:48:30,2.55
09:48:31,2.55
09:48:32,2.55
09:48:33,2.55
09:48:34,2.55
09:48:35,2.55
09:48:36,2.55
09:48:37,2.55
09:48:38,2.55
09:48:39,2.55
09:48:40,2.55
09:48:41,2.55
09:48:42,2.55
09:48:43,2.55
09:48:44,2.55
09:48:45,2.55
09:48:46,2.55
09:48:47,2.55
09:48:48,2.55
09:48:49,2.55
09:48:50,2.55
09:48:51,2.55
09:48:52,2.55
09:48:53,2.55
09:48:54,2.55
09:48:55,2.55
09:48:56,2.55
09:48:57,2.55
09:48:58,2.55
09:48:59,2.55
09:49:00,2.55
09:49:01,2.55
09:49:02,2.55
09:49:03,2.55
09:49:04,2.55
09:49:05,2.55
09:49:06,2.55
09:49:07,2.55
09:49:08,2.55
09:49:09,2.55
09:49:10,2.55
09:49:11,2.55
09:49:12,2.55
09:49:13,2.55
09:49:14,2.55
09:49:15,2.55
09:49:16,2.55
09:49:17,2.55
09:49:18,2.55
09:49:19,2.55
09:49:20,2.55
09:49:21,2.55
09:49:22,2.55
09:49:23,2.55
09:49:24,2.55
09:49:25,2.55
09:49:26,2.55
09:49:27,2.55
09:49:28,2.55
09:49:29,2.55
09:49:30,2.55
09:49:31,2.55
09:49:32,2.55
09:49:33,2.55
09:49:34,2.55
09:49:35,2.55
09:49:36,2.55
09:49:37,2.55
09:49:38,2.55
09:49:39,2.55
09:49:40,2.55
09:49:41,2.55
09:49:42,2.55
09:49:43,2.55
09:49:44,2.55
09:49:45,2.55
09:49:46,2.55
09:49:47,2.55
09:49:48,2.55
09:49:49,2.55
09:49:50,2.55
09:49:51,2.55
09:49:52,2.55
09:49:53,2.55
09:49:54,2.55
09:49:55,2.55
09:49:56,2.55
09:49:57,2.55
09:49:58,2.55
09:49:59,2.55
09:50:00,2.55
09:50:01,2.55
09:50:02,2.55
09:50:03,2.55
09:50:04,2.55
09:50:05,2.55
09:50:06,2.55
09:50:07,2.55
09:50:08,2.55
09:50:09,2.55
09:50:10,2.55
09:50:11,2.55
09:50:12,2.55
09:50:13,2.55
09:50:14,2.55
09:50:15,2.55
09:50:16,2.55
09:50:17,2.55
09:50:18,2.55
09:50:19,2.55
09:50:20,2.55
09:50:21,2.55
09:50:22,2.55
09:50:23,2.55
09:50:24,2.55
09:50:25,2.55
09:50:26,2.55
09:50:27,2.55
09:50:28,2.55
09:50:29,2.55
09:50:30,2.55
09:50:31,2.55
09:50:32,2.55
09:50:33,2.55
09:50:34,2.55
09:50:35,2.55
09:50:36,2.55
09:50:37,2.55
09:50:38,2.55
09:50:39,2.55
09:50:40,2.55
09:50:41,2.55
09:50:42,2.55
09:50:43,2.55
09:50:44,2.55
09:50:45,2.55
09:50:46,2.55
09:50:47,2.55
09:50:48,2.55
09:50:49,2.55
09:50:50,2.55
09:50:51,2.55
09:50:52,2.55
09:50:53,2.55
09:50:54,2.55
09:50:55,2.55
09:50:56,2.55
09:50:57,2.55
09:50:58,2.55
09:50:59,2.55
09:51:00,2.55
09:51:01,2.55
09:51:02,2.55
09:51:03,2.55
09:51:04,2.55
09:51:05,2.55
09:51:06,2.55
09:51:07,2.55
09:51:08,2.55
09:51:09,2.55
09:51:10,2.55
09:51:11,2.55
09:51:12,2.55
09:51:13,2.55
09:51:14,2.55
09:51:15,2.55
09:51:16,2.55
09:51:17,2.55
09:51:18,2.55
09:51:19,2.55
09:51:20,2.55
09:51:21,2.55
09:51:22,2.55
09:51:23,2.55
09:51:24,2.55
09:51:25,2.55
09:51:26,2.55
09:51:27,2.55
09:51:28,2.55
09:51:29,2.55
09:51:30,2.55
09:51:31,2.55
09:51:32,2.55
09:51:33,2.55
09:51:34,2.55
09:51:35,2.55
09:51:36,2.55
09:51:37,2.55
09:51:38,2.55
09:51:39,2.55
09:51:40,2.55
09:51:41,2.55
09:51:42,2.55
09:51:43,2.55
09:51:44,2.55
09:51:45,2.55
09:51:46,2.55
09:51:47,2.55
09:51:48,2.55
09:51:49,2.55
09:51:50,2.55
09:51:51,2.55
09:51:52,2.55
09:51:53,2.55
09:51:54,2.55
09:51:55,2.55
09:51:56,2.55
09:51:57,2.55
09:51:58,2.55
09:51:59,2.55
09:52:00,2.55
09:52:01,2.55
09:52:02,2.55
09:52:03,2.55
09:52:04,2.55
09:52:05,2.55
09:52:06,2.55
09:52:07,2.55
09:52:08,2.55
09:52:09,2.55
09:52:10,2.55
09:52:11,2.55
09:52:12,2.55
09:52:13,2.55
09:52:14,2.55
09:52:15,2.55
09:52:16,2.55
09:52:17,2.55
09:52:18,2.55
09:52:19,2.55
09:52:20,2.55
09:52:21,2.55
09:52:22,2.55
09:52:23,2.55
09:52:24,2.55
09:52:25,2.55
09:52:26,2.55
09:52:27,2.55
09:52:28,2.55
09:52:29,2.55
09:52:30,2.55
09:52:31,2.55
09:52:32,2.55
09:52:33,2.55
09:52:34,2.55
09:52:35,2.55
09:52:36,2.55
09:52:37,2.55
09:52:38,2.55
09:52:39,2.55
09:52:40,2.55
09:52:41,2.55
09:52:42,2.55
09:52:43,2.55
09:52:44,2.55
09:52:45,2.55
09:52:46,2.55
09:52:47,2.55
09:52:48,2.55
09:52:49,2.55
09:52:50,2.55
09:52:51,2.55
09:52:52,2.55
09:52:53,2.55
09:52:54,2.55
09:52:55,2.55
09:52:56,2.55
09:52:57,2.55
09:52:58,2.55
09:52:59,2.55
09:53:00,2.55
09:53:01,2.55
09:53:02,2.55
09:53:03,2.55
09:53:04,2.55
09:53:05,2.55
09:53:06,2.55
09:53:07,2.55
09:53:08,2.55
09:53:09,2.55
09:53:10,2.55
09:53:11,8.06533333333
09:53:12,13.5806666667
09:53:13,19.096
09:53:14,24.6113333333
09:53:15,30.1266666667
09:53:16,35.642
09:53:17,41.1573333333
09:53:18,46.6726666667
09:53:19,52.188
09:53:20,57.7033333333
09:53:21,63.2186666667
09:53:22,68.734
09:53:23,74.2493333333
09:53:24,79.7646666667
09:53:25,85.28
09:53:26,83.694
09:53:27,82.108
09:53:28,80.522
09:53:29,78.936
09:53:30,77.35
09:53:31,75.764
09:53:32,74.178
09:53:33,72.592
09:53:34,71.006
09:53:35,69.42
09:53:36,67.834
09:53:37,66.248
09:53:38,64.662
09:53:39,63.076
09:53:40,61.49
09:53:41,57.8953333333
09:53:42,54.3006666667
09:53:43,50.706
09:53:44,47.1113333333
09:53:45,43.5166666667
09:53:46,39.922
09:53:47,36.3273333333
09:53:48,32.7326666667
09:53:49,29.138
09:53:50,25.5433333333
09:53:51,21.9486666667
09:53:52,18.354
09:53:53,14.7593333333
09:53:54,11.1646666667
09:53:55,7.57
09:53:56,7.23533333333
09:53:57,6.90066666667
09:53:58,6.566
09:53:59,6.23133333333
09:54:00,5.89666666667
09:54:01,5.562
09:54:02,5.22733333333
09:54:03,4.89266666667
09:54:04,4.558
09:54:05,4.22333333333
09:54:06,3.88866666667
09:54:07,3.554
09:54:08,3.21933333333
09:54:09,2.88466666667
09:54:10,2.55
09:54:11,2.55
09:54:12,2.55
09:54:13,2.55
09:54:14,2.55
09:54:15,2.55
09:54:16,2.55
09:54:17,2.55
09:54:18,2.55
09:54:19,2.55
09:54:20,2.55
09:54:21,2.55
09:54:22,2.55
09:54:23,2.55
09:54:24,2.55
09:54:25,2.55
09:54:26,2.55
09:54:27,2.55
09:54:28,2.55
09:54:29,2.55
09:54:30,2.55
09:54:31,2.55
09:54:32,2.55
09:54:33,2.55
09:54:34,2.55
09:54:35,2.55
09:54:36,2.55
09:54:37,2.55
09:54:38,2.55
09:54:39,2.55
09:54:40,2.55
09:54:41,2.55
09:54:42,2.55
09:54:43,2.55
09:54:44,2.55
09:54:45,2.55
09:54:46,2.55
09:54:47,2.55
09:54:48,2.55
09:54:49,2.55
09:54:50,2.55
09:54:51,2.55
09:54:52,2.55
09:54:53,2.55
09:54:54,2.55
09:54:55,2.55
09:54:56,2.55
09:54:57,2.55
09:54:58,2.55
09:54:59,2.55
09:55:00,2.55
09:55:01,2.55
09:55:02,2.55
09:55:03,2.55
09:55:04,2.55
09:55:05,2.55
09:55:06,2.55
09:55:07,2.55
09:55:08,2.55
09:55:09,2.55
09:55:10,2.55
09:55:11,2.55
09:55:12,2.55
09:55:13,2.55
09:55:14,2.55
09:55:15,2.55
09:55:16,2.55
09:55:17,2.55
09:55:18,2.55
09:55:19,2.55
09:55:20,2.55
09:55:21,2.55
09:55:22,2.55
09:55:23,2.55
09:55:24,2.55
09:55:25,2.55
09:55:26,2.55
09:55:27,2.55
09:55:28,2.55
09:55:29,2.55
09:55:30,2.55
09:55:31,2.55
09:55:32,2.55
09:55:33,2.55
09:55:34,2.55
09:55:35,2.55
09:55:36,2.55
09:55:37,2.55
09:55:38,2.55
09:55:39,2.55
09:55:40,2.55
09:55:41,2.55
09:55:42,3.15647058824
09:55:43,3.76294117647
09:55:44,4.36941176471
09:55:45,4.97588235294
09:55:46,5.58235294118
09:55:47,6.18882352941
09:55:48,6.79529411765
09:55:49,7.40176470588
09:55:50,8.00823529412
09:55:51,8.61470588235
09:55:52,9.22117647059
09:55:53,9.82764705882
09:55:54,10.4341176471
09:55:55,11.0405882353
09:55:56,11.6470588235
09:55:57,12.2535294118
09:55:58,12.86
09:55:59,16.16375
09:56:00,19.4675
09:56:01,22.77125
09:56:02,26.075
09:56:03,29.37875
09:56:04,32.6825
09:56:05,35.98625
09:56:06,39.29
09:56:07,42.59375
09:56:08,45.8975
09:56:09,49.20125
09:56:10,52.505
09:56:11,55.80875
09:56:12,59.1125
09:56:13,62.41625
09:56:14,65.72
09:56:15,67.112
09:56:16,68.504
09:56:17,69.896
09:56:18,71.288
09:56:19,72.68
09:56:20,74.072
09:56:21,75.464
09:56:22,76.856
09:56:23,78.248
09:56:24,79.64
09:56:25,81.032
09:56:26,82.424
09:56:27,83.816
09:56:28,85.208
09:56:29,86.6
09:56:30,85.684
09:56:31,84.768
09:56:32,83.852
09:56:33,82.936
09:56:34,82.02
09:56:35,81.104
09:56:36,80.188
09:56:37,79.272
09:56:38,78.356
09:56:39,77.44
09:56:40,76.524
09:56:41,75.608
09:56:42,74.692
09:56:43,73.776
09:56:44,72.86
09:56:45,72.7546666667
09:56:46,72.6493333333
09:56:47,72.544
09:56:48,72.4386666667
09:56:49,72.3333333333
09:56:50,72.228
09:56:51,72.1226666667
09:56:52,72.0173333333
09:56:53,71.912
09:56:54,71.8066666667
09:56:55,71.7013333333
09:56:56,71.596
09:56:57,71.4906666667
09:56:58,71.3853333333
09:56:59,71.28
09:57:00,72.5486666667
09:57:01,73.8173333333
09:57:02,75.086
09:57:03,76.3546666667
09:57:04,77.6233333333
09:57:05,78.892
09:57:06,80.1606666667
09:57:07,81.4293333333
09:57:08,82.698
09:57:09,83.9666666667
09:57:10,85.2353333333
09:57:11,86.504
09:57:12,87.7726666667
09:57:13,89.0413333333
09:57:14,90.31
09:57:15,90.1964285714
09:57:16,90.0828571429
09:57:17,89.9692857143
09:57:18,89.8557142857
09:57:19,89.7421428571
09:57:20,89.6285714286
09:57:21,89.515
09:57:22,89.4014285714
09:57:23,89.2878571429
09:57:24,89.1742857143
09:57:25,89.0607142857
09:57:26,88.9471428571
09:57:27,88.8335714286
09:57:28,88.72
09:57:29,88.72
09:57:30,88.72
09:57:31,88.72
09:57:32,88.72
09:57:33,88.72
09:57:34,88.72
09:57:35,88.72
09:57:36,88.72
09:57:37,88.72
09:57:38,88.72
09:57:39,88.72
09:57:40,88.72
09:57:41,88.72
09:57:42,88.72
09:57:43,88.72
09:57:44,88.72
09:57:45,88.72
09:57:46,88.72
09:57:47,88.72
09:57:48,88.72
09:57:49,88.72
09:57:50,88.72
09:57:51,88.72
09:57:52,88.72
09:57:53,88.72
09:57:54,88.72
09:57:55,88.72
09:57:56,88.72
09:57:57,88.72
09:57:58,88.72
09:57:59,88.604375
09:58:00,88.48875
09:58:01,88.373125
09:58:02,88.2575
09:58:03,88.141875
09:58:04,88.02625
09:58:05,87.910625
09:58:06,87.795
09:58:07,87.679375
09:58:08,87.56375
09:58:09,87.448125
09:58:10,87.3325
09:58:11,87.216875
09:58:12,87.10125
09:58:13,86.985625
09:58:14,86.87
09:58:15,86.112
09:58:16,85.354
09:58:17,84.596
09:58:18,83.838
09:58:19,83.08
09:58:20,82.322
09:58:21,81.564
09:58:22,80.806
09:58:23,80.048
09:58:24,79.29
09:58:25,78.532
09:58:26,77.774
09:58:27,77.016
09:58:28,76.258
09:58:29,75.5
09:58:30,72.8393333333
09:58:31,70.1786666667
09:58:32,67.518
09:58:33,64.8573333333
09:58:34,62.1966666667
09:58:35,59.536
09:58:36,56.8753333333
09:58:37,54.2146666667
09:58:38,51.554
09:58:39,48.8933333333
09:58:40,46.2326666667
09:58:41,43.572
09:58:42,40.9113333333
09:58:43,38.2506666667
09:58:44,35.59
09:58:45,33.3873333333
09:58:46,31.1846666667
09:58:47,28.982
09:58:48,26.7793333333
09:58:49,24.5766666667
09:58:50,22.374
09:58:51,20.1713333333
09:58:52,17.9686666667
09:58:53,15.766
09:58:54,13.5633333333
09:58:55,11.3606666667
09:58:56,9.158
09:58:57,6.95533333333
09:58:58,4.75266666667
09:58:59,2.55
09:59:00,2.55
09:59:01,2.55
09:59:02,2.55
09:59:03,2.55
09:59:04,2.55
09:59:05,2.55
09:59:06,2.55
09:59:07,2.55
09:59:08,2.55
09:59:09,2.55
09:59:10,2.55
09:59:11,2.55
09:59:12,2.55
09:59:13,2.55
09:59:14,2.55
09:59:15,2.55
09:59:16,2.55
09:59:17,2.55
09:59:18,2.55
09:59:19,2.55
09:59:20,2.55
09:59:21,2.55
09:59:22,2.55
09:59:23,2.55
09:59:24,2.55
09:59:25,2.55
09:59:26,2.55
09:59:27,2.55
09:59:28,2.55
09:59:29,2.55
09:59:30,2.55
09:59:31,2.55
09:59:32,2.55
09:59:33,2.55
09:59:34,2.55
09:59:35,2.55
09:59:36,2.55
09:59:37,2.55
09:59:38,2.55
09:59:39,2.55
09:59:40,2.55
09:59:41,2.55
09:59:42,2.55
09:59:43,2.55
09:59:44,2.55
09:59:45,2.55
09:59:46,2.55
09:59:47,2.55
09:59:48,2.55
09:59:49,2.55
09:59:50,2.55
09:59:51,2.55
09:59:52,2.55
09:59:53,2.55
09:59:54,2.55
09:59:55,2.55
09:59:56,2.55
09:59:57,2.55
09:59:58,2.55
09:59:59,2.55
10:00:00,2.55
10:00:01,2.55
10:00:02,2.55
10:00:03,2.55
10:00:04,2.55
10:00:05,2.55
10:00:06,2.55
10:00:07,2.55
10:00:08,2.55
10:00:09,2.55
10:00:10,2.55
10:00:11,2.55
10:00:12,2.55
10:00:13,2.55
10:00:14,2.55
10:00:15,2.55
10:00:16,2.55
10:00:17,2.55
10:00:18,7.44764705882
10:00:19,12.3452941176
10:00:20,17.2429411765
10:00:21,22.1405882353
10:00:22,27.0382352941
10:00:23,31.9358823529
10:00:24,36.8335294118
10:00:25,41.7311764706
10:00:26,46.6288235294
10:00:27,51.5264705882
10:00:28,56.4241176471
10:00:29,61.3217647059
10:00:30,66.2194117647
10:00:31,71.1170588235
10:00:32,76.0147058824
10:00:33,80.9123529412
10:00:34,85.81
10:00:35,85.916
10:00:36,86.022
10:00:37,86.128
10:00:38,86.234
10:00:39,86.34
10:00:40,86.446
10:00:41,86.552
10:00:42,86.658
10:00:43,86.764
10:00:44,86.87
10:00:45,86.976
10:00:46,87.082
10:00:47,87.188
10:00:48,87.294
10:00:49,87.4
10:00:50,87.284375
10:00:51,87.16875
10:00:52,87.053125
10:00:53,86.9375
10:00:54,86.821875
10:00:55,86.70625
10:00:56,86.590625
10:00:57,86.475
10:00:58,86.359375
10:00:59,86.24375
10:01:00,86.128125
10:01:01,86.0125
10:01:02,85.896875
10:01:03,85.78125
10:01:04,85.665625
10:01:05,85.55
10:01:06,85.55
10:01:07,85.55
10:01:08,85.55
10:01:09,85.55
10:01:10,85.55
10:01:11,85.55
10:01:12,85.55
10:01:13,85.55
10:01:14,85.55
10:01:15,85.55
10:01:16,85.55
10:01:17,85.55
10:01:18,85.55
10:01:19,85.55
10:01:20,85.638
10:01:21,85.726
10:01:22,85.814
10:01:23,85.902
10:01:24,85.99
10:01:25,86.078
10:01:26,86.166
10:01:27,86.254
10:01:28,86.342
10:01:29,86.43
10:01:30,86.518
10:01:31,86.606
10:01:32,86.694
10:01:33,86.782
10:01:34,86.87
10:01:35,86.87
10:01:36,86.87
10:01:37,86.87
10:01:38,86.87
10:01:39,86.87
10:01:40,86.87
10:01:41,86.87
10:01:42,86.87
10:01:43,86.87
10:01:44,86.87
10:01:45,86.87
10:01:46,86.87
10:01:47,86.87
10:01:48,86.87
10:01:49,86.87
10:01:50,86.87
10:01:51,86.87
10:01:52,86.87
10:01:53,86.87
10:01:54,86.87
10:01:55,86.87
10:01:56,86.87
10:01:57,86.87
10:01:58,86.87
10:01:59,86.87
10:02:00,86.87
10:02:01,86.87
10:02:02,86.87
10:02:03,86.87
10:02:04,86.87
10:02:05,86.87
10:02:06,86.87
10:02:07,86.87
10:02:08,86.87
10:02:09,86.87
10:02:10,86.87
10:02:11,86.87
10:02:12,86.87
10:02:13,86.87
10:02:14,86.87
10:02:15,86.87
10:02:16,86.87
10:02:17,86.87
10:02:18,86.87
10:02:19,86.87
10:02:20,86.87
10:02:21,87.0106666667
10:02:22,87.1513333333
10:02:23,87.292
10:02:24,87.4326666667
10:02:25,87.5733333333
10:02:26,87.714
10:02:27,87.8546666667
10:02:28,87.9953333333
10:02:29,88.136
10:02:30,88.2766666667
10:02:31,88.4173333333
10:02:32,88.558
10:02:33,88.6986666667
10:02:34,88.8393333333
10:02:35,88.98
10:02:36,88.98
10:02:37,88.98
10:02:38,88.98
10:02:39,88.98
10:02:40,88.98
10:02:41,88.98
10:02:42,88.98
10:02:43,88.98
10:02:44,88.98
10:02:45,88.98
10:02:46,88.98
10:02:47,88.98
10:02:48,88.98
10:02:49,88.98
10:02:50,88.892
10:02:51,88.804
10:02:52,88.716
10:02:53,88.628
10:02:54,88.54
10:02:55,88.452
10:02:56,88.364
10:02:57,88.276
10:02:58,88.188
10:02:59,88.1
10:03:00,88.012
10:03:01,87.924
10:03:02,87.836
10:03:03,87.748
10:03:04,87.66
10:03:05,85.51
10:03:06,83.36
10:03:07,81.21
10:03:08,79.06
10:03:09,76.91
10:03:10,74.76
10:03:11,72.61
10:03:12,70.46
10:03:13,68.31
10:03:14,66.16
10:03:15,64.01
10:03:16,61.86
10:03:17,59.71
10:03:18,57.56
10:03:19,55.41
10:03:20,52.10625
10:03:21,48.8025
10:03:22,45.49875
10:03:23,42.195
10:03:24,38.89125
10:03:25,35.5875
10:03:26,32.28375
10:03:27,28.98
10:03:28,25.67625
10:03:29,22.3725
10:03:30,19.06875
10:03:31,15.765
10:03:32,12.46125
10:03:33,9.1575
10:03:34,5.85375
10:03:35,2.55
10:03:36,2.55
10:03:37,2.55
10:03:38,2.55
10:03:39,2.55
10:03:40,2.55
10:03:41,2.55
10:03:42,2.55
10:03:43,2.55
10:03:44,2.55
10:03:45,2.55
10:03:46,2.55
10:03:47,2.55
10:03:48,2.55
10:03:49,2.55
10:03:50,2.55
10:03:51,2.55
10:03:52,2.55
10:03:53,2.55
10:03:54,2.55
10:03:55,2.55
10:03:56,2.55
10:03:57,2.55
10:03:58,2.55
10:03:59,2.55
10:04:00,2.55
10:04:01,2.55
10:04:02,2.55
10:04:03,2.55
10:04:04,2.55
10:04:05,2.55
10:04:06,2.55
10:04:07,2.55
10:04:08,2.55
10:04:09,2.55
10:04:10,2.55
10:04:11,2.55
10:04:12,2.55
10:04:13,2.55
10:04:14,2.55
10:04:15,2.55
10:04:16,2.55
10:04:17,2.55
10:04:18,2.55
10:04:19,2.55
10:04:20,2.55
10:04:21,2.55
10:04:22,2.55
10:04:23,2.55
10:04:24,2.55
10:04:25,2.55
10:04:26,2.55
10:04:27,2.55
10:04:28,2.55
10:04:29,2.55
10:04:30,2.55
10:04:31,2.55
10:04:32,2.55
10:04:33,2.55
10:04:34,2.55
10:04:35,2.55
10:04:36,2.55
10:04:37,2.55
10:04:38,2.55
10:04:39,2.55
10:04:40,2.55
10:04:41,2.55
10:04:42,2.55
10:04:43,2.55
10:04:44,2.55
10:04:45,2.55
10:04:46,2.55
10:04:47,2.55
10:04:48,2.55
10:04:49,2.55
10:04:50,2.55
10:04:51,2.55
10:04:52,2.55
10:04:53,2.55
10:04:54,2.55
10:04:55,2.55
10:04:56,2.55
10:04:57,2.55
10:04:58,2.55
10:04:59,2.55
10:05:00,2.55
10:05:01,2.55
10:05:02,2.55
10:05:03,2.55
10:05:04,2.55
10:05:05,2.55
10:05:06,2.55
10:05:07,2.55
10:05:08,2.55
10:05:09,2.55
10:05:10,2.55
10:05:11,2.55
10:05:12,2.55
10:05:13,2.55
10:05:14,2.55
10:05:15,2.55
10:05:16,2.55
10:05:17,2.55
10:05:18,2.55
10:05:19,2.55
10:05:20,2.55
10:05:21,2.55
10:05:22,2.55
10:05:23,2.55
10:05:24,2.55
10:05:25,2.55
10:05:26,2.55
10:05:27,2.55
10:05:28,2.55
10:05:29,2.55
10:05:30,2.55
10:05:31,2.55
10:05:32,2.55
10:05:33,2.55
10:05:34,2.55
10:05:35,2.55
10:05:36,2.55
10:05:37,2.55
10:05:38,2.55
10:05:39,2.55
10:05:40,2.55
10:05:41,2.55
10:05:42,2.55
10:05:43,2.55
10:05:44,2.55
10:05:45,2.55
10:05:46,2.55
10:05:47,2.55
10:05:48,2.55
10:05:49,2.55
10:05:50,2.55
10:05:51,2.55
10:05:52,2.55
10:05:53,2.55
10:05:54,2.55
10:05:55,2.55
10:05:56,2.55
10:05:57,2.55
10:05:58,2.55
10:05:59,2.55
10:06:00,2.55
10:06:01,2.55
10:06:02,2.55
10:06:03,2.55
10:06:04,2.55
10:06:05,2.55
10:06:06,2.55
10:06:07,2.55
10:06:08,2.55
10:06:09,2.55
10:06:10,2.55
10:06:11,2.55
10:06:12,2.55
10:06:13,2.55
10:06:14,2.55
10:06:15,2.55
10:06:16,2.55
10:06:17,2.55
10:06:18,2.55
10:06:19,2.55
10:06:20,2.55
10:06:21,2.55
10:06:22,2.55
10:06:23,2.55
10:06:24,2.55
10:06:25,2.55
10:06:26,2.55
10:06:27,2.55
10:06:28,2.55
10:06:29,2.55
10:06:30,2.55
10:06:31,2.55
10:06:32,2.55
10:06:33,2.55
10:06:34,2.55
10:06:35,2.55
10:06:36,2.55
10:06:37,2.55
10:06:38,2.55
10:06:39,2.55
10:06:40,2.55
10:06:41,2.55
10:06:42,2.55
10:06:43,2.55
10:06:44,2.55
10:06:45,2.55
10:06:46,2.55
10:06:47,2.55
10:06:48,2.55
10:06:49,2.55
10:06:50,2.55
10:06:51,2.55
10:06:52,2.55
10:06:53,2.55
10:06:54,2.55
10:06:55,2.55
10:06:56,2.55
10:06:57,2.55
10:06:58,2.55
10:06:59,2.55
10:07:00,2.55
10:07:01,2.55
10:07:02,2.55
10:07:03,2.55
10:07:04,2.55
10:07:05,2.55
10:07:06,2.55
10:07:07,2.55
10:07:08,2.55
10:07:09,2.55
10:07:10,2.55
10:07:11,2.55
10:07:12,2.55
10:07:13,2.55
10:07:14,2.55
10:07:15,2.55
10:07:16,2.55
10:07:17,2.55
10:07:18,2.55
10:07:19,2.55
10:07:20,2.55
10:07:21,2.55
10:07:22,2.55
10:07:23,2.55
10:07:24,2.55
10:07:25,2.55
10:07:26,2.55
10:07:27,2.55
10:07:28,2.55
10:07:29,2.55
10:07:30,2.55
10:07:31,2.55
10:07:32,2.55
10:07:33,2.55
10:07:34,2.55
10:07:35,2.55
10:07:36,2.55
10:07:37,2.55
10:07:38,2.55
10:07:39,2.55
10:07:40,2.55
10:07:41,2.55
10:07:42,2.55
10:07:43,2.55
10:07:44,2.55
10:07:45,2.55
10:07:46,2.55
10:07:47,2.55
10:07:48,2.55
10:07:49,2.55
10:07:50,2.55
10:07:51,2.55
10:07:52,2.55
10:07:53,2.55
10:07:54,2.55
10:07:55,2.55
10:07:56,2.55
10:07:57,2.55
10:07:58,2.55
10:07:59,2.55
10:08:00,2.55
10:08:01,2.55
10:08:02,2.55
10:08:03,2.55
10:08:04,2.55
10:08:05,6.06875
10:08:06,9.5875
10:08:07,13.10625
10:08:08,16.625
10:08:09,20.14375
10:08:10,23.6625
10:08:11,27.18125
10:08:12,30.7
10:08:13,34.21875
10:08:14,37.7375
10:08:15,41.25625
10:08:16,44.775
10:08:17,48.29375
10:08:18,51.8125
10:08:19,55.33125
10:08:20,58.85
10:08:21,57.214375
10:08:22,55.57875
10:08:23,53.943125
10:08:24,52.3075
10:08:25,50.671875
10:08:26,49.03625
10:08:27,47.400625
10:08:28,45.765
10:08:29,44.129375
10:08:30,42.49375
10:08:31,40.858125
10:08:32,39.2225
10:08:33,37.586875
10:08:34,35.95125
10:08:35,34.315625
10:08:36,32.68
10:08:37,31.0061111111
10:08:38,29.3322222222
10:08:39,27.6583333333
10:08:40,25.9844444444
10:08:41,24.3105555556
10:08:42,22.6366666667
10:08:43,20.9627777778
10:08:44,19.2888888889
10:08:45,17.615
10:08:46,15.9411111111
10:08:47,14.2672222222
10:08:48,12.5933333333
10:08:49,10.9194444444
10:08:50,9.24555555556
10:08:51,7.57166666667
10:08:52,5.89777777778
10:08:53,4.22388888889
10:08:54,2.55
10:08:55,2.55
10:08:56,2.55
10:08:57,2.55
10:08:58,2.55
10:08:59,2.55
10:09:00,2.55
10:09:01,2.55
10:09:02,2.55
10:09:03,2.55
10:09:04,2.55
10:09:05,2.55
10:09:06,2.55
10:09:07,2.55
10:09:08,2.55
10:09:09,2.55
10:09:10,2.55
10:09:11,2.55
10:09:12,2.55
10:09:13,2.55
10:09:14,2.55
10:09:15,2.55
10:09:16,2.55
10:09:17,2.55
10:09:18,2.55
10:09:19,2.55
10:09:20,2.55
10:09:21,2.55
10:09:22,2.55
10:09:23,2.55
10:09:24,2.55
10:09:25,2.55
10:09:26,2.55
10:09:27,2.55
10:09:28,2.55
10:09:29,2.55
10:09:30,2.55
10:09:31,2.55
10:09:32,2.55
10:09:33,2.55
10:09:34,2.55
10:09:35,2.55
10:09:36,2.55
10:09:37,2.55
10:09:38,2.55
10:09:39,2.55
10:09:40,2.55
10:09:41,2.55
10:09:42,2.55
10:09:43,2.55
10:09:44,2.55
10:09:45,2.55
10:09:46,2.55
10:09:47,2.55
10:09:48,2.55
10:09:49,2.55
10:09:50,2.55
10:09:51,2.55
10:09:52,2.55
10:09:53,2.55
10:09:54,2.55
10:09:55,2.55
10:09:56,2.55
10:09:57,2.55
10:09:58,2.55
10:09:59,2.55
10:10:00,2.55
10:10:01,2.55
10:10:02,2.55
10:10:03,2.55
10:10:04,2.55
10:10:05,2.55
10:10:06,2.55
10:10:07,2.55
10:10:08,2.55
10:10:09,2.55
10:10:10,2.55
10:10:11,2.55
10:10:12,2.55
10:10:13,2.55
10:10:14,2.55
10:10:15,2.55
10:10:16,2.55
10:10:17,2.55
10:10:18,2.55
10:10:19,2.55
10:10:20,2.55
10:10:21,2.55
10:10:22,2.55
10:10:23,2.55
10:10:24,2.55
10:10:25,2.55
10:10:26,2.55
10:10:27,2.55
10:10:28,2.55
10:10:29,2.55
10:10:30,2.55
10:10:31,2.55
10:10:32,2.55
10:10:33,2.55
10:10:34,2.55
10:10:35,2.55
10:10:36,2.55
10:10:37,2.55
10:10:38,2.55
10:10:39,2.55
10:10:40,2.55
10:10:41,2.55
10:10:42,2.55
10:10:43,2.55
10:10:44,2.55
10:10:45,2.55
10:10:46,2.55
10:10:47,2.55
10:10:48,2.55
10:10:49,2.55
10:10:50,2.55
10:10:51,2.55
10:10:52,2.55
10:10:53,2.55
10:10:54,2.55
10:10:55,2.55
10:10:56,2.55
10:10:57,2.55
10:10:58,2.55
10:10:59,2.55
10:11:00,2.55
10:11:01,2.55
10:11:02,2.55
10:11:03,2.55
10:11:04,2.55
10:11:05,2.55
10:11:06,2.55
10:11:07,2.55
10:11:08,2.55
10:11:09,2.55
10:11:10,2.55
10:11:11,2.55
10:11:12,2.55
10:11:13,2.55
10:11:14,2.55
10:11:15,2.55
10:11:16,2.55
10:11:17,2.55
10:11:18,2.55
10:11:19,2.55
10:11:20,2.55
10:11:21,2.55
10:11:22,2.55
10:11:23,2.55
10:11:24,2.55
10:11:25,2.55
10:11:26,2.55
10:11:27,2.55
10:11:28,2.55
10:11:29,2.55
10:11:30,2.55
10:11:31,2.55
10:11:32,2.55
10:11:33,2.55
10:11:34,2.55
10:11:35,2.55
10:11:36,2.55
10:11:37,2.55
10:11:38,2.55
10:11:39,2.55
10:11:40,2.55
10:11:41,2.55
10:11:42,2.55
10:11:43,2.55
10:11:44,2.55
10:11:45,2.55
10:11:46,2.55
10:11:47,2.55
10:11:48,2.55
10:11:49,2.55
10:11:50,2.55
10:11:51,2.55
10:11:52,2.55
10:11:53,2.55
10:11:54,2.55
10:11:55,2.55
10:11:56,2.55
10:11:57,2.55
10:11:58,2.55
10:11:59,2.55
10:12:00,2.55
10:12:01,2.55
10:12:02,2.55
10:12:03,2.55
10:12:04,2.55
10:12:05,2.55
10:12:06,2.55
10:12:07,2.55
10:12:08,2.55
10:12:09,2.55
10:12:10,2.55
10:12:11,2.55
10:12:12,2.55
10:12:13,2.55
10:12:14,2.55
10:12:15,2.55
10:12:16,2.55
10:12:17,2.55
10:12:18,2.55
10:12:19,2.55
10:12:20,2.55
10:12:21,2.55
10:12:22,2.55
10:12:23,2.55
10:12:24,2.55
10:12:25,2.55
10:12:26,2.55
10:12:27,2.55
10:12:28,2.55
10:12:29,2.55
10:12:30,2.55
10:12:31,2.55
10:12:32,2.55
10:12:33,2.55
10:12:34,2.55
10:12:35,2.55
10:12:36,2.55
10:12:37,2.55
10:12:38,2.55
10:12:39,2.55
10:12:40,2.55
10:12:41,2.55
10:12:42,2.55
10:12:43,2.55
10:12:44,2.55
10:12:45,2.55
10:12:46,2.55
10:12:47,2.55
10:12:48,2.55
10:12:49,2.55
10:12:50,2.55
10:12:51,2.55
10:12:52,2.55
10:12:53,2.55
10:12:54,2.55
10:12:55,2.55
10:12:56,2.55
10:12:57,2.55
10:12:58,2.55
10:12:59,2.55
10:13:00,2.55
10:13:01,2.55
10:13:02,2.55
10:13:03,2.55
10:13:04,2.55
10:13:05,2.55
10:13:06,2.55
10:13:07,2.55
10:13:08,2.55
10:13:09,2.55
10:13:10,2.55
10:13:11,2.55
10:13:12,2.55
10:13:13,2.55
10:13:14,2.55
10:13:15,2.55
10:13:16,2.55
10:13:17,2.55
10:13:18,2.55
10:13:19,2.55
10:13:20,2.55
10:13:21,2.55
10:13:22,2.55
10:13:23,2.55
10:13:24,2.55
10:13:25,2.55
10:13:26,2.55
10:13:27,2.55
10:13:28,2.55
10:13:29,2.55
10:13:30,2.55
10:13:31,2.55
10:13:32,2.55
10:13:33,2.55
10:13:34,2.55
10:13:35,2.55
10:13:36,2.55
10:13:37,2.55
10:13:38,2.55
10:13:39,2.55
10:13:40,2.55
10:13:41,2.55
10:13:42,2.55
10:13:43,2.55
10:13:44,2.55
10:13:45,2.55
10:13:46,2.55
10:13:47,2.55
10:13:48,2.55
10:13:49,2.55
10:13:50,2.55
10:13:51,2.55
10:13:52,2.55
10:13:53,2.55
10:13:54,2.55
10:13:55,2.55
10:13:56,2.55
10:13:57,2.55
10:13:58,2.55
10:13:59,2.55
10:14:00,2.55
10:14:01,2.55
10:14:02,2.55
10:14:03,2.55
10:14:04,2.55
10:14:05,2.55
10:14:06,2.55
10:14:07,2.55
10:14:08,2.55
10:14:09,2.55
10:14:10,2.55
10:14:11,2.55
10:14:12,2.55
10:14:13,2.55
10:14:14,2.55
10:14:15,2.55
10:14:16,2.55
10:14:17,2.55
10:14:18,2.55
10:14:19,2.55
10:14:20,2.55
10:14:21,2.55
10:14:22,2.55
10:14:23,2.55
10:14:24,2.55
10:14:25,2.55
10:14:26,2.55
10:14:27,2.55
10:14:28,2.55
10:14:29,2.55
10:14:30,2.55
10:14:31,2.55
10:14:32,2.55
10:14:33,2.55
10:14:34,2.55
10:14:35,2.55
10:14:36,2.55
10:14:37,2.55
10:14:38,2.55
10:14:39,2.55
10:14:40,2.55
10:14:41,2.55
10:14:42,2.55
10:14:43,2.55
10:14:44,2.55
10:14:45,2.55
10:14:46,2.55
10:14:47,2.55
10:14:48,2.55
10:14:49,2.55
10:14:50,2.55
10:14:51,2.55
10:14:52,2.55
10:14:53,7.71333333333
10:14:54,12.8766666667
10:14:55,18.04
10:14:56,23.2033333333
10:14:57,28.3666666667
10:14:58,33.53
10:14:59,38.6933333333
10:15:00,43.8566666667
10:15:01,49.02
10:15:02,54.1833333333
10:15:03,59.3466666667
10:15:04,64.51
10:15:05,69.6733333333
10:15:06,74.8366666667
10:15:07,80.0
10:15:08,77.092
10:15:09,74.184
10:15:10,71.276
10:15:11,68.368
10:15:12,65.46
10:15:13,62.552
10:15:14,59.644
10:15:15,56.736
10:15:16,53.828
10:15:17,50.92
10:15:18,48.012
10:15:19,45.104
10:15:20,42.196
10:15:21,39.288
10:15:22,36.38
10:15:23,34.265625
10:15:24,32.15125
10:15:25,30.036875
10:15:26,27.9225
10:15:27,25.808125
10:15:28,23.69375
10:15:29,21.579375
10:15:30,19.465
10:15:31,17.350625
10:15:32,15.23625
10:15:33,13.121875
10:15:34,11.0075
10:15:35,8.893125
10:15:36,6.77875
10:15:37,4.664375
10:15:38,2.55
10:15:39,2.55
10:15:40,2.55
10:15:41,2.55
10:15:42,2.55
10:15:43,2.55
10:15:44,2.55
10:15:45,2.55
10:15:46,2.55
10:15:47,2.55
10:15:48,2.55
10:15:49,2.55
10:15:50,2.55
10:15:51,2.55
10:15:52,2.55
10:15:53,2.55
10:15:54,2.55
10:15:55,2.55
10:15:56,2.55
10:15:57,2.55
10:15:58,2.55
10:15:59,2.55
10:16:00,2.55
10:16:01,2.55
10:16:02,2.55
10:16:03,2.55
10:16:04,2.55
10:16:05,2.55
10:16:06,2.55
10:16:07,2.55
10:16:08,2.55
10:16:09,2.55
10:16:10,2.55
10:16:11,2.55
10:16:12,2.55
10:16:13,2.55
10:16:14,2.55
10:16:15,2.55
10:16:16,2.55
10:16:17,2.55
10:16:18,2.55
10:16:19,2.55
10:16:20,2.55
10:16:21,2.55
10:16:22,2.55
10:16:23,2.55
10:16:24,2.55
10:16:25,2.55
10:16:26,2.55
10:16:27,2.55
10:16:28,2.55
10:16:29,2.55
10:16:30,2.55
10:16:31,2.55
10:16:32,2.55
10:16:33,2.55
10:16:34,2.55
10:16:35,2.55
10:16:36,2.55
10:16:37,2.55
10:16:38,2.55
10:16:39,2.55
10:16:40,2.55
10:16:41,2.55
10:16:42,2.55
10:16:43,2.55
10:16:44,2.55
10:16:45,2.55
10:16:46,2.55
10:16:47,2.55
10:16:48,2.55
10:16:49,2.55
10:16:50,2.55
10:16:51,2.55
10:16:52,2.55
10:16:53,2.55
10:16:54,2.55
10:16:55,2.55
10:16:56,2.55
10:16:57,2.55
10:16:58,2.55
10:16:59,2.55
10:17:00,2.55
10:17:01,2.55
10:17:02,2.55
10:17:03,2.55
10:17:04,2.55
10:17:05,2.55
10:17:06,2.55
10:17:07,2.55
10:17:08,2.55
10:17:09,2.55
10:17:10,2.55
10:17:11,2.55
10:17:12,2.55
10:17:13,2.55
10:17:14,2.55
10:17:15,2.55
10:17:16,2.55
10:17:17,2.55
10:17:18,2.55
10:17:19,2.55
10:17:20,2.55
10:17:21,2.55
10:17:22,2.55
10:17:23,2.55
10:17:24,2.55
10:17:25,2.55
10:17:26,2.55
10:17:27,2.55
10:17:28,2.55
10:17:29,2.55
10:17:30,2.55
10:17:31,2.55
10:17:32,2.55
10:17:33,2.55
10:17:34,2.55
10:17:35,2.55
10:17:36,2.55
10:17:37,2.55
10:17:38,2.55
10:17:39,2.55
10:17:40,2.55
10:17:41,2.55
10:17:42,2.55
10:17:43,2.55
10:17:44,2.55
10:17:45,2.55
10:17:46,2.55
10:17:47,2.55
10:17:48,2.55
10:17:49,2.55
10:17:50,2.55
10:17:51,2.55
10:17:52,2.55
10:17:53,2.55
10:17:54,2.55
10:17:55,2.55
10:17:56,2.55
10:17:57,2.55
10:17:58,2.55
10:17:59,2.55
10:18:00,2.55
10:18:01,2.55
10:18:02,2.55
10:18:03,2.55
10:18:04,2.55
10:18:05,2.55
10:18:06,2.55
10:18:07,2.55
10:18:08,2.55
10:18:09,2.55
10:18:10,2.55
10:18:11,2.55
10:18:12,2.55
10:18:13,2.55
10:18:14,2.55
10:18:15,2.55
10:18:16,2.55
10:18:17,2.55
10:18:18,2.55
10:18:19,2.55
10:18:20,2.55
10:18:21,2.55
10:18:22,2.55
10:18:23,2.55
10:18:24,2.55
10:18:25,2.55
10:18:26,2.55
10:18:27,2.55
10:18:28,2.55
10:18:29,2.55
10:18:30,2.55
10:18:31,2.55
10:18:32,2.55
10:18:33,2.55
10:18:34,2.55
10:18:35,2.55
10:18:36,2.55
10:18:37,2.55
10:18:38,2.55
10:18:39,2.55
10:18:40,2.55
10:18:41,2.55
10:18:42,2.55
10:18:43,2.55
10:18:44,2.55
10:18:45,2.55
10:18:46,2.55
10:18:47,2.55
10:18:48,2.55
10:18:49,2.55
10:18:50,2.55
10:18:51,2.55
10:18:52,2.55
10:18:53,2.55
10:18:54,2.55
10:18:55,2.55
10:18:56,2.55
10:18:57,2.55
10:18:58,2.55
10:18:59,2.55
10:19:00,2.55
10:19:01,2.55
10:19:02,2.55
10:19:03,2.55
10:19:04,2.55
10:19:05,2.55
10:19:06,2.55
10:19:07,2.55
10:19:08,2.55
10:19:09,2.55
10:19:10,2.55
10:19:11,2.55
10:19:12,2.55
10:19:13,2.55
10:19:14,2.55
10:19:15,2.55
10:19:16,2.55
10:19:17,2.55
10:19:18,2.55
10:19:19,2.55
10:19:20,2.55
10:19:21,2.55
10:19:22,2.55
10:19:23,2.55
10:19:24,2.55
10:19:25,2.55
10:19:26,2.55
10:19:27,2.55
10:19:28,2.55
10:19:29,2.55
10:19:30,2.55
10:19:31,2.55
10:19:32,2.55
10:19:33,2.55
10:19:34,2.55
10:19:35,2.55
10:19:36,2.55
10:19:37,2.55
10:19:38,2.55
10:19:39,2.55
10:19:40,2.55
10:19:41,2.55
10:19:42,2.55
10:19:43,2.55
10:19:44,2.55
10:19:45,2.55
10:19:46,2.55
10:19:47,2.55
10:19:48,2.55
10:19:49,2.55
10:19:50,2.55
10:19:51,2.55
10:19:52,2.55
10:19:53,2.55
10:19:54,2.55
10:19:55,2.55
10:19:56,2.55
10:19:57,2.55
10:19:58,2.55
10:19:59,2.55
10:20:00,2.55
10:20:01,2.55
10:20:02,2.55
10:20:03,2.55
10:20:04,2.55
10:20:05,2.55
10:20:06,2.55
10:20:07,2.55
10:20:08,2.55
10:20:09,2.55
10:20:10,2.55
10:20:11,2.55
10:20:12,2.55
10:20:13,2.55
10:20:14,2.55
10:20:15,2.55
10:20:16,2.55
10:20:17,2.55
10:20:18,2.55
10:20:19,2.55
10:20:20,2.55
10:20:21,2.55
10:20:22,2.55
10:20:23,2.55
10:20:24,2.55
10:20:25,2.55
10:20:26,2.55
10:20:27,2.55
10:20:28,2.55
10:20:29,2.55
10:20:30,2.55
10:20:31,2.55
10:20:32,2.55
10:20:33,2.55
10:20:34,2.55
10:20:35,2.55
10:20:36,2.55
10:20:37,2.55
10:20:38,2.55
10:20:39,2.55
10:20:40,2.55
10:20:41,2.55
10:20:42,2.55
10:20:43,2.55
10:20:44,2.55
10:20:45,2.55
10:20:46,2.55
10:20:47,2.55
10:20:48,2.55
10:20:49,2.55
10:20:50,2.55
10:20:51,2.55
10:20:52,2.55
10:20:53,2.55
10:20:54,2.55
10:20:55,2.55
10:20:56,2.55
10:20:57,2.55
10:20:58,2.55
10:20:59,2.55
10:21:00,2.55
10:21:01,2.55
10:21:02,2.55
10:21:03,2.55
10:21:04,2.55
10:21:05,2.55
10:21:06,2.55
10:21:07,2.55
10:21:08,2.55
10:21:09,2.55
10:21:10,2.55
10:21:11,2.55
10:21:12,2.55
10:21:13,2.55
10:21:14,2.55
10:21:15,2.55
10:21:16,2.55
10:21:17,2.55
10:21:18,2.55
10:21:19,2.55
10:21:20,2.55
10:21:21,2.55
10:21:22,2.55
10:21:23,2.55
10:21:24,2.55
10:21:25,2.55
10:21:26,2.55
10:21:27,2.55
10:21:28,2.55
10:21:29,2.55
10:21:30,2.55
10:21:31,2.55
10:21:32,2.55
10:21:33,2.55
10:21:34,2.55
10:21:35,2.55
10:21:36,2.55
10:21:37,2.55
10:21:38,2.55
10:21:39,2.55
10:21:40,2.55
10:21:41,2.55
10:21:42,2.55
10:21:43,2.55
10:21:44,2.55
10:21:45,2.55
10:21:46,2.55
10:21:47,2.55
10:21:48,2.55
10:21:49,2.55
10:21:50,2.55
10:21:51,2.55
10:21:52,2.55
10:21:53,2.55
10:21:54,2.55
10:21:55,2.55
10:21:56,2.55
10:21:57,2.55
10:21:58,2.55
10:21:59,2.55
10:22:00,2.55
10:22:01,2.55
10:22:02,2.55
10:22:03,2.55
10:22:04,2.55
10:22:05,2.55
10:22:06,2.55
10:22:07,2.55
10:22:08,2.55
10:22:09,2.55
10:22:10,2.55
10:22:11,2.55
10:22:12,2.55
10:22:13,2.55
10:22:14,2.55
10:22:15,2.55
10:22:16,2.55
10:22:17,2.55
10:22:18,2.55
10:22:19,2.55
10:22:20,2.55
10:22:21,2.55
10:22:22,2.55
10:22:23,2.55
10:22:24,2.55
10:22:25,2.55
10:22:26,2.55
10:22:27,2.55
10:22:28,2.55
10:22:29,2.55
10:22:30,2.55
10:22:31,2.55
10:22:32,2.55
10:22:33,2.55
10:22:34,2.55
10:22:35,2.55
10:22:36,2.55
10:22:37,2.55
10:22:38,2.55
10:22:39,2.55
10:22:40,2.55
10:22:41,2.55
10:22:42,2.55
10:22:43,2.55
10:22:44,2.55
10:22:45,2.55
10:22:46,2.55
10:22:47,2.55
10:22:48,2.55
10:22:49,2.55
10:22:50,2.55
10:22:51,2.55
10:22:52,2.55
10:22:53,2.55
10:22:54,2.55
10:22:55,2.55
10:22:56,2.55
10:22:57,2.55
10:22:58,2.55
10:22:59,2.55
10:23:00,2.55
10:23:01,2.55
10:23:02,2.55
10:23:03,2.55
10:23:04,2.55
10:23:05,2.55
10:23:06,2.55
10:23:07,2.55
10:23:08,2.55
10:23:09,2.55
10:23:10,2.55
10:23:11,2.55
10:23:12,2.55
10:23:13,2.55
10:23:14,2.55
10:23:15,2.55
10:23:16,2.55
10:23:17,2.55
10:23:18,2.55
10:23:19,2.55
10:23:20,2.55
10:23:21,2.55
10:23:22,2.55
10:23:23,2.55
10:23:24,2.55
10:23:25,2.55
10:23:26,2.55
10:23:27,2.55
10:23:28,2.55
10:23:29,2.55
10:23:30,2.55
10:23:31,2.55
10:23:32,2.55
10:23:33,2.55
10:23:34,2.55
10:23:35,2.55
10:23:36,2.55
10:23:37,2.55
10:23:38,2.55
10:23:39,2.55
10:23:40,2.55
10:23:41,2.55
10:23:42,2.55
10:23:43,2.55
10:23:44,2.55
10:23:45,2.55
10:23:46,2.55
10:23:47,2.55
10:23:48,2.55
10:23:49,2.55
10:23:50,2.55
10:23:51,2.55
10:23:52,2.55
10:23:53,2.55
10:23:54,2.55
10:23:55,2.55
10:23:56,2.55
10:23:57,2.55
10:23:58,2.55
10:23:59,2.55
10:24:00,2.55
10:24:01,2.55
10:24:02,2.55
10:24:03,2.55
10:24:04,2.55
10:24:05,2.55
10:24:06,2.55
10:24:07,2.55
10:24:08,2.55
10:24:09,2.55
10:24:10,2.55
10:24:11,2.55
10:24:12,2.55
10:24:13,2.55
10:24:14,2.55
10:24:15,2.55
10:24:16,2.55
10:24:17,2.55
10:24:18,2.55
10:24:19,2.55
10:24:20,2.55
10:24:21,2.55
10:24:22,2.55
10:24:23,2.55
10:24:24,2.55
10:24:25,2.55
10:24:26,2.55
10:24:27,2.55
10:24:28,2.55
10:24:29,2.55
10:24:30,2.55
10:24:31,2.55
10:24:32,2.55
10:24:33,2.55
10:24:34,2.55
10:24:35,2.55
10:24:36,2.55
10:24:37,2.55
10:24:38,2.55
10:24:39,2.55
10:24:40,2.55
10:24:41,2.55
10:24:42,2.55
10:24:43,2.55
10:24:44,2.55
10:24:45,2.55
10:24:46,2.55
10:24:47,2.55
10:24:48,2.55
10:24:49,2.55
10:24:50,2.55
10:24:51,2.55
10:24:52,2.55
10:24:53,2.55
10:24:54,2.55
10:24:55,2.55
10:24:56,2.55
10:24:57,2.55
10:24:58,2.55
10:24:59,2.55
10:25:00,2.55
10:25:01,2.55
10:25:02,2.55
10:25:03,2.55
10:25:04,2.55
10:25:05,2.55
10:25:06,2.55
10:25:07,2.55
10:25:08,2.55
10:25:09,2.55
10:25:10,2.55
10:25:11,2.55
10:25:12,2.55
10:25:13,2.55
10:25:14,2.55
10:25:15,2.55
10:25:16,2.55
10:25:17,2.55
10:25:18,2.55
10:25:19,2.55
10:25:20,2.55
10:25:21,2.55
10:25:22,2.55
10:25:23,2.55
10:25:24,2.55
10:25:25,2.55
10:25:26,2.55
10:25:27,2.55
10:25:28,2.55
10:25:29,2.55
10:25:30,2.55
10:25:31,2.55
10:25:32,2.55
10:25:33,2.55
10:25:34,2.55
10:25:35,2.55
10:25:36,2.55
10:25:37,2.55
10:25:38,2.55
10:25:39,2.55
10:25:40,2.55
10:25:41,2.55
10:25:42,2.55
10:25:43,2.55
10:25:44,2.55
10:25:45,2.55
10:25:46,2.55
10:25:47,2.55
10:25:48,2.55
10:25:49,2.55
10:25:50,2.55
10:25:51,2.55
10:25:52,2.55
10:25:53,2.55
10:25:54,2.55
10:25:55,2.55
10:25:56,2.55
10:25:57,2.55
10:25:58,2.55
10:25:59,2.55
10:26:00,2.55
10:26:01,2.55
10:26:02,2.55
10:26:03,2.55
10:26:04,2.55
10:26:05,2.55
10:26:06,2.55
10:26:07,2.55
10:26:08,2.55
10:26:09,2.55
10:26:10,2.55
10:26:11,2.55
10:26:12,2.55
10:26:13,2.55
10:26:14,2.55
10:26:15,2.55
10:26:16,2.55
10:26:17,2.55
10:26:18,2.55
10:26:19,2.55
10:26:20,2.55
10:26:21,2.55
10:26:22,2.55
10:26:23,2.55
10:26:24,2.55
10:26:25,2.55
10:26:26,2.55
10:26:27,2.55
10:26:28,2.55
10:26:29,2.55
10:26:30,2.55
10:26:31,2.55
10:26:32,2.55
10:26:33,2.55
10:26:34,2.55
10:26:35,2.55
10:26:36,2.55
10:26:37,2.55
10:26:38,2.55
10:26:39,2.55
10:26:40,2.55
10:26:41,2.55
10:26:42,2.55
10:26:43,2.55
10:26:44,2.55
10:26:45,2.55
10:26:46,2.55
10:26:47,2.55
10:26:48,2.55
10:26:49,2.55
10:26:50,2.55
10:26:51,2.55
10:26:52,2.55
10:26:53,2.55
10:26:54,2.55
10:26:55,2.55
10:26:56,2.55
10:26:57,2.55
10:26:58,2.55
10:26:59,2.55
10:27:00,2.55
10:27:01,2.55
10:27:02,2.55
10:27:03,2.55
10:27:04,2.55
10:27:05,2.55
10:27:06,2.55
10:27:07,2.55
10:27:08,2.55
10:27:09,2.55
10:27:10,2.55
10:27:11,2.55
10:27:12,2.55
10:27:13,2.55
10:27:14,2.55
10:27:15,2.55
10:27:16,2.55
10:27:17,2.55
10:27:18,2.55
10:27:19,2.55
10:27:20,2.55
10:27:21,2.55
10:27:22,2.55
10:27:23,2.55
10:27:24,2.55
10:27:25,2.55
10:27:26,2.55
10:27:27,2.55
10:27:28,2.55
10:27:29,2.55
10:27:30,2.55
10:27:31,2.55
10:27:32,2.55
10:27:33,2.55
10:27:34,2.55
10:27:35,2.55
10:27:36,2.55
10:27:37,2.55
10:27:38,2.55
10:27:39,2.55
10:27:40,2.55
10:27:41,2.55
10:27:42,2.55
10:27:43,2.55
10:27:44,2.55
10:27:45,7.720625
10:27:46,12.89125
10:27:47,18.061875
10:27:48,23.2325
10:27:49,28.403125
10:27:50,33.57375
10:27:51,38.744375
10:27:52,43.915
10:27:53,49.085625
10:27:54,54.25625
10:27:55,59.426875
10:27:56,64.5975
10:27:57,69.768125
10:27:58,74.93875
10:27:59,80.109375
10:28:00,85.28
10:28:01,83.2978571429
10:28:02,81.3157142857
10:28:03,79.3335714286
10:28:04,77.3514285714
10:28:05,75.3692857143
10:28:06,73.3871428571
10:28:07,71.405
10:28:08,69.4228571429
10:28:09,67.4407142857
10:28:10,65.4585714286
10:28:11,63.4764285714
10:28:12,61.4942857143
10:28:13,59.5121428571
10:28:14,57.53
10:28:15,53.8646666667
10:28:16,50.1993333333
10:28:17,46.534
10:28:18,42.8686666667
10:28:19,39.2033333333
10:28:20,35.538
10:28:21,31.8726666667
10:28:22,28.2073333333
10:28:23,24.542
10:28:24,20.8766666667
10:28:25,17.2113333333
10:28:26,13.546
10:28:27,9.88066666667
10:28:28,6.21533333333
10:28:29,2.55
10:28:30,2.55
10:28:31,2.55
10:28:32,2.55
10:28:33,2.55
10:28:34,2.55
10:28:35,2.55
10:28:36,2.55
10:28:37,2.55
10:28:38,2.55
10:28:39,2.55
10:28:40,2.55
10:28:41,2.55
10:28:42,2.55
10:28:43,2.55
10:28:44,2.55
10:28:45,2.55
10:28:46,2.55
10:28:47,2.55
10:28:48,2.55
10:28:49,2.55
10:28:50,2.55
10:28:51,2.55
10:28:52,2.55
10:28:53,2.55
10:28:54,2.55
10:28:55,2.55
10:28:56,2.55
10:28:57,2.55
10:28:58,2.55
10:28:59,2.55
10:29:00,2.55
10:29:01,2.55
10:29:02,2.55
10:29:03,2.55
10:29:04,2.55
10:29:05,2.55
10:29:06,2.55
10:29:07,2.55
10:29:08,2.55
10:29:09,2.55
10:29:10,2.55
10:29:11,2.55
10:29:12,2.55
10:29:13,2.55
10:29:14,2.55
10:29:15,2.55
10:29:16,2.55
10:29:17,2.55
10:29:18,2.55
10:29:19,2.55
10:29:20,2.55
10:29:21,2.55
10:29:22,2.55
10:29:23,2.55
10:29:24,2.55
10:29:25,2.55
10:29:26,2.55
10:29:27,2.55
10:29:28,2.55
10:29:29,2.55
10:29:30,2.55
10:29:31,2.55
10:29:32,2.55
10:29:33,2.55
10:29:34,2.55
10:29:35,2.55
10:29:36,2.55
10:29:37,2.55
10:29:38,2.55
10:29:39,2.55
10:29:40,2.55
10:29:41,2.55
10:29:42,2.55
10:29:43,2.55
10:29:44,2.55
10:29:45,2.55
10:29:46,2.55
10:29:47,2.55
10:29:48,2.55
10:29:49,2.55
10:29:50,2.55
10:29:51,2.55
10:29:52,2.55
10:29:53,2.55
10:29:54,2.55
10:29:55,2.55
10:29:56,2.55
10:29:57,2.55
10:29:58,2.55
10:29:59,2.55
10:30:00,2.55
10:30:01,2.55
10:30:02,2.55
10:30:03,2.55
10:30:04,2.55
10:30:05,2.55
10:30:06,2.55
10:30:07,2.55
10:30:08,2.55
10:30:09,2.55
10:30:10,2.55
10:30:11,2.55
10:30:12,2.55
10:30:13,2.55
10:30:14,2.55
10:30:15,2.55
10:30:16,2.55
10:30:17,2.55
10:30:18,2.55
10:30:19,2.55
10:30:20,2.55
10:30:21,2.55
10:30:22,2.55
10:30:23,2.55
10:30:24,2.55
10:30:25,2.55
10:30:26,2.55
10:30:27,2.55
10:30:28,2.55
10:30:29,2.55
10:30:30,2.55
10:30:31,2.55
10:30:32,2.55
10:30:33,2.55
10:30:34,2.55
10:30:35,2.55
10:30:36,2.55
10:30:37,2.55
10:30:38,2.55
10:30:39,2.55
10:30:40,2.55
10:30:41,2.55
10:30:42,2.55
10:30:43,2.55
10:30:44,2.55
10:30:45,2.55
10:30:46,2.55
10:30:47,2.55
10:30:48,2.55
10:30:49,2.55
10:30:50,2.55
10:30:51,2.55
10:30:52,2.55
10:30:53,2.55
10:30:54,2.55
10:30:55,2.55
10:30:56,2.55
10:30:57,2.55
10:30:58,2.55
10:30:59,2.55
10:31:00,2.55
10:31:01,2.55
10:31:02,2.55
10:31:03,2.55
10:31:04,2.55
10:31:05,2.55
10:31:06,2.55
10:31:07,2.55
10:31:08,2.55
10:31:09,2.55
10:31:10,2.55
10:31:11,2.55
10:31:12,2.55
10:31:13,2.55
10:31:14,2.55
10:31:15,2.55
10:31:16,2.55
10:31:17,2.55
10:31:18,2.55
10:31:19,2.55
10:31:20,2.55
10:31:21,2.55
10:31:22,2.55
10:31:23,2.55
10:31:24,2.55
10:31:25,2.55
10:31:26,2.55
10:31:27,2.55
10:31:28,2.55
10:31:29,2.55
10:31:30,2.55
10:31:31,2.55
10:31:32,2.55
10:31:33,2.55
10:31:34,2.55
10:31:35,2.55
10:31:36,2.55
10:31:37,2.55
10:31:38,2.55
10:31:39,2.55
10:31:40,2.55
10:31:41,2.55
10:31:42,2.55
10:31:43,2.55
10:31:44,2.55
10:31:45,2.55
10:31:46,2.55
10:31:47,2.55
10:31:48,2.55
10:31:49,2.55
10:31:50,2.55
10:31:51,2.55
10:31:52,2.55
10:31:53,2.55
10:31:54,2.55
10:31:55,2.55
10:31:56,2.55
10:31:57,2.55
10:31:58,2.55
10:31:59,2.55
10:32:00,2.55
10:32:01,2.55
10:32:02,2.55
10:32:03,2.55
10:32:04,2.55
10:32:05,2.55
10:32:06,2.55
10:32:07,2.55
10:32:08,2.55
10:32:09,2.55
10:32:10,2.55
10:32:11,2.55
10:32:12,2.55
10:32:13,2.55
10:32:14,2.55
10:32:15,2.55
10:32:16,2.55
10:32:17,2.55
10:32:18,2.55
10:32:19,2.55
10:32:20,2.55
10:32:21,2.55
10:32:22,2.55
10:32:23,2.55
10:32:24,2.55
10:32:25,2.55
10:32:26,2.55
10:32:27,2.55
10:32:28,2.55
10:32:29,2.55
10:32:30,2.55
10:32:31,2.55
10:32:32,2.55
10:32:33,2.55
10:32:34,2.55
10:32:35,2.55
10:32:36,2.55
10:32:37,2.55
10:32:38,2.55
10:32:39,2.55
10:32:40,2.55
10:32:41,2.55
10:32:42,2.55
10:32:43,2.55
10:32:44,2.55
10:32:45,2.55
10:32:46,2.55
10:32:47,2.55
10:32:48,2.55
10:32:49,2.55
10:32:50,2.55
10:32:51,2.55
10:32:52,2.55
10:32:53,2.55
10:32:54,2.55
10:32:55,2.55
10:32:56,2.55
10:32:57,2.55
10:32:58,2.55
10:32:59,2.55
10:33:00,2.55
10:33:01,2.55
10:33:02,2.55
10:33:03,2.55
10:33:04,2.55
10:33:05,2.55
10:33:06,2.55
10:33:07,2.55
10:33:08,2.55
10:33:09,2.55
10:33:10,2.55
10:33:11,2.55
10:33:12,2.55
10:33:13,2.55
10:33:14,2.55
10:33:15,2.55
10:33:16,2.55
10:33:17,2.55
10:33:18,2.55
10:33:19,2.55
10:33:20,2.55
10:33:21,2.55
10:33:22,2.55
10:33:23,2.55
10:33:24,2.55
10:33:25,2.55
10:33:26,2.55
10:33:27,2.55
10:33:28,2.55
10:33:29,2.55
10:33:30,2.55
10:33:31,2.55
10:33:32,2.55
10:33:33,2.55
10:33:34,2.55
10:33:35,2.55
10:33:36,2.55
10:33:37,2.55
10:33:38,2.55
10:33:39,2.55
10:33:40,2.55
10:33:41,2.55
10:33:42,2.55
10:33:43,2.55
10:33:44,2.55
10:33:45,2.55
10:33:46,2.55
10:33:47,2.55
10:33:48,2.55
10:33:49,2.55
10:33:50,2.55
10:33:51,2.55
10:33:52,2.55
10:33:53,2.55
10:33:54,2.55
10:33:55,2.55
10:33:56,2.55
10:33:57,2.55
10:33:58,2.55
10:33:59,2.55
10:34:00,2.55
10:34:01,2.55
10:34:02,2.55
10:34:03,2.55
10:34:04,2.55
10:34:05,2.55
10:34:06,2.55
10:34:07,2.55
10:34:08,2.55
10:34:09,2.55
10:34:10,2.55
10:34:11,2.55
10:34:12,2.55
10:34:13,2.55
10:34:14,2.55
10:34:15,2.55
10:34:16,2.55
10:34:17,2.55
10:34:18,2.55
10:34:19,2.55
10:34:20,2.55
10:34:21,2.55
10:34:22,2.55
10:34:23,2.55
10:34:24,2.55
10:34:25,2.55
10:34:26,2.55
10:34:27,2.55
10:34:28,2.55
10:34:29,2.55
10:34:30,2.55
10:34:31,2.55
10:34:32,2.55
10:34:33,2.55
10:34:34,2.55
10:34:35,2.55
10:34:36,2.55
10:34:37,2.55
10:34:38,2.55
10:34:39,2.55
10:34:40,2.55
10:34:41,2.55
10:34:42,2.55
10:34:43,2.55
10:34:44,2.55
10:34:45,2.55
10:34:46,2.55
10:34:47,2.55
10:34:48,2.55
10:34:49,2.55
10:34:50,2.55
10:34:51,2.55
10:34:52,2.55
10:34:53,2.55
10:34:54,2.55
10:34:55,2.55
10:34:56,2.55
10:34:57,2.55
10:34:58,2.55
10:34:59,2.55
10:35:00,2.55
10:35:01,2.55
10:35:02,2.55
10:35:03,2.55
10:35:04,2.55
10:35:05,2.55
10:35:06,2.55
10:35:07,2.55
10:35:08,2.55
10:35:09,2.55
10:35:10,2.55
10:35:11,2.55
10:35:12,2.55
10:35:13,2.55
10:35:14,2.55
10:35:15,2.55
10:35:16,2.55
10:35:17,2.55
10:35:18,2.55
10:35:19,2.55
10:35:20,2.55
10:35:21,2.55
10:35:22,2.55
10:35:23,2.55
10:35:24,2.55
10:35:25,2.55
10:35:26,2.55
10:35:27,2.55
10:35:28,2.55
10:35:29,2.55
10:35:30,2.55
10:35:31,2.55
10:35:32,2.55
10:35:33,2.55
10:35:34,2.55
10:35:35,2.55
10:35:36,2.55
10:35:37,2.55
10:35:38,2.55
10:35:39,2.55
10:35:40,2.55
10:35:41,2.55
10:35:42,2.55
10:35:43,2.55
10:35:44,2.55
10:35:45,2.55
10:35:46,2.55
10:35:47,2.55
10:35:48,2.55
10:35:49,2.55
10:35:50,2.55
10:35:51,2.55
10:35:52,2.55
10:35:53,2.55
10:35:54,2.55
10:35:55,2.55
10:35:56,2.55
10:35:57,2.55
10:35:58,2.55
10:35:59,2.55
10:36:00,2.55
10:36:01,2.55
10:36:02,2.55
10:36:03,2.55
10:36:04,2.55
10:36:05,2.55
10:36:06,2.55
10:36:07,2.55
10:36:08,2.55
10:36:09,2.55
10:36:10,2.55
10:36:11,2.55
10:36:12,2.55
10:36:13,2.55
10:36:14,2.55
10:36:15,2.55
10:36:16,2.55
10:36:17,2.55
10:36:18,2.55
10:36:19,2.55
10:36:20,2.55
10:36:21,2.55
10:36:22,2.55
10:36:23,2.55
10:36:24,2.55
10:36:25,2.55
10:36:26,2.55
10:36:27,2.55
10:36:28,2.55
10:36:29,2.55
10:36:30,2.55
10:36:31,2.55
10:36:32,2.55
10:36:33,2.55
10:36:34,2.55
10:36:35,2.55
10:36:36,2.55
10:36:37,2.55
10:36:38,2.55
10:36:39,2.55
10:36:40,2.55
10:36:41,2.55
10:36:42,2.55
10:36:43,2.55
10:36:44,2.55
10:36:45,2.55
10:36:46,2.55
10:36:47,2.55
10:36:48,2.55
10:36:49,2.55
10:36:50,2.55
10:36:51,2.55
10:36:52,2.55
10:36:53,2.55
10:36:54,2.55
10:36:55,2.55
10:36:56,2.55
10:36:57,2.55
10:36:58,2.55
10:36:59,2.55
10:37:00,2.55
10:37:01,2.55
10:37:02,2.55
10:37:03,2.55
10:37:04,2.55
10:37:05,2.55
10:37:06,2.55
10:37:07,2.55
10:37:08,2.55
10:37:09,2.55
10:37:10,2.55
10:37:11,2.55
10:37:12,2.55
10:37:13,2.55
10:37:14,2.55
10:37:15,2.55
10:37:16,2.55
10:37:17,2.55
10:37:18,2.55
10:37:19,2.55
10:37:20,2.55
10:37:21,2.55
10:37:22,2.55
10:37:23,2.55
10:37:24,2.55
10:37:25,2.55
10:37:26,2.55
10:37:27,2.55
10:37:28,2.55
10:37:29,2.55
10:37:30,2.55
10:37:31,2.55
10:37:32,2.55
10:37:33,2.55
10:37:34,2.55
10:37:35,2.55
10:37:36,2.55
10:37:37,2.55
10:37:38,2.55
10:37:39,2.55
10:37:40,2.55
10:37:41,2.55
10:37:42,2.55
10:37:43,2.55
10:37:44,2.55
10:37:45,2.55
10:37:46,2.55
10:37:47,2.55
10:37:48,2.55
10:37:49,2.55
10:37:50,2.55
10:37:51,2.55
10:37:52,2.55
10:37:53,2.55
10:37:54,2.55
10:37:55,2.55
10:37:56,2.55
10:37:57,2.55
10:37:58,2.55
10:37:59,2.55
10:38:00,2.55
10:38:01,2.55
10:38:02,2.55
10:38:03,2.55
10:38:04,2.55
10:38:05,2.55
10:38:06,2.55
10:38:07,2.55
10:38:08,2.55
10:38:09,2.55
10:38:10,2.55
10:38:11,2.55
10:38:12,2.55
10:38:13,2.55
10:38:14,2.55
10:38:15,2.55
10:38:16,2.55
10:38:17,2.55
10:38:18,2.55
10:38:19,2.55
10:38:20,2.55
10:38:21,2.55
10:38:22,2.55
10:38:23,2.55
10:38:24,2.55
10:38:25,2.55
10:38:26,2.55
10:38:27,2.55
10:38:28,2.55
10:38:29,2.55
10:38:30,2.55
10:38:31,2.55
10:38:32,2.55
10:38:33,2.55
10:38:34,2.55
10:38:35,2.55
10:38:36,2.55
10:38:37,2.55
10:38:38,2.55
10:38:39,2.55
10:38:40,2.55
10:38:41,2.55
10:38:42,2.55
10:38:43,2.55
10:38:44,2.55
10:38:45,2.55
10:38:46,2.55
10:38:47,2.55
10:38:48,2.55
10:38:49,2.55
10:38:50,2.55
10:38:51,2.55
10:38:52,2.55
10:38:53,2.55
10:38:54,2.55
10:38:55,2.55
10:38:56,2.55
10:38:57,2.55
10:38:58,2.55
10:38:59,2.55
10:39:00,2.55
10:39:01,2.55
10:39:02,2.55
10:39:03,2.55
10:39:04,2.55
10:39:05,2.55
10:39:06,2.55
10:39:07,2.55
10:39:08,2.55
10:39:09,2.55
10:39:10,2.55
10:39:11,2.55
10:39:12,2.55
10:39:13,2.55
10:39:14,2.55
10:39:15,2.55
10:39:16,2.55
10:39:17,2.55
10:39:18,2.55
10:39:19,2.55
10:39:20,2.55
10:39:21,2.55
10:39:22,2.55
10:39:23,2.55
10:39:24,2.55
10:39:25,2.55
10:39:26,2.55
10:39:27,2.55
10:39:28,2.55
10:39:29,2.55
10:39:30,2.55
10:39:31,2.55
10:39:32,2.55
10:39:33,2.55
10:39:34,2.55
10:39:35,2.55
10:39:36,2.55
10:39:37,2.55
10:39:38,2.55
10:39:39,2.55
10:39:40,2.55
10:39:41,2.55
10:39:42,2.55
10:39:43,2.55
10:39:44,2.55
10:39:45,2.55
10:39:46,2.55
10:39:47,2.55
10:39:48,2.55
10:39:49,2.55
10:39:50,2.55
10:39:51,2.55
10:39:52,2.55
10:39:53,2.55
10:39:54,2.55
10:39:55,2.55
10:39:56,2.55
10:39:57,2.55
10:39:58,2.55
10:39:59,2.55
10:40:00,2.55
10:40:01,2.55
10:40:02,2.55
10:40:03,2.55
10:40:04,2.55
10:40:05,2.55
10:40:06,2.55
10:40:07,2.55
10:40:08,2.55
10:40:09,2.55
10:40:10,2.55
10:40:11,2.55
10:40:12,2.55
10:40:13,2.55
10:40:14,2.55
10:40:15,2.55
10:40:16,2.55
10:40:17,2.55
10:40:18,2.55
10:40:19,2.55
10:40:20,2.55
10:40:21,2.55
10:40:22,2.55
10:40:23,2.55
10:40:24,2.55
10:40:25,2.55
10:40:26,2.55
10:40:27,2.55
10:40:28,2.55
10:40:29,2.55
10:40:30,2.55
10:40:31,2.55
10:40:32,2.55
10:40:33,2.55
10:40:34,2.55
10:40:35,2.55
10:40:36,2.55
10:40:37,2.55
10:40:38,2.55
10:40:39,2.55
10:40:40,2.55
10:40:41,2.55
10:40:42,2.55
10:40:43,2.55
10:40:44,2.55
10:40:45,2.55
10:40:46,2.55
10:40:47,2.55
10:40:48,2.55
10:40:49,2.55
10:40:50,2.55
10:40:51,2.55
10:40:52,2.55
10:40:53,2.55
10:40:54,2.55
10:40:55,2.55
10:40:56,2.55
10:40:57,2.55
10:40:58,2.55
10:40:59,2.55
10:41:00,2.55
10:41:01,2.55
10:41:02,2.55
10:41:03,2.55
10:41:04,2.55
10:41:05,2.55
10:41:06,2.55
10:41:07,2.55
10:41:08,2.55
10:41:09,2.55
10:41:10,2.55
10:41:11,2.55
10:41:12,2.55
10:41:13,2.55
10:41:14,2.55
10:41:15,2.55
10:41:16,2.55
10:41:17,2.55
10:41:18,2.55
10:41:19,2.55
10:41:20,2.55
10:41:21,2.55
10:41:22,2.55
10:41:23,2.55
10:41:24,2.55
10:41:25,2.55
10:41:26,2.55
10:41:27,2.55
10:41:28,2.55
10:41:29,2.55
10:41:30,2.55
10:41:31,2.55
10:41:32,2.55
10:41:33,2.55
10:41:34,2.55
10:41:35,2.55
10:41:36,2.55
10:41:37,2.55
10:41:38,2.55
10:41:39,2.55
10:41:40,2.55
10:41:41,2.55
10:41:42,2.55
10:41:43,2.55
10:41:44,2.55
10:41:45,2.55
10:41:46,2.55
10:41:47,2.55
10:41:48,2.55
10:41:49,2.55
10:41:50,2.55
10:41:51,2.55
10:41:52,2.55
10:41:53,2.55
10:41:54,2.55
10:41:55,2.55
10:41:56,2.55
10:41:57,2.55
10:41:58,2.55
10:41:59,2.55
10:42:00,2.55
10:42:01,2.55
10:42:02,2.55
10:42:03,2.55
10:42:04,2.55
10:42:05,2.55
10:42:06,2.55
10:42:07,2.55
10:42:08,2.55
10:42:09,2.55
10:42:10,2.55
10:42:11,2.55
10:42:12,2.55
10:42:13,2.55
10:42:14,2.55
10:42:15,2.55
10:42:16,2.55
10:42:17,2.55
10:42:18,2.55
10:42:19,2.55
10:42:20,2.55
10:42:21,2.55
10:42:22,2.55
10:42:23,2.55
10:42:24,2.55
10:42:25,2.55
10:42:26,2.55
10:42:27,2.55
10:42:28,2.55
10:42:29,2.55
10:42:30,2.55
10:42:31,2.55
10:42:32,2.55
10:42:33,2.55
10:42:34,2.55
10:42:35,2.55
10:42:36,2.55
10:42:37,2.55
10:42:38,2.55
10:42:39,2.55
10:42:40,2.55
10:42:41,2.55
10:42:42,2.55
10:42:43,2.55
10:42:44,2.55
10:42:45,2.55
10:42:46,2.55
10:42:47,2.55
10:42:48,2.55
10:42:49,2.55
10:42:50,2.55
10:42:51,2.55
10:42:52,2.55
10:42:53,2.55
10:42:54,2.55
10:42:55,2.55
10:42:56,2.55
10:42:57,2.55
10:42:58,2.55
10:42:59,2.55
10:43:00,2.55
10:43:01,2.55
10:43:02,2.55
10:43:03,2.55
10:43:04,2.55
10:43:05,2.55
10:43:06,2.55
10:43:07,2.55
10:43:08,2.55
10:43:09,2.55
10:43:10,2.55
10:43:11,2.55
10:43:12,2.55
10:43:13,2.55
10:43:14,2.55
10:43:15,2.55
10:43:16,2.55
10:43:17,2.55
10:43:18,2.55
10:43:19,2.55
10:43:20,2.55
10:43:21,2.55
10:43:22,2.55
10:43:23,2.55
10:43:24,2.55
10:43:25,2.55
10:43:26,2.55
10:43:27,2.55
10:43:28,2.55
10:43:29,2.55
10:43:30,2.55
10:43:31,2.55
10:43:32,2.55
10:43:33,2.55
10:43:34,2.55
10:43:35,2.55
10:43:36,2.55
10:43:37,2.55
10:43:38,2.55
10:43:39,2.55
10:43:40,2.55
10:43:41,2.55
10:43:42,2.55
10:43:43,2.55
10:43:44,2.55
10:43:45,2.55
10:43:46,2.55
10:43:47,2.55
10:43:48,2.55
10:43:49,2.55
10:43:50,2.55
10:43:51,2.55
10:43:52,2.55
10:43:53,2.55
10:43:54,2.55
10:43:55,2.55
10:43:56,2.55
10:43:57,2.55
10:43:58,2.55
10:43:59,2.55
10:44:00,2.55
10:44:01,2.55
10:44:02,2.55
10:44:03,2.55
10:44:04,2.55
10:44:05,2.55
10:44:06,2.55
10:44:07,2.55
10:44:08,2.55
10:44:09,2.55
10:44:10,2.55
10:44:11,2.55
10:44:12,2.55
10:44:13,2.55
10:44:14,2.55
10:44:15,2.55
10:44:16,2.55
10:44:17,2.55
10:44:18,2.55
10:44:19,2.55
10:44:20,2.55
10:44:21,2.55
10:44:22,2.55
10:44:23,2.55
10:44:24,2.55
10:44:25,2.55
10:44:26,2.55
10:44:27,2.55
10:44:28,2.55
10:44:29,2.55
10:44:30,2.55
10:44:31,2.55
10:44:32,2.55
10:44:33,2.55
10:44:34,2.55
10:44:35,2.55
10:44:36,2.55
10:44:37,2.55
10:44:38,2.55
10:44:39,2.55
10:44:40,2.55
10:44:41,2.55
10:44:42,2.55
10:44:43,2.55
10:44:44,2.55
10:44:45,2.55
10:44:46,2.55
10:44:47,2.55
10:44:48,2.55
10:44:49,2.55
10:44:50,2.55
10:44:51,2.55
10:44:52,2.55
10:44:53,2.55
10:44:54,2.55
10:44:55,2.55
10:44:56,2.55
10:44:57,2.55
10:44:58,2.55
10:44:59,2.55
10:45:00,2.55
10:45:01,2.55
10:45:02,2.55
10:45:03,2.55
10:45:04,2.55
10:45:05,2.55
10:45:06,2.55
10:45:07,2.55
10:45:08,2.55
10:45:09,2.55
10:45:10,2.55
10:45:11,2.55
10:45:12,2.55
10:45:13,2.55
10:45:14,2.55
10:45:15,2.55
10:45:16,2.55
10:45:17,2.55
10:45:18,2.55
10:45:19,2.55
10:45:20,2.55
10:45:21,2.55
10:45:22,2.55
10:45:23,2.55
10:45:24,2.55
10:45:25,2.55
10:45:26,2.55
10:45:27,2.55
10:45:28,2.55
10:45:29,2.55
10:45:30,2.55
10:45:31,2.55
10:45:32,2.55
10:45:33,2.55
10:45:34,2.55
10:45:35,2.55
10:45:36,2.55
10:45:37,2.55
10:45:38,2.55
10:45:39,2.55
10:45:40,2.55
10:45:41,2.55
10:45:42,2.55
10:45:43,2.55
10:45:44,2.55
10:45:45,2.55
10:45:46,2.55
10:45:47,2.55
10:45:48,2.55
10:45:49,2.55
10:45:50,2.55
10:45:51,2.55
10:45:52,2.55
10:45:53,2.55
10:45:54,2.55
10:45:55,2.55
10:45:56,2.55
10:45:57,2.55
10:45:58,2.55
10:45:59,2.55
10:46:00,2.55
10:46:01,2.55
10:46:02,2.55
10:46:03,2.55
10:46:04,2.55
10:46:05,2.55
10:46:06,2.55
10:46:07,2.55
10:46:08,2.55
10:46:09,2.55
10:46:10,2.55
10:46:11,2.55
10:46:12,2.55
10:46:13,2.55
10:46:14,2.55
10:46:15,2.55
10:46:16,2.55
10:46:17,2.55
10:46:18,2.55
10:46:19,2.55
10:46:20,2.55
10:46:21,2.55
10:46:22,2.55
10:46:23,2.55
10:46:24,2.55
10:46:25,2.55
10:46:26,2.55
10:46:27,2.55
10:46:28,2.55
10:46:29,2.55
10:46:30,2.55
10:46:31,2.55
10:46:32,2.55
10:46:33,2.55
10:46:34,2.55
10:46:35,2.55
10:46:36,2.55
10:46:37,2.55
10:46:38,2.55
10:46:39,2.55
10:46:40,2.55
10:46:41,2.55
10:46:42,2.55
10:46:43,2.55
10:46:44,2.55
10:46:45,2.55
10:46:46,2.55
10:46:47,2.55
10:46:48,2.55
10:46:49,2.55
10:46:50,2.55
10:46:51,2.55
10:46:52,2.55
10:46:53,2.55
10:46:54,2.55
10:46:55,2.55
10:46:56,2.55
10:46:57,2.55
10:46:58,2.55
10:46:59,2.55
10:47:00,2.55
10:47:01,2.55
10:47:02,2.55
10:47:03,2.55
10:47:04,2.55
10:47:05,2.55
10:47:06,2.55
10:47:07,2.55
10:47:08,2.55
10:47:09,2.55
10:47:10,2.55
10:47:11,2.55
10:47:12,2.55
10:47:13,2.55
10:47:14,2.55
10:47:15,2.55
10:47:16,2.55
10:47:17,2.55
10:47:18,2.55
10:47:19,2.55
10:47:20,2.55
10:47:21,2.55
10:47:22,2.55
10:47:23,2.55
10:47:24,2.55
10:47:25,2.55
10:47:26,2.55
10:47:27,2.55
10:47:28,2.55
10:47:29,2.55
10:47:30,2.55
10:47:31,2.55
10:47:32,2.55
10:47:33,2.55
10:47:34,2.55
10:47:35,2.55
10:47:36,2.55
10:47:37,2.55
10:47:38,2.55
10:47:39,2.55
10:47:40,2.55
10:47:41,2.55
10:47:42,2.55
10:47:43,2.55
10:47:44,2.55
10:47:45,2.55
10:47:46,2.55
10:47:47,2.55
10:47:48,2.55
10:47:49,2.55
10:47:50,2.55
10:47:51,2.55
10:47:52,2.55
10:47:53,2.55
10:47:54,2.55
10:47:55,2.55
10:47:56,2.55
10:47:57,2.55
10:47:58,2.55
10:47:59,2.55
10:48:00,2.55
10:48:01,2.55
10:48:02,2.55
10:48:03,2.55
10:48:04,2.55
10:48:05,2.55
10:48:06,2.55
10:48:07,2.55
10:48:08,2.55
10:48:09,2.55
10:48:10,2.55
10:48:11,2.55
10:48:12,2.55
10:48:13,2.55
10:48:14,2.55
10:48:15,2.55
10:48:16,2.55
10:48:17,2.55
10:48:18,2.55
10:48:19,2.55
10:48:20,2.55
10:48:21,2.55
10:48:22,2.55
10:48:23,2.55
10:48:24,2.55
10:48:25,2.55
10:48:26,2.55
10:48:27,2.55
10:48:28,2.55
10:48:29,2.55
10:48:30,2.55
10:48:31,2.55
10:48:32,2.55
10:48:33,2.55
10:48:34,2.55
10:48:35,2.55
10:48:36,2.55
10:48:37,2.55
10:48:38,2.55
10:48:39,2.55
10:48:40,2.55
10:48:41,2.55
10:48:42,2.55
10:48:43,2.55
10:48:44,2.55
10:48:45,2.55
10:48:46,2.55
10:48:47,2.55
10:48:48,2.55
10:48:49,2.55
10:48:50,2.55
10:48:51,2.55
10:48:52,2.55
10:48:53,2.55
10:48:54,2.55
10:48:55,2.55
10:48:56,2.55
10:48:57,2.55
10:48:58,2.55
10:48:59,2.55
10:49:00,2.55
10:49:01,2.55
10:49:02,2.55
10:49:03,2.55
10:49:04,2.55
10:49:05,2.55
10:49:06,2.55
10:49:07,2.55
10:49:08,2.55
10:49:09,2.55
10:49:10,2.55
10:49:11,2.55
10:49:12,2.55
10:49:13,2.55
10:49:14,2.55
10:49:15,2.55
10:49:16,2.55
10:49:17,2.55
10:49:18,2.55
10:49:19,2.55
10:49:20,2.55
10:49:21,2.55
10:49:22,2.55
10:49:23,2.55
10:49:24,2.55
10:49:25,2.55
10:49:26,2.55
10:49:27,2.55
10:49:28,2.55
10:49:29,2.55
10:49:30,2.55
10:49:31,2.55
10:49:32,2.55
10:49:33,2.55
10:49:34,2.55
10:49:35,2.55
10:49:36,2.55
10:49:37,2.55
10:49:38,2.55
10:49:39,2.55
10:49:40,2.55
10:49:41,2.55
10:49:42,2.55
10:49:43,2.55
10:49:44,2.55
10:49:45,2.55
10:49:46,2.55
10:49:47,2.55
10:49:48,2.55
10:49:49,2.55
10:49:50,2.55
10:49:51,2.55
10:49:52,2.55
10:49:53,2.55
10:49:54,2.55
10:49:55,2.55
10:49:56,2.55
10:49:57,2.55
10:49:58,2.55
10:49:59,2.55
10:50:00,2.55
10:50:01,2.55
10:50:02,2.55
10:50:03,2.55
10:50:04,2.55
10:50:05,2.55
10:50:06,2.55
10:50:07,2.55
10:50:08,2.55
10:50:09,2.55
10:50:10,2.55
10:50:11,2.55
10:50:12,2.55
10:50:13,2.55
10:50:14,2.55
10:50:15,2.55
10:50:16,2.55
10:50:17,2.55
10:50:18,2.55
10:50:19,2.55
10:50:20,2.55
10:50:21,2.55
10:50:22,2.55
10:50:23,2.55
10:50:24,2.55
10:50:25,2.55
10:50:26,2.55
10:50:27,2.55
10:50:28,2.55
10:50:29,2.55
10:50:30,2.55
10:50:31,2.55
10:50:32,2.55
10:50:33,2.55
10:50:34,2.55
10:50:35,2.55
10:50:36,2.55
10:50:37,2.55
10:50:38,2.55
10:50:39,2.55
10:50:40,2.55
10:50:41,2.55
10:50:42,2.55
10:50:43,2.55
10:50:44,2.55
10:50:45,2.55
10:50:46,2.55
10:50:47,2.55
10:50:48,2.55
10:50:49,2.55
10:50:50,2.55
10:50:51,2.55
10:50:52,2.55
10:50:53,2.55
10:50:54,2.55
10:50:55,2.55
10:50:56,2.55
10:50:57,2.55
10:50:58,2.55
10:50:59,2.55
10:51:00,2.55
10:51:01,2.55
10:51:02,2.55
10:51:03,2.55
10:51:04,2.55
10:51:05,2.55
10:51:06,2.55
10:51:07,2.55
10:51:08,2.55
10:51:09,2.55
10:51:10,2.55
10:51:11,2.55
10:51:12,2.55
10:51:13,2.55
10:51:14,2.55
10:51:15,2.55
10:51:16,2.55
10:51:17,2.55
10:51:18,2.55
10:51:19,2.55
10:51:20,2.55
10:51:21,2.55
10:51:22,2.55
10:51:23,2.55
10:51:24,2.55
10:51:25,2.55
10:51:26,2.55
10:51:27,2.55
10:51:28,2.55
10:51:29,2.55
10:51:30,2.55
10:51:31,2.55
10:51:32,2.55
10:51:33,2.55
10:51:34,2.55
10:51:35,2.55
10:51:36,2.55
10:51:37,2.55
10:51:38,2.55
10:51:39,2.55
10:51:40,2.55
10:51:41,2.55
10:51:42,2.55
10:51:43,2.55
10:51:44,2.55
10:51:45,2.55
10:51:46,2.55
10:51:47,2.55
10:51:48,2.55
10:51:49,2.55
10:51:50,2.55
10:51:51,2.55
10:51:52,2.55
10:51:53,2.55
10:51:54,2.55
10:51:55,2.55
10:51:56,2.55
10:51:57,2.55
10:51:58,2.55
10:51:59,2.55
10:52:00,2.55
10:52:01,2.55
10:52:02,2.55
10:52:03,2.55
10:52:04,2.55
10:52:05,2.55
10:52:06,2.55
10:52:07,2.55
10:52:08,2.55
10:52:09,2.55
10:52:10,2.55
10:52:11,2.55
10:52:12,2.55
10:52:13,2.55
10:52:14,2.55
10:52:15,2.55
10:52:16,2.55
10:52:17,2.55
10:52:18,2.55
10:52:19,2.55
10:52:20,2.55
10:52:21,2.55
10:52:22,2.55
10:52:23,2.55
10:52:24,2.55
10:52:25,2.55
10:52:26,2.55
10:52:27,2.55
10:52:28,2.55
10:52:29,2.55
10:52:30,2.55
10:52:31,2.55
10:52:32,2.55
10:52:33,2.55
10:52:34,2.55
10:52:35,2.55
10:52:36,2.55
10:52:37,2.55
10:52:38,2.55
10:52:39,2.55
10:52:40,2.55
10:52:41,2.55
10:52:42,2.55
10:52:43,2.55
10:52:44,2.55
10:52:45,2.55
10:52:46,2.55
10:52:47,2.55
10:52:48,2.55
10:52:49,2.55
10:52:50,2.55
10:52:51,2.55
10:52:52,2.55
10:52:53,2.55
10:52:54,2.55
10:52:55,2.55
10:52:56,2.55
10:52:57,2.55
10:52:58,2.55
10:52:59,2.55
10:53:00,2.55
10:53:01,2.55
10:53:02,2.55
10:53:03,2.55
10:53:04,2.55
10:53:05,2.55
10:53:06,2.55
10:53:07,2.55
10:53:08,2.55
10:53:09,2.55
10:53:10,2.55
10:53:11,2.55
10:53:12,2.55
10:53:13,2.55
10:53:14,2.55
10:53:15,2.55
10:53:16,2.55
10:53:17,2.55
10:53:18,2.55
10:53:19,2.55
10:53:20,2.55
10:53:21,2.55
10:53:22,2.55
10:53:23,2.55
10:53:24,2.55
10:53:25,2.55
10:53:26,2.55
10:53:27,2.55
10:53:28,2.55
10:53:29,2.55
10:53:30,2.55
10:53:31,2.55
10:53:32,2.55
10:53:33,2.55
10:53:34,2.55
10:53:35,2.55
10:53:36,2.55
10:53:37,2.55
10:53:38,2.55
10:53:39,2.55
10:53:40,2.55
10:53:41,2.55
10:53:42,2.55
10:53:43,2.55
10:53:44,2.55
10:53:45,2.55
10:53:46,2.55
10:53:47,2.55
10:53:48,2.55
10:53:49,2.55
10:53:50,2.55
10:53:51,2.55
10:53:52,2.55
10:53:53,2.55
10:53:54,2.55
10:53:55,2.55
10:53:56,2.55
10:53:57,2.55
10:53:58,2.55
10:53:59,2.55
10:54:00,2.55
10:54:01,2.55
10:54:02,2.55
10:54:03,2.55
10:54:04,2.55
10:54:05,2.55
10:54:06,2.55
10:54:07,2.55
10:54:08,2.55
10:54:09,2.55
10:54:10,2.55
10:54:11,2.55
10:54:12,2.55
10:54:13,2.55
10:54:14,2.55
10:54:15,2.55
10:54:16,2.55
10:54:17,2.55
10:54:18,2.55
10:54:19,2.55
10:54:20,2.55
10:54:21,2.55
10:54:22,2.55
10:54:23,2.55
10:54:24,2.55
10:54:25,2.55
10:54:26,2.55
10:54:27,2.55
10:54:28,2.55
10:54:29,2.55
10:54:30,2.55
10:54:31,2.55
10:54:32,2.55
10:54:33,2.55
10:54:34,2.55
10:54:35,2.55
10:54:36,2.55
10:54:37,2.55
10:54:38,2.55
10:54:39,2.55
10:54:40,2.55
10:54:41,2.55
10:54:42,2.55
10:54:43,2.55
10:54:44,2.55
10:54:45,2.55
10:54:46,2.55
10:54:47,2.55
10:54:48,2.55
10:54:49,2.55
10:54:50,2.55
10:54:51,2.55
10:54:52,2.55
10:54:53,2.55
10:54:54,2.55
10:54:55,2.55
10:54:56,2.55
10:54:57,2.55
10:54:58,2.55
10:54:59,2.55
10:55:00,2.55
10:55:01,2.55
10:55:02,2.55
10:55:03,2.55
10:55:04,2.55
10:55:05,2.55
10:55:06,2.55
10:55:07,2.55
10:55:08,2.55
10:55:09,2.55
10:55:10,2.55
10:55:11,2.55
10:55:12,2.55
10:55:13,2.55
10:55:14,2.55
10:55:15,2.55
10:55:16,2.55
10:55:17,2.55
10:55:18,2.55
10:55:19,2.55
10:55:20,2.55
10:55:21,2.55
10:55:22,2.55
10:55:23,2.55
10:55:24,2.55
10:55:25,2.55
10:55:26,2.55
10:55:27,2.55
10:55:28,2.55
10:55:29,2.55
10:55:30,2.55
10:55:31,2.55
10:55:32,2.55
10:55:33,2.55
10:55:34,2.55
10:55:35,2.55
10:55:36,2.55
10:55:37,2.55
10:55:38,2.55
10:55:39,2.55
10:55:40,2.55
10:55:41,2.55
10:55:42,2.55
10:55:43,2.55
10:55:44,2.55
10:55:45,2.55
10:55:46,2.55
10:55:47,2.55
10:55:48,2.55
10:55:49,2.55
10:55:50,2.55
10:55:51,2.55
10:55:52,2.55
10:55:53,2.55
10:55:54,2.55
10:55:55,2.55
10:55:56,2.55
10:55:57,2.55
10:55:58,2.55
10:55:59,2.55
10:56:00,2.55
10:56:01,2.55
10:56:02,2.55
10:56:03,2.55
10:56:04,2.55
10:56:05,2.55
10:56:06,2.55
10:56:07,2.55
10:56:08,2.55
10:56:09,2.55
10:56:10,2.55
10:56:11,2.55
10:56:12,2.55
10:56:13,2.55
10:56:14,2.55
10:56:15,2.55
10:56:16,2.55
10:56:17,2.55
10:56:18,2.55
10:56:19,2.55
10:56:20,2.55
10:56:21,2.55
10:56:22,2.55
10:56:23,2.55
10:56:24,2.55
10:56:25,2.55
10:56:26,2.55
10:56:27,2.55
10:56:28,2.55
10:56:29,2.55
10:56:30,2.55
10:56:31,2.55
10:56:32,2.55
10:56:33,2.55
10:56:34,2.55
10:56:35,2.55
10:56:36,2.55
10:56:37,2.55
10:56:38,2.55
10:56:39,2.55
10:56:40,2.55
10:56:41,2.55
10:56:42,2.55
10:56:43,2.55
10:56:44,2.55
10:56:45,2.55
10:56:46,2.55
10:56:47,2.55
10:56:48,2.55
10:56:49,2.55
10:56:50,2.55
10:56:51,2.55
10:56:52,2.55
10:56:53,2.55
10:56:54,2.55
10:56:55,2.55
10:56:56,2.55
10:56:57,2.55
10:56:58,2.55
10:56:59,2.55
10:57:00,2.55
10:57:01,2.55
10:57:02,2.55
10:57:03,2.55
10:57:04,2.55
10:57:05,2.55
10:57:06,2.55
10:57:07,2.55
10:57:08,2.55
10:57:09,2.55
10:57:10,2.55
10:57:11,2.55
10:57:12,2.55
10:57:13,2.55
10:57:14,2.55
10:57:15,2.55
10:57:16,2.55
10:57:17,2.55
10:57:18,2.55
10:57:19,2.55
10:57:20,2.55
10:57:21,2.55
10:57:22,2.55
10:57:23,2.55
10:57:24,2.55
10:57:25,2.55
10:57:26,2.55
10:57:27,2.55
10:57:28,2.55
10:57:29,2.55
10:57:30,2.55
10:57:31,2.55
10:57:32,2.55
10:57:33,2.55
10:57:34,2.55
10:57:35,2.55
10:57:36,2.55
10:57:37,2.55
10:57:38,2.55
10:57:39,2.55
10:57:40,2.55
10:57:41,2.55
10:57:42,2.55
10:57:43,2.55
10:57:44,2.55
10:57:45,2.55
10:57:46,2.55
10:57:47,2.55
10:57:48,2.55
10:57:49,2.55
10:57:50,2.55
10:57:51,2.55
10:57:52,2.55
10:57:53,2.55
10:57:54,2.55
10:57:55,2.55
10:57:56,2.55
10:57:57,2.55
10:57:58,2.55
10:57:59,2.55
10:58:00,2.55
10:58:01,2.55
10:58:02,2.55
10:58:03,2.55
10:58:04,2.55
10:58:05,2.55
10:58:06,2.55
10:58:07,2.55
10:58:08,2.55
10:58:09,2.55
10:58:10,2.55
10:58:11,2.55
10:58:12,2.55
10:58:13,2.55
10:58:14,2.55
10:58:15,2.55
10:58:16,2.55
10:58:17,2.55
10:58:18,2.55
10:58:19,2.55
10:58:20,2.55
10:58:21,2.55
10:58:22,2.55
10:58:23,2.55
10:58:24,2.55
10:58:25,2.55
10:58:26,2.55
10:58:27,2.55
10:58:28,2.55
10:58:29,2.55
10:58:30,2.55
10:58:31,2.55
10:58:32,2.55
10:58:33,2.55
10:58:34,2.55
10:58:35,2.55
10:58:36,2.55
10:58:37,2.55
10:58:38,2.55
10:58:39,2.55
10:58:40,2.55
10:58:41,2.55
10:58:42,2.55
10:58:43,2.55
10:58:44,2.55
10:58:45,2.55
10:58:46,2.55
10:58:47,2.55
10:58:48,2.55
10:58:49,2.55
10:58:50,2.55
10:58:51,2.55
10:58:52,2.55
10:58:53,2.55
10:58:54,2.55
10:58:55,2.55
10:58:56,2.55
10:58:57,2.55
10:58:58,2.55
10:58:59,2.55
10:59:00,2.55
10:59:01,2.55
10:59:02,2.55
10:59:03,2.55
10:59:04,2.55
10:59:05,2.55
10:59:06,2.55
10:59:07,2.55
10:59:08,2.55
10:59:09,2.55
10:59:10,2.55
10:59:11,2.55
10:59:12,2.55
10:59:13,2.55
10:59:14,2.55
10:59:15,2.55
10:59:16,2.55
10:59:17,2.55
10:59:18,2.55
10:59:19,2.55
10:59:20,2.55
10:59:21,2.55
10:59:22,2.55
10:59:23,2.55
10:59:24,2.55
10:59:25,2.55
10:59:26,2.55
10:59:27,2.55
10:59:28,2.55
10:59:29,2.55
10:59:30,2.55
10:59:31,2.55
10:59:32,2.55
10:59:33,2.55
10:59:34,2.55
10:59:35,2.55
10:59:36,2.55
10:59:37,2.55
10:59:38,2.55
10:59:39,2.55
10:59:40,2.55
10:59:41,2.55
10:59:42,2.55
10:59:43,2.55
10:59:44,2.55
10:59:45,2.55
10:59:46,2.55
10:59:47,2.55
10:59:48,2.55
10:59:49,2.55
10:59:50,2.55
10:59:51,2.55
10:59:52,2.55
10:59:53,2.55
10:59:54,2.55
10:59:55,2.55
10:59:56,2.55
10:59:57,2.55
10:59:58,2.55
10:59:59,2.55
11:00:00,2.55
11:00:01,2.55
11:00:02,2.55
11:00:03,2.55
11:00:04,2.55
11:00:05,2.55
11:00:06,2.55
11:00:07,2.55
11:00:08,2.55
11:00:09,2.55
11:00:10,2.55
11:00:11,2.55
11:00:12,2.55
11:00:13,2.55
11:00:14,2.55
11:00:15,2.55
11:00:16,2.55
11:00:17,2.55
11:00:18,2.55
11:00:19,2.55
11:00:20,2.55
11:00:21,2.55
11:00:22,2.55
11:00:23,2.55
11:00:24,2.55
11:00:25,2.55
11:00:26,2.55
11:00:27,2.55
11:00:28,2.55
11:00:29,2.55
11:00:30,2.55
11:00:31,2.55
11:00:32,2.55
11:00:33,2.55
11:00:34,2.55
11:00:35,2.55
11:00:36,2.55
11:00:37,2.55
11:00:38,2.55
11:00:39,2.55
11:00:40,2.55
11:00:41,2.55
11:00:42,2.55
11:00:43,2.55
11:00:44,2.55
11:00:45,2.55
11:00:46,2.55
11:00:47,2.55
11:00:48,2.55
11:00:49,2.55
11:00:50,2.55
11:00:51,2.55
11:00:52,2.55
11:00:53,2.55
11:00:54,2.55
11:00:55,2.55
11:00:56,2.55
11:00:57,2.55
11:00:58,2.55
11:00:59,2.55
11:01:00,2.55
11:01:01,2.55
11:01:02,2.55
11:01:03,2.55
11:01:04,2.55
11:01:05,2.55
11:01:06,2.55
11:01:07,2.55
11:01:08,2.55
11:01:09,2.55
11:01:10,2.55
11:01:11,2.55
11:01:12,2.55
11:01:13,2.55
11:01:14,2.55
11:01:15,2.55
11:01:16,2.55
11:01:17,2.55
11:01:18,2.55
11:01:19,2.55
11:01:20,2.55
11:01:21,2.55
11:01:22,2.55
11:01:23,2.55
11:01:24,2.55
11:01:25,2.55
11:01:26,2.55
11:01:27,2.55
11:01:28,2.55
11:01:29,2.55
11:01:30,2.55
11:01:31,2.55
11:01:32,2.55
11:01:33,2.55
11:01:34,2.55
11:01:35,2.55
11:01:36,2.55
11:01:37,2.55
11:01:38,2.55
11:01:39,2.55
11:01:40,2.55
11:01:41,2.55
11:01:42,2.55
11:01:43,2.55
11:01:44,2.55
11:01:45,2.55
11:01:46,2.55
11:01:47,2.55
11:01:48,2.55
11:01:49,2.55
11:01:50,2.55
11:01:51,2.55
11:01:52,2.55
11:01:53,2.55
11:01:54,2.55
11:01:55,2.55
11:01:56,2.55
11:01:57,2.55
11:01:58,2.55
11:01:59,2.55
11:02:00,2.55
11:02:01,2.55
11:02:02,2.55
11:02:03,2.55
11:02:04,2.55
11:02:05,2.55
11:02:06,2.55
11:02:07,2.55
11:02:08,2.55
11:02:09,2.55
11:02:10,2.55
11:02:11,2.55
11:02:12,2.55
11:02:13,2.55
11:02:14,2.55
11:02:15,2.55
11:02:16,2.55
11:02:17,2.55
11:02:18,2.55
11:02:19,2.55
11:02:20,2.55
11:02:21,2.55
11:02:22,2.55
11:02:23,2.55
11:02:24,2.55
11:02:25,2.55
11:02:26,2.55
11:02:27,2.55
11:02:28,2.55
11:02:29,2.55
11:02:30,2.55
11:02:31,2.55
11:02:32,2.55
11:02:33,2.55
11:02:34,2.55
11:02:35,2.55
11:02:36,2.55
11:02:37,2.55
11:02:38,2.55
11:02:39,2.55
11:02:40,2.55
11:02:41,2.55
11:02:42,2.55
11:02:43,2.55
11:02:44,2.55
11:02:45,2.55
11:02:46,2.55
11:02:47,2.55
11:02:48,2.55
11:02:49,2.55
11:02:50,2.55
11:02:51,2.55
11:02:52,2.55
11:02:53,2.55
11:02:54,2.55
11:02:55,2.55
11:02:56,2.55
11:02:57,2.55
11:02:58,2.55
11:02:59,2.55
11:03:00,2.55
11:03:01,2.55
11:03:02,2.55
11:03:03,2.55
11:03:04,2.55
11:03:05,2.55
11:03:06,2.55
11:03:07,2.55
11:03:08,2.55
11:03:09,2.55
11:03:10,2.55
11:03:11,2.55
11:03:12,2.55
11:03:13,2.55
11:03:14,2.55
11:03:15,2.55
11:03:16,2.55
11:03:17,2.55
11:03:18,2.55
11:03:19,2.55
11:03:20,2.55
11:03:21,2.55
11:03:22,2.55
11:03:23,2.55
11:03:24,2.55
11:03:25,2.55
11:03:26,2.55
11:03:27,2.55
11:03:28,2.55
11:03:29,2.55
11:03:30,2.55
11:03:31,2.55
11:03:32,2.55
11:03:33,2.55
11:03:34,2.55
11:03:35,2.55
11:03:36,2.55
11:03:37,2.55
11:03:38,2.55
11:03:39,2.55
11:03:40,2.55
11:03:41,2.55
11:03:42,2.55
11:03:43,2.55
11:03:44,2.55
11:03:45,2.55
11:03:46,2.55
11:03:47,2.55
11:03:48,2.55
11:03:49,2.55
11:03:50,2.55
11:03:51,2.55
11:03:52,2.55
11:03:53,2.55
11:03:54,2.55
11:03:55,2.55
11:03:56,2.55
11:03:57,2.55
11:03:58,2.55
11:03:59,2.55
11:04:00,2.55
11:04:01,2.55
11:04:02,2.55
11:04:03,2.55
11:04:04,2.55
11:04:05,2.55
11:04:06,2.55
11:04:07,2.55
11:04:08,2.55
11:04:09,2.55
11:04:10,2.55
11:04:11,2.55
11:04:12,2.55
11:04:13,2.55
11:04:14,2.55
11:04:15,2.55
11:04:16,2.55
11:04:17,2.55
11:04:18,2.55
11:04:19,2.55
11:04:20,2.55
11:04:21,2.55
11:04:22,2.55
11:04:23,2.55
11:04:24,2.55
11:04:25,2.55
11:04:26,2.55
11:04:27,2.55
11:04:28,2.55
11:04:29,2.55
11:04:30,2.55
11:04:31,2.55
11:04:32,2.55
11:04:33,2.55
11:04:34,2.55
11:04:35,2.55
11:04:36,2.55
11:04:37,2.55
11:04:38,2.55
11:04:39,2.55
11:04:40,2.55
11:04:41,2.55
11:04:42,2.55
11:04:43,2.55
11:04:44,2.55
11:04:45,2.55
11:04:46,2.55
11:04:47,2.55
11:04:48,2.55
11:04:49,2.55
11:04:50,2.55
11:04:51,2.55
11:04:52,2.55
11:04:53,2.55
11:04:54,2.55
11:04:55,2.55
11:04:56,2.55
11:04:57,2.55
11:04:58,2.55
11:04:59,2.55
11:05:00,2.55
11:05:01,2.55
11:05:02,2.55
11:05:03,2.55
11:05:04,2.55
11:05:05,2.55
11:05:06,2.55
11:05:07,2.55
11:05:08,2.55
11:05:09,2.55
11:05:10,2.55
11:05:11,2.55
11:05:12,2.55
11:05:13,2.55
11:05:14,2.55
11:05:15,2.55
11:05:16,2.55
11:05:17,2.55
11:05:18,2.55
11:05:19,2.55
11:05:20,2.55
11:05:21,2.55
11:05:22,2.55
11:05:23,2.55
11:05:24,2.55
11:05:25,2.55
11:05:26,2.55
11:05:27,2.55
11:05:28,2.55
11:05:29,2.55
11:05:30,2.55
11:05:31,2.55
11:05:32,2.55
11:05:33,2.55
11:05:34,2.55
11:05:35,2.55
11:05:36,2.55
11:05:37,2.55
11:05:38,2.55
11:05:39,2.55
11:05:40,2.55
11:05:41,2.55
11:05:42,2.55
11:05:43,2.55
11:05:44,2.55
11:05:45,2.55
11:05:46,2.55
11:05:47,2.55
11:05:48,2.55
11:05:49,2.55
11:05:50,2.55
11:05:51,2.55
11:05:52,2.55
11:05:53,2.55
11:05:54,2.55
11:05:55,2.55
11:05:56,2.55
11:05:57,2.55
11:05:58,2.55
11:05:59,2.55
11:06:00,2.55
11:06:01,2.55
11:06:02,2.55
11:06:03,2.55
11:06:04,2.55
11:06:05,2.55
11:06:06,2.55
11:06:07,2.55
11:06:08,2.55
11:06:09,2.55
11:06:10,2.55
11:06:11,2.55
11:06:12,2.55
11:06:13,2.55
11:06:14,2.55
11:06:15,2.55
11:06:16,2.55
11:06:17,2.55
11:06:18,2.55
11:06:19,2.55
11:06:20,2.55
11:06:21,2.55
11:06:22,2.55
11:06:23,2.55
11:06:24,2.55
11:06:25,2.55
11:06:26,2.55
11:06:27,2.55
11:06:28,2.55
11:06:29,2.55
11:06:30,2.55
11:06:31,2.55
11:06:32,2.55
11:06:33,2.55
11:06:34,2.55
11:06:35,2.55
11:06:36,2.55
11:06:37,2.55
11:06:38,2.55
11:06:39,2.55
11:06:40,2.55
11:06:41,2.55
11:06:42,2.55
11:06:43,2.55
11:06:44,2.55
11:06:45,2.55
11:06:46,2.55
11:06:47,2.55
11:06:48,2.55
11:06:49,2.55
11:06:50,2.55
11:06:51,2.55
11:06:52,2.55
11:06:53,2.55
11:06:54,2.55
11:06:55,2.55
11:06:56,2.55
11:06:57,2.55
11:06:58,2.55
11:06:59,2.55
11:07:00,2.55
11:07:01,2.55
11:07:02,2.55
11:07:03,2.55
11:07:04,2.55
11:07:05,2.55
11:07:06,2.55
11:07:07,2.55
11:07:08,2.55
11:07:09,2.55
11:07:10,2.55
11:07:11,2.55
11:07:12,2.55
11:07:13,2.55
11:07:14,2.55
11:07:15,2.55
11:07:16,2.55
11:07:17,2.55
11:07:18,2.55
11:07:19,2.55
11:07:20,2.55
11:07:21,2.55
11:07:22,2.55
11:07:23,2.55
11:07:24,2.55
11:07:25,2.55
11:07:26,2.55
11:07:27,2.55
11:07:28,2.55
11:07:29,2.55
11:07:30,2.55
11:07:31,2.55
11:07:32,2.55
11:07:33,2.55
11:07:34,2.55
11:07:35,2.55
11:07:36,2.55
11:07:37,2.55
11:07:38,2.55
11:07:39,2.55
11:07:40,2.55
11:07:41,2.55
11:07:42,2.55
11:07:43,2.55
11:07:44,2.55
11:07:45,2.55
11:07:46,2.55
11:07:47,2.55
11:07:48,2.55
11:07:49,2.55
11:07:50,2.55
11:07:51,2.55
11:07:52,2.55
11:07:53,2.55
11:07:54,2.55
11:07:55,2.55
11:07:56,2.55
11:07:57,2.55
11:07:58,2.55
11:07:59,2.55
11:08:00,2.55
11:08:01,2.55
11:08:02,2.55
11:08:03,2.55
11:08:04,2.55
11:08:05,2.55
11:08:06,2.55
11:08:07,2.55
11:08:08,2.55
11:08:09,2.55
11:08:10,2.55
11:08:11,2.55
11:08:12,2.55
11:08:13,2.55
11:08:14,2.55
11:08:15,2.55
11:08:16,2.55
11:08:17,2.55
11:08:18,2.55
11:08:19,2.55
11:08:20,2.55
11:08:21,2.55
11:08:22,2.55
11:08:23,2.55
11:08:24,2.55
11:08:25,2.55
11:08:26,2.55
11:08:27,2.55
11:08:28,2.55
11:08:29,2.55
11:08:30,2.55
11:08:31,2.55
11:08:32,2.55
11:08:33,2.55
11:08:34,2.55
11:08:35,2.55
11:08:36,2.55
11:08:37,2.55
11:08:38,2.55
11:08:39,2.55
11:08:40,2.55
11:08:41,2.55
11:08:42,2.55
11:08:43,2.55
11:08:44,2.55
11:08:45,2.55
11:08:46,2.55
11:08:47,2.55
11:08:48,2.55
11:08:49,2.55
11:08:50,2.55
11:08:51,2.55
11:08:52,2.55
11:08:53,2.55
11:08:54,2.55
11:08:55,2.55
11:08:56,2.55
11:08:57,2.55
11:08:58,2.55
11:08:59,2.55
11:09:00,2.55
11:09:01,2.55
11:09:02,2.55
11:09:03,2.55
11:09:04,2.55
11:09:05,2.55
11:09:06,2.55
11:09:07,2.55
11:09:08,2.55
11:09:09,2.55
11:09:10,2.55
11:09:11,2.55
11:09:12,2.55
11:09:13,2.55
11:09:14,2.55
11:09:15,2.55
11:09:16,2.55
11:09:17,2.55
11:09:18,2.55
11:09:19,2.55
11:09:20,2.55
11:09:21,2.55
11:09:22,2.55
11:09:23,2.55
11:09:24,2.55
11:09:25,2.55
11:09:26,2.55
11:09:27,2.55
11:09:28,2.55
11:09:29,2.55
11:09:30,2.55
11:09:31,2.55
11:09:32,2.55
11:09:33,2.55
11:09:34,2.55
11:09:35,2.55
11:09:36,2.55
11:09:37,2.55
11:09:38,2.55
11:09:39,2.55
11:09:40,2.55
11:09:41,2.55
11:09:42,2.55
11:09:43,2.55
11:09:44,2.55
11:09:45,2.55
11:09:46,2.55
11:09:47,2.55
11:09:48,2.55
11:09:49,2.55
11:09:50,2.55
11:09:51,2.55
11:09:52,2.55
11:09:53,2.55
11:09:54,2.55
11:09:55,2.55
11:09:56,2.55
11:09:57,2.55
11:09:58,2.55
11:09:59,2.55
11:10:00,2.55
11:10:01,2.55
11:10:02,2.55
11:10:03,2.55
11:10:04,2.55
11:10:05,2.55
11:10:06,2.55
11:10:07,2.55
11:10:08,2.55
11:10:09,2.55
11:10:10,2.55
11:10:11,2.55
11:10:12,2.55
11:10:13,2.55
11:10:14,2.55
11:10:15,2.55
11:10:16,2.55
11:10:17,2.55
11:10:18,2.55
11:10:19,2.55
11:10:20,2.55
11:10:21,2.55
11:10:22,2.55
11:10:23,2.55
11:10:24,2.55
11:10:25,2.55
11:10:26,2.55
11:10:27,2.55
11:10:28,2.55
11:10:29,2.55
11:10:30,2.55
11:10:31,2.55
11:10:32,2.55
11:10:33,2.55
11:10:34,2.55
11:10:35,2.55
11:10:36,2.55
11:10:37,2.55
11:10:38,2.55
11:10:39,2.55
11:10:40,2.55
11:10:41,2.55
11:10:42,2.55
11:10:43,2.55
11:10:44,2.55
11:10:45,2.55
11:10:46,2.55
11:10:47,2.55
11:10:48,2.55
11:10:49,2.55
11:10:50,2.55
11:10:51,2.55
11:10:52,2.55
11:10:53,2.55
11:10:54,2.55
11:10:55,2.55
11:10:56,2.55
11:10:57,2.55
11:10:58,2.55
11:10:59,2.55
11:11:00,2.55
11:11:01,2.55
11:11:02,2.55
11:11:03,2.55
11:11:04,2.55
11:11:05,2.55
11:11:06,2.55
11:11:07,2.55
11:11:08,2.55
11:11:09,2.55
11:11:10,2.55
11:11:11,2.55
11:11:12,2.55
11:11:13,2.55
11:11:14,7.638125
11:11:15,12.72625
11:11:16,17.814375
11:11:17,22.9025
11:11:18,27.990625
11:11:19,33.07875
11:11:20,38.166875
11:11:21,43.255
11:11:22,48.343125
11:11:23,53.43125
11:11:24,58.519375
11:11:25,63.6075
11:11:26,68.695625
11:11:27,73.78375
11:11:28,78.871875
11:11:29,83.96
11:11:30,84.048
11:11:31,84.136
11:11:32,84.224
11:11:33,84.312
11:11:34,84.4
11:11:35,84.488
11:11:36,84.576
11:11:37,84.664
11:11:38,84.752
11:11:39,84.84
11:11:40,84.928
11:11:41,85.016
11:11:42,85.104
11:11:43,85.192
11:11:44,85.28
11:11:45,85.28
11:11:46,85.28
11:11:47,85.28
11:11:48,85.28
11:11:49,85.28
11:11:50,85.28
11:11:51,85.28
11:11:52,85.28
11:11:53,85.28
11:11:54,85.28
11:11:55,85.28
11:11:56,85.28
11:11:57,85.28
11:11:58,85.28
11:11:59,85.28
11:12:00,83.05
11:12:01,80.82
11:12:02,78.59
11:12:03,76.36
11:12:04,74.13
11:12:05,71.9
11:12:06,69.67
11:12:07,67.44
11:12:08,65.21
11:12:09,62.98
11:12:10,60.75
11:12:11,58.52
11:12:12,56.29
11:12:13,54.06
11:12:14,51.83
11:12:15,49.6
11:12:16,46.4633333333
11:12:17,43.3266666667
11:12:18,40.19
11:12:19,37.0533333333
11:12:20,33.9166666667
11:12:21,30.78
11:12:22,27.6433333333
11:12:23,24.5066666667
11:12:24,21.37
11:12:25,18.2333333333
11:12:26,15.0966666667
11:12:27,11.96
11:12:28,8.82333333333
11:12:29,5.68666666667
11:12:30,2.55
11:12:31,2.55
11:12:32,2.55
11:12:33,2.55
11:12:34,2.55
11:12:35,2.55
11:12:36,2.55
11:12:37,2.55
11:12:38,2.55
11:12:39,2.55
11:12:40,2.55
11:12:41,2.55
11:12:42,2.55
11:12:43,2.55
11:12:44,2.55
11:12:45,2.55
11:12:46,2.55
11:12:47,2.55
11:12:48,2.55
11:12:49,2.55
11:12:50,2.55
11:12:51,2.55
11:12:52,2.55
11:12:53,2.55
11:12:54,2.55
11:12:55,2.55
11:12:56,2.55
11:12:57,2.55
11:12:58,2.55
11:12:59,2.55
11:13:00,2.55
11:13:01,2.55
11:13:02,2.55
11:13:03,2.55
11:13:04,2.55
11:13:05,2.55
11:13:06,2.55
11:13:07,2.55
11:13:08,2.55
11:13:09,2.55
11:13:10,2.55
11:13:11,2.55
11:13:12,2.55
11:13:13,2.55
11:13:14,2.55
11:13:15,2.55
11:13:16,2.55
11:13:17,2.55
11:13:18,2.55
11:13:19,2.55
11:13:20,2.55
11:13:21,2.55
11:13:22,2.55
11:13:23,2.55
11:13:24,2.55
11:13:25,2.55
11:13:26,2.55
11:13:27,2.55
11:13:28,2.55
11:13:29,2.55
11:13:30,2.55
11:13:31,2.55
11:13:32,2.55
11:13:33,2.55
11:13:34,2.55
11:13:35,2.55
11:13:36,2.55
11:13:37,2.55
11:13:38,2.55
11:13:39,2.55
11:13:40,2.55
11:13:41,2.55
11:13:42,2.55
11:13:43,2.55
11:13:44,2.55
11:13:45,2.55
11:13:46,2.55
11:13:47,2.55
11:13:48,2.55
11:13:49,2.55
11:13:50,2.55
11:13:51,2.55
11:13:52,2.55
11:13:53,2.55
11:13:54,2.55
11:13:55,2.55
11:13:56,2.55
11:13:57,2.55
11:13:58,2.55
11:13:59,2.55
11:14:00,2.55
11:14:01,2.55
11:14:02,2.55
11:14:03,2.55
11:14:04,2.55
11:14:05,2.55
11:14:06,2.55
11:14:07,2.55
11:14:08,2.55
11:14:09,2.55
11:14:10,2.55
11:14:11,2.55
11:14:12,2.55
11:14:13,2.55
11:14:14,2.55
11:14:15,2.55
11:14:16,2.55
11:14:17,2.55
11:14:18,2.55
11:14:19,2.55
11:14:20,2.55
11:14:21,2.55
11:14:22,2.55
11:14:23,2.55
11:14:24,2.55
11:14:25,2.55
11:14:26,2.55
11:14:27,2.55
11:14:28,2.55
11:14:29,2.55
11:14:30,2.55
11:14:31,2.55
11:14:32,2.55
11:14:33,2.55
11:14:34,2.55
11:14:35,2.55
11:14:36,2.55
11:14:37,2.55
11:14:38,2.55
11:14:39,2.55
11:14:40,2.55
11:14:41,2.55
11:14:42,2.55
11:14:43,2.55
11:14:44,2.55
11:14:45,2.55
11:14:46,2.55
11:14:47,2.55
11:14:48,2.55
11:14:49,2.55
11:14:50,2.55
11:14:51,2.55
11:14:52,2.55
11:14:53,2.55
11:14:54,2.55
11:14:55,2.55
11:14:56,2.55
11:14:57,2.55
11:14:58,2.55
11:14:59,2.55
11:15:00,2.55
11:15:01,2.55
11:15:02,2.55
11:15:03,2.55
11:15:04,2.55
11:15:05,2.55
11:15:06,2.55
11:15:07,2.55
11:15:08,2.55
11:15:09,2.55
11:15:10,2.55
11:15:11,2.55
11:15:12,2.55
11:15:13,2.55
11:15:14,2.55
11:15:15,2.55
11:15:16,2.55
11:15:17,2.55
11:15:18,2.55
11:15:19,2.55
11:15:20,2.55
11:15:21,2.55
11:15:22,2.55
11:15:23,2.55
11:15:24,2.55
11:15:25,2.55
11:15:26,2.55
11:15:27,2.55
11:15:28,2.55
11:15:29,2.55
11:15:30,2.55
11:15:31,2.55
11:15:32,2.55
11:15:33,2.55
11:15:34,2.55
11:15:35,2.55
11:15:36,2.55
11:15:37,2.55
11:15:38,2.55
11:15:39,2.55
11:15:40,2.55
11:15:41,2.55
11:15:42,2.55
11:15:43,2.55
11:15:44,2.55
11:15:45,2.55
11:15:46,2.55
11:15:47,2.55
11:15:48,2.55
11:15:49,2.55
11:15:50,2.55
11:15:51,2.55
11:15:52,2.55
11:15:53,2.55
11:15:54,2.55
11:15:55,2.55
11:15:56,2.55
11:15:57,2.55
11:15:58,2.55
11:15:59,2.55
11:16:00,2.55
11:16:01,2.55
11:16:02,2.55
11:16:03,2.55
11:16:04,2.55
11:16:05,2.55
11:16:06,2.55
11:16:07,2.55
11:16:08,2.55
11:16:09,2.55
11:16:10,2.55
11:16:11,2.55
11:16:12,2.55
11:16:13,2.55
11:16:14,2.55
11:16:15,2.55
11:16:16,2.55
11:16:17,2.55
11:16:18,2.55
11:16:19,2.55
11:16:20,2.55
11:16:21,2.55
11:16:22,2.55
11:16:23,2.55
11:16:24,2.55
11:16:25,2.55
11:16:26,2.55
11:16:27,2.55
11:16:28,2.55
11:16:29,2.55
11:16:30,2.55
11:16:31,2.55
11:16:32,2.55
11:16:33,2.55
11:16:34,2.55
11:16:35,2.55
11:16:36,2.55
11:16:37,2.55
11:16:38,2.55
11:16:39,2.55
11:16:40,2.55
11:16:41,2.55
11:16:42,2.55
11:16:43,2.55
11:16:44,2.55
11:16:45,2.55
11:16:46,2.55
11:16:47,2.55
11:16:48,2.55
11:16:49,2.55
11:16:50,2.55
11:16:51,2.55
11:16:52,2.55
11:16:53,2.55
11:16:54,2.55
11:16:55,2.55
11:16:56,2.55
11:16:57,2.55
11:16:58,2.55
11:16:59,2.55
11:17:00,2.55
11:17:01,2.55
11:17:02,2.55
11:17:03,2.55
11:17:04,2.55
11:17:05,2.55
11:17:06,2.55
11:17:07,2.55
11:17:08,2.55
11:17:09,2.55
11:17:10,2.55
11:17:11,2.55
11:17:12,2.55
11:17:13,2.55
11:17:14,2.55
11:17:15,2.55
11:17:16,2.55
11:17:17,2.55
11:17:18,2.55
11:17:19,2.55
11:17:20,2.55
11:17:21,2.55
11:17:22,2.55
11:17:23,2.55
11:17:24,2.55
11:17:25,2.55
11:17:26,2.55
11:17:27,2.55
11:17:28,2.55
11:17:29,2.55
11:17:30,2.55
11:17:31,2.55
11:17:32,2.55
11:17:33,2.55
11:17:34,2.55
11:17:35,2.55
11:17:36,2.55
11:17:37,2.55
11:17:38,2.55
11:17:39,2.55
11:17:40,2.55
11:17:41,2.55
11:17:42,2.55
11:17:43,2.55
11:17:44,2.55
11:17:45,2.55
11:17:46,2.55
11:17:47,2.55
11:17:48,2.55
11:17:49,2.55
11:17:50,2.55
11:17:51,2.55
11:17:52,2.55
11:17:53,2.55
11:17:54,2.55
11:17:55,2.55
11:17:56,2.55
11:17:57,2.55
11:17:58,2.55
11:17:59,2.55
11:18:00,2.55
11:18:01,2.55
11:18:02,2.55
11:18:03,2.55
11:18:04,2.55
11:18:05,2.55
11:18:06,2.55
11:18:07,2.55
11:18:08,2.55
11:18:09,2.55
11:18:10,2.55
11:18:11,2.55
11:18:12,2.55
11:18:13,2.55
11:18:14,2.55
11:18:15,2.55
11:18:16,2.55
11:18:17,2.55
11:18:18,2.55
11:18:19,2.55
11:18:20,2.55
11:18:21,2.55
11:18:22,2.55
11:18:23,2.55
11:18:24,2.55
11:18:25,2.55
11:18:26,2.55
11:18:27,2.55
11:18:28,2.55
11:18:29,2.55
11:18:30,2.55
11:18:31,2.55
11:18:32,2.55
11:18:33,2.55
11:18:34,2.55
11:18:35,2.55
11:18:36,2.55
11:18:37,2.55
11:18:38,2.55
11:18:39,2.55
11:18:40,2.55
11:18:41,2.55
11:18:42,2.55
11:18:43,2.55
11:18:44,2.55
11:18:45,2.55
11:18:46,2.55
11:18:47,2.55
11:18:48,2.55
11:18:49,2.55
11:18:50,2.55
11:18:51,2.55
11:18:52,2.55
11:18:53,2.55
11:18:54,2.55
11:18:55,2.55
11:18:56,2.55
11:18:57,2.55
11:18:58,2.55
11:18:59,2.55
11:19:00,2.55
11:19:01,2.55
11:19:02,2.55
11:19:03,2.55
11:19:04,2.55
11:19:05,2.55
11:19:06,2.55
11:19:07,2.55
11:19:08,2.55
11:19:09,2.55
11:19:10,2.55
11:19:11,2.55
11:19:12,2.55
11:19:13,2.55
11:19:14,2.55
11:19:15,2.55
11:19:16,2.55
11:19:17,2.55
11:19:18,2.55
11:19:19,2.55
11:19:20,2.55
11:19:21,2.55
11:19:22,2.55
11:19:23,2.55
11:19:24,2.55
11:19:25,2.55
11:19:26,2.55
11:19:27,2.55
11:19:28,2.55
11:19:29,2.55
11:19:30,2.55
11:19:31,2.55
11:19:32,2.55
11:19:33,2.55
11:19:34,2.55
11:19:35,2.55
11:19:36,2.55
11:19:37,2.55
11:19:38,2.55
11:19:39,2.55
11:19:40,2.55
11:19:41,2.55
11:19:42,2.55
11:19:43,2.55
11:19:44,2.55
11:19:45,2.55
11:19:46,2.55
11:19:47,2.55
11:19:48,2.55
11:19:49,2.55
11:19:50,2.55
11:19:51,2.55
11:19:52,2.55
11:19:53,2.55
11:19:54,2.55
11:19:55,2.55
11:19:56,2.55
11:19:57,2.55
11:19:58,2.55
11:19:59,2.55
11:20:00,2.55
11:20:01,2.55
11:20:02,2.55
11:20:03,2.55
11:20:04,2.55
11:20:05,2.55
11:20:06,2.55
11:20:07,2.55
11:20:08,2.55
11:20:09,2.55
11:20:10,2.55
11:20:11,2.55
11:20:12,2.55
11:20:13,2.55
11:20:14,2.55
11:20:15,2.55
11:20:16,2.55
11:20:17,2.55
11:20:18,2.55
11:20:19,2.55
11:20:20,2.55
11:20:21,2.55
11:20:22,2.55
11:20:23,2.55
11:20:24,2.55
11:20:25,2.55
11:20:26,2.55
11:20:27,2.55
11:20:28,2.55
11:20:29,2.55
11:20:30,2.55
11:20:31,2.55
11:20:32,2.55
11:20:33,2.55
11:20:34,2.55
11:20:35,2.55
11:20:36,2.55
11:20:37,2.55
11:20:38,2.55
11:20:39,2.55
11:20:40,2.55
11:20:41,2.55
11:20:42,2.55
11:20:43,2.55
11:20:44,2.55
11:20:45,2.55
11:20:46,2.55
11:20:47,2.55
11:20:48,2.55
11:20:49,2.55
11:20:50,2.55
11:20:51,2.55
11:20:52,2.55
11:20:53,2.55
11:20:54,2.55
11:20:55,2.55
11:20:56,2.55
11:20:57,2.55
11:20:58,2.55
11:20:59,2.55
11:21:00,2.55
11:21:01,2.55
11:21:02,2.55
11:21:03,2.55
11:21:04,2.55
11:21:05,2.55
11:21:06,2.55
11:21:07,2.55
11:21:08,2.55
11:21:09,2.55
11:21:10,2.55
11:21:11,2.55
11:21:12,2.55
11:21:13,2.55
11:21:14,2.55
11:21:15,2.55
11:21:16,2.55
11:21:17,2.55
11:21:18,2.55
11:21:19,2.55
11:21:20,2.55
11:21:21,2.55
11:21:22,2.55
11:21:23,2.55
11:21:24,2.55
11:21:25,2.55
11:21:26,2.55
11:21:27,2.55
11:21:28,2.55
11:21:29,2.55
11:21:30,2.55
11:21:31,2.55
11:21:32,2.55
11:21:33,2.55
11:21:34,2.55
11:21:35,2.55
11:21:36,2.55
11:21:37,2.55
11:21:38,2.55
11:21:39,2.55
11:21:40,2.55
11:21:41,2.55
11:21:42,2.55
11:21:43,2.55
11:21:44,2.55
11:21:45,2.55
11:21:46,2.55
11:21:47,2.55
11:21:48,2.55
11:21:49,2.55
11:21:50,2.55
11:21:51,2.55
11:21:52,2.55
11:21:53,2.55
11:21:54,2.55
11:21:55,2.55
11:21:56,2.55
11:21:57,2.55
11:21:58,2.55
11:21:59,2.55
11:22:00,2.55
11:22:01,2.55
11:22:02,2.55
11:22:03,2.55
11:22:04,2.55
11:22:05,2.55
11:22:06,2.55
11:22:07,2.55
11:22:08,2.55
11:22:09,2.55
11:22:10,2.55
11:22:11,2.55
11:22:12,2.55
11:22:13,2.55
11:22:14,2.55
11:22:15,2.55
11:22:16,2.55
11:22:17,2.55
11:22:18,2.55
11:22:19,2.55
11:22:20,2.55
11:22:21,2.55
11:22:22,2.55
11:22:23,2.55
11:22:24,2.55
11:22:25,2.55
11:22:26,2.55
11:22:27,2.55
11:22:28,2.55
11:22:29,2.55
11:22:30,2.55
11:22:31,2.55
11:22:32,2.55
11:22:33,2.55
11:22:34,2.55
11:22:35,2.55
11:22:36,2.55
11:22:37,2.55
11:22:38,2.55
11:22:39,2.55
11:22:40,2.55
11:22:41,2.55
11:22:42,2.55
11:22:43,2.55
11:22:44,2.55
11:22:45,2.55
11:22:46,2.55
11:22:47,2.55
11:22:48,2.55
11:22:49,2.55
11:22:50,2.55
11:22:51,2.55
11:22:52,2.55
11:22:53,2.55
11:22:54,2.55
11:22:55,2.55
11:22:56,2.55
11:22:57,2.55
11:22:58,2.55
11:22:59,2.55
11:23:00,2.55
11:23:01,2.55
11:23:02,2.55
11:23:03,2.55
11:23:04,2.55
11:23:05,2.55
11:23:06,2.55
11:23:07,2.55
11:23:08,2.55
11:23:09,2.55
11:23:10,2.55
11:23:11,2.55
11:23:12,2.55
11:23:13,2.55
11:23:14,2.55
11:23:15,2.55
11:23:16,2.55
11:23:17,2.55
11:23:18,2.55
11:23:19,2.55
11:23:20,2.55
11:23:21,2.55
11:23:22,2.55
11:23:23,2.55
11:23:24,2.55
11:23:25,2.55
11:23:26,2.55
11:23:27,2.55
11:23:28,2.55
11:23:29,2.55
11:23:30,2.55
11:23:31,2.55
11:23:32,2.55
11:23:33,2.55
11:23:34,2.55
11:23:35,2.55
11:23:36,2.55
11:23:37,2.55
11:23:38,2.55
11:23:39,2.55
11:23:40,2.55
11:23:41,2.55
11:23:42,2.55
11:23:43,2.55
11:23:44,2.55
11:23:45,2.55
11:23:46,2.55
11:23:47,2.55
11:23:48,2.55
11:23:49,2.55
11:23:50,2.55
11:23:51,2.55
11:23:52,2.55
11:23:53,2.55
11:23:54,2.55
11:23:55,2.55
11:23:56,2.55
11:23:57,2.55
11:23:58,2.55
11:23:59,2.55
11:24:00,2.55
11:24:01,2.55
11:24:02,2.55
11:24:03,2.55
11:24:04,2.55
11:24:05,2.55
11:24:06,2.55
11:24:07,2.55
11:24:08,2.55
11:24:09,2.55
11:24:10,2.55
11:24:11,2.55
11:24:12,2.55
11:24:13,2.55
11:24:14,2.55
11:24:15,2.55
11:24:16,2.55
11:24:17,2.55
11:24:18,2.55
11:24:19,2.55
11:24:20,2.55
11:24:21,2.55
11:24:22,2.55
11:24:23,2.55
11:24:24,2.55
11:24:25,2.55
11:24:26,2.55
11:24:27,2.55
11:24:28,2.55
11:24:29,2.55
11:24:30,2.55
11:24:31,2.55
11:24:32,2.55
11:24:33,2.55
11:24:34,2.55
11:24:35,2.55
11:24:36,2.55
11:24:37,2.55
11:24:38,2.55
11:24:39,2.55
11:24:40,2.55
11:24:41,2.55
11:24:42,2.55
11:24:43,2.55
11:24:44,2.55
11:24:45,2.55
11:24:46,2.55
11:24:47,2.55
11:24:48,2.55
11:24:49,2.55
11:24:50,2.55
11:24:51,2.55
11:24:52,2.55
11:24:53,2.55
11:24:54,2.55
11:24:55,2.55
11:24:56,2.55
11:24:57,2.55
11:24:58,2.55
11:24:59,2.55
11:25:00,2.55
11:25:01,2.55
11:25:02,2.55
11:25:03,2.55
11:25:04,2.55
11:25:05,2.55
11:25:06,2.55
11:25:07,2.55
11:25:08,2.55
11:25:09,2.55
11:25:10,2.55
11:25:11,2.55
11:25:12,2.55
11:25:13,2.55
11:25:14,2.55
11:25:15,2.55
11:25:16,2.55
11:25:17,2.55
11:25:18,2.55
11:25:19,2.55
11:25:20,2.55
11:25:21,2.55
11:25:22,2.55
11:25:23,2.55
11:25:24,2.55
11:25:25,2.55
11:25:26,2.55
11:25:27,2.55
11:25:28,2.55
11:25:29,2.55
11:25:30,2.55
11:25:31,2.55
11:25:32,2.55
11:25:33,2.55
11:25:34,2.55
11:25:35,2.55
11:25:36,2.55
11:25:37,2.55
11:25:38,2.55
11:25:39,2.55
11:25:40,2.55
11:25:41,2.55
11:25:42,2.55
11:25:43,2.55
11:25:44,2.55
11:25:45,2.55
11:25:46,2.55
11:25:47,2.55
11:25:48,2.55
11:25:49,2.55
11:25:50,2.55
11:25:51,2.55
11:25:52,2.55
11:25:53,2.55
11:25:54,2.55
11:25:55,2.55
11:25:56,2.55
11:25:57,2.55
11:25:58,2.55
11:25:59,2.55
11:26:00,2.55
11:26:01,2.55
11:26:02,2.55
11:26:03,2.55
11:26:04,2.55
11:26:05,2.55
11:26:06,2.55
11:26:07,2.55
11:26:08,2.55
11:26:09,2.55
11:26:10,2.55
11:26:11,2.55
11:26:12,2.55
11:26:13,2.55
11:26:14,2.55
11:26:15,2.55
11:26:16,2.55
11:26:17,2.55
11:26:18,2.55
11:26:19,2.55
11:26:20,2.55
11:26:21,2.55
11:26:22,2.55
11:26:23,2.55
11:26:24,2.55
11:26:25,2.55
11:26:26,2.55
11:26:27,2.55
11:26:28,2.55
11:26:29,2.55
11:26:30,2.55
11:26:31,2.55
11:26:32,2.55
11:26:33,2.55
11:26:34,2.55
11:26:35,2.55
11:26:36,2.55
11:26:37,2.55
11:26:38,2.55
11:26:39,2.55
11:26:40,2.55
11:26:41,2.55
11:26:42,2.55
11:26:43,2.55
11:26:44,2.55
11:26:45,2.55
11:26:46,2.55
11:26:47,2.55
11:26:48,2.55
11:26:49,2.55
11:26:50,2.55
11:26:51,2.55
11:26:52,2.55
11:26:53,2.55
11:26:54,2.55
11:26:55,2.55
11:26:56,2.55
11:26:57,2.55
11:26:58,2.55
11:26:59,2.55
11:27:00,2.55
11:27:01,2.55
11:27:02,2.55
11:27:03,2.55
11:27:04,2.55
11:27:05,2.55
11:27:06,2.55
11:27:07,2.55
11:27:08,2.55
11:27:09,2.55
11:27:10,2.55
11:27:11,2.55
11:27:12,2.55
11:27:13,2.55
11:27:14,2.55
11:27:15,2.55
11:27:16,2.55
11:27:17,2.55
11:27:18,2.55
11:27:19,2.55
11:27:20,2.55
11:27:21,2.55
11:27:22,2.55
11:27:23,2.55
11:27:24,2.55
11:27:25,2.55
11:27:26,2.55
11:27:27,2.55
11:27:28,2.55
11:27:29,2.55
11:27:30,2.55
11:27:31,2.55
11:27:32,2.55
11:27:33,2.55
11:27:34,2.55
11:27:35,2.55
11:27:36,2.55
11:27:37,2.55
11:27:38,2.55
11:27:39,2.55
11:27:40,2.55
11:27:41,2.55
11:27:42,2.55
11:27:43,2.55
11:27:44,2.55
11:27:45,2.55
11:27:46,2.55
11:27:47,2.55
11:27:48,2.55
11:27:49,2.55
11:27:50,2.55
11:27:51,2.55
11:27:52,2.55
11:27:53,2.55
11:27:54,2.55
11:27:55,2.55
11:27:56,2.55
11:27:57,2.55
11:27:58,2.55
11:27:59,2.55
11:28:00,2.55
11:28:01,2.55
11:28:02,2.55
11:28:03,2.55
11:28:04,2.55
11:28:05,2.55
11:28:06,2.55
11:28:07,2.55
11:28:08,2.55
11:28:09,2.55
11:28:10,2.55
11:28:11,2.55
11:28:12,2.55
11:28:13,2.55
11:28:14,2.55
11:28:15,2.55
11:28:16,2.55
11:28:17,2.55
11:28:18,2.55
11:28:19,2.55
11:28:20,2.55
11:28:21,2.55
11:28:22,2.55
11:28:23,2.55
11:28:24,2.55
11:28:25,2.55
11:28:26,2.55
11:28:27,2.55
11:28:28,2.55
11:28:29,2.55
11:28:30,2.55
11:28:31,2.55
11:28:32,2.55
11:28:33,2.55
11:28:34,2.55
11:28:35,2.55
11:28:36,2.55
11:28:37,2.55
11:28:38,2.55
11:28:39,2.55
11:28:40,2.55
11:28:41,2.55
11:28:42,2.55
11:28:43,2.55
11:28:44,2.55
11:28:45,2.55
11:28:46,2.55
11:28:47,2.55
11:28:48,2.55
11:28:49,2.55
11:28:50,2.55
11:28:51,2.55
11:28:52,2.55
11:28:53,2.55
11:28:54,2.55
11:28:55,2.55
11:28:56,2.55
11:28:57,2.55
11:28:58,2.55
11:28:59,2.55
11:29:00,2.55
11:29:01,2.55
11:29:02,2.55
11:29:03,2.55
11:29:04,2.55
11:29:05,2.55
11:29:06,2.55
11:29:07,2.55
11:29:08,2.55
11:29:09,2.55
11:29:10,2.55
11:29:11,2.55
11:29:12,2.55
11:29:13,2.55
11:29:14,2.55
11:29:15,2.55
11:29:16,2.55
11:29:17,2.55
11:29:18,2.55
11:29:19,2.55
11:29:20,2.55
11:29:21,2.55
11:29:22,2.55
11:29:23,2.55
11:29:24,2.55
11:29:25,2.55
11:29:26,2.55
11:29:27,2.55
11:29:28,2.55
11:29:29,2.55
11:29:30,2.55
11:29:31,2.55
11:29:32,2.55
11:29:33,2.55
11:29:34,2.55
11:29:35,2.55
11:29:36,2.55
11:29:37,2.55
11:29:38,2.55
11:29:39,2.55
11:29:40,2.55
11:29:41,2.55
11:29:42,2.55
11:29:43,2.55
11:29:44,2.55
11:29:45,2.55
11:29:46,2.55
11:29:47,2.55
11:29:48,2.55
11:29:49,2.55
11:29:50,2.55
11:29:51,2.55
11:29:52,2.55
11:29:53,2.55
11:29:54,2.55
11:29:55,2.55
11:29:56,2.55
11:29:57,2.55
11:29:58,2.55
11:29:59,2.55
11:30:00,2.55
11:30:01,2.55
11:30:02,2.55
11:30:03,2.55
11:30:04,2.55
11:30:05,2.55
11:30:06,2.55
11:30:07,2.55
11:30:08,2.55
11:30:09,2.55
11:30:10,2.55
11:30:11,2.55
11:30:12,2.55
11:30:13,2.55
11:30:14,2.55
11:30:15,2.55
11:30:16,2.55
11:30:17,2.55
11:30:18,2.55
11:30:19,2.55
11:30:20,2.55
11:30:21,2.55
11:30:22,2.55
11:30:23,2.55
11:30:24,2.55
11:30:25,2.55
11:30:26,2.55
11:30:27,2.55
11:30:28,2.55
11:30:29,2.55
11:30:30,2.55
11:30:31,2.55
11:30:32,2.55
11:30:33,2.55
11:30:34,2.55
11:30:35,2.55
11:30:36,2.55
11:30:37,2.55
11:30:38,2.55
11:30:39,2.55
11:30:40,2.55
11:30:41,2.55
11:30:42,2.55
11:30:43,2.55
11:30:44,2.55
11:30:45,2.55
11:30:46,2.55
11:30:47,2.55
11:30:48,2.55
11:30:49,2.55
11:30:50,2.55
11:30:51,2.55
11:30:52,2.55
11:30:53,2.55
11:30:54,2.55
11:30:55,2.55
11:30:56,2.55
11:30:57,2.55
11:30:58,2.55
11:30:59,2.55
11:31:00,2.55
11:31:01,2.55
11:31:02,2.55
11:31:03,2.55
11:31:04,2.55
11:31:05,2.55
11:31:06,2.55
11:31:07,2.55
11:31:08,2.55
11:31:09,2.55
11:31:10,2.55
11:31:11,2.55
11:31:12,2.55
11:31:13,2.55
11:31:14,2.55
11:31:15,2.55
11:31:16,2.55
11:31:17,2.55
11:31:18,2.55
11:31:19,2.55
11:31:20,2.55
11:31:21,2.55
11:31:22,2.55
11:31:23,2.55
11:31:24,2.55
11:31:25,2.55
11:31:26,2.55
11:31:27,2.55
11:31:28,2.55
11:31:29,2.55
11:31:30,2.55
11:31:31,2.55
11:31:32,2.55
11:31:33,2.55
11:31:34,2.55
11:31:35,2.55
11:31:36,2.55
11:31:37,2.55
11:31:38,2.55
11:31:39,2.55
11:31:40,2.55
11:31:41,2.55
11:31:42,2.55
11:31:43,2.55
11:31:44,2.55
11:31:45,2.55
11:31:46,2.55
11:31:47,2.55
11:31:48,2.55
11:31:49,2.55
11:31:50,2.55
11:31:51,2.55
11:31:52,2.55
11:31:53,2.55
11:31:54,2.55
11:31:55,2.55
11:31:56,2.55
11:31:57,2.55
11:31:58,2.55
11:31:59,2.55
11:32:00,2.55
11:32:01,2.55
11:32:02,2.55
11:32:03,2.55
11:32:04,2.55
11:32:05,2.55
11:32:06,2.55
11:32:07,2.55
11:32:08,2.55
11:32:09,2.55
11:32:10,2.55
11:32:11,2.55
11:32:12,2.55
11:32:13,2.55
11:32:14,2.55
11:32:15,2.55
11:32:16,2.55
11:32:17,2.55
11:32:18,2.55
11:32:19,2.55
11:32:20,2.55
11:32:21,2.55
11:32:22,2.55
11:32:23,2.55
11:32:24,2.55
11:32:25,2.55
11:32:26,2.55
11:32:27,2.55
11:32:28,2.55
11:32:29,2.55
11:32:30,2.55
11:32:31,2.55
11:32:32,2.55
11:32:33,2.55
11:32:34,2.55
11:32:35,2.55
11:32:36,2.55
11:32:37,2.55
11:32:38,2.55
11:32:39,2.55
11:32:40,2.55
11:32:41,2.55
11:32:42,2.55
11:32:43,2.55
11:32:44,2.55
11:32:45,2.55
11:32:46,2.55
11:32:47,2.55
11:32:48,2.55
11:32:49,2.55
11:32:50,2.55
11:32:51,2.55
11:32:52,2.55
11:32:53,2.55
11:32:54,2.55
11:32:55,2.55
11:32:56,2.55
11:32:57,2.55
11:32:58,2.55
11:32:59,2.55
11:33:00,2.55
11:33:01,2.55
11:33:02,2.55
11:33:03,2.55
11:33:04,2.55
11:33:05,2.55
11:33:06,2.55
11:33:07,2.55
11:33:08,2.55
11:33:09,2.55
11:33:10,2.55
11:33:11,2.55
11:33:12,2.55
11:33:13,2.55
11:33:14,2.55
11:33:15,2.55
11:33:16,2.55
11:33:17,2.55
11:33:18,2.55
11:33:19,2.55
11:33:20,2.55
11:33:21,2.55
11:33:22,2.55
11:33:23,2.55
11:33:24,2.55
11:33:25,2.55
11:33:26,2.55
11:33:27,2.55
11:33:28,2.55
11:33:29,2.55
11:33:30,2.55
11:33:31,2.55
11:33:32,2.55
11:33:33,2.55
11:33:34,2.55
11:33:35,2.55
11:33:36,2.55
11:33:37,2.55
11:33:38,2.55
11:33:39,2.55
11:33:40,2.55
11:33:41,2.55
11:33:42,2.55
11:33:43,2.55
11:33:44,2.55
11:33:45,2.55
11:33:46,2.55
11:33:47,2.55
11:33:48,2.55
11:33:49,2.55
11:33:50,2.55
11:33:51,2.55
11:33:52,2.55
11:33:53,2.55
11:33:54,2.55
11:33:55,2.55
11:33:56,2.55
11:33:57,2.55
11:33:58,2.55
11:33:59,2.55
11:34:00,2.55
11:34:01,2.55
11:34:02,2.55
11:34:03,2.55
11:34:04,2.55
11:34:05,2.55
11:34:06,2.55
11:34:07,2.55
11:34:08,2.55
11:34:09,2.55
11:34:10,2.55
11:34:11,2.55
11:34:12,2.55
11:34:13,2.55
11:34:14,2.55
11:34:15,2.55
11:34:16,2.55
11:34:17,2.55
11:34:18,2.55
11:34:19,2.55
11:34:20,2.55
11:34:21,2.55
11:34:22,2.55
11:34:23,2.55
11:34:24,2.55
11:34:25,2.55
11:34:26,2.55
11:34:27,2.55
11:34:28,2.55
11:34:29,2.55
11:34:30,2.55
11:34:31,2.55
11:34:32,2.55
11:34:33,2.55
11:34:34,2.55
11:34:35,2.55
11:34:36,2.55
11:34:37,2.55
11:34:38,2.55
11:34:39,2.55
11:34:40,2.55
11:34:41,2.55
11:34:42,2.55
11:34:43,2.55
11:34:44,2.55
11:34:45,2.55
11:34:46,2.55
11:34:47,2.55
11:34:48,2.55
11:34:49,2.55
11:34:50,2.55
11:34:51,2.55
11:34:52,2.55
11:34:53,2.55
11:34:54,2.55
11:34:55,2.55
11:34:56,2.55
11:34:57,2.55
11:34:58,2.55
11:34:59,2.55
11:35:00,2.55
11:35:01,2.55
11:35:02,2.55
11:35:03,2.55
11:35:04,2.55
11:35:05,2.55
11:35:06,2.55
11:35:07,2.55
11:35:08,2.55
11:35:09,2.55
11:35:10,2.55
11:35:11,2.55
11:35:12,2.55
11:35:13,2.55
11:35:14,2.55
11:35:15,2.55
11:35:16,2.55
11:35:17,2.55
11:35:18,2.55
11:35:19,2.55
11:35:20,2.55
11:35:21,2.55
11:35:22,2.55
11:35:23,2.55
11:35:24,2.55
11:35:25,2.55
11:35:26,2.55
11:35:27,2.55
11:35:28,2.55
11:35:29,2.55
11:35:30,2.55
11:35:31,2.55
11:35:32,2.55
11:35:33,2.55
11:35:34,2.55
11:35:35,2.55
11:35:36,2.55
11:35:37,2.55
11:35:38,2.55
11:35:39,2.55
11:35:40,2.55
11:35:41,2.55
11:35:42,2.55
11:35:43,2.55
11:35:44,2.55
11:35:45,2.55
11:35:46,2.55
11:35:47,2.55
11:35:48,2.55
11:35:49,2.55
11:35:50,2.55
11:35:51,2.55
11:35:52,2.55
11:35:53,2.55
11:35:54,2.55
11:35:55,2.55
11:35:56,2.55
11:35:57,2.55
11:35:58,2.55
11:35:59,2.55
11:36:00,2.55
11:36:01,2.55
11:36:02,2.55
11:36:03,2.55
11:36:04,2.55
11:36:05,2.55
11:36:06,2.55
11:36:07,2.55
11:36:08,2.55
11:36:09,2.55
11:36:10,2.55
11:36:11,2.55
11:36:12,2.55
11:36:13,2.55
11:36:14,2.55
11:36:15,2.55
11:36:16,2.55
11:36:17,2.55
11:36:18,2.55
11:36:19,2.55
11:36:20,2.55
11:36:21,2.55
11:36:22,2.55
11:36:23,2.55
11:36:24,2.55
11:36:25,2.55
11:36:26,2.55
11:36:27,2.55
11:36:28,2.55
11:36:29,2.55
11:36:30,2.55
11:36:31,2.55
11:36:32,2.55
11:36:33,2.55
11:36:34,2.55
11:36:35,2.55
11:36:36,2.55
11:36:37,2.55
11:36:38,2.55
11:36:39,2.55
11:36:40,2.55
11:36:41,2.55
11:36:42,2.55
11:36:43,2.55
11:36:44,2.55
11:36:45,2.55
11:36:46,2.55
11:36:47,2.55
11:36:48,2.55
11:36:49,2.55
11:36:50,2.55
11:36:51,2.55
11:36:52,2.55
11:36:53,2.55
11:36:54,2.55
11:36:55,2.55
11:36:56,2.55
11:36:57,2.55
11:36:58,2.55
11:36:59,2.55
11:37:00,2.55
11:37:01,2.55
11:37:02,2.55
11:37:03,2.55
11:37:04,2.55
11:37:05,2.55
11:37:06,2.55
11:37:07,2.55
11:37:08,2.55
11:37:09,2.55
11:37:10,2.55
11:37:11,2.55
11:37:12,2.55
11:37:13,2.55
11:37:14,2.55
11:37:15,2.55
11:37:16,2.55
11:37:17,2.55
11:37:18,2.55
11:37:19,2.55
11:37:20,2.55
11:37:21,2.55
11:37:22,2.55
11:37:23,2.55
11:37:24,2.55
11:37:25,2.55
11:37:26,2.55
11:37:27,2.55
11:37:28,2.55
11:37:29,2.55
11:37:30,2.55
11:37:31,2.55
11:37:32,2.55
11:37:33,2.55
11:37:34,2.55
11:37:35,2.55
11:37:36,2.55
11:37:37,2.55
11:37:38,2.55
11:37:39,2.55
11:37:40,2.55
11:37:41,2.55
11:37:42,2.55
11:37:43,2.55
11:37:44,2.55
11:37:45,2.55
11:37:46,2.55
11:37:47,2.55
11:37:48,2.55
11:37:49,2.55
11:37:50,2.55
11:37:51,2.55
11:37:52,2.55
11:37:53,2.55
11:37:54,2.55
11:37:55,2.55
11:37:56,2.55
11:37:57,2.55
11:37:58,2.55
11:37:59,2.55
11:38:00,2.55
11:38:01,2.55
11:38:02,2.55
11:38:03,2.55
11:38:04,2.55
11:38:05,2.55
11:38:06,2.55
11:38:07,2.55
11:38:08,2.55
11:38:09,2.55
11:38:10,2.55
11:38:11,2.55
11:38:12,2.55
11:38:13,2.55
11:38:14,2.55
11:38:15,2.55
11:38:16,2.55
11:38:17,2.55
11:38:18,2.55
11:38:19,2.55
11:38:20,2.55
11:38:21,2.55
11:38:22,2.55
11:38:23,2.55
11:38:24,2.55
11:38:25,2.55
11:38:26,2.55
11:38:27,2.55
11:38:28,2.55
11:38:29,2.55
11:38:30,2.55
11:38:31,2.55
11:38:32,2.55
11:38:33,2.55
11:38:34,2.55
11:38:35,2.55
11:38:36,2.55
11:38:37,2.55
11:38:38,2.55
11:38:39,2.55
11:38:40,2.55
11:38:41,2.55
11:38:42,2.55
11:38:43,2.55
11:38:44,2.55
11:38:45,2.55
11:38:46,2.55
11:38:47,2.55
11:38:48,2.55
11:38:49,2.55
11:38:50,2.55
11:38:51,2.55
11:38:52,2.55
11:38:53,2.55
11:38:54,2.55
11:38:55,2.55
11:38:56,2.55
11:38:57,2.55
11:38:58,2.55
11:38:59,2.55
11:39:00,2.55
11:39:01,2.55
11:39:02,2.55
11:39:03,2.55
11:39:04,2.55
11:39:05,2.55
11:39:06,2.55
11:39:07,2.55
11:39:08,2.55
11:39:09,2.55
11:39:10,2.55
11:39:11,2.55
11:39:12,2.55
11:39:13,2.55
11:39:14,2.55
11:39:15,2.55
11:39:16,2.55
11:39:17,2.55
11:39:18,2.55
11:39:19,2.55
11:39:20,2.55
11:39:21,2.55
11:39:22,2.55
11:39:23,2.55
11:39:24,2.55
11:39:25,2.55
11:39:26,2.55
11:39:27,2.55
11:39:28,2.55
11:39:29,2.55
11:39:30,2.55
11:39:31,2.55
11:39:32,2.55
11:39:33,2.55
11:39:34,2.55
11:39:35,2.55
11:39:36,2.55
11:39:37,2.55
11:39:38,2.55
11:39:39,2.55
11:39:40,2.55
11:39:41,2.55
11:39:42,2.55
11:39:43,2.55
11:39:44,2.55
11:39:45,2.55
11:39:46,2.55
11:39:47,2.55
11:39:48,2.55
11:39:49,2.55
11:39:50,2.55
11:39:51,2.55
11:39:52,2.55
11:39:53,2.55
11:39:54,2.55
11:39:55,2.55
11:39:56,2.55
11:39:57,2.55
11:39:58,2.55
11:39:59,2.55
11:40:00,2.55
11:40:01,2.55
11:40:02,2.55
11:40:03,2.55
11:40:04,2.55
11:40:05,2.55
11:40:06,2.55
11:40:07,2.55
11:40:08,2.55
11:40:09,2.55
11:40:10,2.55
11:40:11,2.55
11:40:12,2.55
11:40:13,2.55
11:40:14,2.55
11:40:15,2.55
11:40:16,2.55
11:40:17,2.55
11:40:18,2.55
11:40:19,2.55
11:40:20,2.55
11:40:21,2.55
11:40:22,2.55
11:40:23,2.55
11:40:24,2.55
11:40:25,2.55
11:40:26,2.55
11:40:27,2.55
11:40:28,2.55
11:40:29,2.55
11:40:30,2.55
11:40:31,2.55
11:40:32,2.55
11:40:33,2.55
11:40:34,2.55
11:40:35,2.55
11:40:36,2.55
11:40:37,2.55
11:40:38,2.55
11:40:39,2.55
11:40:40,2.55
11:40:41,2.55
11:40:42,2.55
11:40:43,2.55
11:40:44,2.55
11:40:45,2.55
11:40:46,2.55
11:40:47,2.55
11:40:48,2.55
11:40:49,2.55
11:40:50,2.55
11:40:51,2.55
11:40:52,2.55
11:40:53,2.55
11:40:54,2.55
11:40:55,2.55
11:40:56,2.55
11:40:57,2.55
11:40:58,2.55
11:40:59,2.55
11:41:00,2.55
11:41:01,2.55
11:41:02,2.55
11:41:03,2.55
11:41:04,2.55
11:41:05,2.55
11:41:06,2.55
11:41:07,2.55
11:41:08,2.55
11:41:09,2.55
11:41:10,2.55
11:41:11,2.55
11:41:12,2.55
11:41:13,2.55
11:41:14,2.55
11:41:15,2.55
11:41:16,2.55
11:41:17,2.55
11:41:18,2.55
11:41:19,2.55
11:41:20,2.55
11:41:21,2.55
11:41:22,2.55
11:41:23,2.55
11:41:24,2.55
11:41:25,2.55
11:41:26,2.55
11:41:27,2.55
11:41:28,2.55
11:41:29,2.55
11:41:30,2.55
11:41:31,2.55
11:41:32,2.55
11:41:33,2.55
11:41:34,2.55
11:41:35,2.55
11:41:36,2.55
11:41:37,2.55
11:41:38,2.55
11:41:39,2.55
11:41:40,2.55
11:41:41,2.55
11:41:42,2.55
11:41:43,2.55
11:41:44,2.55
11:41:45,2.55
11:41:46,2.55
11:41:47,2.55
11:41:48,2.55
11:41:49,2.55
11:41:50,2.55
11:41:51,2.55
11:41:52,2.55
11:41:53,2.55
11:41:54,2.55
11:41:55,2.55
11:41:56,2.55
11:41:57,2.55
11:41:58,2.55
11:41:59,2.55
11:42:00,2.55
11:42:01,2.55
11:42:02,2.55
11:42:03,2.55
11:42:04,2.55
11:42:05,2.55
11:42:06,2.55
11:42:07,2.55
11:42:08,2.55
11:42:09,2.55
11:42:10,2.55
11:42:11,2.55
11:42:12,2.55
11:42:13,2.55
11:42:14,2.55
11:42:15,2.55
11:42:16,2.55
11:42:17,2.55
11:42:18,2.55
11:42:19,2.55
11:42:20,2.55
11:42:21,2.55
11:42:22,2.55
11:42:23,2.55
11:42:24,2.55
11:42:25,2.55
11:42:26,2.55
11:42:27,2.55
11:42:28,2.55
11:42:29,2.55
11:42:30,2.55
11:42:31,2.55
11:42:32,2.55
11:42:33,2.55
11:42:34,2.55
11:42:35,2.55
11:42:36,2.55
11:42:37,2.55
11:42:38,2.55
11:42:39,2.55
11:42:40,2.55
11:42:41,2.55
11:42:42,2.55
11:42:43,2.55
11:42:44,2.55
11:42:45,2.55
11:42:46,2.55
11:42:47,6.035625
11:42:48,9.52125
11:42:49,13.006875
11:42:50,16.4925
11:42:51,19.978125
11:42:52,23.46375
11:42:53,26.949375
11:42:54,30.435
11:42:55,33.920625
11:42:56,37.40625
11:42:57,40.891875
11:42:58,44.3775
11:42:59,47.863125
11:43:00,51.34875
11:43:01,54.834375
11:43:02,58.32
11:43:03,58.1966666667
11:43:04,58.0733333333
11:43:05,57.95
11:43:06,57.8266666667
11:43:07,57.7033333333
11:43:08,57.58
11:43:09,57.4566666667
11:43:10,57.3333333333
11:43:11,57.21
11:43:12,57.0866666667
11:43:13,56.9633333333
11:43:14,56.84
11:43:15,56.7166666667
11:43:16,56.5933333333
11:43:17,56.47
11:43:18,56.718125
11:43:19,56.96625
11:43:20,57.214375
11:43:21,57.4625
11:43:22,57.710625
11:43:23,57.95875
11:43:24,58.206875
11:43:25,58.455
11:43:26,58.703125
11:43:27,58.95125
11:43:28,59.199375
11:43:29,59.4475
11:43:30,59.695625
11:43:31,59.94375
11:43:32,60.191875
11:43:33,60.44
11:43:34,60.262
11:43:35,60.084
11:43:36,59.906
11:43:37,59.728
11:43:38,59.55
11:43:39,59.372
11:43:40,59.194
11:43:41,59.016
11:43:42,58.838
11:43:43,58.66
11:43:44,58.482
11:43:45,58.304
11:43:46,58.126
11:43:47,57.948
11:43:48,57.77
11:43:49,54.3025
11:43:50,50.835
11:43:51,47.3675
11:43:52,43.9
11:43:53,40.4325
11:43:54,36.965
11:43:55,33.4975
11:43:56,30.03
11:43:57,26.5625
11:43:58,23.095
11:43:59,19.6275
11:44:00,16.16
11:44:01,12.6925
11:44:02,9.225
11:44:03,5.7575
11:44:04,2.29
11:44:05,2.29
11:44:06,2.29
11:44:07,2.29
11:44:08,2.29
11:44:09,2.29
11:44:10,2.29
11:44:11,2.29
11:44:12,2.29
11:44:13,2.29
11:44:14,2.29
11:44:15,2.29
11:44:16,2.29
11:44:17,2.29
11:44:18,2.29
11:44:19,2.29
11:44:20,2.29
11:44:21,2.29
11:44:22,2.29
11:44:23,2.29
11:44:24,2.29
11:44:25,2.29
11:44:26,2.29
11:44:27,2.29
11:44:28,2.29
11:44:29,2.29
11:44:30,2.29
11:44:31,2.29
11:44:32,2.29
11:44:33,2.29
11:44:34,2.29
11:44:35,2.29
11:44:36,2.29
11:44:37,2.29
11:44:38,2.29
11:44:39,2.29
11:44:40,2.29
11:44:41,2.29
11:44:42,2.29
11:44:43,2.29
11:44:44,2.29
11:44:45,2.29
11:44:46,2.29
11:44:47,2.29
11:44:48,2.29
11:44:49,2.29
11:44:50,2.29
11:44:51,2.29
11:44:52,2.29
11:44:53,2.29
11:44:54,2.29
11:44:55,2.29
11:44:56,2.29
11:44:57,2.29
11:44:58,2.29
11:44:59,2.29
11:45:00,2.29
11:45:01,2.29
11:45:02,2.29
11:45:03,2.29
11:45:04,2.29
11:45:05,2.29
11:45:06,2.29
11:45:07,2.29
11:45:08,2.29
11:45:09,2.29
11:45:10,2.29
11:45:11,2.29
11:45:12,2.29
11:45:13,2.29
11:45:14,2.29
11:45:15,2.29
11:45:16,2.29
11:45:17,2.29
11:45:18,2.29
11:45:19,2.29
11:45:20,2.29
11:45:21,2.29
11:45:22,2.29
11:45:23,2.29
11:45:24,2.29
11:45:25,2.29
11:45:26,2.29
11:45:27,2.29
11:45:28,2.29
11:45:29,2.29
11:45:30,2.29
11:45:31,2.29
11:45:32,2.29
11:45:33,2.29
11:45:34,2.29
11:45:35,2.29
11:45:36,2.29
11:45:37,2.29
11:45:38,2.29
11:45:39,2.29
11:45:40,2.29
11:45:41,2.29
11:45:42,2.29
11:45:43,2.29
11:45:44,2.29
11:45:45,2.29
11:45:46,2.29
11:45:47,2.29
11:45:48,2.29
11:45:49,2.29
11:45:50,2.29
11:45:51,2.29
11:45:52,2.29
11:45:53,2.29
11:45:54,2.29
11:45:55,2.29
11:45:56,2.29
11:45:57,2.29
11:45:58,2.29
11:45:59,2.29
11:46:00,2.29
11:46:01,2.29
11:46:02,2.29
11:46:03,2.29
11:46:04,2.29
11:46:05,2.29
11:46:06,2.29
11:46:07,2.29
11:46:08,2.29
11:46:09,2.29
11:46:10,2.29
11:46:11,2.29
11:46:12,2.29
11:46:13,2.29
11:46:14,2.29
11:46:15,2.29
11:46:16,2.29
11:46:17,2.29
11:46:18,2.29
11:46:19,2.29
11:46:20,2.29
11:46:21,2.29
11:46:22,2.29
11:46:23,2.29
11:46:24,2.29
11:46:25,2.29
11:46:26,2.29
11:46:27,2.29
11:46:28,2.29
11:46:29,2.29
11:46:30,2.29
11:46:31,2.29
11:46:32,2.29
11:46:33,2.29
11:46:34,2.29
11:46:35,2.29
11:46:36,2.29
11:46:37,2.29
11:46:38,2.29
11:46:39,2.29
11:46:40,2.29
11:46:41,2.29
11:46:42,2.29
11:46:43,2.29
11:46:44,2.29
11:46:45,2.29
11:46:46,2.29
11:46:47,2.29
11:46:48,2.29
11:46:49,2.29
11:46:50,2.29
11:46:51,2.29
11:46:52,2.29
11:46:53,2.29
11:46:54,2.29
11:46:55,2.29
11:46:56,2.29
11:46:57,2.29
11:46:58,2.29
11:46:59,2.29
11:47:00,2.29
11:47:01,2.29
11:47:02,2.29
11:47:03,2.29
11:47:04,2.29
11:47:05,2.29
11:47:06,2.29
11:47:07,2.29
11:47:08,2.29
11:47:09,2.29
11:47:10,2.29
11:47:11,2.29
11:47:12,2.29
11:47:13,2.29
11:47:14,2.29
11:47:15,2.29
11:47:16,2.29
11:47:17,2.29
11:47:18,2.29
11:47:19,2.29
11:47:20,2.29
11:47:21,2.29
11:47:22,2.29
11:47:23,2.29
11:47:24,2.29
11:47:25,2.29
11:47:26,2.29
11:47:27,2.29
11:47:28,2.29
11:47:29,2.29
11:47:30,2.29
11:47:31,2.29
11:47:32,2.29
11:47:33,2.29
11:47:34,2.29
11:47:35,2.29
11:47:36,2.29
11:47:37,2.29
11:47:38,2.29
11:47:39,2.29
11:47:40,2.29
11:47:41,2.29
11:47:42,2.29
11:47:43,2.29
11:47:44,2.29
11:47:45,2.29
11:47:46,2.29
11:47:47,2.29
11:47:48,2.29
11:47:49,2.29
11:47:50,2.29
11:47:51,2.29
11:47:52,2.29
11:47:53,2.29
11:47:54,2.29
11:47:55,2.29
11:47:56,2.29
11:47:57,2.29
11:47:58,2.29
11:47:59,2.29
11:48:00,2.29
11:48:01,2.29
11:48:02,2.29
11:48:03,2.29
11:48:04,2.29
11:48:05,2.29
11:48:06,2.29
11:48:07,2.29
11:48:08,2.29
11:48:09,2.29
11:48:10,2.29
11:48:11,2.29
11:48:12,2.29
11:48:13,2.29
11:48:14,2.29
11:48:15,2.29
11:48:16,2.29
11:48:17,2.29
11:48:18,2.29
11:48:19,2.29
11:48:20,2.29
11:48:21,2.29
11:48:22,2.29
11:48:23,2.29
11:48:24,2.29
11:48:25,2.29
11:48:26,2.29
11:48:27,2.29
11:48:28,2.29
11:48:29,2.29
11:48:30,2.29
11:48:31,2.29
11:48:32,2.29
11:48:33,2.29
11:48:34,2.29
11:48:35,2.29
11:48:36,2.29
11:48:37,2.29
11:48:38,2.29
11:48:39,2.29
11:48:40,2.29
11:48:41,2.29
11:48:42,2.29
11:48:43,2.29
11:48:44,2.29
11:48:45,2.29
11:48:46,2.29
11:48:47,2.29
11:48:48,2.29
11:48:49,2.29
11:48:50,2.29
11:48:51,2.29
11:48:52,2.29
11:48:53,2.29
11:48:54,2.29
11:48:55,2.29
11:48:56,2.29
11:48:57,2.29
11:48:58,2.29
11:48:59,2.29
11:49:00,2.29
11:49:01,2.29
11:49:02,2.29
11:49:03,2.29
11:49:04,2.29
11:49:05,2.29
11:49:06,2.29
11:49:07,2.29
11:49:08,2.29
11:49:09,2.29
11:49:10,2.29
11:49:11,2.29
11:49:12,2.29
11:49:13,2.29
11:49:14,2.29
11:49:15,2.29
11:49:16,2.29
11:49:17,2.29
11:49:18,2.29
11:49:19,2.29
11:49:20,2.29
11:49:21,2.29
11:49:22,2.29
11:49:23,2.29
11:49:24,2.29
11:49:25,2.29
11:49:26,2.29
11:49:27,2.29
11:49:28,2.29
11:49:29,2.29
11:49:30,2.29
11:49:31,2.29
11:49:32,2.29
11:49:33,2.29
11:49:34,2.29
11:49:35,2.29
11:49:36,2.29
11:49:37,2.29
11:49:38,2.29
11:49:39,2.29
11:49:40,2.29
11:49:41,2.29
11:49:42,2.29
11:49:43,2.29
11:49:44,2.29
11:49:45,2.29
11:49:46,2.29
11:49:47,2.29
11:49:48,2.29
11:49:49,2.29
11:49:50,2.29
11:49:51,2.29
11:49:52,2.29
11:49:53,2.29
11:49:54,2.29
11:49:55,2.29
11:49:56,2.29
11:49:57,2.29
11:49:58,2.29
11:49:59,2.29
11:50:00,2.29
11:50:01,2.29
11:50:02,2.29
11:50:03,2.29
11:50:04,2.29
11:50:05,2.29
11:50:06,2.29
11:50:07,2.29
11:50:08,2.29
11:50:09,2.29
11:50:10,2.29
11:50:11,2.29
11:50:12,2.29
11:50:13,2.29
11:50:14,2.29
11:50:15,2.29
11:50:16,2.29
11:50:17,2.29
11:50:18,2.29
11:50:19,2.29
11:50:20,2.29
11:50:21,2.29
11:50:22,2.29
11:50:23,2.29
11:50:24,2.29
11:50:25,2.29
11:50:26,2.29
11:50:27,2.29
11:50:28,2.29
11:50:29,2.29
11:50:30,2.29
11:50:31,2.29
11:50:32,2.29
11:50:33,2.29
11:50:34,2.29
11:50:35,2.29
11:50:36,2.29
11:50:37,2.29
11:50:38,2.29
11:50:39,2.29
11:50:40,2.29
11:50:41,2.29
11:50:42,2.29
11:50:43,2.29
11:50:44,2.29
11:50:45,2.29
11:50:46,2.29
11:50:47,2.29
11:50:48,2.29
11:50:49,2.29
11:50:50,2.29
11:50:51,2.29
11:50:52,2.29
11:50:53,2.29
11:50:54,2.29
11:50:55,2.29
11:50:56,2.29
11:50:57,2.29
11:50:58,2.29
11:50:59,2.29
11:51:00,2.29
11:51:01,2.29
11:51:02,2.29
11:51:03,2.29
11:51:04,2.29
11:51:05,2.29
11:51:06,2.29
11:51:07,2.29
11:51:08,2.29
11:51:09,2.29
11:51:10,2.29
11:51:11,2.29
11:51:12,2.29
11:51:13,2.29
11:51:14,2.29
11:51:15,2.29
11:51:16,2.29
11:51:17,2.29
11:51:18,2.29
11:51:19,2.29
11:51:20,2.29
11:51:21,2.29
11:51:22,2.29
11:51:23,2.29
11:51:24,2.29
11:51:25,2.29
11:51:26,2.29
11:51:27,2.29
11:51:28,2.29
11:51:29,2.29
11:51:30,2.29
11:51:31,2.29
11:51:32,2.29
11:51:33,2.29
11:51:34,2.29
11:51:35,2.29
11:51:36,2.29
11:51:37,2.29
11:51:38,2.29
11:51:39,2.29
11:51:40,2.29
11:51:41,2.29
11:51:42,2.29
11:51:43,2.29
11:51:44,2.29
11:51:45,2.29
11:51:46,2.29
11:51:47,2.29
11:51:48,2.29
11:51:49,2.29
11:51:50,2.29
11:51:51,2.29
11:51:52,2.29
11:51:53,2.29
11:51:54,2.29
11:51:55,2.29
11:51:56,2.29
11:51:57,2.29
11:51:58,2.29
11:51:59,2.29
11:52:00,2.29
11:52:01,2.29
11:52:02,2.29
11:52:03,2.29
11:52:04,2.29
11:52:05,2.29
11:52:06,2.29
11:52:07,2.29
11:52:08,2.29
11:52:09,2.29
11:52:10,2.29
11:52:11,2.29
11:52:12,2.29
11:52:13,2.29
11:52:14,2.29
11:52:15,2.29
11:52:16,2.29
11:52:17,2.29
11:52:18,2.29
11:52:19,2.29
11:52:20,2.29
11:52:21,2.29
11:52:22,2.29
11:52:23,2.29
11:52:24,2.29
11:52:25,2.29
11:52:26,2.29
11:52:27,2.29
11:52:28,2.29
11:52:29,2.29
11:52:30,2.29
11:52:31,2.29
11:52:32,2.29
11:52:33,2.29
11:52:34,2.29
11:52:35,2.29
11:52:36,2.29
11:52:37,2.29
11:52:38,2.29
11:52:39,2.29
11:52:40,2.29
11:52:41,2.29
11:52:42,2.29
11:52:43,2.29
11:52:44,2.29
11:52:45,2.29
11:52:46,2.29
11:52:47,2.29
11:52:48,2.29
11:52:49,2.29
11:52:50,2.29
11:52:51,2.29
11:52:52,2.29
11:52:53,2.29
11:52:54,2.29
11:52:55,2.29
11:52:56,2.29
11:52:57,2.29
11:52:58,2.29
11:52:59,2.29
11:53:00,2.29
11:53:01,2.29
11:53:02,2.29
11:53:03,2.29
11:53:04,2.29
11:53:05,2.29
11:53:06,2.29
11:53:07,2.29
11:53:08,2.29
11:53:09,2.29
11:53:10,2.29
11:53:11,2.29
11:53:12,2.29
11:53:13,2.29
11:53:14,2.29
11:53:15,2.29
11:53:16,2.29
11:53:17,2.29
11:53:18,2.29
11:53:19,2.29
11:53:20,2.29
11:53:21,2.29
11:53:22,2.29
11:53:23,2.29
11:53:24,2.29
11:53:25,2.29
11:53:26,2.29
11:53:27,2.29
11:53:28,2.29
11:53:29,2.29
11:53:30,2.29
11:53:31,2.29
11:53:32,2.29
11:53:33,2.29
11:53:34,2.29
11:53:35,2.29
11:53:36,2.29
11:53:37,2.29
11:53:38,2.29
11:53:39,2.29
11:53:40,2.29
11:53:41,2.29
11:53:42,2.29
11:53:43,2.29
11:53:44,2.29
11:53:45,2.29
11:53:46,2.29
11:53:47,2.29
11:53:48,2.29
11:53:49,2.29
11:53:50,2.29
11:53:51,2.29
11:53:52,2.29
11:53:53,2.29
11:53:54,2.29
11:53:55,2.29
11:53:56,2.29
11:53:57,2.29
11:53:58,2.29
11:53:59,2.29
11:54:00,2.29
11:54:01,2.29
11:54:02,2.29
11:54:03,2.29
11:54:04,2.29
11:54:05,2.29
11:54:06,2.29
11:54:07,2.29
11:54:08,2.29
11:54:09,2.29
11:54:10,2.29
11:54:11,2.29
11:54:12,2.29
11:54:13,2.29
11:54:14,2.29
11:54:15,2.29
11:54:16,2.29
11:54:17,2.29
11:54:18,2.29
11:54:19,2.29
11:54:20,2.29
11:54:21,2.29
11:54:22,2.29
11:54:23,2.29
11:54:24,2.29
11:54:25,2.29
11:54:26,2.29
11:54:27,2.29
11:54:28,2.29
11:54:29,2.29
11:54:30,2.29
11:54:31,2.29
11:54:32,2.29
11:54:33,2.29
11:54:34,2.29
11:54:35,2.29
11:54:36,2.29
11:54:37,2.29
11:54:38,2.29
11:54:39,2.29
11:54:40,2.29
11:54:41,2.29
11:54:42,2.29
11:54:43,2.29
11:54:44,2.29
11:54:45,2.29
11:54:46,2.29
11:54:47,2.29
11:54:48,2.29
11:54:49,2.29
11:54:50,2.29
11:54:51,2.29
11:54:52,2.29
11:54:53,2.29
11:54:54,2.29
11:54:55,2.29
11:54:56,2.29
11:54:57,2.29
11:54:58,2.29
11:54:59,2.29
11:55:00,2.29
11:55:01,2.29
11:55:02,2.29
11:55:03,2.29
11:55:04,2.29
11:55:05,2.29
11:55:06,2.29
11:55:07,2.29
11:55:08,2.29
11:55:09,2.29
11:55:10,2.29
11:55:11,2.29
11:55:12,2.29
11:55:13,2.29
11:55:14,2.29
11:55:15,2.29
11:55:16,2.29
11:55:17,2.29
11:55:18,2.29
11:55:19,2.29
11:55:20,2.29
11:55:21,2.29
11:55:22,2.29
11:55:23,2.29
11:55:24,2.29
11:55:25,2.29
11:55:26,2.29
11:55:27,2.29
11:55:28,2.29
11:55:29,2.29
11:55:30,2.29
11:55:31,2.29
11:55:32,2.29
11:55:33,2.29
11:55:34,2.29
11:55:35,2.29
11:55:36,2.29
11:55:37,2.29
11:55:38,2.29
11:55:39,2.29
11:55:40,2.29
11:55:41,2.29
11:55:42,2.29
11:55:43,2.29
11:55:44,2.29
11:55:45,2.29
11:55:46,2.29
11:55:47,2.29
11:55:48,2.29
11:55:49,2.29
11:55:50,2.29
11:55:51,2.29
11:55:52,2.29
11:55:53,2.29
11:55:54,2.29
11:55:55,2.29
11:55:56,2.29
11:55:57,2.29
11:55:58,2.29
11:55:59,2.29
11:56:00,2.29
11:56:01,2.29
11:56:02,2.29
11:56:03,2.29
11:56:04,2.29
11:56:05,2.29
11:56:06,2.29
11:56:07,2.29
11:56:08,2.29
11:56:09,2.29
11:56:10,2.29
11:56:11,2.29
11:56:12,2.29
11:56:13,2.29
11:56:14,2.29
11:56:15,2.29
11:56:16,2.29
11:56:17,2.29
11:56:18,2.29
11:56:19,2.29
11:56:20,2.29
11:56:21,2.29
11:56:22,2.29
11:56:23,2.29
11:56:24,2.29
11:56:25,2.29
11:56:26,2.29
11:56:27,2.29
11:56:28,2.29
11:56:29,2.29
11:56:30,2.29
11:56:31,2.29
11:56:32,2.29
11:56:33,2.29
11:56:34,2.29
11:56:35,2.29
11:56:36,2.29
11:56:37,2.29
11:56:38,2.29
11:56:39,2.29
11:56:40,2.29
11:56:41,2.29
11:56:42,2.29
11:56:43,2.29
11:56:44,2.29
11:56:45,2.29
11:56:46,2.29
11:56:47,2.29
11:56:48,2.29
11:56:49,2.29
11:56:50,2.29
11:56:51,2.29
11:56:52,2.29
11:56:53,2.29
11:56:54,2.29
11:56:55,2.29
11:56:56,2.29
11:56:57,2.29
11:56:58,2.29
11:56:59,2.29
11:57:00,2.29
11:57:01,2.29
11:57:02,2.29
11:57:03,2.29
11:57:04,2.29
11:57:05,2.29
11:57:06,2.29
11:57:07,2.29
11:57:08,2.29
11:57:09,2.29
11:57:10,2.29
11:57:11,2.29
11:57:12,2.29
11:57:13,2.29
11:57:14,2.29
11:57:15,2.29
11:57:16,2.29
11:57:17,2.29
11:57:18,2.29
11:57:19,2.29
11:57:20,2.29
11:57:21,2.29
11:57:22,2.29
11:57:23,2.29
11:57:24,2.29
11:57:25,2.29
11:57:26,2.29
11:57:27,2.29
11:57:28,2.29
11:57:29,2.29
11:57:30,2.29
11:57:31,2.29
11:57:32,2.29
11:57:33,2.29
11:57:34,2.29
11:57:35,2.29
11:57:36,2.29
11:57:37,2.29
11:57:38,2.29
11:57:39,2.29
11:57:40,2.29
11:57:41,2.29
11:57:42,2.29
11:57:43,2.29
11:57:44,2.29
11:57:45,2.29
11:57:46,2.29
11:57:47,2.29
11:57:48,2.29
11:57:49,2.29
11:57:50,2.29
11:57:51,2.29
11:57:52,2.29
11:57:53,2.29
11:57:54,2.29
11:57:55,2.29
11:57:56,2.29
11:57:57,2.29
11:57:58,2.29
11:57:59,2.29
11:58:00,2.29
11:58:01,2.29
11:58:02,2.29
11:58:03,2.29
11:58:04,2.29
11:58:05,2.29
11:58:06,2.29
11:58:07,2.29
11:58:08,2.29
11:58:09,2.29
11:58:10,2.29
11:58:11,2.29
11:58:12,2.29
11:58:13,2.29
11:58:14,2.29
11:58:15,2.29
11:58:16,2.29
11:58:17,2.29
11:58:18,2.29
11:58:19,2.29
11:58:20,2.29
11:58:21,2.29
11:58:22,2.29
11:58:23,2.29
11:58:24,2.29
11:58:25,2.29
11:58:26,2.29
11:58:27,2.29
11:58:28,2.29
11:58:29,2.29
11:58:30,2.29
11:58:31,2.29
11:58:32,2.29
11:58:33,2.29
11:58:34,2.29
11:58:35,2.29
11:58:36,2.29
11:58:37,2.29
11:58:38,2.29
11:58:39,2.29
11:58:40,2.29
11:58:41,2.29
11:58:42,2.29
11:58:43,2.29
11:58:44,2.29
11:58:45,2.29
11:58:46,2.29
11:58:47,2.29
11:58:48,2.29
11:58:49,2.29
11:58:50,2.29
11:58:51,2.29
11:58:52,2.29
11:58:53,2.29
11:58:54,2.29
11:58:55,2.29
11:58:56,2.29
11:58:57,2.29
11:58:58,2.29
11:58:59,2.29
11:59:00,2.29
11:59:01,2.29
11:59:02,2.29
11:59:03,2.29
11:59:04,2.29
11:59:05,2.29
11:59:06,2.29
11:59:07,2.29
11:59:08,2.29
11:59:09,2.29
11:59:10,2.29
11:59:11,2.29
11:59:12,2.29
11:59:13,2.29
11:59:14,2.29
11:59:15,2.29
11:59:16,2.29
11:59:17,2.29
11:59:18,2.29
11:59:19,2.29
11:59:20,2.29
11:59:21,2.29
11:59:22,2.29
11:59:23,2.29
11:59:24,2.29
11:59:25,2.29
11:59:26,2.29
11:59:27,2.29
11:59:28,2.29
11:59:29,2.29
11:59:30,2.29
11:59:31,2.29
11:59:32,2.29
11:59:33,2.29
11:59:34,2.29
11:59:35,2.29
11:59:36,2.29
11:59:37,2.29
11:59:38,2.29
11:59:39,2.29
11:59:40,2.29
11:59:41,2.29
11:59:42,2.29
11:59:43,2.29
11:59:44,2.29
11:59:45,2.29
11:59:46,2.29
11:59:47,2.29
11:59:48,2.29
11:59:49,2.29
11:59:50,2.29
11:59:51,2.29
11:59:52,2.29
11:59:53,2.29
11:59:54,2.29
11:59:55,2.29
11:59:56,2.29
11:59:57,2.29
11:59:58,2.29
11:59:59,2.29
12:00:00,2.29
12:00:01,2.29
12:00:02,2.29
12:00:03,2.29
12:00:04,2.29
12:00:05,2.29
12:00:06,2.29
12:00:07,2.29
12:00:08,2.29
12:00:09,2.29
12:00:10,2.29
12:00:11,2.29
12:00:12,2.29
12:00:13,2.29
12:00:14,2.29
12:00:15,2.29
12:00:16,2.29
12:00:17,2.29
12:00:18,2.29
12:00:19,2.29
12:00:20,2.29
12:00:21,2.29
12:00:22,2.29
12:00:23,2.29
12:00:24,2.29
12:00:25,2.29
12:00:26,2.29
12:00:27,2.29
12:00:28,2.29
12:00:29,2.29
12:00:30,2.29
12:00:31,2.29
12:00:32,2.29
12:00:33,2.29
12:00:34,2.29
12:00:35,2.29
12:00:36,2.29
12:00:37,2.29
12:00:38,2.29
12:00:39,2.29
12:00:40,2.29
12:00:41,2.29
12:00:42,2.29
12:00:43,2.29
12:00:44,2.29
12:00:45,2.29
12:00:46,2.29
12:00:47,2.29
12:00:48,2.29
12:00:49,2.29
12:00:50,2.29
12:00:51,2.29
12:00:52,2.29
12:00:53,2.29
12:00:54,2.29
12:00:55,2.29
12:00:56,2.29
12:00:57,2.29
12:00:58,2.29
12:00:59,2.29
12:01:00,2.29
12:01:01,2.29
12:01:02,2.29
12:01:03,2.29
12:01:04,2.29
12:01:05,2.29
12:01:06,2.29
12:01:07,2.29
12:01:08,2.29
12:01:09,2.29
12:01:10,2.29
12:01:11,2.29
12:01:12,2.29
12:01:13,2.29
12:01:14,2.29
12:01:15,2.29
12:01:16,2.29
12:01:17,2.29
12:01:18,2.29
12:01:19,2.29
12:01:20,2.29
12:01:21,2.29
12:01:22,2.29
12:01:23,2.29
12:01:24,2.29
12:01:25,2.29
12:01:26,2.29
12:01:27,2.29
12:01:28,2.29
12:01:29,2.29
12:01:30,2.29
12:01:31,2.29
12:01:32,2.29
12:01:33,2.29
12:01:34,2.29
12:01:35,2.29
12:01:36,2.29
12:01:37,2.29
12:01:38,2.29
12:01:39,2.29
12:01:40,2.29
12:01:41,2.29
12:01:42,2.29
12:01:43,2.29
12:01:44,2.29
12:01:45,2.29
12:01:46,2.29
12:01:47,2.29
12:01:48,2.29
12:01:49,2.29
12:01:50,2.29
12:01:51,2.29
12:01:52,2.29
12:01:53,2.29
12:01:54,2.29
12:01:55,2.29
12:01:56,2.29
12:01:57,2.29
12:01:58,2.29
12:01:59,2.29
12:02:00,2.29
12:02:01,2.29
12:02:02,2.29
12:02:03,2.29
12:02:04,2.29
12:02:05,2.29
12:02:06,2.29
12:02:07,2.29
12:02:08,2.29
12:02:09,2.29
12:02:10,2.29
12:02:11,2.29
12:02:12,2.29
12:02:13,2.29
12:02:14,2.29
12:02:15,2.29
12:02:16,2.29
12:02:17,2.29
12:02:18,2.29
12:02:19,2.29
12:02:20,2.29
12:02:21,2.29
12:02:22,2.29
12:02:23,2.29
12:02:24,2.29
12:02:25,2.29
12:02:26,2.29
12:02:27,2.29
12:02:28,2.29
12:02:29,2.29
12:02:30,2.29
12:02:31,2.29
12:02:32,2.29
12:02:33,2.29
12:02:34,2.29
12:02:35,2.29
12:02:36,2.29
12:02:37,2.29
12:02:38,2.29
12:02:39,2.29
12:02:40,2.29
12:02:41,2.29
12:02:42,2.29
12:02:43,2.29
12:02:44,2.29
12:02:45,2.29
12:02:46,2.29
12:02:47,2.29
12:02:48,2.29
12:02:49,2.29
12:02:50,2.29
12:02:51,2.29
12:02:52,2.29
12:02:53,2.29
12:02:54,2.29
12:02:55,2.29
12:02:56,2.29
12:02:57,2.29
12:02:58,2.29
12:02:59,2.29
12:03:00,2.29
12:03:01,2.29
12:03:02,2.29
12:03:03,2.29
12:03:04,2.29
12:03:05,2.29
12:03:06,2.29
12:03:07,2.29
12:03:08,2.29
12:03:09,2.29
12:03:10,2.29
12:03:11,2.29
12:03:12,2.29
12:03:13,2.29
12:03:14,2.29
12:03:15,2.29
12:03:16,2.29
12:03:17,2.29
12:03:18,2.29
12:03:19,2.29
12:03:20,2.29
12:03:21,2.29
12:03:22,2.29
12:03:23,2.29
12:03:24,2.29
12:03:25,2.29
12:03:26,2.29
12:03:27,2.29
12:03:28,2.29
12:03:29,2.29
12:03:30,2.29
12:03:31,2.29
12:03:32,2.29
12:03:33,2.29
12:03:34,2.29
12:03:35,2.29
12:03:36,2.29
12:03:37,2.29
12:03:38,2.29
12:03:39,2.29
12:03:40,2.29
12:03:41,2.29
12:03:42,2.29
12:03:43,2.29
12:03:44,2.29
12:03:45,2.29
12:03:46,2.29
12:03:47,2.29
12:03:48,2.29
12:03:49,2.29
12:03:50,2.29
12:03:51,2.29
12:03:52,2.29
12:03:53,2.29
12:03:54,2.29
12:03:55,2.29
12:03:56,2.29
12:03:57,2.29
12:03:58,2.29
12:03:59,2.29
12:04:00,2.29
12:04:01,2.29
12:04:02,2.29
12:04:03,2.29
12:04:04,2.29
12:04:05,2.29
12:04:06,2.29
12:04:07,2.29
12:04:08,2.29
12:04:09,2.29
12:04:10,2.29
12:04:11,2.29
12:04:12,2.29
12:04:13,2.29
12:04:14,2.29
12:04:15,2.29
12:04:16,2.29
12:04:17,2.29
12:04:18,2.29
12:04:19,2.29
12:04:20,2.29
12:04:21,2.29
12:04:22,2.29
12:04:23,2.29
12:04:24,2.29
12:04:25,2.29
12:04:26,2.29
12:04:27,2.29
12:04:28,2.29
12:04:29,2.29
12:04:30,2.29
12:04:31,2.29
12:04:32,2.29
12:04:33,2.29
12:04:34,2.29
12:04:35,2.29
12:04:36,2.29
12:04:37,2.29
12:04:38,2.29
12:04:39,2.29
12:04:40,2.29
12:04:41,2.29
12:04:42,2.29
12:04:43,2.29
12:04:44,2.29
12:04:45,2.29
12:04:46,2.29
12:04:47,2.29
12:04:48,2.29
12:04:49,2.29
12:04:50,2.29
12:04:51,2.29
12:04:52,2.29
12:04:53,2.29
12:04:54,2.29
12:04:55,2.29
12:04:56,2.29
12:04:57,2.29
12:04:58,2.29
12:04:59,2.29
12:05:00,2.29
12:05:01,2.29
12:05:02,2.29
12:05:03,2.29
12:05:04,2.29
12:05:05,2.29
12:05:06,2.29
12:05:07,2.29
12:05:08,2.29
12:05:09,2.29
12:05:10,2.29
12:05:11,2.29
12:05:12,2.29
12:05:13,2.29
12:05:14,2.29
12:05:15,2.29
12:05:16,2.29
12:05:17,2.29
12:05:18,2.29
12:05:19,2.29
12:05:20,2.29
12:05:21,2.29
12:05:22,2.29
12:05:23,2.29
12:05:24,2.29
12:05:25,2.29
12:05:26,2.29
12:05:27,2.29
12:05:28,2.29
12:05:29,2.29
12:05:30,2.29
12:05:31,2.29
12:05:32,2.29
12:05:33,2.29
12:05:34,2.29
12:05:35,2.29
12:05:36,2.29
12:05:37,2.29
12:05:38,2.29
12:05:39,2.29
12:05:40,2.29
12:05:41,2.29
12:05:42,2.29
12:05:43,2.29
12:05:44,2.29
12:05:45,2.29
12:05:46,2.29
12:05:47,2.29
12:05:48,2.29
12:05:49,2.29
12:05:50,2.29
12:05:51,2.29
12:05:52,2.29
12:05:53,2.29
12:05:54,2.29
12:05:55,2.29
12:05:56,2.29
12:05:57,2.29
12:05:58,2.29
12:05:59,2.29
12:06:00,2.29
12:06:01,2.29
12:06:02,2.29
12:06:03,2.29
12:06:04,2.29
12:06:05,2.29
12:06:06,2.29
12:06:07,2.29
12:06:08,2.29
12:06:09,2.29
12:06:10,2.29
12:06:11,2.29
12:06:12,2.29
12:06:13,2.29
12:06:14,2.29
12:06:15,2.29
12:06:16,2.29
12:06:17,2.29
12:06:18,2.29
12:06:19,2.29
12:06:20,2.29
12:06:21,2.29
12:06:22,2.29
12:06:23,2.29
12:06:24,2.29
12:06:25,2.29
12:06:26,2.29
12:06:27,2.29
12:06:28,2.29
12:06:29,2.29
12:06:30,2.29
12:06:31,2.29
12:06:32,2.29
12:06:33,2.29
12:06:34,2.29
12:06:35,2.29
12:06:36,2.29
12:06:37,2.29
12:06:38,2.29
12:06:39,2.29
12:06:40,2.29
12:06:41,2.29
12:06:42,2.29
12:06:43,2.29
12:06:44,2.29
12:06:45,2.29
12:06:46,2.29
12:06:47,2.29
12:06:48,2.29
12:06:49,2.29
12:06:50,2.29
12:06:51,2.29
12:06:52,2.29
12:06:53,2.29
12:06:54,2.29
12:06:55,2.29
12:06:56,2.29
12:06:57,2.29
12:06:58,2.29
12:06:59,2.29
12:07:00,2.29
12:07:01,2.29
12:07:02,2.29
12:07:03,2.29
12:07:04,2.29
12:07:05,2.29
12:07:06,2.29
12:07:07,2.29
12:07:08,2.29
12:07:09,2.29
12:07:10,2.29
12:07:11,2.29
12:07:12,2.29
12:07:13,2.29
12:07:14,2.29
12:07:15,2.29
12:07:16,2.29
12:07:17,2.29
12:07:18,2.29
12:07:19,2.29
12:07:20,2.29
12:07:21,2.29
12:07:22,2.29
12:07:23,2.29
12:07:24,2.29
12:07:25,2.29
12:07:26,2.29
12:07:27,2.29
12:07:28,2.29
12:07:29,2.29
12:07:30,2.29
12:07:31,2.29
12:07:32,2.29
12:07:33,2.29
12:07:34,2.29
12:07:35,2.29
12:07:36,2.29
12:07:37,2.29
12:07:38,2.29
12:07:39,2.29
12:07:40,2.29
12:07:41,2.29
12:07:42,2.29
12:07:43,2.29
12:07:44,2.29
12:07:45,2.29
12:07:46,2.29
12:07:47,2.29
12:07:48,2.29
12:07:49,2.29
12:07:50,2.29
12:07:51,2.29
12:07:52,2.29
12:07:53,2.29
12:07:54,2.29
12:07:55,2.29
12:07:56,2.29
12:07:57,2.29
12:07:58,2.29
12:07:59,2.29
12:08:00,2.29
12:08:01,2.29
12:08:02,2.29
12:08:03,2.29
12:08:04,2.29
12:08:05,2.29
12:08:06,2.29
12:08:07,2.29
12:08:08,2.29
12:08:09,2.29
12:08:10,2.29
12:08:11,2.29
12:08:12,2.29
12:08:13,2.29
12:08:14,2.29
12:08:15,2.29
12:08:16,2.29
12:08:17,2.29
12:08:18,2.29
12:08:19,2.29
12:08:20,2.29
12:08:21,2.29
12:08:22,2.29
12:08:23,2.29
12:08:24,2.29
12:08:25,2.29
12:08:26,2.29
12:08:27,2.29
12:08:28,2.29
12:08:29,2.29
12:08:30,2.29
12:08:31,2.29
12:08:32,2.29
12:08:33,2.29
12:08:34,2.29
12:08:35,2.29
12:08:36,2.29
12:08:37,2.29
12:08:38,2.29
12:08:39,2.29
12:08:40,2.29
12:08:41,2.29
12:08:42,2.29
12:08:43,2.29
12:08:44,2.29
12:08:45,2.29
12:08:46,2.29
12:08:47,2.29
12:08:48,2.29
12:08:49,2.29
12:08:50,2.29
12:08:51,2.29
12:08:52,2.29
12:08:53,2.29
12:08:54,2.29
12:08:55,2.29
12:08:56,2.29
12:08:57,2.29
12:08:58,2.29
12:08:59,2.29
12:09:00,2.29
12:09:01,2.29
12:09:02,2.29
12:09:03,2.29
12:09:04,2.29
12:09:05,2.29
12:09:06,2.29
12:09:07,2.29
12:09:08,2.29
12:09:09,2.29
12:09:10,2.29
12:09:11,2.29
12:09:12,2.29
12:09:13,2.29
12:09:14,2.29
12:09:15,2.29
12:09:16,2.29
12:09:17,2.29
12:09:18,2.29
12:09:19,2.29
12:09:20,2.29
12:09:21,2.29
12:09:22,2.29
12:09:23,2.29
12:09:24,2.29
12:09:25,2.29
12:09:26,2.29
12:09:27,2.29
12:09:28,2.29
12:09:29,2.29
12:09:30,2.29
12:09:31,2.29
12:09:32,2.29
12:09:33,2.29
12:09:34,2.29
12:09:35,2.29
12:09:36,2.29
12:09:37,2.29
12:09:38,2.29
12:09:39,2.29
12:09:40,2.29
12:09:41,2.29
12:09:42,2.29
12:09:43,2.29
12:09:44,2.29
12:09:45,2.29
12:09:46,2.29
12:09:47,2.29
12:09:48,2.29
12:09:49,2.29
12:09:50,2.29
12:09:51,2.29
12:09:52,2.29
12:09:53,2.29
12:09:54,2.29
12:09:55,2.29
12:09:56,2.29
12:09:57,2.29
12:09:58,2.29
12:09:59,2.29
12:10:00,2.29
12:10:01,2.29
12:10:02,2.29
12:10:03,2.29
12:10:04,2.29
12:10:05,2.29
12:10:06,2.29
12:10:07,2.29
12:10:08,2.29
12:10:09,2.29
12:10:10,2.29
12:10:11,2.29
12:10:12,2.29
12:10:13,2.29
12:10:14,2.29
12:10:15,2.29
12:10:16,2.29
12:10:17,2.29
12:10:18,2.29
12:10:19,2.29
12:10:20,2.29
12:10:21,2.29
12:10:22,2.29
12:10:23,2.29
12:10:24,2.29
12:10:25,2.29
12:10:26,2.29
12:10:27,2.29
12:10:28,2.29
12:10:29,2.29
12:10:30,2.29
12:10:31,2.29
12:10:32,2.29
12:10:33,2.29
12:10:34,2.29
12:10:35,2.29
12:10:36,2.29
12:10:37,2.29
12:10:38,2.29
12:10:39,2.29
12:10:40,2.29
12:10:41,2.29
12:10:42,2.29
12:10:43,2.29
12:10:44,2.29
12:10:45,2.29
12:10:46,2.29
12:10:47,2.29
12:10:48,2.29
12:10:49,2.29
12:10:50,2.29
12:10:51,2.29
12:10:52,2.29
12:10:53,2.29
12:10:54,2.29
12:10:55,2.29
12:10:56,2.29
12:10:57,2.29
12:10:58,2.29
12:10:59,2.29
12:11:00,2.29
12:11:01,2.29
12:11:02,2.29
12:11:03,2.29
12:11:04,2.29
12:11:05,2.29
12:11:06,2.29
12:11:07,2.29
12:11:08,2.29
12:11:09,2.29
12:11:10,2.29
12:11:11,2.29
12:11:12,2.29
12:11:13,2.29
12:11:14,2.29
12:11:15,2.29
12:11:16,2.29
12:11:17,2.29
12:11:18,2.29
12:11:19,2.29
12:11:20,2.29
12:11:21,2.29
12:11:22,2.29
12:11:23,2.29
12:11:24,2.29
12:11:25,2.29
12:11:26,2.29
12:11:27,2.29
12:11:28,2.29
12:11:29,2.29
12:11:30,2.29
12:11:31,2.29
12:11:32,2.29
12:11:33,2.29
12:11:34,2.29
12:11:35,2.29
12:11:36,2.29
12:11:37,2.29
12:11:38,2.29
12:11:39,2.29
12:11:40,2.29
12:11:41,2.29
12:11:42,2.29
12:11:43,2.29
12:11:44,2.29
12:11:45,2.29
12:11:46,2.29
12:11:47,2.29
12:11:48,2.29
12:11:49,2.29
12:11:50,2.29
12:11:51,2.29
12:11:52,2.29
12:11:53,2.29
12:11:54,2.29
12:11:55,2.29
12:11:56,2.29
12:11:57,2.29
12:11:58,2.29
12:11:59,2.29
12:12:00,2.29
12:12:01,2.29
12:12:02,2.29
12:12:03,2.29
12:12:04,2.29
12:12:05,2.29
12:12:06,2.29
12:12:07,2.29
12:12:08,2.29
12:12:09,2.29
12:12:10,2.29
12:12:11,2.29
12:12:12,2.29
12:12:13,2.29
12:12:14,2.29
12:12:15,2.29
12:12:16,2.29
12:12:17,2.29
12:12:18,2.29
12:12:19,2.29
12:12:20,2.29
12:12:21,2.29
12:12:22,2.29
12:12:23,2.29
12:12:24,2.29
12:12:25,2.29
12:12:26,2.29
12:12:27,2.29
12:12:28,2.29
12:12:29,2.29
12:12:30,2.29
12:12:31,2.29
12:12:32,2.29
12:12:33,2.29
12:12:34,2.29
12:12:35,2.29
12:12:36,2.29
12:12:37,2.29
12:12:38,2.29
12:12:39,2.29
12:12:40,2.29
12:12:41,2.29
12:12:42,2.29
12:12:43,2.29
12:12:44,2.29
12:12:45,2.29
12:12:46,2.29
12:12:47,2.29
12:12:48,2.29
12:12:49,2.29
12:12:50,2.29
12:12:51,2.29
12:12:52,2.29
12:12:53,2.29
12:12:54,2.29
12:12:55,2.29
12:12:56,2.29
12:12:57,2.29
12:12:58,2.29
12:12:59,2.29
12:13:00,2.29
12:13:01,2.29
12:13:02,2.29
12:13:03,2.29
12:13:04,2.29
12:13:05,2.29
12:13:06,2.29
12:13:07,2.29
12:13:08,2.29
12:13:09,2.29
12:13:10,2.29
12:13:11,2.29
12:13:12,2.29
12:13:13,2.29
12:13:14,2.29
12:13:15,2.29
12:13:16,2.29
12:13:17,2.29
12:13:18,2.29
12:13:19,2.29
12:13:20,2.29
12:13:21,2.29
12:13:22,2.29
12:13:23,2.29
12:13:24,2.29
12:13:25,2.29
12:13:26,2.29
12:13:27,2.29
12:13:28,2.29
12:13:29,2.29
12:13:30,2.29
12:13:31,2.29
12:13:32,2.29
12:13:33,2.29
12:13:34,2.29
12:13:35,2.29
12:13:36,2.29
12:13:37,2.29
12:13:38,2.29
12:13:39,2.29
12:13:40,2.29
12:13:41,2.29
12:13:42,2.29
12:13:43,2.29
12:13:44,2.29
12:13:45,2.29
12:13:46,2.29
12:13:47,2.29
12:13:48,2.29
12:13:49,2.29
12:13:50,2.29
12:13:51,2.29
12:13:52,2.29
12:13:53,2.29
12:13:54,2.29
12:13:55,2.29
12:13:56,2.29
12:13:57,2.29
12:13:58,2.29
12:13:59,2.29
12:14:00,2.29
12:14:01,2.29
12:14:02,2.29
12:14:03,2.29
12:14:04,2.29
12:14:05,2.29
12:14:06,2.29
12:14:07,2.29
12:14:08,2.29
12:14:09,2.29
12:14:10,2.29
12:14:11,2.29
12:14:12,2.29
12:14:13,2.29
12:14:14,2.29
12:14:15,2.29
12:14:16,2.29
12:14:17,2.29
12:14:18,2.29
12:14:19,2.29
12:14:20,2.29
12:14:21,2.29
12:14:22,2.29
12:14:23,2.29
12:14:24,2.29
12:14:25,2.29
12:14:26,2.29
12:14:27,2.29
12:14:28,2.29
12:14:29,2.29
12:14:30,2.29
12:14:31,2.29
12:14:32,2.29
12:14:33,2.29
12:14:34,2.29
12:14:35,2.29
12:14:36,2.29
12:14:37,2.29
12:14:38,2.29
12:14:39,2.29
12:14:40,2.29
12:14:41,2.29
12:14:42,2.29
12:14:43,2.29
12:14:44,2.29
12:14:45,2.29
12:14:46,2.29
12:14:47,2.29
12:14:48,2.29
12:14:49,2.29
12:14:50,2.29
12:14:51,2.29
12:14:52,2.29
12:14:53,2.29
12:14:54,2.29
12:14:55,2.29
12:14:56,2.29
12:14:57,2.29
12:14:58,2.29
12:14:59,2.29
12:15:00,2.29
12:15:01,2.29
12:15:02,2.29
12:15:03,2.29
12:15:04,2.29
12:15:05,2.29
12:15:06,2.29
12:15:07,2.29
12:15:08,2.29
12:15:09,2.29
12:15:10,2.29
12:15:11,2.29
12:15:12,2.29
12:15:13,2.29
12:15:14,2.29
12:15:15,2.29
12:15:16,2.29
12:15:17,2.29
12:15:18,2.29
12:15:19,2.29
12:15:20,2.29
12:15:21,2.29
12:15:22,2.29
12:15:23,2.29
12:15:24,2.29
12:15:25,2.29
12:15:26,2.29
12:15:27,2.29
12:15:28,2.29
12:15:29,2.29
12:15:30,2.29
12:15:31,2.29
12:15:32,2.29
12:15:33,2.29
12:15:34,2.29
12:15:35,2.29
12:15:36,2.29
12:15:37,2.29
12:15:38,2.29
12:15:39,2.29
12:15:40,2.29
12:15:41,2.29
12:15:42,2.29
12:15:43,2.29
12:15:44,2.29
12:15:45,2.29
12:15:46,2.29
12:15:47,2.29
12:15:48,2.29
12:15:49,2.29
12:15:50,2.29
12:15:51,2.29
12:15:52,2.29
12:15:53,2.29
12:15:54,2.29
12:15:55,2.29
12:15:56,2.29
12:15:57,2.29
12:15:58,2.29
12:15:59,2.29
12:16:00,2.29
12:16:01,2.29
12:16:02,2.29
12:16:03,2.29
12:16:04,2.29
12:16:05,2.29
12:16:06,2.29
12:16:07,2.29
12:16:08,2.29
12:16:09,2.29
12:16:10,2.29
12:16:11,2.29
12:16:12,2.29
12:16:13,2.29
12:16:14,2.29
12:16:15,2.29
12:16:16,2.29
12:16:17,2.29
12:16:18,2.29
12:16:19,2.29
12:16:20,2.29
12:16:21,2.29
12:16:22,2.29
12:16:23,2.29
12:16:24,2.29
12:16:25,2.29
12:16:26,2.29
12:16:27,2.29
12:16:28,2.29
12:16:29,2.29
12:16:30,2.29
12:16:31,2.29
12:16:32,2.29
12:16:33,2.29
12:16:34,2.29
12:16:35,2.29
12:16:36,2.29
12:16:37,2.29
12:16:38,2.29
12:16:39,2.29
12:16:40,2.29
12:16:41,2.29
12:16:42,2.29
12:16:43,2.29
12:16:44,2.29
12:16:45,2.29
12:16:46,2.29
12:16:47,2.29
12:16:48,2.29
12:16:49,2.29
12:16:50,2.29
12:16:51,2.29
12:16:52,2.29
12:16:53,2.29
12:16:54,2.29
12:16:55,2.29
12:16:56,2.29
12:16:57,2.29
12:16:58,2.29
12:16:59,2.29
12:17:00,2.29
12:17:01,2.29
12:17:02,2.29
12:17:03,2.29
12:17:04,2.29
12:17:05,2.29
12:17:06,2.29
12:17:07,2.29
12:17:08,2.29
12:17:09,2.29
12:17:10,2.29
12:17:11,2.29
12:17:12,2.29
12:17:13,2.29
12:17:14,2.29
12:17:15,2.29
12:17:16,2.29
12:17:17,2.29
12:17:18,2.29
12:17:19,2.29
12:17:20,2.29
12:17:21,2.29
12:17:22,2.29
12:17:23,2.29
12:17:24,2.29
12:17:25,2.29
12:17:26,2.29
12:17:27,2.29
12:17:28,2.29
12:17:29,2.29
12:17:30,2.29
12:17:31,2.29
12:17:32,2.29
12:17:33,2.29
12:17:34,2.29
12:17:35,2.29
12:17:36,2.29
12:17:37,2.29
12:17:38,2.29
12:17:39,2.29
12:17:40,2.29
12:17:41,2.29
12:17:42,2.29
12:17:43,2.29
12:17:44,2.29
12:17:45,2.29
12:17:46,2.29
12:17:47,2.29
12:17:48,2.29
12:17:49,2.29
12:17:50,2.29
12:17:51,2.29
12:17:52,2.29
12:17:53,2.29
12:17:54,2.29
12:17:55,2.29
12:17:56,2.29
12:17:57,2.29
12:17:58,2.29
12:17:59,2.29
12:18:00,2.29
12:18:01,2.29
12:18:02,2.29
12:18:03,2.29
12:18:04,2.29
12:18:05,2.29
12:18:06,2.29
12:18:07,2.29
12:18:08,2.29
12:18:09,2.29
12:18:10,2.29
12:18:11,2.29
12:18:12,2.29
12:18:13,2.29
12:18:14,2.29
12:18:15,2.29
12:18:16,2.29
12:18:17,2.29
12:18:18,2.29
12:18:19,2.29
12:18:20,2.29
12:18:21,2.29
12:18:22,2.29
12:18:23,2.29
12:18:24,2.29
12:18:25,2.29
12:18:26,2.29
12:18:27,2.29
12:18:28,2.29
12:18:29,2.29
12:18:30,2.29
12:18:31,2.29
12:18:32,2.29
12:18:33,2.29
12:18:34,2.29
12:18:35,2.29
12:18:36,2.29
12:18:37,2.29
12:18:38,2.29
12:18:39,2.29
12:18:40,2.29
12:18:41,2.29
12:18:42,2.29
12:18:43,2.29
12:18:44,2.29
12:18:45,2.29
12:18:46,2.29
12:18:47,2.29
12:18:48,2.29
12:18:49,2.29
12:18:50,2.29
12:18:51,2.29
12:18:52,2.29
12:18:53,2.29
12:18:54,2.29
12:18:55,2.29
12:18:56,2.29
12:18:57,2.29
12:18:58,2.29
12:18:59,2.29
12:19:00,2.29
12:19:01,2.29
12:19:02,2.29
12:19:03,2.29
12:19:04,2.29
12:19:05,2.29
12:19:06,2.29
12:19:07,2.29
12:19:08,2.29
12:19:09,2.29
12:19:10,2.29
12:19:11,2.29
12:19:12,2.29
12:19:13,2.29
12:19:14,2.29
12:19:15,2.29
12:19:16,2.29
12:19:17,2.29
12:19:18,2.29
12:19:19,2.29
12:19:20,2.29
12:19:21,2.29
12:19:22,2.29
12:19:23,2.29
12:19:24,2.29
12:19:25,2.29
12:19:26,2.29
12:19:27,2.29
12:19:28,2.29
12:19:29,2.29
12:19:30,2.29
12:19:31,2.29
12:19:32,2.29
12:19:33,2.29
12:19:34,2.29
12:19:35,2.29
12:19:36,2.29
12:19:37,2.29
12:19:38,2.29
12:19:39,2.29
12:19:40,2.29
12:19:41,2.29
12:19:42,2.29
12:19:43,2.29
12:19:44,2.29
12:19:45,2.29
12:19:46,2.29
12:19:47,2.29
12:19:48,2.29
12:19:49,2.29
12:19:50,2.29
12:19:51,2.29
12:19:52,2.29
12:19:53,2.29
12:19:54,2.29
12:19:55,2.29
12:19:56,2.29
12:19:57,2.29
12:19:58,2.29
12:19:59,2.29
12:20:00,2.29
12:20:01,2.29
12:20:02,2.29
12:20:03,2.29
12:20:04,2.29
12:20:05,2.29
12:20:06,2.29
12:20:07,2.29
12:20:08,2.29
12:20:09,2.29
12:20:10,2.29
12:20:11,2.29
12:20:12,2.29
12:20:13,2.29
12:20:14,2.29
12:20:15,2.29
12:20:16,2.29
12:20:17,2.29
12:20:18,2.29
12:20:19,2.29
12:20:20,2.29
12:20:21,2.29
12:20:22,2.29
12:20:23,2.29
12:20:24,2.29
12:20:25,2.29
12:20:26,2.29
12:20:27,2.29
12:20:28,2.29
12:20:29,2.29
12:20:30,2.29
12:20:31,2.29
12:20:32,2.29
12:20:33,2.29
12:20:34,2.29
12:20:35,2.29
12:20:36,2.29
12:20:37,2.29
12:20:38,2.29
12:20:39,2.29
12:20:40,2.29
12:20:41,2.29
12:20:42,2.29
12:20:43,2.29
12:20:44,2.29
12:20:45,2.29
12:20:46,2.29
12:20:47,2.29
12:20:48,2.29
12:20:49,2.29
12:20:50,2.29
12:20:51,2.29
12:20:52,2.29
12:20:53,2.29
12:20:54,2.29
12:20:55,2.29
12:20:56,2.29
12:20:57,2.29
12:20:58,2.29
12:20:59,2.29
12:21:00,2.29
12:21:01,2.29
12:21:02,2.29
12:21:03,2.29
12:21:04,2.29
12:21:05,2.29
12:21:06,2.29
12:21:07,2.29
12:21:08,2.29
12:21:09,2.29
12:21:10,2.29
12:21:11,2.29
12:21:12,2.29
12:21:13,2.29
12:21:14,2.29
12:21:15,5.902
12:21:16,9.514
12:21:17,13.126
12:21:18,16.738
12:21:19,20.35
12:21:20,23.962
12:21:21,27.574
12:21:22,31.186
12:21:23,34.798
12:21:24,38.41
12:21:25,42.022
12:21:26,45.634
12:21:27,49.246
12:21:28,52.858
12:21:29,56.47
12:21:30,57.3564705882
12:21:31,58.2429411765
12:21:32,59.1294117647
12:21:33,60.0158823529
12:21:34,60.9023529412
12:21:35,61.7888235294
12:21:36,62.6752941176
12:21:37,63.5617647059
12:21:38,64.4482352941
12:21:39,65.3347058824
12:21:40,66.2211764706
12:21:41,67.1076470588
12:21:42,67.9941176471
12:21:43,68.8805882353
12:21:44,69.7670588235
12:21:45,70.6535294118
12:21:46,71.54
12:21:47,71.54
12:21:48,71.54
12:21:49,71.54
12:21:50,71.54
12:21:51,71.54
12:21:52,71.54
12:21:53,71.54
12:21:54,71.54
12:21:55,71.54
12:21:56,71.54
12:21:57,71.54
12:21:58,71.54
12:21:59,71.54
12:22:00,71.54
12:22:01,71.54
12:22:02,71.54
12:22:03,71.54
12:22:04,71.54
12:22:05,71.54
12:22:06,71.54
12:22:07,71.54
12:22:08,71.54
12:22:09,71.54
12:22:10,71.54
12:22:11,71.54
12:22:12,71.54
12:22:13,71.54
12:22:14,71.54
12:22:15,71.54
12:22:16,71.54
12:22:17,71.54
12:22:18,71.4575
12:22:19,71.375
12:22:20,71.2925
12:22:21,71.21
12:22:22,71.1275
12:22:23,71.045
12:22:24,70.9625
12:22:25,70.88
12:22:26,70.7975
12:22:27,70.715
12:22:28,70.6325
12:22:29,70.55
12:22:30,70.4675
12:22:31,70.385
12:22:32,70.3025
12:22:33,70.22
12:22:34,70.22
12:22:35,70.22
12:22:36,70.22
12:22:37,70.22
12:22:38,70.22
12:22:39,70.22
12:22:40,70.22
12:22:41,70.22
12:22:42,70.22
12:22:43,70.22
12:22:44,70.22
12:22:45,70.22
12:22:46,70.22
12:22:47,70.22
12:22:48,70.22
12:22:49,70.22
12:22:50,70.22
12:22:51,69.98875
12:22:52,69.7575
12:22:53,69.52625
12:22:54,69.295
12:22:55,69.06375
12:22:56,68.8325
12:22:57,68.60125
12:22:58,68.37
12:22:59,68.13875
12:23:00,67.9075
12:23:01,67.67625
12:23:02,67.445
12:23:03,67.21375
12:23:04,66.9825
12:23:05,66.75125
12:23:06,66.52
12:23:07,64.6693333333
12:23:08,62.8186666667
12:23:09,60.968
12:23:10,59.1173333333
12:23:11,57.2666666667
12:23:12,55.416
12:23:13,53.5653333333
12:23:14,51.7146666667
12:23:15,49.864
12:23:16,48.0133333333
12:23:17,46.1626666667
12:23:18,44.312
12:23:19,42.4613333333
12:23:20,40.6106666667
12:23:21,38.76
12:23:22,36.496875
12:23:23,34.23375
12:23:24,31.970625
12:23:25,29.7075
12:23:26,27.444375
12:23:27,25.18125
12:23:28,22.918125
12:23:29,20.655
12:23:30,18.391875
12:23:31,16.12875
12:23:32,13.865625
12:23:33,11.6025
12:23:34,9.339375
12:23:35,7.07625
12:23:36,4.813125
12:23:37,2.55
12:23:38,2.55
12:23:39,2.55
12:23:40,2.55
12:23:41,2.55
12:23:42,2.55
12:23:43,2.55
12:23:44,2.55
12:23:45,2.55
12:23:46,2.55
12:23:47,2.55
12:23:48,2.55
12:23:49,2.55
12:23:50,2.55
12:23:51,2.55
12:23:52,2.55
12:23:53,2.55
12:23:54,2.55
12:23:55,2.55
12:23:56,2.55
12:23:57,2.55
12:23:58,2.55
12:23:59,2.55
12:24:00,2.55
12:24:01,2.55
12:24:02,2.55
12:24:03,2.55
12:24:04,2.55
12:24:05,2.55
12:24:06,2.55
12:24:07,2.55
12:24:08,2.55
12:24:09,2.55
12:24:10,2.55
12:24:11,2.55
12:24:12,2.55
12:24:13,2.55
12:24:14,2.55
12:24:15,2.55
12:24:16,2.55
12:24:17,2.55
12:24:18,2.55
12:24:19,2.55
12:24:20,2.55
12:24:21,2.55
12:24:22,2.55
12:24:23,2.55
12:24:24,2.55
12:24:25,2.55
12:24:26,2.55
12:24:27,2.55
12:24:28,2.55
12:24:29,2.55
12:24:30,2.55
12:24:31,2.55
12:24:32,2.55
12:24:33,2.55
12:24:34,2.55
12:24:35,2.55
12:24:36,2.55
12:24:37,2.55
12:24:38,2.55
12:24:39,2.55
12:24:40,2.55
12:24:41,2.55
12:24:42,2.55
12:24:43,2.55
12:24:44,2.55
12:24:45,2.55
12:24:46,2.55
12:24:47,2.55
12:24:48,2.55
12:24:49,2.55
12:24:50,2.55
12:24:51,2.55
12:24:52,2.55
12:24:53,2.55
12:24:54,2.55
12:24:55,2.55
12:24:56,2.55
12:24:57,2.55
12:24:58,2.55
12:24:59,2.55
12:25:00,2.55
12:25:01,2.55
12:25:02,2.55
12:25:03,2.55
12:25:04,2.55
12:25:05,2.55
12:25:06,2.55
12:25:07,2.55
12:25:08,2.55
12:25:09,2.55
12:25:10,2.55
12:25:11,2.55
12:25:12,2.55
12:25:13,2.55
12:25:14,2.55
12:25:15,2.55
12:25:16,2.55
12:25:17,2.55
12:25:18,2.55
12:25:19,2.55
12:25:20,2.55
12:25:21,2.55
12:25:22,2.55
12:25:23,2.55
12:25:24,2.55
12:25:25,2.55
12:25:26,2.55
12:25:27,2.55
12:25:28,2.55
12:25:29,2.55
12:25:30,2.55
12:25:31,2.55
12:25:32,2.55
12:25:33,2.55
12:25:34,2.55
12:25:35,2.55
12:25:36,2.55
12:25:37,2.55
12:25:38,2.55
12:25:39,2.55
12:25:40,2.55
12:25:41,2.55
12:25:42,2.55
12:25:43,2.55
12:25:44,2.55
12:25:45,2.55
12:25:46,2.55
12:25:47,2.55
12:25:48,2.55
12:25:49,2.55
12:25:50,2.55
12:25:51,2.55
12:25:52,2.55
12:25:53,2.55
12:25:54,2.55
12:25:55,2.55
12:25:56,2.55
12:25:57,2.55
12:25:58,2.55
12:25:59,2.55
12:26:00,2.55
12:26:01,2.55
12:26:02,2.55
12:26:03,2.55
12:26:04,2.55
12:26:05,2.55
12:26:06,2.55
12:26:07,2.55
12:26:08,2.55
12:26:09,2.55
12:26:10,2.55
12:26:11,2.55
12:26:12,2.55
12:26:13,2.55
12:26:14,2.55
12:26:15,2.55
12:26:16,2.55
12:26:17,2.55
12:26:18,2.55
12:26:19,2.55
12:26:20,2.55
12:26:21,2.55
12:26:22,2.55
12:26:23,2.55
12:26:24,2.55
12:26:25,2.55
12:26:26,2.55
12:26:27,2.55
12:26:28,2.55
12:26:29,2.55
12:26:30,2.55
12:26:31,2.55
12:26:32,2.55
12:26:33,2.55
12:26:34,2.55
12:26:35,2.55
12:26:36,2.55
12:26:37,2.55
12:26:38,2.55
12:26:39,2.55
12:26:40,2.55
12:26:41,2.55
12:26:42,2.55
12:26:43,2.55
12:26:44,2.55
12:26:45,2.55
12:26:46,2.55
12:26:47,2.55
12:26:48,2.55
12:26:49,2.55
12:26:50,2.55
12:26:51,2.55
12:26:52,2.55
12:26:53,2.55
12:26:54,2.55
12:26:55,2.55
12:26:56,2.55
12:26:57,2.55
12:26:58,2.55
12:26:59,2.55
12:27:00,2.55
12:27:01,2.55
12:27:02,2.55
12:27:03,2.55
12:27:04,2.55
12:27:05,2.55
12:27:06,2.55
12:27:07,2.55
12:27:08,2.55
12:27:09,2.55
12:27:10,2.55
12:27:11,2.55
12:27:12,2.55
12:27:13,2.55
12:27:14,2.55
12:27:15,2.55
12:27:16,2.55
12:27:17,2.55
12:27:18,2.55
12:27:19,2.55
12:27:20,2.55
12:27:21,2.55
12:27:22,2.55
12:27:23,2.55
12:27:24,2.55
12:27:25,2.55
12:27:26,2.55
12:27:27,2.55
12:27:28,2.55
12:27:29,2.55
12:27:30,2.55
12:27:31,2.55
12:27:32,2.55
12:27:33,2.55
12:27:34,2.55
12:27:35,2.55
12:27:36,2.55
12:27:37,2.55
12:27:38,2.55
12:27:39,2.55
12:27:40,2.55
12:27:41,2.55
12:27:42,2.55
12:27:43,2.55
12:27:44,2.55
12:27:45,2.55
12:27:46,2.55
12:27:47,2.55
12:27:48,2.55
12:27:49,2.55
12:27:50,2.55
12:27:51,2.55
12:27:52,2.55
12:27:53,2.55
12:27:54,2.55
12:27:55,2.55
12:27:56,2.55
12:27:57,2.55
12:27:58,2.55
12:27:59,2.55
12:28:00,2.55
12:28:01,2.55
12:28:02,2.55
12:28:03,2.55
12:28:04,2.55
12:28:05,2.55
12:28:06,2.55
12:28:07,2.55
12:28:08,2.55
12:28:09,2.55
12:28:10,2.55
12:28:11,2.55
12:28:12,2.55
12:28:13,2.55
12:28:14,2.55
12:28:15,2.55
12:28:16,2.55
12:28:17,2.55
12:28:18,2.55
12:28:19,2.55
12:28:20,2.55
12:28:21,2.55
12:28:22,2.55
12:28:23,2.55
12:28:24,2.55
12:28:25,2.55
12:28:26,2.55
12:28:27,2.55
12:28:28,2.55
12:28:29,2.55
12:28:30,2.55
12:28:31,2.55
12:28:32,2.55
12:28:33,2.55
12:28:34,2.55
12:28:35,2.55
12:28:36,2.55
12:28:37,2.55
12:28:38,2.55
12:28:39,2.55
12:28:40,2.55
12:28:41,2.55
12:28:42,2.55
12:28:43,2.55
12:28:44,2.55
12:28:45,2.55
12:28:46,2.55
12:28:47,2.55
12:28:48,2.55
12:28:49,2.55
12:28:50,2.55
12:28:51,2.55
12:28:52,2.55
12:28:53,2.55
12:28:54,2.55
12:28:55,2.55
12:28:56,2.55
12:28:57,2.55
12:28:58,2.55
12:28:59,2.55
12:29:00,2.55
12:29:01,2.55
12:29:02,2.55
12:29:03,2.55
12:29:04,2.55
12:29:05,2.55
12:29:06,2.55
12:29:07,2.55
12:29:08,2.55
12:29:09,2.55
12:29:10,2.55
12:29:11,2.55
12:29:12,2.55
12:29:13,2.55
12:29:14,2.55
12:29:15,2.55
12:29:16,2.55
12:29:17,2.55
12:29:18,2.55
12:29:19,2.55
12:29:20,2.55
12:29:21,2.55
12:29:22,2.55
12:29:23,2.55
12:29:24,2.55
12:29:25,2.55
12:29:26,2.55
12:29:27,2.55
12:29:28,2.55
12:29:29,2.55
12:29:30,2.55
12:29:31,2.55
12:29:32,2.55
12:29:33,2.55
12:29:34,2.55
12:29:35,2.55
12:29:36,2.55
12:29:37,2.55
12:29:38,2.55
12:29:39,2.55
12:29:40,2.55
12:29:41,2.55
12:29:42,2.55
12:29:43,2.55
12:29:44,2.55
12:29:45,2.55
12:29:46,2.55
12:29:47,2.55
12:29:48,2.55
12:29:49,2.55
12:29:50,2.55
12:29:51,2.55
12:29:52,2.55
12:29:53,2.55
12:29:54,2.55
12:29:55,2.55
12:29:56,2.55
12:29:57,2.55
12:29:58,2.55
12:29:59,2.55
12:30:00,2.55
12:30:01,2.55
12:30:02,2.55
12:30:03,2.55
12:30:04,2.55
12:30:05,2.55
12:30:06,2.55
12:30:07,2.55
12:30:08,2.55
12:30:09,2.55
12:30:10,2.55
12:30:11,2.55
12:30:12,2.55
12:30:13,2.55
12:30:14,2.55
12:30:15,2.55
12:30:16,2.55
12:30:17,2.55
12:30:18,2.55
12:30:19,2.55
12:30:20,2.55
12:30:21,2.55
12:30:22,2.55
12:30:23,2.55
12:30:24,2.55
12:30:25,2.55
12:30:26,2.55
12:30:27,2.55
12:30:28,2.55
12:30:29,2.55
12:30:30,2.55
12:30:31,2.55
12:30:32,2.55
12:30:33,2.55
12:30:34,2.55
12:30:35,2.55
12:30:36,2.55
12:30:37,2.55
12:30:38,2.55
12:30:39,2.55
12:30:40,2.55
12:30:41,2.55
12:30:42,2.55
12:30:43,2.55
12:30:44,2.55
12:30:45,2.55
12:30:46,2.55
12:30:47,2.55
12:30:48,2.55
12:30:49,2.55
12:30:50,2.55
12:30:51,2.55
12:30:52,2.55
12:30:53,2.55
12:30:54,2.55
12:30:55,2.55
12:30:56,2.55
12:30:57,2.55
12:30:58,2.55
12:30:59,2.55
12:31:00,2.55
12:31:01,2.55
12:31:02,2.55
12:31:03,2.55
12:31:04,2.55
12:31:05,2.55
12:31:06,2.55
12:31:07,2.55
12:31:08,2.55
12:31:09,2.55
12:31:10,2.55
12:31:11,2.55
12:31:12,2.55
12:31:13,2.55
12:31:14,2.55
12:31:15,2.55
12:31:16,2.55
12:31:17,2.55
12:31:18,2.55
12:31:19,2.55
12:31:20,2.55
12:31:21,2.55
12:31:22,2.55
12:31:23,2.55
12:31:24,2.55
12:31:25,2.55
12:31:26,2.55
12:31:27,2.55
12:31:28,2.55
12:31:29,2.55
12:31:30,2.55
12:31:31,2.55
12:31:32,2.55
12:31:33,2.55
12:31:34,2.55
12:31:35,2.55
12:31:36,2.55
12:31:37,2.55
12:31:38,2.55
12:31:39,2.55
12:31:40,2.55
12:31:41,2.55
12:31:42,2.55
12:31:43,2.55
12:31:44,2.55
12:31:45,2.55
12:31:46,2.55
12:31:47,2.55
12:31:48,2.55
12:31:49,2.55
12:31:50,2.55
12:31:51,2.55
12:31:52,2.55
12:31:53,2.55
12:31:54,2.55
12:31:55,2.55
12:31:56,2.55
12:31:57,2.55
12:31:58,2.55
12:31:59,2.55
12:32:00,2.55
12:32:01,2.55
12:32:02,2.55
12:32:03,2.55
12:32:04,2.55
12:32:05,2.55
12:32:06,2.55
12:32:07,2.55
12:32:08,2.55
12:32:09,2.55
12:32:10,2.55
12:32:11,2.55
12:32:12,2.55
12:32:13,2.55
12:32:14,2.55
12:32:15,2.55
12:32:16,2.55
12:32:17,2.55
12:32:18,2.55
12:32:19,2.55
12:32:20,2.55
12:32:21,2.55
12:32:22,2.55
12:32:23,2.55
12:32:24,2.55
12:32:25,2.55
12:32:26,2.55
12:32:27,2.55
12:32:28,2.55
12:32:29,2.55
12:32:30,2.55
12:32:31,2.55
12:32:32,2.55
12:32:33,2.55
12:32:34,2.55
12:32:35,2.55
12:32:36,2.55
12:32:37,2.55
12:32:38,2.55
12:32:39,2.55
12:32:40,2.55
12:32:41,2.55
12:32:42,2.55
12:32:43,2.55
12:32:44,2.55
12:32:45,2.55
12:32:46,2.55
12:32:47,2.55
12:32:48,2.55
12:32:49,2.55
12:32:50,2.55
12:32:51,2.55
12:32:52,2.55
12:32:53,2.55
12:32:54,2.55
12:32:55,2.55
12:32:56,2.55
12:32:57,2.55
12:32:58,2.55
12:32:59,2.55
12:33:00,2.55
12:33:01,2.55
12:33:02,2.55
12:33:03,2.55
12:33:04,2.55
12:33:05,2.55
12:33:06,2.55
12:33:07,2.55
12:33:08,2.55
12:33:09,2.55
12:33:10,2.55
12:33:11,2.55
12:33:12,2.55
12:33:13,2.55
12:33:14,2.55
12:33:15,2.55
12:33:16,2.55
12:33:17,2.55
12:33:18,2.55
12:33:19,2.55
12:33:20,2.55
12:33:21,2.55
12:33:22,2.55
12:33:23,2.55
12:33:24,2.55
12:33:25,2.55
12:33:26,2.55
12:33:27,2.55
12:33:28,2.55
12:33:29,2.55
12:33:30,2.55
12:33:31,2.55
12:33:32,2.55
12:33:33,2.55
12:33:34,2.55
12:33:35,2.55
12:33:36,2.55
12:33:37,2.55
12:33:38,2.55
12:33:39,2.55
12:33:40,2.55
12:33:41,2.55
12:33:42,2.55
12:33:43,2.55
12:33:44,2.55
12:33:45,2.55
12:33:46,2.55
12:33:47,2.55
12:33:48,2.55
12:33:49,2.55
12:33:50,2.55
12:33:51,2.55
12:33:52,2.55
12:33:53,2.55
12:33:54,2.55
12:33:55,2.55
12:33:56,2.55
12:33:57,2.55
12:33:58,2.55
12:33:59,2.55
12:34:00,2.55
12:34:01,2.55
12:34:02,2.55
12:34:03,2.55
12:34:04,2.55
12:34:05,2.55
12:34:06,2.55
12:34:07,2.55
12:34:08,2.55
12:34:09,2.55
12:34:10,2.55
12:34:11,2.55
12:34:12,2.55
12:34:13,2.55
12:34:14,2.55
12:34:15,2.55
12:34:16,2.55
12:34:17,2.55
12:34:18,2.55
12:34:19,2.55
12:34:20,2.55
12:34:21,2.55
12:34:22,2.55
12:34:23,2.55
12:34:24,2.55
12:34:25,2.55
12:34:26,2.55
12:34:27,2.55
12:34:28,2.55
12:34:29,2.55
12:34:30,2.55
12:34:31,2.55
12:34:32,2.55
12:34:33,2.55
12:34:34,2.55
12:34:35,2.55
12:34:36,2.55
12:34:37,2.55
12:34:38,2.55
12:34:39,2.55
12:34:40,2.55
12:34:41,2.55
12:34:42,2.55
12:34:43,2.55
12:34:44,2.55
12:34:45,2.55
12:34:46,2.55
12:34:47,2.55
12:34:48,2.55
12:34:49,2.55
12:34:50,2.55
12:34:51,2.55
12:34:52,2.55
12:34:53,2.55
12:34:54,2.55
12:34:55,2.55
12:34:56,2.55
12:34:57,2.55
12:34:58,2.55
12:34:59,2.55
12:35:00,2.55
12:35:01,2.55
12:35:02,2.55
12:35:03,2.55
12:35:04,2.55
12:35:05,2.55
12:35:06,2.55
12:35:07,2.55
12:35:08,2.55
12:35:09,2.55
12:35:10,2.55
12:35:11,2.55
12:35:12,2.55
12:35:13,2.55
12:35:14,2.55
12:35:15,2.55
12:35:16,2.55
12:35:17,2.55
12:35:18,2.55
12:35:19,2.55
12:35:20,2.55
12:35:21,2.55
12:35:22,2.55
12:35:23,2.55
12:35:24,2.55
12:35:25,2.55
12:35:26,2.55
12:35:27,2.55
12:35:28,2.55
12:35:29,2.55
12:35:30,2.55
12:35:31,2.55
12:35:32,2.55
12:35:33,2.55
12:35:34,2.55
12:35:35,2.55
12:35:36,2.55
12:35:37,2.55
12:35:38,2.55
12:35:39,2.55
12:35:40,2.55
12:35:41,2.55
12:35:42,2.55
12:35:43,2.55
12:35:44,2.55
12:35:45,2.55
12:35:46,2.55
12:35:47,2.55
12:35:48,2.55
12:35:49,2.55
12:35:50,2.55
12:35:51,2.55
12:35:52,2.55
12:35:53,2.55
12:35:54,2.55
12:35:55,2.55
12:35:56,2.55
12:35:57,2.55
12:35:58,2.55
12:35:59,2.55
12:36:00,2.55
12:36:01,2.55
12:36:02,2.55
12:36:03,2.55
12:36:04,2.55
12:36:05,2.55
12:36:06,2.55
12:36:07,2.55
12:36:08,2.55
12:36:09,2.55
12:36:10,2.55
12:36:11,2.55
12:36:12,2.55
12:36:13,2.55
12:36:14,2.55
12:36:15,2.55
12:36:16,2.55
12:36:17,2.55
12:36:18,2.55
12:36:19,2.55
12:36:20,2.55
12:36:21,2.55
12:36:22,2.55
12:36:23,2.55
12:36:24,2.55
12:36:25,2.55
12:36:26,2.55
12:36:27,2.55
12:36:28,2.55
12:36:29,2.55
12:36:30,2.55
12:36:31,2.55
12:36:32,2.55
12:36:33,2.55
12:36:34,2.55
12:36:35,2.55
12:36:36,2.55
12:36:37,2.55
12:36:38,2.55
12:36:39,2.55
12:36:40,2.55
12:36:41,2.55
12:36:42,2.55
12:36:43,2.55
12:36:44,2.55
12:36:45,2.55
12:36:46,2.55
12:36:47,2.55
12:36:48,2.55
12:36:49,2.55
12:36:50,2.55
12:36:51,2.55
12:36:52,2.55
12:36:53,2.55
12:36:54,2.55
12:36:55,2.55
12:36:56,2.55
12:36:57,2.55
12:36:58,2.55
12:36:59,2.55
12:37:00,2.55
12:37:01,2.55
12:37:02,2.55
12:37:03,2.55
12:37:04,2.55
12:37:05,2.55
12:37:06,2.55
12:37:07,2.55
12:37:08,2.55
12:37:09,2.55
12:37:10,2.55
12:37:11,2.55
12:37:12,2.55
12:37:13,2.55
12:37:14,2.55
12:37:15,2.55
12:37:16,2.55
12:37:17,2.55
12:37:18,2.55
12:37:19,2.55
12:37:20,2.55
12:37:21,2.55
12:37:22,2.55
12:37:23,2.55
12:37:24,2.55
12:37:25,2.55
12:37:26,2.55
12:37:27,2.55
12:37:28,2.55
12:37:29,2.55
12:37:30,2.55
12:37:31,2.55
12:37:32,2.55
12:37:33,2.55
12:37:34,2.55
12:37:35,2.55
12:37:36,2.55
12:37:37,2.55
12:37:38,2.55
12:37:39,2.55
12:37:40,2.55
12:37:41,2.55
12:37:42,2.55
12:37:43,2.55
12:37:44,2.55
12:37:45,2.55
12:37:46,2.55
12:37:47,2.55
12:37:48,2.55
12:37:49,2.55
12:37:50,2.55
12:37:51,2.55
12:37:52,2.55
12:37:53,2.55
12:37:54,2.55
12:37:55,2.55
12:37:56,2.55
12:37:57,2.55
12:37:58,2.55
12:37:59,2.55
12:38:00,2.55
12:38:01,2.55
12:38:02,2.55
12:38:03,2.55
12:38:04,2.55
12:38:05,2.55
12:38:06,2.55
12:38:07,2.55
12:38:08,2.55
12:38:09,2.55
12:38:10,2.55
12:38:11,2.55
12:38:12,2.55
12:38:13,2.55
12:38:14,2.55
12:38:15,2.55
12:38:16,2.55
12:38:17,2.55
12:38:18,2.55
12:38:19,2.55
12:38:20,2.55
12:38:21,2.55
12:38:22,2.55
12:38:23,2.55
12:38:24,2.55
12:38:25,2.55
12:38:26,2.55
12:38:27,2.55
12:38:28,2.55
12:38:29,2.55
12:38:30,2.55
12:38:31,2.55
12:38:32,2.55
12:38:33,2.55
12:38:34,2.55
12:38:35,2.55
12:38:36,2.55
12:38:37,2.55
12:38:38,2.55
12:38:39,2.55
12:38:40,2.55
12:38:41,2.55
12:38:42,2.55
12:38:43,2.55
12:38:44,2.55
12:38:45,2.55
12:38:46,2.55
12:38:47,2.55
12:38:48,2.55
12:38:49,2.55
12:38:50,2.55
12:38:51,2.55
12:38:52,2.55
12:38:53,2.55
12:38:54,2.55
12:38:55,2.55
12:38:56,2.55
12:38:57,2.55
12:38:58,2.55
12:38:59,2.55
12:39:00,2.55
12:39:01,2.55
12:39:02,2.55
12:39:03,2.55
12:39:04,2.55
12:39:05,2.55
12:39:06,2.55
12:39:07,2.55
12:39:08,2.55
12:39:09,2.55
12:39:10,2.55
12:39:11,2.55
12:39:12,2.55
12:39:13,2.55
12:39:14,2.55
12:39:15,2.55
12:39:16,2.55
12:39:17,2.55
12:39:18,2.55
12:39:19,2.55
12:39:20,2.55
12:39:21,2.55
12:39:22,2.55
12:39:23,2.55
12:39:24,2.55
12:39:25,2.55
12:39:26,2.55
12:39:27,2.55
12:39:28,2.55
12:39:29,2.55
12:39:30,2.55
12:39:31,2.55
12:39:32,2.55
12:39:33,2.55
12:39:34,2.55
12:39:35,2.55
12:39:36,2.55
12:39:37,2.55
12:39:38,2.55
12:39:39,2.55
12:39:40,2.55
12:39:41,2.55
12:39:42,2.55
12:39:43,2.55
12:39:44,2.55
12:39:45,2.55
12:39:46,2.55
12:39:47,2.55
12:39:48,2.55
12:39:49,2.55
12:39:50,2.55
12:39:51,2.55
12:39:52,2.55
12:39:53,2.55
12:39:54,2.55
12:39:55,2.55
12:39:56,2.55
12:39:57,2.55
12:39:58,2.55
12:39:59,2.55
12:40:00,2.55
12:40:01,2.55
12:40:02,2.55
12:40:03,2.55
12:40:04,2.55
12:40:05,2.55
12:40:06,2.55
12:40:07,2.55
12:40:08,2.55
12:40:09,2.55
12:40:10,2.55
12:40:11,2.55
12:40:12,2.55
12:40:13,2.55
12:40:14,2.55
12:40:15,2.55
12:40:16,2.55
12:40:17,2.55
12:40:18,2.55
12:40:19,2.55
12:40:20,2.55
12:40:21,2.55
12:40:22,2.55
12:40:23,2.55
12:40:24,2.55
12:40:25,2.55
12:40:26,2.55
12:40:27,2.55
12:40:28,2.55
12:40:29,2.55
12:40:30,2.55
12:40:31,2.55
12:40:32,2.55
12:40:33,2.55
12:40:34,2.55
12:40:35,2.55
12:40:36,2.55
12:40:37,2.55
12:40:38,2.55
12:40:39,2.55
12:40:40,2.55
12:40:41,2.55
12:40:42,2.55
12:40:43,2.55
12:40:44,2.55
12:40:45,2.55
12:40:46,2.55
12:40:47,2.55
12:40:48,2.55
12:40:49,2.55
12:40:50,2.55
12:40:51,2.55
12:40:52,2.55
12:40:53,2.55
12:40:54,2.55
12:40:55,2.55
12:40:56,2.55
12:40:57,2.55
12:40:58,2.55
12:40:59,2.55
12:41:00,2.55
12:41:01,2.55
12:41:02,2.55
12:41:03,2.55
12:41:04,2.55
12:41:05,2.55
12:41:06,2.55
12:41:07,2.55
12:41:08,2.55
12:41:09,2.55
12:41:10,2.55
12:41:11,2.55
12:41:12,2.55
12:41:13,2.55
12:41:14,2.55
12:41:15,2.55
12:41:16,2.55
12:41:17,2.55
12:41:18,2.55
12:41:19,2.55
12:41:20,2.55
12:41:21,2.55
12:41:22,2.55
12:41:23,2.55
12:41:24,2.55
12:41:25,2.55
12:41:26,2.55
12:41:27,2.55
12:41:28,2.55
12:41:29,2.55
12:41:30,2.55
12:41:31,2.55
12:41:32,2.55
12:41:33,2.55
12:41:34,2.55
12:41:35,2.55
12:41:36,2.55
12:41:37,2.55
12:41:38,2.55
12:41:39,2.55
12:41:40,2.55
12:41:41,2.55
12:41:42,2.55
12:41:43,2.55
12:41:44,2.55
12:41:45,2.55
12:41:46,2.55
12:41:47,2.55
12:41:48,2.55
12:41:49,2.55
12:41:50,2.55
12:41:51,2.55
12:41:52,2.55
12:41:53,2.55
12:41:54,2.55
12:41:55,2.55
12:41:56,2.55
12:41:57,2.55
12:41:58,2.55
12:41:59,2.55
12:42:00,2.55
12:42:01,2.55
12:42:02,2.55
12:42:03,2.55
12:42:04,2.55
12:42:05,2.55
12:42:06,2.55
12:42:07,2.55
12:42:08,2.55
12:42:09,2.55
12:42:10,2.55
12:42:11,2.55
12:42:12,2.55
12:42:13,2.55
12:42:14,2.55
12:42:15,2.55
12:42:16,2.55
12:42:17,2.55
12:42:18,2.55
12:42:19,2.55
12:42:20,2.55
12:42:21,2.55
12:42:22,2.55
12:42:23,2.55
12:42:24,2.55
12:42:25,2.55
12:42:26,2.55
12:42:27,2.55
12:42:28,2.55
12:42:29,2.55
12:42:30,2.55
12:42:31,2.55
12:42:32,2.55
12:42:33,2.55
12:42:34,2.55
12:42:35,2.55
12:42:36,2.55
12:42:37,2.55
12:42:38,2.55
12:42:39,2.55
12:42:40,2.55
12:42:41,2.55
12:42:42,2.55
12:42:43,2.55
12:42:44,2.55
12:42:45,2.55
12:42:46,2.55
12:42:47,2.55
12:42:48,2.55
12:42:49,2.55
12:42:50,2.55
12:42:51,2.55
12:42:52,2.55
12:42:53,2.55
12:42:54,2.55
12:42:55,2.55
12:42:56,2.55
12:42:57,2.55
12:42:58,2.55
12:42:59,2.55
12:43:00,2.55
12:43:01,2.55
12:43:02,2.55
12:43:03,2.55
12:43:04,2.55
12:43:05,2.55
12:43:06,2.55
12:43:07,2.55
12:43:08,2.55
12:43:09,2.55
12:43:10,2.55
12:43:11,2.55
12:43:12,2.55
12:43:13,2.55
12:43:14,2.55
12:43:15,2.55
12:43:16,2.55
12:43:17,2.55
12:43:18,2.55
12:43:19,2.55
12:43:20,2.55
12:43:21,2.55
12:43:22,2.55
12:43:23,2.55
12:43:24,2.55
12:43:25,2.55
12:43:26,2.55
12:43:27,2.55
12:43:28,2.55
12:43:29,2.55
12:43:30,2.55
12:43:31,2.55
12:43:32,2.55
12:43:33,2.55
12:43:34,2.55
12:43:35,2.55
12:43:36,2.55
12:43:37,2.55
12:43:38,2.55
12:43:39,2.55
12:43:40,2.55
12:43:41,2.55
12:43:42,2.55
12:43:43,2.55
12:43:44,2.55
12:43:45,2.55
12:43:46,2.55
12:43:47,2.55
12:43:48,2.55
12:43:49,2.55
12:43:50,2.55
12:43:51,2.55
12:43:52,2.55
12:43:53,2.55
12:43:54,2.55
12:43:55,2.55
12:43:56,2.55
12:43:57,2.55
12:43:58,2.55
12:43:59,2.55
12:44:00,2.55
12:44:01,2.55
12:44:02,2.55
12:44:03,2.55
12:44:04,2.55
12:44:05,2.55
12:44:06,2.55
12:44:07,2.55
12:44:08,2.55
12:44:09,2.55
12:44:10,2.55
12:44:11,2.55
12:44:12,2.55
12:44:13,2.55
12:44:14,2.55
12:44:15,2.55
12:44:16,2.55
12:44:17,2.55
12:44:18,2.55
12:44:19,2.55
12:44:20,2.55
12:44:21,2.55
12:44:22,2.55
12:44:23,2.55
12:44:24,2.55
12:44:25,2.55
12:44:26,2.55
12:44:27,2.55
12:44:28,2.55
12:44:29,2.55
12:44:30,2.55
12:44:31,2.55
12:44:32,2.55
12:44:33,2.55
12:44:34,2.55
12:44:35,2.55
12:44:36,2.55
12:44:37,2.55
12:44:38,2.55
12:44:39,2.55
12:44:40,2.55
12:44:41,2.55
12:44:42,2.55
12:44:43,2.55
12:44:44,2.55
12:44:45,2.55
12:44:46,2.55
12:44:47,2.55
12:44:48,2.55
12:44:49,2.55
12:44:50,2.55
12:44:51,2.55
12:44:52,2.55
12:44:53,2.55
12:44:54,2.55
12:44:55,2.55
12:44:56,2.55
12:44:57,2.55
12:44:58,2.55
12:44:59,2.55
12:45:00,2.55
12:45:01,2.55
12:45:02,2.55
12:45:03,2.55
12:45:04,2.55
12:45:05,2.55
12:45:06,2.55
12:45:07,2.55
12:45:08,2.55
12:45:09,2.55
12:45:10,2.55
12:45:11,2.55
12:45:12,2.55
12:45:13,2.55
12:45:14,2.55
12:45:15,2.55
12:45:16,2.55
12:45:17,2.55
12:45:18,2.55
12:45:19,2.55
12:45:20,2.55
12:45:21,2.55
12:45:22,2.55
12:45:23,2.55
12:45:24,2.55
12:45:25,2.55
12:45:26,2.55
12:45:27,2.55
12:45:28,2.55
12:45:29,2.55
12:45:30,2.55
12:45:31,2.55
12:45:32,2.55
12:45:33,2.55
12:45:34,2.55
12:45:35,2.55
12:45:36,2.55
12:45:37,2.55
12:45:38,2.55
12:45:39,2.55
12:45:40,2.55
12:45:41,2.55
12:45:42,2.55
12:45:43,2.55
12:45:44,2.55
12:45:45,2.55
12:45:46,2.55
12:45:47,2.55
12:45:48,2.55
12:45:49,2.55
12:45:50,2.55
12:45:51,2.55
12:45:52,2.55
12:45:53,2.55
12:45:54,2.55
12:45:55,2.55
12:45:56,2.55
12:45:57,2.55
12:45:58,2.55
12:45:59,2.55
12:46:00,2.55
12:46:01,2.55
12:46:02,2.55
12:46:03,2.55
12:46:04,2.55
12:46:05,2.55
12:46:06,2.55
12:46:07,2.55
12:46:08,2.55
12:46:09,2.55
12:46:10,2.55
12:46:11,2.55
12:46:12,2.55
12:46:13,2.55
12:46:14,2.55
12:46:15,2.55
12:46:16,2.55
12:46:17,2.55
12:46:18,2.55
12:46:19,2.55
12:46:20,2.55
12:46:21,2.55
12:46:22,2.55
12:46:23,2.55
12:46:24,2.55
12:46:25,2.55
12:46:26,2.55
12:46:27,2.55
12:46:28,2.55
12:46:29,2.55
12:46:30,2.55
12:46:31,2.55
12:46:32,2.55
12:46:33,2.55
12:46:34,2.55
12:46:35,2.55
12:46:36,2.55
12:46:37,2.55
12:46:38,2.55
12:46:39,2.55
12:46:40,2.55
12:46:41,2.55
12:46:42,2.55
12:46:43,2.55
12:46:44,2.55
12:46:45,2.55
12:46:46,2.55
12:46:47,2.55
12:46:48,2.55
12:46:49,2.55
12:46:50,2.55
12:46:51,2.55
12:46:52,2.55
12:46:53,2.55
12:46:54,2.55
12:46:55,2.55
12:46:56,2.55
12:46:57,2.55
12:46:58,2.55
12:46:59,2.55
12:47:00,2.55
12:47:01,2.55
12:47:02,2.55
12:47:03,2.55
12:47:04,2.55
12:47:05,2.55
12:47:06,2.55
12:47:07,2.55
12:47:08,2.55
12:47:09,2.55
12:47:10,2.55
12:47:11,2.55
12:47:12,2.55
12:47:13,2.55
12:47:14,2.55
12:47:15,2.55
12:47:16,2.55
12:47:17,2.55
12:47:18,2.55
12:47:19,2.55
12:47:20,2.55
12:47:21,2.55
12:47:22,2.55
12:47:23,2.55
12:47:24,2.55
12:47:25,2.55
12:47:26,2.55
12:47:27,2.55
12:47:28,2.55
12:47:29,2.55
12:47:30,2.55
12:47:31,2.55
12:47:32,2.55
12:47:33,2.55
12:47:34,2.55
12:47:35,2.55
12:47:36,2.55
12:47:37,2.55
12:47:38,2.55
12:47:39,2.55
12:47:40,2.55
12:47:41,2.55
12:47:42,2.55
12:47:43,2.55
12:47:44,2.55
12:47:45,2.55
12:47:46,2.55
12:47:47,2.55
12:47:48,2.55
12:47:49,2.55
12:47:50,2.55
12:47:51,2.55
12:47:52,2.55
12:47:53,2.55
12:47:54,2.55
12:47:55,2.55
12:47:56,2.55
12:47:57,2.55
12:47:58,2.55
12:47:59,2.55
12:48:00,2.55
12:48:01,2.55
12:48:02,2.55
12:48:03,2.55
12:48:04,2.55
12:48:05,2.55
12:48:06,2.55
12:48:07,2.55
12:48:08,2.55
12:48:09,2.55
12:48:10,2.55
12:48:11,2.55
12:48:12,2.55
12:48:13,2.55
12:48:14,2.55
12:48:15,2.55
12:48:16,2.55
12:48:17,2.55
12:48:18,2.55
12:48:19,2.55
12:48:20,2.55
12:48:21,2.55
12:48:22,2.55
12:48:23,2.55
12:48:24,2.55
12:48:25,2.55
12:48:26,2.55
12:48:27,2.55
12:48:28,2.55
12:48:29,2.55
12:48:30,2.55
12:48:31,2.55
12:48:32,2.55
12:48:33,2.55
12:48:34,2.55
12:48:35,2.55
12:48:36,2.55
12:48:37,2.55
12:48:38,2.55
12:48:39,2.55
12:48:40,2.55
12:48:41,2.55
12:48:42,2.55
12:48:43,2.55
12:48:44,2.55
12:48:45,2.55
12:48:46,2.55
12:48:47,2.55
12:48:48,2.55
12:48:49,2.55
12:48:50,2.55
12:48:51,2.55
12:48:52,2.55
12:48:53,2.55
12:48:54,2.55
12:48:55,2.55
12:48:56,2.55
12:48:57,2.55
12:48:58,2.55
12:48:59,2.55
12:49:00,2.55
12:49:01,2.55
12:49:02,2.55
12:49:03,2.55
12:49:04,2.55
12:49:05,2.55
12:49:06,2.55
12:49:07,2.55
12:49:08,2.55
12:49:09,2.55
12:49:10,2.55
12:49:11,2.55
12:49:12,2.55
12:49:13,2.55
12:49:14,2.55
12:49:15,2.55
12:49:16,2.55
12:49:17,2.55
12:49:18,2.55
12:49:19,2.55
12:49:20,2.55
12:49:21,2.55
12:49:22,2.55
12:49:23,2.55
12:49:24,2.55
12:49:25,2.55
12:49:26,2.55
12:49:27,2.55
12:49:28,2.55
12:49:29,2.55
12:49:30,2.55
12:49:31,2.55
12:49:32,2.55
12:49:33,2.55
12:49:34,2.55
12:49:35,2.55
12:49:36,2.55
12:49:37,2.55
12:49:38,2.55
12:49:39,2.55
12:49:40,2.55
12:49:41,2.55
12:49:42,2.55
12:49:43,2.55
12:49:44,2.55
12:49:45,2.55
12:49:46,2.55
12:49:47,2.55
12:49:48,2.55
12:49:49,2.55
12:49:50,2.55
12:49:51,2.55
12:49:52,2.55
12:49:53,2.55
12:49:54,2.55
12:49:55,2.55
12:49:56,2.55
12:49:57,2.55
12:49:58,2.55
12:49:59,2.55
12:50:00,2.55
12:50:01,2.55
12:50:02,2.55
12:50:03,2.55
12:50:04,2.55
12:50:05,2.55
12:50:06,2.55
12:50:07,2.55
12:50:08,2.55
12:50:09,2.55
12:50:10,2.55
12:50:11,2.55
12:50:12,2.55
12:50:13,2.55
12:50:14,2.55
12:50:15,2.55
12:50:16,2.55
12:50:17,2.55
12:50:18,2.55
12:50:19,2.55
12:50:20,2.55
12:50:21,2.55
12:50:22,2.55
12:50:23,2.55
12:50:24,2.55
12:50:25,2.55
12:50:26,2.55
12:50:27,2.55
12:50:28,2.55
12:50:29,2.55
12:50:30,2.55
12:50:31,2.55
12:50:32,2.55
12:50:33,2.55
12:50:34,2.55
12:50:35,2.55
12:50:36,2.55
12:50:37,2.55
12:50:38,2.55
12:50:39,2.55
12:50:40,2.55
12:50:41,2.55
12:50:42,2.55
12:50:43,2.55
12:50:44,2.55
12:50:45,2.55
12:50:46,2.55
12:50:47,2.55
12:50:48,2.55
12:50:49,2.55
12:50:50,2.55
12:50:51,2.55
12:50:52,2.55
12:50:53,2.55
12:50:54,2.55
12:50:55,2.55
12:50:56,2.55
12:50:57,2.55
12:50:58,2.55
12:50:59,2.55
12:51:00,2.55
12:51:01,2.55
12:51:02,2.55
12:51:03,2.55
12:51:04,2.55
12:51:05,2.55
12:51:06,2.55
12:51:07,2.55
12:51:08,2.55
12:51:09,2.55
12:51:10,2.55
12:51:11,2.55
12:51:12,2.55
12:51:13,2.55
12:51:14,2.55
12:51:15,2.55
12:51:16,2.55
12:51:17,2.55
12:51:18,2.55
12:51:19,2.55
12:51:20,2.55
12:51:21,2.55
12:51:22,2.55
12:51:23,2.55
12:51:24,2.55
12:51:25,2.55
12:51:26,2.55
12:51:27,2.55
12:51:28,2.55
12:51:29,2.55
12:51:30,2.55
12:51:31,2.55
12:51:32,2.55
12:51:33,2.55
12:51:34,2.55
12:51:35,2.55
12:51:36,2.55
12:51:37,2.55
12:51:38,2.55
12:51:39,2.55
12:51:40,2.55
12:51:41,2.55
12:51:42,2.55
12:51:43,2.55
12:51:44,2.55
12:51:45,2.55
12:51:46,2.55
12:51:47,2.55
12:51:48,2.55
12:51:49,2.55
12:51:50,2.55
12:51:51,2.55
12:51:52,2.55
12:51:53,2.55
12:51:54,2.55
12:51:55,2.55
12:51:56,2.55
12:51:57,2.55
12:51:58,2.55
12:51:59,2.55
12:52:00,2.55
12:52:01,2.55
12:52:02,2.55
12:52:03,2.55
12:52:04,2.55
12:52:05,2.55
12:52:06,2.55
12:52:07,2.55
12:52:08,2.55
12:52:09,2.55
12:52:10,2.55
12:52:11,2.55
12:52:12,2.55
12:52:13,2.55
12:52:14,2.55
12:52:15,2.55
12:52:16,2.55
12:52:17,2.55
12:52:18,2.55
12:52:19,2.55
12:52:20,2.55
12:52:21,2.55
12:52:22,2.55
12:52:23,2.55
12:52:24,2.55
12:52:25,2.55
12:52:26,2.55
12:52:27,2.55
12:52:28,2.55
12:52:29,2.55
12:52:30,2.55
12:52:31,2.55
12:52:32,2.55
12:52:33,2.55
12:52:34,2.55
12:52:35,2.55
12:52:36,2.55
12:52:37,2.55
12:52:38,2.55
12:52:39,2.55
12:52:40,2.55
12:52:41,2.55
12:52:42,2.55
12:52:43,2.55
12:52:44,2.55
12:52:45,2.55
12:52:46,2.55
12:52:47,2.55
12:52:48,2.55
12:52:49,2.55
12:52:50,2.55
12:52:51,2.55
12:52:52,2.55
12:52:53,2.55
12:52:54,2.55
12:52:55,2.55
12:52:56,2.55
12:52:57,2.55
12:52:58,2.55
12:52:59,2.55
12:53:00,2.55
12:53:01,2.55
12:53:02,2.55
12:53:03,2.55
12:53:04,2.55
12:53:05,2.55
12:53:06,2.55
12:53:07,2.55
12:53:08,2.55
12:53:09,2.55
12:53:10,2.55
12:53:11,2.55
12:53:12,2.55
12:53:13,2.55
12:53:14,2.55
12:53:15,2.55
12:53:16,2.55
12:53:17,2.55
12:53:18,2.55
12:53:19,2.55
12:53:20,2.55
12:53:21,2.55
12:53:22,2.55
12:53:23,2.55
12:53:24,2.55
12:53:25,2.55
12:53:26,2.55
12:53:27,2.55
12:53:28,2.55
12:53:29,2.55
12:53:30,2.55
12:53:31,2.55
12:53:32,2.55
12:53:33,2.55
12:53:34,2.55
12:53:35,2.55
12:53:36,2.55
12:53:37,2.55
12:53:38,2.55
12:53:39,2.55
12:53:40,2.55
12:53:41,2.55
12:53:42,2.55
12:53:43,2.55
12:53:44,2.55
12:53:45,2.55
12:53:46,2.55
12:53:47,2.55
12:53:48,2.55
12:53:49,2.55
12:53:50,2.55
12:53:51,2.55
12:53:52,2.55
12:53:53,2.55
12:53:54,2.55
12:53:55,2.55
12:53:56,2.55
12:53:57,2.55
12:53:58,2.55
12:53:59,2.55
12:54:00,2.55
12:54:01,2.55
12:54:02,2.55
12:54:03,2.55
12:54:04,2.55
12:54:05,2.55
12:54:06,2.55
12:54:07,2.55
12:54:08,2.55
12:54:09,2.55
12:54:10,2.55
12:54:11,2.55
12:54:12,2.55
12:54:13,2.55
12:54:14,2.55
12:54:15,2.55
12:54:16,2.55
12:54:17,2.55
12:54:18,2.55
12:54:19,2.55
12:54:20,2.55
12:54:21,2.55
12:54:22,2.55
12:54:23,2.55
12:54:24,2.55
12:54:25,2.55
12:54:26,2.55
12:54:27,2.55
12:54:28,2.55
12:54:29,2.55
12:54:30,2.55
12:54:31,2.55
12:54:32,2.55
12:54:33,2.55
12:54:34,2.55
12:54:35,2.55
12:54:36,2.55
12:54:37,2.55
12:54:38,2.55
12:54:39,2.55
12:54:40,2.55
12:54:41,2.55
12:54:42,2.55
12:54:43,2.55
12:54:44,2.55
12:54:45,2.55
12:54:46,2.55
12:54:47,2.55
12:54:48,2.55
12:54:49,2.55
12:54:50,2.55
12:54:51,2.55
12:54:52,2.55
12:54:53,2.55
12:54:54,2.55
12:54:55,2.55
12:54:56,2.55
12:54:57,2.55
12:54:58,2.55
12:54:59,2.55
12:55:00,2.55
12:55:01,2.55
12:55:02,2.55
12:55:03,2.55
12:55:04,2.55
12:55:05,2.55
12:55:06,2.55
12:55:07,2.55
12:55:08,2.55
12:55:09,2.55
12:55:10,2.55
12:55:11,2.55
12:55:12,2.55
12:55:13,2.55
12:55:14,2.55
12:55:15,2.55
12:55:16,2.55
12:55:17,2.55
12:55:18,2.55
12:55:19,2.55
12:55:20,2.55
12:55:21,2.55
12:55:22,2.55
12:55:23,2.55
12:55:24,2.55
12:55:25,2.55
12:55:26,2.55
12:55:27,2.55
12:55:28,2.55
12:55:29,2.55
12:55:30,2.55
12:55:31,2.55
12:55:32,2.55
12:55:33,2.55
12:55:34,2.55
12:55:35,2.55
12:55:36,2.55
12:55:37,2.55
12:55:38,2.55
12:55:39,2.55
12:55:40,2.55
12:55:41,2.55
12:55:42,2.55
12:55:43,2.55
12:55:44,2.55
12:55:45,2.55
12:55:46,2.55
12:55:47,2.55
12:55:48,2.55
12:55:49,2.55
12:55:50,2.55
12:55:51,2.55
12:55:52,2.55
12:55:53,2.55
12:55:54,2.55
12:55:55,2.55
12:55:56,2.55
12:55:57,2.55
12:55:58,2.55
12:55:59,2.55
12:56:00,2.55
12:56:01,2.55
12:56:02,2.55
12:56:03,2.55
12:56:04,2.55
12:56:05,2.55
12:56:06,2.55
12:56:07,2.55
12:56:08,2.55
12:56:09,2.55
12:56:10,2.55
12:56:11,2.55
12:56:12,2.55
12:56:13,2.55
12:56:14,2.55
12:56:15,2.55
12:56:16,2.55
12:56:17,2.55
12:56:18,2.55
12:56:19,2.55
12:56:20,2.55
12:56:21,2.55
12:56:22,2.55
12:56:23,2.55
12:56:24,2.55
12:56:25,2.55
12:56:26,2.55
12:56:27,2.55
12:56:28,2.55
12:56:29,2.55
12:56:30,2.55
12:56:31,2.55
12:56:32,2.55
12:56:33,2.55
12:56:34,2.55
12:56:35,2.55
12:56:36,2.55
12:56:37,2.55
12:56:38,2.55
12:56:39,2.55
12:56:40,2.55
12:56:41,2.55
12:56:42,2.55
12:56:43,2.55
12:56:44,2.55
12:56:45,2.55
12:56:46,2.55
12:56:47,2.55
12:56:48,2.55
12:56:49,2.55
12:56:50,2.55
12:56:51,2.55
12:56:52,2.55
12:56:53,2.55
12:56:54,2.55
12:56:55,2.55
12:56:56,2.55
12:56:57,2.55
12:56:58,2.55
12:56:59,2.55
12:57:00,2.55
12:57:01,2.55
12:57:02,2.55
12:57:03,2.55
12:57:04,2.55
12:57:05,2.55
12:57:06,2.55
12:57:07,2.55
12:57:08,2.55
12:57:09,2.55
12:57:10,2.55
12:57:11,2.55
12:57:12,2.55
12:57:13,2.55
12:57:14,2.55
12:57:15,2.55
12:57:16,2.55
12:57:17,2.55
12:57:18,2.55
12:57:19,2.55
12:57:20,2.55
12:57:21,2.55
12:57:22,2.55
12:57:23,2.55
12:57:24,2.55
12:57:25,2.55
12:57:26,2.55
12:57:27,2.55
12:57:28,2.55
12:57:29,2.55
12:57:30,2.55
12:57:31,2.55
12:57:32,2.55
12:57:33,2.55
12:57:34,2.55
12:57:35,2.55
12:57:36,2.55
12:57:37,2.55
12:57:38,2.55
12:57:39,2.55
12:57:40,2.55
12:57:41,2.55
12:57:42,2.55
12:57:43,2.55
12:57:44,2.55
12:57:45,2.55
12:57:46,2.55
12:57:47,2.55
12:57:48,2.55
12:57:49,2.55
12:57:50,2.55
12:57:51,2.55
12:57:52,2.55
12:57:53,2.55
12:57:54,2.55
12:57:55,2.55
12:57:56,2.55
12:57:57,2.55
12:57:58,2.55
12:57:59,2.55
12:58:00,2.55
12:58:01,2.55
12:58:02,2.55
12:58:03,2.55
12:58:04,2.55
12:58:05,2.55
12:58:06,2.55
12:58:07,2.55
12:58:08,2.55
12:58:09,2.55
12:58:10,2.55
12:58:11,2.55
12:58:12,2.55
12:58:13,2.55
12:58:14,2.55
12:58:15,2.55
12:58:16,2.55
12:58:17,2.55
12:58:18,2.55
12:58:19,2.55
12:58:20,2.55
12:58:21,2.55
12:58:22,2.55
12:58:23,2.55
12:58:24,2.55
12:58:25,2.55
12:58:26,2.55
12:58:27,2.55
12:58:28,2.55
12:58:29,2.55
12:58:30,2.55
12:58:31,2.55
12:58:32,2.55
12:58:33,2.55
12:58:34,2.55
12:58:35,2.55
12:58:36,2.55
12:58:37,2.55
12:58:38,2.55
12:58:39,2.55
12:58:40,2.55
12:58:41,2.55
12:58:42,2.55
12:58:43,2.55
12:58:44,2.55
12:58:45,2.55
12:58:46,2.55
12:58:47,2.55
12:58:48,2.55
12:58:49,2.55
12:58:50,2.55
12:58:51,2.55
12:58:52,2.55
12:58:53,2.55
12:58:54,2.55
12:58:55,2.55
12:58:56,2.55
12:58:57,2.55
12:58:58,2.55
12:58:59,2.55
12:59:00,2.55
12:59:01,2.55
12:59:02,2.55
12:59:03,2.55
12:59:04,2.55
12:59:05,2.55
12:59:06,2.55
12:59:07,2.55
12:59:08,2.55
12:59:09,2.55
12:59:10,2.55
12:59:11,2.55
12:59:12,2.55
12:59:13,2.55
12:59:14,2.55
12:59:15,2.55
12:59:16,2.55
12:59:17,2.55
12:59:18,2.55
12:59:19,2.55
12:59:20,2.55
12:59:21,2.55
12:59:22,2.55
12:59:23,2.55
12:59:24,2.55
12:59:25,2.55
12:59:26,2.55
12:59:27,2.55
12:59:28,2.55
12:59:29,2.55
12:59:30,2.55
12:59:31,2.55
12:59:32,2.55
12:59:33,2.55
12:59:34,2.55
12:59:35,2.55
12:59:36,2.55
12:59:37,2.55
12:59:38,2.55
12:59:39,2.55
12:59:40,2.55
12:59:41,2.55
12:59:42,2.55
12:59:43,2.55
12:59:44,2.55
12:59:45,2.55
12:59:46,2.55
12:59:47,2.55
12:59:48,2.55
12:59:49,2.55
12:59:50,2.55
12:59:51,2.55
12:59:52,2.55
12:59:53,2.55
12:59:54,2.55
12:59:55,2.55
12:59:56,2.55
12:59:57,2.55
12:59:58,2.55
12:59:59,2.55
13:00:00,2.55
13:00:01,2.55
13:00:02,2.55
13:00:03,2.55
13:00:04,2.55
13:00:05,2.55
13:00:06,2.55
13:00:07,2.55
13:00:08,2.55
13:00:09,2.55
13:00:10,2.55
13:00:11,2.55
13:00:12,2.55
13:00:13,2.55
13:00:14,2.55
13:00:15,2.55
13:00:16,2.55
13:00:17,2.55
13:00:18,2.55
13:00:19,2.55
13:00:20,2.55
13:00:21,2.55
13:00:22,2.55
13:00:23,2.55
13:00:24,2.55
13:00:25,2.55
13:00:26,2.55
13:00:27,2.55
13:00:28,2.55
13:00:29,2.55
13:00:30,2.55
13:00:31,2.55
13:00:32,2.55
13:00:33,2.55
13:00:34,2.55
13:00:35,2.55
13:00:36,2.55
13:00:37,2.55
13:00:38,2.55
13:00:39,2.55
13:00:40,2.55
13:00:41,2.55
13:00:42,2.55
13:00:43,2.55
13:00:44,2.55
13:00:45,2.55
13:00:46,2.55
13:00:47,2.55
13:00:48,2.55
13:00:49,2.55
13:00:50,2.55
13:00:51,2.55
13:00:52,2.55
13:00:53,2.55
13:00:54,2.55
13:00:55,2.55
13:00:56,2.55
13:00:57,2.55
13:00:58,2.55
13:00:59,2.55
13:01:00,2.55
13:01:01,2.55
13:01:02,2.55
13:01:03,2.55
13:01:04,2.55
13:01:05,2.55
13:01:06,2.55
13:01:07,2.55
13:01:08,2.55
13:01:09,2.55
13:01:10,2.55
13:01:11,2.55
13:01:12,2.55
13:01:13,2.55
13:01:14,2.55
13:01:15,2.55
13:01:16,2.55
13:01:17,2.55
13:01:18,2.55
13:01:19,2.55
13:01:20,2.55
13:01:21,2.55
13:01:22,2.55
13:01:23,2.55
13:01:24,2.55
13:01:25,2.55
13:01:26,2.55
13:01:27,2.55
13:01:28,2.55
13:01:29,2.55
13:01:30,2.55
13:01:31,2.55
13:01:32,2.55
13:01:33,2.55
13:01:34,2.55
13:01:35,2.55
13:01:36,2.55
13:01:37,2.55
13:01:38,2.55
13:01:39,2.55
13:01:40,2.55
13:01:41,2.55
13:01:42,2.55
13:01:43,2.55
13:01:44,2.55
13:01:45,2.55
13:01:46,2.55
13:01:47,2.55
13:01:48,2.55
13:01:49,2.55
13:01:50,2.55
13:01:51,2.55
13:01:52,2.55
13:01:53,2.55
13:01:54,2.55
13:01:55,2.55
13:01:56,2.55
13:01:57,2.55
13:01:58,2.55
13:01:59,2.55
13:02:00,2.55
13:02:01,2.55
13:02:02,2.55
13:02:03,2.55
13:02:04,2.55
13:02:05,2.55
13:02:06,2.55
13:02:07,2.55
13:02:08,2.55
13:02:09,2.55
13:02:10,2.55
13:02:11,2.55
13:02:12,2.55
13:02:13,2.55
13:02:14,2.55
13:02:15,2.55
13:02:16,2.55
13:02:17,2.55
13:02:18,2.55
13:02:19,2.55
13:02:20,2.55
13:02:21,2.55
13:02:22,2.55
13:02:23,2.55
13:02:24,2.55
13:02:25,2.55
13:02:26,2.55
13:02:27,2.55
13:02:28,2.55
13:02:29,2.55
13:02:30,2.55
13:02:31,2.55
13:02:32,2.55
13:02:33,2.55
13:02:34,2.55
13:02:35,2.55
13:02:36,2.55
13:02:37,2.55
13:02:38,2.55
13:02:39,2.55
13:02:40,2.55
13:02:41,2.55
13:02:42,2.55
13:02:43,2.55
13:02:44,2.55
13:02:45,2.55
13:02:46,2.55
13:02:47,2.55
13:02:48,2.55
13:02:49,2.55
13:02:50,2.55
13:02:51,2.55
13:02:52,2.55
13:02:53,2.55
13:02:54,2.55
13:02:55,2.55
13:02:56,2.55
13:02:57,2.55
13:02:58,2.55
13:02:59,2.55
13:03:00,2.55
13:03:01,2.55
13:03:02,2.55
13:03:03,2.55
13:03:04,2.55
13:03:05,2.55
13:03:06,2.55
13:03:07,2.55
13:03:08,2.55
13:03:09,2.55
13:03:10,2.55
13:03:11,2.55
13:03:12,2.55
13:03:13,2.55
13:03:14,2.55
13:03:15,2.55
13:03:16,2.55
13:03:17,2.55
13:03:18,2.55
13:03:19,2.55
13:03:20,2.55
13:03:21,2.55
13:03:22,2.55
13:03:23,2.55
13:03:24,2.55
13:03:25,2.55
13:03:26,2.55
13:03:27,2.55
13:03:28,2.55
13:03:29,2.55
13:03:30,2.55
13:03:31,2.55
13:03:32,2.55
13:03:33,2.55
13:03:34,2.55
13:03:35,2.55
13:03:36,2.55
13:03:37,2.55
13:03:38,2.55
13:03:39,2.55
13:03:40,2.55
13:03:41,2.55
13:03:42,2.55
13:03:43,2.55
13:03:44,2.55
13:03:45,2.55
13:03:46,2.55
13:03:47,2.55
13:03:48,2.55
13:03:49,2.55
13:03:50,2.55
13:03:51,2.55
13:03:52,2.55
13:03:53,2.55
13:03:54,2.55
13:03:55,2.55
13:03:56,2.55
13:03:57,2.55
13:03:58,2.55
13:03:59,2.55
13:04:00,2.55
13:04:01,2.55
13:04:02,2.55
13:04:03,2.55
13:04:04,2.55
13:04:05,2.55
13:04:06,2.55
13:04:07,2.55
13:04:08,2.55
13:04:09,2.55
13:04:10,2.55
13:04:11,2.55
13:04:12,2.55
13:04:13,2.55
13:04:14,2.55
13:04:15,2.55
13:04:16,2.55
13:04:17,2.55
13:04:18,2.55
13:04:19,2.55
13:04:20,2.55
13:04:21,2.55
13:04:22,2.55
13:04:23,2.55
13:04:24,2.55
13:04:25,2.55
13:04:26,2.55
13:04:27,2.55
13:04:28,2.55
13:04:29,2.55
13:04:30,2.55
13:04:31,2.55
13:04:32,2.55
13:04:33,2.55
13:04:34,2.55
13:04:35,2.55
13:04:36,2.55
13:04:37,2.55
13:04:38,2.55
13:04:39,2.55
13:04:40,2.55
13:04:41,2.55
13:04:42,2.55
13:04:43,2.55
13:04:44,2.55
13:04:45,2.55
13:04:46,2.55
13:04:47,2.55
13:04:48,2.55
13:04:49,2.55
13:04:50,2.55
13:04:51,2.55
13:04:52,2.55
13:04:53,2.55
13:04:54,2.55
13:04:55,2.55
13:04:56,2.55
13:04:57,2.55
13:04:58,2.55
13:04:59,2.55
13:05:00,2.55
13:05:01,2.55
13:05:02,2.55
13:05:03,2.55
13:05:04,2.55
13:05:05,2.55
13:05:06,2.55
13:05:07,2.55
13:05:08,2.55
13:05:09,2.55
13:05:10,2.55
13:05:11,2.55
13:05:12,2.55
13:05:13,2.55
13:05:14,2.55
13:05:15,2.55
13:05:16,2.55
13:05:17,2.55
13:05:18,2.55
13:05:19,2.55
13:05:20,2.55
13:05:21,2.55
13:05:22,2.55
13:05:23,2.55
13:05:24,2.55
13:05:25,2.55
13:05:26,2.55
13:05:27,2.55
13:05:28,2.55
13:05:29,2.55
13:05:30,2.55
13:05:31,2.55
13:05:32,2.55
13:05:33,2.55
13:05:34,2.55
13:05:35,2.55
13:05:36,2.55
13:05:37,2.55
13:05:38,2.55
13:05:39,2.55
13:05:40,2.55
13:05:41,2.55
13:05:42,2.55
13:05:43,2.55
13:05:44,2.55
13:05:45,2.55
13:05:46,2.55
13:05:47,2.55
13:05:48,2.55
13:05:49,2.55
13:05:50,2.55
13:05:51,2.55
13:05:52,2.55
13:05:53,2.55
13:05:54,2.55
13:05:55,2.55
13:05:56,2.55
13:05:57,2.55
13:05:58,2.55
13:05:59,2.55
13:06:00,2.55
13:06:01,2.55
13:06:02,2.55
13:06:03,2.55
13:06:04,2.55
13:06:05,2.55
13:06:06,2.55
13:06:07,2.55
13:06:08,2.55
13:06:09,2.55
13:06:10,2.55
13:06:11,2.55
13:06:12,2.55
13:06:13,2.55
13:06:14,2.55
13:06:15,2.55
13:06:16,2.55
13:06:17,2.55
13:06:18,2.55
13:06:19,2.55
13:06:20,2.55
13:06:21,2.55
13:06:22,2.55
13:06:23,2.55
13:06:24,2.55
13:06:25,2.55
13:06:26,2.55
13:06:27,2.55
13:06:28,2.55
13:06:29,2.55
13:06:30,2.55
13:06:31,2.55
13:06:32,2.55
13:06:33,2.55
13:06:34,2.55
13:06:35,2.55
13:06:36,2.55
13:06:37,2.55
13:06:38,2.55
13:06:39,2.55
13:06:40,2.55
13:06:41,2.55
13:06:42,2.55
13:06:43,2.55
13:06:44,2.55
13:06:45,2.55
13:06:46,2.55
13:06:47,2.55
13:06:48,2.55
13:06:49,2.55
13:06:50,2.55
13:06:51,2.55
13:06:52,2.55
13:06:53,2.55
13:06:54,2.55
13:06:55,2.55
13:06:56,2.55
13:06:57,2.55
13:06:58,2.55
13:06:59,2.55
13:07:00,2.55
13:07:01,2.55
13:07:02,2.55
13:07:03,2.55
13:07:04,2.55
13:07:05,2.55
13:07:06,2.55
13:07:07,2.55
13:07:08,2.55
13:07:09,2.55
13:07:10,2.55
13:07:11,2.55
13:07:12,2.55
13:07:13,2.55
13:07:14,2.55
13:07:15,2.55
13:07:16,2.55
13:07:17,2.55
13:07:18,2.55
13:07:19,2.55
13:07:20,2.55
13:07:21,2.55
13:07:22,2.55
13:07:23,2.55
13:07:24,2.55
13:07:25,2.55
13:07:26,2.55
13:07:27,2.55
13:07:28,2.55
13:07:29,2.55
13:07:30,2.55
13:07:31,2.55
13:07:32,2.55
13:07:33,2.55
13:07:34,2.55
13:07:35,2.55
13:07:36,2.55
13:07:37,2.55
13:07:38,2.55
13:07:39,2.55
13:07:40,2.55
13:07:41,2.55
13:07:42,2.55
13:07:43,2.55
13:07:44,2.55
13:07:45,2.55
13:07:46,2.55
13:07:47,2.55
13:07:48,2.55
13:07:49,2.55
13:07:50,2.55
13:07:51,2.55
13:07:52,2.55
13:07:53,2.55
13:07:54,2.55
13:07:55,2.55
13:07:56,2.55
13:07:57,2.55
13:07:58,2.55
13:07:59,2.55
13:08:00,2.55
13:08:01,2.55
13:08:02,2.55
13:08:03,2.55
13:08:04,2.55
13:08:05,2.55
13:08:06,2.55
13:08:07,2.55
13:08:08,2.55
13:08:09,2.55
13:08:10,2.55
13:08:11,2.55
13:08:12,2.55
13:08:13,2.55
13:08:14,2.55
13:08:15,2.55
13:08:16,2.55
13:08:17,2.55
13:08:18,2.55
13:08:19,2.55
13:08:20,2.55
13:08:21,2.55
13:08:22,2.55
13:08:23,2.55
13:08:24,2.55
13:08:25,2.55
13:08:26,2.55
13:08:27,2.55
13:08:28,2.55
13:08:29,2.55
13:08:30,2.55
13:08:31,2.55
13:08:32,2.55
13:08:33,2.55
13:08:34,2.55
13:08:35,2.55
13:08:36,2.55
13:08:37,2.55
13:08:38,2.55
13:08:39,2.55
13:08:40,2.55
13:08:41,2.55
13:08:42,2.55
13:08:43,2.55
13:08:44,2.55
13:08:45,2.55
13:08:46,2.55
13:08:47,2.55
13:08:48,2.55
13:08:49,2.55
13:08:50,2.55
13:08:51,2.55
13:08:52,2.55
13:08:53,2.55
13:08:54,2.55
13:08:55,2.55
13:08:56,2.55
13:08:57,2.55
13:08:58,2.55
13:08:59,2.55
13:09:00,2.55
13:09:01,2.55
13:09:02,2.55
13:09:03,2.55
13:09:04,2.55
13:09:05,2.55
13:09:06,2.55
13:09:07,2.55
13:09:08,2.55
13:09:09,2.55
13:09:10,2.55
13:09:11,2.55
13:09:12,2.55
13:09:13,2.55
13:09:14,2.55
13:09:15,2.55
13:09:16,2.55
13:09:17,2.55
13:09:18,2.55
13:09:19,2.55
13:09:20,2.55
13:09:21,2.55
13:09:22,2.55
13:09:23,2.55
13:09:24,2.55
13:09:25,2.55
13:09:26,2.55
13:09:27,2.55
13:09:28,2.55
13:09:29,2.55
13:09:30,2.55
13:09:31,2.55
13:09:32,2.55
13:09:33,2.55
13:09:34,2.55
13:09:35,2.55
13:09:36,2.55
13:09:37,2.55
13:09:38,2.55
13:09:39,2.55
13:09:40,2.55
13:09:41,2.55
13:09:42,2.55
13:09:43,2.55
13:09:44,2.55
13:09:45,2.55
13:09:46,2.55
13:09:47,2.55
13:09:48,2.55
13:09:49,2.55
13:09:50,2.55
13:09:51,2.55
13:09:52,2.55
13:09:53,2.55
13:09:54,2.55
13:09:55,2.55
13:09:56,2.55
13:09:57,2.55
13:09:58,2.55
13:09:59,2.55
13:10:00,2.55
13:10:01,2.55
13:10:02,2.55
13:10:03,2.55
13:10:04,2.55
13:10:05,2.55
13:10:06,2.55
13:10:07,2.55
13:10:08,2.55
13:10:09,2.55
13:10:10,2.55
13:10:11,2.55
13:10:12,2.55
13:10:13,2.55
13:10:14,2.55
13:10:15,2.55
13:10:16,2.55
13:10:17,2.55
13:10:18,2.55
13:10:19,2.55
13:10:20,2.55
13:10:21,2.55
13:10:22,2.55
13:10:23,2.55
13:10:24,2.55
13:10:25,2.55
13:10:26,2.55
13:10:27,2.55
13:10:28,2.55
13:10:29,2.55
13:10:30,2.55
13:10:31,2.55
13:10:32,2.55
13:10:33,2.55
13:10:34,2.55
13:10:35,2.55
13:10:36,2.55
13:10:37,2.55
13:10:38,2.55
13:10:39,2.55
13:10:40,2.55
13:10:41,2.55
13:10:42,2.55
13:10:43,2.55
13:10:44,2.55
13:10:45,2.55
13:10:46,2.55
13:10:47,2.55
13:10:48,2.55
13:10:49,2.55
13:10:50,2.55
13:10:51,2.55
13:10:52,2.55
13:10:53,2.55
13:10:54,2.55
13:10:55,2.55
13:10:56,2.55
13:10:57,2.55
13:10:58,2.55
13:10:59,2.55
13:11:00,2.55
13:11:01,2.55
13:11:02,2.55
13:11:03,2.55
13:11:04,2.55
13:11:05,2.55
13:11:06,2.55
13:11:07,2.55
13:11:08,2.55
13:11:09,2.55
13:11:10,2.55
13:11:11,2.55
13:11:12,2.55
13:11:13,2.55
13:11:14,2.55
13:11:15,2.55
13:11:16,2.55
13:11:17,2.55
13:11:18,2.55
13:11:19,2.55
13:11:20,2.55
13:11:21,2.55
13:11:22,2.55
13:11:23,2.55
13:11:24,2.55
13:11:25,2.55
13:11:26,2.55
13:11:27,2.55
13:11:28,2.55
13:11:29,2.55
13:11:30,2.55
13:11:31,2.55
13:11:32,2.55
13:11:33,2.55
13:11:34,2.55
13:11:35,2.55
13:11:36,2.55
13:11:37,2.55
13:11:38,2.55
13:11:39,2.55
13:11:40,2.55
13:11:41,2.55
13:11:42,2.55
13:11:43,2.55
13:11:44,2.55
13:11:45,2.55
13:11:46,2.55
13:11:47,2.55
13:11:48,2.55
13:11:49,2.55
13:11:50,2.55
13:11:51,2.55
13:11:52,2.55
13:11:53,2.55
13:11:54,2.55
13:11:55,2.55
13:11:56,2.55
13:11:57,2.55
13:11:58,2.55
13:11:59,2.55
13:12:00,2.55
13:12:01,2.55
13:12:02,2.55
13:12:03,2.55
13:12:04,2.55
13:12:05,2.55
13:12:06,2.55
13:12:07,2.55
13:12:08,2.55
13:12:09,2.55
13:12:10,2.55
13:12:11,2.55
13:12:12,2.55
13:12:13,2.55
13:12:14,2.55
13:12:15,2.55
13:12:16,2.55
13:12:17,2.55
13:12:18,2.55
13:12:19,2.55
13:12:20,2.55
13:12:21,2.55
13:12:22,2.55
13:12:23,2.55
13:12:24,2.55
13:12:25,2.55
13:12:26,2.55
13:12:27,2.55
13:12:28,2.55
13:12:29,2.55
13:12:30,2.55
13:12:31,2.55
13:12:32,2.55
13:12:33,2.55
13:12:34,2.55
13:12:35,2.55
13:12:36,2.55
13:12:37,2.55
13:12:38,2.55
13:12:39,2.55
13:12:40,2.55
13:12:41,2.55
13:12:42,2.55
13:12:43,2.55
13:12:44,2.55
13:12:45,2.55
13:12:46,2.55
13:12:47,2.55
13:12:48,2.55
13:12:49,2.55
13:12:50,2.55
13:12:51,2.55
13:12:52,2.55
13:12:53,2.55
13:12:54,2.55
13:12:55,2.55
13:12:56,2.55
13:12:57,2.55
13:12:58,2.55
13:12:59,2.55
13:13:00,2.55
13:13:01,2.55
13:13:02,2.55
13:13:03,2.55
13:13:04,2.55
13:13:05,2.55
13:13:06,2.55
13:13:07,2.55
13:13:08,2.55
13:13:09,2.55
13:13:10,2.55
13:13:11,2.55
13:13:12,2.55
13:13:13,2.55
13:13:14,2.55
13:13:15,2.55
13:13:16,2.55
13:13:17,2.55
13:13:18,2.55
13:13:19,2.55
13:13:20,2.55
13:13:21,2.55
13:13:22,2.55
13:13:23,2.55
13:13:24,2.55
13:13:25,2.55
13:13:26,2.55
13:13:27,2.55
13:13:28,2.55
13:13:29,2.55
13:13:30,2.55
13:13:31,2.55
13:13:32,2.55
13:13:33,2.55
13:13:34,2.55
13:13:35,2.55
13:13:36,2.55
13:13:37,2.55
13:13:38,2.55
13:13:39,2.55
13:13:40,2.55
13:13:41,2.55
13:13:42,2.55
13:13:43,2.55
13:13:44,2.55
13:13:45,2.55
13:13:46,2.55
13:13:47,2.55
13:13:48,2.55
13:13:49,2.55
13:13:50,2.55
13:13:51,2.55
13:13:52,2.55
13:13:53,2.55
13:13:54,2.55
13:13:55,2.55
13:13:56,2.55
13:13:57,2.55
13:13:58,2.55
13:13:59,2.55
13:14:00,2.55
13:14:01,2.55
13:14:02,2.55
13:14:03,2.55
13:14:04,2.55
13:14:05,2.55
13:14:06,2.55
13:14:07,2.55
13:14:08,2.55
13:14:09,2.55
13:14:10,2.55
13:14:11,2.55
13:14:12,2.55
13:14:13,2.55
13:14:14,2.55
13:14:15,2.55
13:14:16,2.55
13:14:17,2.55
13:14:18,2.55
13:14:19,2.55
13:14:20,2.55
13:14:21,2.55
13:14:22,2.55
13:14:23,2.55
13:14:24,2.55
13:14:25,2.55
13:14:26,2.55
13:14:27,2.55
13:14:28,2.55
13:14:29,2.55
13:14:30,2.55
13:14:31,2.55
13:14:32,2.55
13:14:33,2.55
13:14:34,2.55
13:14:35,2.55
13:14:36,2.55
13:14:37,2.55
13:14:38,2.55
13:14:39,2.55
13:14:40,2.55
13:14:41,2.55
13:14:42,2.55
13:14:43,2.55
13:14:44,2.55
13:14:45,2.55
13:14:46,2.55
13:14:47,2.55
13:14:48,2.55
13:14:49,2.55
13:14:50,2.55
13:14:51,2.55
13:14:52,2.55
13:14:53,2.55
13:14:54,2.55
13:14:55,2.55
13:14:56,2.55
13:14:57,2.55
13:14:58,2.55
13:14:59,2.55
13:15:00,2.55
13:15:01,2.55
13:15:02,2.55
13:15:03,2.55
13:15:04,2.55
13:15:05,2.55
13:15:06,2.55
13:15:07,2.55
13:15:08,2.55
13:15:09,2.55
13:15:10,2.55
13:15:11,2.55
13:15:12,2.55
13:15:13,2.55
13:15:14,2.55
13:15:15,2.55
13:15:16,2.55
13:15:17,2.55
13:15:18,2.55
13:15:19,2.55
13:15:20,2.55
13:15:21,2.55
13:15:22,2.55
13:15:23,2.55
13:15:24,2.55
13:15:25,2.55
13:15:26,2.55
13:15:27,2.55
13:15:28,2.55
13:15:29,2.55
13:15:30,2.55
13:15:31,2.55
13:15:32,2.55
13:15:33,2.55
13:15:34,2.55
13:15:35,2.55
13:15:36,2.55
13:15:37,2.55
13:15:38,2.55
13:15:39,2.55
13:15:40,2.55
13:15:41,2.55
13:15:42,2.55
13:15:43,2.55
13:15:44,2.55
13:15:45,2.55
13:15:46,2.55
13:15:47,2.55
13:15:48,2.55
13:15:49,2.55
13:15:50,2.55
13:15:51,2.55
13:15:52,2.55
13:15:53,2.55
13:15:54,2.55
13:15:55,2.55
13:15:56,2.55
13:15:57,2.55
13:15:58,2.55
13:15:59,2.55
13:16:00,2.55
13:16:01,2.55
13:16:02,2.55
13:16:03,2.55
13:16:04,2.55
13:16:05,2.55
13:16:06,2.55
13:16:07,2.55
13:16:08,2.55
13:16:09,2.55
13:16:10,2.55
13:16:11,2.55
13:16:12,2.55
13:16:13,2.55
13:16:14,2.55
13:16:15,2.55
13:16:16,2.55
13:16:17,2.55
13:16:18,2.55
13:16:19,2.55
13:16:20,2.55
13:16:21,2.55
13:16:22,2.55
13:16:23,2.55
13:16:24,2.55
13:16:25,2.55
13:16:26,2.55
13:16:27,2.55
13:16:28,2.55
13:16:29,2.55
13:16:30,2.55
13:16:31,2.55
13:16:32,2.55
13:16:33,2.55
13:16:34,2.55
13:16:35,2.55
13:16:36,2.55
13:16:37,2.55
13:16:38,2.55
13:16:39,2.55
13:16:40,2.55
13:16:41,2.55
13:16:42,2.55
13:16:43,2.55
13:16:44,2.55
13:16:45,2.55
13:16:46,2.55
13:16:47,2.55
13:16:48,2.55
13:16:49,2.55
13:16:50,2.55
13:16:51,2.55
13:16:52,2.55
13:16:53,2.55
13:16:54,2.55
13:16:55,2.55
13:16:56,2.55
13:16:57,2.55
13:16:58,2.55
13:16:59,2.55
13:17:00,2.55
13:17:01,2.55
13:17:02,2.55
13:17:03,2.55
13:17:04,2.55
13:17:05,2.55
13:17:06,2.55
13:17:07,2.55
13:17:08,2.55
13:17:09,2.55
13:17:10,2.55
13:17:11,2.55
13:17:12,2.55
13:17:13,2.55
13:17:14,2.55
13:17:15,2.55
13:17:16,2.55
13:17:17,2.55
13:17:18,2.55
13:17:19,2.55
13:17:20,2.55
13:17:21,2.55
13:17:22,2.55
13:17:23,2.55
13:17:24,2.55
13:17:25,2.55
13:17:26,2.55
13:17:27,2.55
13:17:28,2.55
13:17:29,2.55
13:17:30,2.55
13:17:31,2.55
13:17:32,2.55
13:17:33,2.55
13:17:34,2.55
13:17:35,2.55
13:17:36,2.55
13:17:37,2.55
13:17:38,2.55
13:17:39,2.55
13:17:40,2.55
13:17:41,2.55
13:17:42,2.55
13:17:43,2.55
13:17:44,2.55
13:17:45,2.55
13:17:46,2.55
13:17:47,2.55
13:17:48,2.55
13:17:49,2.55
13:17:50,2.55
13:17:51,2.55
13:17:52,2.55
13:17:53,2.55
13:17:54,2.55
13:17:55,2.55
13:17:56,2.55
13:17:57,2.55
13:17:58,2.55
13:17:59,2.55
13:18:00,2.55
13:18:01,2.55
13:18:02,2.55
13:18:03,2.55
13:18:04,2.55
13:18:05,2.55
13:18:06,2.55
13:18:07,2.55
13:18:08,2.55
13:18:09,2.55
13:18:10,2.55
13:18:11,2.55
13:18:12,2.55
13:18:13,2.55
13:18:14,2.55
13:18:15,2.55
13:18:16,2.55
13:18:17,2.55
13:18:18,2.55
13:18:19,2.55
13:18:20,2.55
13:18:21,2.55
13:18:22,2.55
13:18:23,2.55
13:18:24,2.55
13:18:25,2.55
13:18:26,2.55
13:18:27,2.55
13:18:28,2.55
13:18:29,2.55
13:18:30,2.55
13:18:31,2.55
13:18:32,2.55
13:18:33,2.55
13:18:34,2.55
13:18:35,2.55
13:18:36,2.55
13:18:37,2.55
13:18:38,2.55
13:18:39,2.55
13:18:40,2.55
13:18:41,2.55
13:18:42,2.55
13:18:43,2.55
13:18:44,2.55
13:18:45,2.55
13:18:46,2.55
13:18:47,2.55
13:18:48,2.55
13:18:49,2.55
13:18:50,2.55
13:18:51,2.55
13:18:52,2.55
13:18:53,2.55
13:18:54,2.55
13:18:55,2.55
13:18:56,2.55
13:18:57,2.55
13:18:58,2.55
13:18:59,2.55
13:19:00,2.55
13:19:01,2.55
13:19:02,2.55
13:19:03,2.55
13:19:04,2.55
13:19:05,2.55
13:19:06,2.55
13:19:07,2.55
13:19:08,2.55
13:19:09,2.55
13:19:10,2.55
13:19:11,2.55
13:19:12,2.55
13:19:13,2.55
13:19:14,2.55
13:19:15,2.55
13:19:16,2.55
13:19:17,2.55
13:19:18,2.55
13:19:19,2.55
13:19:20,2.55
13:19:21,2.55
13:19:22,2.55
13:19:23,2.55
13:19:24,2.55
13:19:25,2.55
13:19:26,2.55
13:19:27,2.55
13:19:28,2.55
13:19:29,2.55
13:19:30,2.55
13:19:31,2.55
13:19:32,2.55
13:19:33,2.55
13:19:34,2.55
13:19:35,2.55
13:19:36,2.55
13:19:37,2.55
13:19:38,2.55
13:19:39,2.55
13:19:40,2.55
13:19:41,2.55
13:19:42,2.55
13:19:43,2.55
13:19:44,2.55
13:19:45,2.55
13:19:46,2.55
13:19:47,2.55
13:19:48,2.55
13:19:49,2.55
13:19:50,2.55
13:19:51,2.55
13:19:52,2.55
13:19:53,2.55
13:19:54,2.55
13:19:55,2.55
13:19:56,2.55
13:19:57,2.55
13:19:58,2.55
13:19:59,2.55
13:20:00,2.55
13:20:01,2.55
13:20:02,2.55
13:20:03,2.55
13:20:04,2.55
13:20:05,2.55
13:20:06,2.55
13:20:07,2.55
13:20:08,2.55
13:20:09,2.55
13:20:10,2.55
13:20:11,2.55
13:20:12,2.55
13:20:13,2.55
13:20:14,2.55
13:20:15,2.55
13:20:16,2.55
13:20:17,2.55
13:20:18,2.55
13:20:19,2.55
13:20:20,2.55
13:20:21,2.55
13:20:22,2.55
13:20:23,2.55
13:20:24,2.55
13:20:25,2.55
13:20:26,2.55
13:20:27,2.55
13:20:28,2.55
13:20:29,2.55
13:20:30,2.55
13:20:31,2.55
13:20:32,2.55
13:20:33,2.55
13:20:34,2.55
13:20:35,2.55
13:20:36,2.55
13:20:37,2.55
13:20:38,2.55
13:20:39,2.55
13:20:40,2.55
13:20:41,2.55
13:20:42,2.55
13:20:43,2.55
13:20:44,2.55
13:20:45,2.55
13:20:46,2.55
13:20:47,2.55
13:20:48,2.55
13:20:49,2.55
13:20:50,2.55
13:20:51,2.55
13:20:52,2.55
13:20:53,2.55
13:20:54,2.55
13:20:55,2.55
13:20:56,2.55
13:20:57,2.55
13:20:58,2.55
13:20:59,2.55
13:21:00,2.55
13:21:01,2.55
13:21:02,2.55
13:21:03,2.55
13:21:04,2.55
13:21:05,2.55
13:21:06,2.55
13:21:07,2.55
13:21:08,2.55
13:21:09,2.55
13:21:10,2.55
13:21:11,2.55
13:21:12,2.55
13:21:13,2.55
13:21:14,2.55
13:21:15,2.55
13:21:16,2.55
13:21:17,2.55
13:21:18,2.55
13:21:19,2.55
13:21:20,2.55
13:21:21,2.55
13:21:22,2.55
13:21:23,2.55
13:21:24,2.55
13:21:25,2.55
13:21:26,2.55
13:21:27,2.55
13:21:28,2.55
13:21:29,2.55
13:21:30,2.55
13:21:31,2.55
13:21:32,2.55
13:21:33,2.55
13:21:34,2.55
13:21:35,2.55
13:21:36,2.55
13:21:37,2.55
13:21:38,2.55
13:21:39,2.55
13:21:40,2.55
13:21:41,2.55
13:21:42,2.55
13:21:43,2.55
13:21:44,2.55
13:21:45,2.55
13:21:46,2.55
13:21:47,2.55
13:21:48,2.55
13:21:49,2.55
13:21:50,2.55
13:21:51,2.55
13:21:52,2.55
13:21:53,2.55
13:21:54,2.55
13:21:55,2.55
13:21:56,2.55
13:21:57,2.55
13:21:58,2.55
13:21:59,2.55
13:22:00,2.55
13:22:01,2.55
13:22:02,2.55
13:22:03,2.55
13:22:04,2.55
13:22:05,2.55
13:22:06,2.55
13:22:07,2.55
13:22:08,2.55
13:22:09,2.55
13:22:10,2.55
13:22:11,2.55
13:22:12,2.55
13:22:13,2.55
13:22:14,2.55
13:22:15,2.55
13:22:16,2.55
13:22:17,2.55
13:22:18,2.55
13:22:19,2.55
13:22:20,2.55
13:22:21,2.55
13:22:22,2.55
13:22:23,2.55
13:22:24,2.55
13:22:25,2.55
13:22:26,2.55
13:22:27,2.55
13:22:28,2.55
13:22:29,2.55
13:22:30,2.55
13:22:31,2.55
13:22:32,2.55
13:22:33,2.55
13:22:34,2.55
13:22:35,2.55
13:22:36,2.55
13:22:37,2.55
13:22:38,2.55
13:22:39,2.55
13:22:40,2.55
13:22:41,2.55
13:22:42,2.55
13:22:43,2.55
13:22:44,2.55
13:22:45,2.55
13:22:46,2.55
13:22:47,2.55
13:22:48,2.55
13:22:49,2.55
13:22:50,2.55
13:22:51,2.55
13:22:52,2.55
13:22:53,2.55
13:22:54,2.55
13:22:55,2.55
13:22:56,2.55
13:22:57,2.55
13:22:58,2.55
13:22:59,2.55
13:23:00,2.55
13:23:01,2.55
13:23:02,2.55
13:23:03,2.55
13:23:04,2.55
13:23:05,2.55
13:23:06,2.55
13:23:07,2.55
13:23:08,2.55
13:23:09,2.55
13:23:10,2.55
13:23:11,2.55
13:23:12,2.55
13:23:13,2.55
13:23:14,2.55
13:23:15,2.55
13:23:16,2.55
13:23:17,2.55
13:23:18,2.55
13:23:19,2.55
13:23:20,2.55
13:23:21,2.55
13:23:22,2.55
13:23:23,2.55
13:23:24,2.55
13:23:25,2.55
13:23:26,2.55
13:23:27,2.55
13:23:28,2.55
13:23:29,2.55
13:23:30,2.55
13:23:31,2.55
13:23:32,2.55
13:23:33,2.55
13:23:34,2.55
13:23:35,2.55
13:23:36,2.55
13:23:37,2.55
13:23:38,2.55
13:23:39,2.55
13:23:40,2.55
13:23:41,2.55
13:23:42,2.55
13:23:43,2.55
13:23:44,2.55
13:23:45,2.55
13:23:46,2.55
13:23:47,2.55
13:23:48,2.55
13:23:49,2.55
13:23:50,2.55
13:23:51,2.55
13:23:52,2.55
13:23:53,2.55
13:23:54,2.55
13:23:55,2.55
13:23:56,2.55
13:23:57,2.55
13:23:58,2.55
13:23:59,2.55
13:24:00,2.55
13:24:01,2.55
13:24:02,2.55
13:24:03,2.55
13:24:04,2.55
13:24:05,2.55
13:24:06,2.55
13:24:07,2.55
13:24:08,2.55
13:24:09,2.55
13:24:10,2.55
13:24:11,2.55
13:24:12,2.55
13:24:13,2.55
13:24:14,2.55
13:24:15,2.55
13:24:16,2.55
13:24:17,2.55
13:24:18,2.55
13:24:19,2.55
13:24:20,2.55
13:24:21,2.55
13:24:22,2.55
13:24:23,2.55
13:24:24,2.55
13:24:25,2.55
13:24:26,2.55
13:24:27,2.55
13:24:28,2.55
13:24:29,2.55
13:24:30,2.55
13:24:31,2.55
13:24:32,2.55
13:24:33,2.55
13:24:34,2.55
13:24:35,2.55
13:24:36,2.55
13:24:37,2.55
13:24:38,2.55
13:24:39,2.55
13:24:40,2.55
13:24:41,2.55
13:24:42,2.55
13:24:43,2.55
13:24:44,2.55
13:24:45,2.55
13:24:46,2.55
13:24:47,2.55
13:24:48,2.55
13:24:49,2.55
13:24:50,2.55
13:24:51,2.55
13:24:52,2.55
13:24:53,2.55
13:24:54,2.55
13:24:55,2.55
13:24:56,2.55
13:24:57,2.55
13:24:58,2.55
13:24:59,2.55
13:25:00,2.55
13:25:01,2.55
13:25:02,2.55
13:25:03,2.55
13:25:04,2.55
13:25:05,2.55
13:25:06,2.55
13:25:07,2.55
13:25:08,2.55
13:25:09,2.55
13:25:10,2.55
13:25:11,2.55
13:25:12,2.55
13:25:13,2.55
13:25:14,2.55
13:25:15,2.55
13:25:16,2.55
13:25:17,2.55
13:25:18,2.55
13:25:19,2.55
13:25:20,2.55
13:25:21,2.55
13:25:22,2.55
13:25:23,2.55
13:25:24,2.55
13:25:25,2.55
13:25:26,2.55
13:25:27,2.55
13:25:28,2.55
13:25:29,2.55
13:25:30,2.55
13:25:31,2.55
13:25:32,2.55
13:25:33,2.55
13:25:34,2.55
13:25:35,2.55
13:25:36,2.55
13:25:37,2.55
13:25:38,2.55
13:25:39,2.55
13:25:40,2.55
13:25:41,2.55
13:25:42,2.55
13:25:43,2.55
13:25:44,2.55
13:25:45,2.55
13:25:46,2.55
13:25:47,2.55
13:25:48,2.55
13:25:49,2.55
13:25:50,2.55
13:25:51,2.55
13:25:52,2.55
13:25:53,2.55
13:25:54,2.55
13:25:55,2.55
13:25:56,2.55
13:25:57,2.55
13:25:58,2.55
13:25:59,2.55
13:26:00,2.55
13:26:01,2.55
13:26:02,2.55
13:26:03,2.55
13:26:04,2.55
13:26:05,2.55
13:26:06,2.55
13:26:07,2.55
13:26:08,2.55
13:26:09,2.55
13:26:10,2.55
13:26:11,2.55
13:26:12,2.55
13:26:13,2.55
13:26:14,2.55
13:26:15,2.55
13:26:16,2.55
13:26:17,2.55
13:26:18,2.55
13:26:19,2.55
13:26:20,2.55
13:26:21,2.55
13:26:22,2.55
13:26:23,2.55
13:26:24,2.55
13:26:25,2.55
13:26:26,2.55
13:26:27,2.55
13:26:28,2.55
13:26:29,2.55
13:26:30,2.55
13:26:31,2.55
13:26:32,2.55
13:26:33,2.55
13:26:34,2.55
13:26:35,2.55
13:26:36,2.55
13:26:37,2.55
13:26:38,2.55
13:26:39,2.55
13:26:40,2.55
13:26:41,2.55
13:26:42,2.55
13:26:43,2.55
13:26:44,2.55
13:26:45,2.55
13:26:46,2.55
13:26:47,2.55
13:26:48,2.55
13:26:49,2.55
13:26:50,2.55
13:26:51,2.55
13:26:52,2.55
13:26:53,2.55
13:26:54,2.55
13:26:55,2.55
13:26:56,2.55
13:26:57,2.55
13:26:58,2.55
13:26:59,2.55
13:27:00,2.55
13:27:01,2.55
13:27:02,2.55
13:27:03,2.55
13:27:04,2.55
13:27:05,2.55
13:27:06,2.55
13:27:07,2.55
13:27:08,2.55
13:27:09,2.55
13:27:10,2.55
13:27:11,2.55
13:27:12,2.55
13:27:13,2.55
13:27:14,2.55
13:27:15,2.55
13:27:16,2.55
13:27:17,2.55
13:27:18,2.55
13:27:19,2.55
13:27:20,2.55
13:27:21,2.55
13:27:22,2.55
13:27:23,2.55
13:27:24,2.55
13:27:25,2.55
13:27:26,2.55
13:27:27,2.55
13:27:28,2.55
13:27:29,2.55
13:27:30,2.55
13:27:31,2.55
13:27:32,2.55
13:27:33,2.55
13:27:34,2.55
13:27:35,2.55
13:27:36,2.55
13:27:37,2.55
13:27:38,2.55
13:27:39,2.55
13:27:40,2.55
13:27:41,2.55
13:27:42,2.55
13:27:43,2.55
13:27:44,2.55
13:27:45,2.55
13:27:46,2.55
13:27:47,2.55
13:27:48,2.55
13:27:49,2.55
13:27:50,2.55
13:27:51,2.55
13:27:52,2.55
13:27:53,2.55
13:27:54,2.55
13:27:55,2.55
13:27:56,2.55
13:27:57,2.55
13:27:58,2.55
13:27:59,2.55
13:28:00,2.55
13:28:01,2.55
13:28:02,2.55
13:28:03,2.55
13:28:04,2.55
13:28:05,2.55
13:28:06,2.55
13:28:07,2.55
13:28:08,2.55
13:28:09,2.55
13:28:10,2.55
13:28:11,2.55
13:28:12,2.55
13:28:13,2.55
13:28:14,2.55
13:28:15,2.55
13:28:16,2.55
13:28:17,2.55
13:28:18,2.55
13:28:19,2.55
13:28:20,2.55
13:28:21,2.55
13:28:22,2.55
13:28:23,2.55
13:28:24,2.55
13:28:25,2.55
13:28:26,2.55
13:28:27,2.55
13:28:28,2.55
13:28:29,2.55
13:28:30,2.55
13:28:31,2.55
13:28:32,2.55
13:28:33,2.55
13:28:34,2.55
13:28:35,2.55
13:28:36,2.55
13:28:37,2.55
13:28:38,2.55
13:28:39,2.55
13:28:40,2.55
13:28:41,2.55
13:28:42,2.55
13:28:43,2.55
13:28:44,2.55
13:28:45,2.55
13:28:46,2.55
13:28:47,2.55
13:28:48,2.55
13:28:49,2.55
13:28:50,2.55
13:28:51,2.55
13:28:52,2.55
13:28:53,2.55
13:28:54,2.55
13:28:55,2.55
13:28:56,2.55
13:28:57,2.55
13:28:58,2.55
13:28:59,2.55
13:29:00,2.55
13:29:01,2.55
13:29:02,2.55
13:29:03,2.55
13:29:04,2.55
13:29:05,2.55
13:29:06,2.55
13:29:07,2.55
13:29:08,2.55
13:29:09,2.55
13:29:10,2.55
13:29:11,2.55
13:29:12,2.55
13:29:13,2.55
13:29:14,2.55
13:29:15,2.55
13:29:16,2.55
13:29:17,2.55
13:29:18,2.55
13:29:19,2.55
13:29:20,2.55
13:29:21,2.55
13:29:22,2.55
13:29:23,2.55
13:29:24,2.55
13:29:25,2.55
13:29:26,2.55
13:29:27,2.55
13:29:28,2.55
13:29:29,2.55
13:29:30,2.55
13:29:31,2.55
13:29:32,2.55
13:29:33,2.55
13:29:34,2.55
13:29:35,2.55
13:29:36,2.55
13:29:37,2.55
13:29:38,2.55
13:29:39,2.55
13:29:40,2.55
13:29:41,2.55
13:29:42,2.55
13:29:43,2.55
13:29:44,2.55
13:29:45,2.55
13:29:46,2.55
13:29:47,2.55
13:29:48,2.55
13:29:49,2.55
13:29:50,2.55
13:29:51,2.55
13:29:52,2.55
13:29:53,2.55
13:29:54,2.55
13:29:55,2.55
13:29:56,2.55
13:29:57,2.55
13:29:58,2.55
13:29:59,2.55
13:30:00,2.55
13:30:01,2.55
13:30:02,2.55
13:30:03,2.55
13:30:04,2.55
13:30:05,2.55
13:30:06,2.55
13:30:07,2.55
13:30:08,2.55
13:30:09,2.55
13:30:10,2.55
13:30:11,2.55
13:30:12,2.55
13:30:13,2.55
13:30:14,2.55
13:30:15,2.55
13:30:16,2.55
13:30:17,2.55
13:30:18,2.55
13:30:19,2.55
13:30:20,2.55
13:30:21,2.55
13:30:22,2.55
13:30:23,2.55
13:30:24,2.55
13:30:25,2.55
13:30:26,2.55
13:30:27,2.55
13:30:28,2.55
13:30:29,2.55
13:30:30,2.55
13:30:31,2.55
13:30:32,2.55
13:30:33,2.55
13:30:34,2.55
13:30:35,2.55
13:30:36,2.55
13:30:37,2.55
13:30:38,2.55
13:30:39,2.55
13:30:40,2.55
13:30:41,2.55
13:30:42,2.55
13:30:43,2.55
13:30:44,2.55
13:30:45,2.55
13:30:46,2.55
13:30:47,2.55
13:30:48,2.55
13:30:49,2.55
13:30:50,2.55
13:30:51,2.55
13:30:52,2.55
13:30:53,2.55
13:30:54,2.55
13:30:55,2.55
13:30:56,2.55
13:30:57,2.55
13:30:58,2.55
13:30:59,2.55
13:31:00,2.55
13:31:01,2.55
13:31:02,2.55
13:31:03,2.55
13:31:04,2.55
13:31:05,2.55
13:31:06,2.55
13:31:07,2.55
13:31:08,2.55
13:31:09,6.53058823529
13:31:10,10.5111764706
13:31:11,14.4917647059
13:31:12,18.4723529412
13:31:13,22.4529411765
13:31:14,26.4335294118
13:31:15,30.4141176471
13:31:16,34.3947058824
13:31:17,38.3752941176
13:31:18,42.3558823529
13:31:19,46.3364705882
13:31:20,50.3170588235
13:31:21,54.2976470588
13:31:22,58.2782352941
13:31:23,62.2588235294
13:31:24,66.2394117647
13:31:25,70.22
13:31:26,70.22
13:31:27,70.22
13:31:28,70.22
13:31:29,70.22
13:31:30,70.22
13:31:31,70.22
13:31:32,70.22
13:31:33,70.22
13:31:34,70.22
13:31:35,70.22
13:31:36,70.22
13:31:37,70.22
13:31:38,70.22
13:31:39,70.22
13:31:40,70.22
13:31:41,70.22
13:31:42,70.22
13:31:43,70.22
13:31:44,70.22
13:31:45,70.22
13:31:46,70.22
13:31:47,70.22
13:31:48,70.22
13:31:49,70.22
13:31:50,70.22
13:31:51,70.22
13:31:52,70.22
13:31:53,70.22
13:31:54,70.22
13:31:55,70.22
13:31:56,69.0746666667
13:31:57,67.9293333333
13:31:58,66.784
13:31:59,65.6386666667
13:32:00,64.4933333333
13:32:01,63.348
13:32:02,62.2026666667
13:32:03,61.0573333333
13:32:04,59.912
13:32:05,58.7666666667
13:32:06,57.6213333333
13:32:07,56.476
13:32:08,55.3306666667
13:32:09,54.1853333333
13:32:10,53.04
13:32:11,49.884375
13:32:12,46.72875
13:32:13,43.573125
13:32:14,40.4175
13:32:15,37.261875
13:32:16,34.10625
13:32:17,30.950625
13:32:18,27.795
13:32:19,24.639375
13:32:20,21.48375
13:32:21,18.328125
13:32:22,15.1725
13:32:23,12.016875
13:32:24,8.86125
13:32:25,5.705625
13:32:26,2.55
13:32:27,2.55
13:32:28,2.55
13:32:29,2.55
13:32:30,2.55
13:32:31,2.55
13:32:32,2.55
13:32:33,2.55
13:32:34,2.55
13:32:35,2.55
13:32:36,2.55
13:32:37,2.55
13:32:38,2.55
13:32:39,2.55
13:32:40,2.55
13:32:41,2.55
13:32:42,2.55
13:32:43,2.55
13:32:44,2.55
13:32:45,2.55
13:32:46,2.55
13:32:47,2.55
13:32:48,2.55
13:32:49,2.55
13:32:50,2.55
13:32:51,2.55
13:32:52,2.55
13:32:53,2.55
13:32:54,2.55
13:32:55,2.55
13:32:56,2.55
13:32:57,2.55
13:32:58,2.55
13:32:59,2.55
13:33:00,2.55
13:33:01,2.55
13:33:02,2.55
13:33:03,2.55
13:33:04,2.55
13:33:05,2.55
13:33:06,2.55
13:33:07,2.55
13:33:08,2.55
13:33:09,2.55
13:33:10,2.55
13:33:11,2.55
13:33:12,2.55
13:33:13,2.55
13:33:14,2.55
13:33:15,2.55
13:33:16,2.55
13:33:17,2.55
13:33:18,2.55
13:33:19,2.55
13:33:20,2.55
13:33:21,2.55
13:33:22,2.55
13:33:23,2.55
13:33:24,2.55
13:33:25,2.55
13:33:26,2.55
13:33:27,2.55
13:33:28,2.55
13:33:29,2.55
13:33:30,2.55
13:33:31,2.55
13:33:32,2.55
13:33:33,2.55
13:33:34,2.55
13:33:35,2.55
13:33:36,2.55
13:33:37,2.55
13:33:38,2.55
13:33:39,2.55
13:33:40,2.55
13:33:41,2.55
13:33:42,2.55
13:33:43,2.55
13:33:44,2.55
13:33:45,2.55
13:33:46,2.55
13:33:47,2.55
13:33:48,2.55
13:33:49,2.55
13:33:50,2.55
13:33:51,2.55
13:33:52,2.55
13:33:53,2.55
13:33:54,2.55
13:33:55,2.55
13:33:56,2.55
13:33:57,2.55
13:33:58,2.55
13:33:59,2.55
13:34:00,2.55
13:34:01,2.55
13:34:02,2.55
13:34:03,2.55
13:34:04,2.55
13:34:05,2.55
13:34:06,2.55
13:34:07,2.55
13:34:08,2.55
13:34:09,2.55
13:34:10,2.55
13:34:11,2.55
13:34:12,2.55
13:34:13,2.55
13:34:14,2.55
13:34:15,2.55
13:34:16,2.55
13:34:17,2.55
13:34:18,2.55
13:34:19,2.55
13:34:20,2.55
13:34:21,2.55
13:34:22,2.55
13:34:23,2.55
13:34:24,2.55
13:34:25,2.55
13:34:26,2.55
13:34:27,2.55
13:34:28,2.55
13:34:29,2.55
13:34:30,2.55
13:34:31,2.55
13:34:32,2.55
13:34:33,2.55
13:34:34,2.55
13:34:35,2.55
13:34:36,2.55
13:34:37,2.55
13:34:38,2.55
13:34:39,2.55
13:34:40,2.55
13:34:41,2.55
13:34:42,2.55
13:34:43,2.55
13:34:44,2.55
13:34:45,2.55
13:34:46,2.55
13:34:47,2.55
13:34:48,2.55
13:34:49,2.55
13:34:50,2.55
13:34:51,2.55
13:34:52,2.55
13:34:53,2.55
13:34:54,2.55
13:34:55,2.55
13:34:56,2.55
13:34:57,2.55
13:34:58,2.55
13:34:59,2.55
13:35:00,2.55
13:35:01,2.55
13:35:02,2.55
13:35:03,2.55
13:35:04,2.55
13:35:05,2.55
13:35:06,2.55
13:35:07,2.55
13:35:08,2.55
13:35:09,2.55
13:35:10,2.55
13:35:11,2.55
13:35:12,2.55
13:35:13,2.55
13:35:14,2.55
13:35:15,2.55
13:35:16,2.55
13:35:17,2.55
13:35:18,2.55
13:35:19,2.55
13:35:20,2.55
13:35:21,2.55
13:35:22,2.55
13:35:23,2.55
13:35:24,2.55
13:35:25,2.55
13:35:26,2.55
13:35:27,2.55
13:35:28,2.55
13:35:29,2.55
13:35:30,2.55
13:35:31,2.55
13:35:32,2.55
13:35:33,2.55
13:35:34,2.55
13:35:35,2.55
13:35:36,2.55
13:35:37,2.55
13:35:38,2.55
13:35:39,2.55
13:35:40,2.55
13:35:41,2.55
13:35:42,2.55
13:35:43,2.55
13:35:44,2.55
13:35:45,2.55
13:35:46,2.55
13:35:47,2.55
13:35:48,2.55
13:35:49,2.55
13:35:50,2.55
13:35:51,2.55
13:35:52,2.55
13:35:53,2.55
13:35:54,2.55
13:35:55,2.55
13:35:56,2.55
13:35:57,2.55
13:35:58,2.55
13:35:59,2.55
13:36:00,2.55
13:36:01,2.55
13:36:02,2.55
13:36:03,2.55
13:36:04,2.55
13:36:05,2.55
13:36:06,2.55
13:36:07,2.55
13:36:08,2.55
13:36:09,2.55
13:36:10,2.55
13:36:11,2.55
13:36:12,2.55
13:36:13,2.55
13:36:14,2.55
13:36:15,2.55
13:36:16,2.55
13:36:17,2.55
13:36:18,2.55
13:36:19,2.55
13:36:20,2.55
13:36:21,2.55
13:36:22,2.55
13:36:23,2.55
13:36:24,2.55
13:36:25,2.55
13:36:26,2.55
13:36:27,2.55
13:36:28,2.55
13:36:29,2.55
13:36:30,2.55
13:36:31,2.55
13:36:32,2.55
13:36:33,2.55
13:36:34,2.55
13:36:35,2.55
13:36:36,2.55
13:36:37,2.55
13:36:38,2.55
13:36:39,2.55
13:36:40,2.55
13:36:41,2.55
13:36:42,2.55
13:36:43,2.55
13:36:44,2.55
13:36:45,2.55
13:36:46,2.55
13:36:47,2.55
13:36:48,2.55
13:36:49,2.55
13:36:50,2.55
13:36:51,2.55
13:36:52,2.55
13:36:53,2.55
13:36:54,2.55
13:36:55,2.55
13:36:56,2.55
13:36:57,2.55
13:36:58,2.55
13:36:59,2.55
13:37:00,2.55
13:37:01,2.55
13:37:02,2.55
13:37:03,2.55
13:37:04,2.55
13:37:05,2.55
13:37:06,2.55
13:37:07,2.55
13:37:08,2.55
13:37:09,2.55
13:37:10,2.55
13:37:11,2.55
13:37:12,2.55
13:37:13,2.55
13:37:14,2.55
13:37:15,2.55
13:37:16,2.55
13:37:17,2.55
13:37:18,2.55
13:37:19,2.55
13:37:20,2.55
13:37:21,2.55
13:37:22,2.55
13:37:23,2.55
13:37:24,2.55
13:37:25,2.55
13:37:26,2.55
13:37:27,2.55
13:37:28,2.55
13:37:29,2.55
13:37:30,2.55
13:37:31,2.55
13:37:32,2.55
13:37:33,2.55
13:37:34,2.55
13:37:35,2.55
13:37:36,2.55
13:37:37,2.55
13:37:38,2.55
13:37:39,2.55
13:37:40,2.55
13:37:41,2.55
13:37:42,2.55
13:37:43,2.55
13:37:44,2.55
13:37:45,2.55
13:37:46,2.55
13:37:47,2.55
13:37:48,2.55
13:37:49,2.55
13:37:50,2.55
13:37:51,2.55
13:37:52,2.55
13:37:53,2.55
13:37:54,2.55
13:37:55,2.55
13:37:56,2.55
13:37:57,2.55
13:37:58,2.55
13:37:59,2.55
13:38:00,2.55
13:38:01,2.55
13:38:02,2.55
13:38:03,2.55
13:38:04,2.55
13:38:05,2.55
13:38:06,2.55
13:38:07,2.55
13:38:08,2.55
13:38:09,2.55
13:38:10,2.55
13:38:11,2.55
13:38:12,2.55
13:38:13,2.55
13:38:14,2.55
13:38:15,2.55
13:38:16,2.55
13:38:17,2.55
13:38:18,2.55
13:38:19,2.55
13:38:20,2.55
13:38:21,2.55
13:38:22,2.55
13:38:23,2.55
13:38:24,2.55
13:38:25,2.55
13:38:26,2.55
13:38:27,2.55
13:38:28,2.55
13:38:29,2.55
13:38:30,2.55
13:38:31,2.55
13:38:32,2.55
13:38:33,2.55
13:38:34,2.55
13:38:35,2.55
13:38:36,2.55
13:38:37,2.55
13:38:38,2.55
13:38:39,2.55
13:38:40,2.55
13:38:41,2.55
13:38:42,2.55
13:38:43,2.55
13:38:44,2.55
13:38:45,2.55
13:38:46,2.55
13:38:47,2.55
13:38:48,2.55
13:38:49,2.55
13:38:50,2.55
13:38:51,2.55
13:38:52,2.55
13:38:53,2.55
13:38:54,2.55
13:38:55,2.55
13:38:56,2.55
13:38:57,2.55
13:38:58,2.55
13:38:59,2.55
13:39:00,2.55
13:39:01,2.55
13:39:02,2.55
13:39:03,2.55
13:39:04,2.55
13:39:05,2.55
13:39:06,2.55
13:39:07,2.55
13:39:08,2.55
13:39:09,2.55
13:39:10,2.55
13:39:11,2.55
13:39:12,2.55
13:39:13,2.55
13:39:14,2.55
13:39:15,2.55
13:39:16,2.55
13:39:17,2.55
13:39:18,2.55
13:39:19,2.55
13:39:20,2.55
13:39:21,2.55
13:39:22,2.55
13:39:23,2.55
13:39:24,2.55
13:39:25,2.55
13:39:26,2.55
13:39:27,2.55
13:39:28,2.55
13:39:29,2.55
13:39:30,2.55
13:39:31,2.55
13:39:32,2.55
13:39:33,2.55
13:39:34,2.55
13:39:35,2.55
13:39:36,2.55
13:39:37,2.55
13:39:38,2.55
13:39:39,2.55
13:39:40,2.55
13:39:41,2.55
13:39:42,2.55
13:39:43,2.55
13:39:44,2.55
13:39:45,2.55
13:39:46,2.55
13:39:47,2.55
13:39:48,2.55
13:39:49,2.55
13:39:50,2.55
13:39:51,2.55
13:39:52,2.55
13:39:53,2.55
13:39:54,2.55
13:39:55,2.55
13:39:56,2.55
13:39:57,2.55
13:39:58,2.55
13:39:59,2.55
13:40:00,2.55
13:40:01,2.55
13:40:02,2.55
13:40:03,2.55
13:40:04,2.55
13:40:05,2.55
13:40:06,2.55
13:40:07,2.55
13:40:08,2.55
13:40:09,2.55
13:40:10,2.55
13:40:11,2.55
13:40:12,2.55
13:40:13,2.55
13:40:14,2.55
13:40:15,2.55
13:40:16,2.55
13:40:17,2.55
13:40:18,2.55
13:40:19,2.55
13:40:20,2.55
13:40:21,2.55
13:40:22,2.55
13:40:23,2.55
13:40:24,2.55
13:40:25,2.55
13:40:26,2.55
13:40:27,2.55
13:40:28,2.55
13:40:29,2.55
13:40:30,2.55
13:40:31,2.55
13:40:32,2.55
13:40:33,2.55
13:40:34,2.55
13:40:35,2.55
13:40:36,2.55
13:40:37,2.55
13:40:38,2.55
13:40:39,2.55
13:40:40,2.55
13:40:41,2.55
13:40:42,2.55
13:40:43,2.55
13:40:44,2.55
13:40:45,2.55
13:40:46,2.55
13:40:47,2.55
13:40:48,2.55
13:40:49,2.55
13:40:50,2.55
13:40:51,2.55
13:40:52,2.55
13:40:53,2.55
13:40:54,2.55
13:40:55,2.55
13:40:56,2.55
13:40:57,2.55
13:40:58,2.55
13:40:59,2.55
13:41:00,2.55
13:41:01,2.55
13:41:02,2.55
13:41:03,2.55
13:41:04,2.55
13:41:05,2.55
13:41:06,2.55
13:41:07,2.55
13:41:08,2.55
13:41:09,2.55
13:41:10,2.55
13:41:11,2.55
13:41:12,2.55
13:41:13,2.55
13:41:14,2.55
13:41:15,2.55
13:41:16,2.55
13:41:17,2.55
13:41:18,2.55
13:41:19,2.55
13:41:20,2.55
13:41:21,2.55
13:41:22,2.55
13:41:23,2.55
13:41:24,2.55
13:41:25,2.55
13:41:26,2.55
13:41:27,2.55
13:41:28,2.55
13:41:29,2.55
13:41:30,2.55
13:41:31,2.55
13:41:32,2.55
13:41:33,2.55
13:41:34,2.55
13:41:35,2.55
13:41:36,2.55
13:41:37,2.55
13:41:38,2.55
13:41:39,2.55
13:41:40,2.55
13:41:41,2.55
13:41:42,2.55
13:41:43,2.55
13:41:44,2.55
13:41:45,2.55
13:41:46,2.55
13:41:47,2.55
13:41:48,2.55
13:41:49,2.55
13:41:50,2.55
13:41:51,2.55
13:41:52,2.55
13:41:53,2.55
13:41:54,2.55
13:41:55,2.55
13:41:56,2.55
13:41:57,2.55
13:41:58,2.55
13:41:59,2.55
13:42:00,2.55
13:42:01,2.55
13:42:02,2.55
13:42:03,2.55
13:42:04,2.55
13:42:05,2.55
13:42:06,2.55
13:42:07,2.55
13:42:08,2.55
13:42:09,2.55
13:42:10,2.55
13:42:11,2.55
13:42:12,2.55
13:42:13,2.55
13:42:14,2.55
13:42:15,2.55
13:42:16,2.55
13:42:17,2.55
13:42:18,2.55
13:42:19,2.55
13:42:20,2.55
13:42:21,2.55
13:42:22,2.55
13:42:23,2.55
13:42:24,2.55
13:42:25,2.55
13:42:26,2.55
13:42:27,2.55
13:42:28,2.55
13:42:29,2.55
13:42:30,2.55
13:42:31,2.55
13:42:32,2.55
13:42:33,2.55
13:42:34,2.55
13:42:35,2.55
13:42:36,2.55
13:42:37,2.55
13:42:38,2.55
13:42:39,2.55
13:42:40,2.55
13:42:41,2.55
13:42:42,2.55
13:42:43,2.55
13:42:44,2.55
13:42:45,2.55
13:42:46,2.55
13:42:47,2.55
13:42:48,2.55
13:42:49,2.55
13:42:50,2.55
13:42:51,2.55
13:42:52,2.55
13:42:53,2.55
13:42:54,2.55
13:42:55,2.55
13:42:56,2.55
13:42:57,2.55
13:42:58,2.55
13:42:59,2.55
13:43:00,2.55
13:43:01,2.55
13:43:02,2.55
13:43:03,2.55
13:43:04,2.55
13:43:05,2.55
13:43:06,2.55
13:43:07,2.55
13:43:08,2.55
13:43:09,2.55
13:43:10,2.55
13:43:11,2.55
13:43:12,2.55
13:43:13,2.55
13:43:14,2.55
13:43:15,2.55
13:43:16,2.55
13:43:17,2.55
13:43:18,2.55
13:43:19,2.55
13:43:20,2.55
13:43:21,2.55
13:43:22,2.55
13:43:23,2.55
13:43:24,2.55
13:43:25,2.55
13:43:26,2.55
13:43:27,2.55
13:43:28,2.55
13:43:29,2.55
13:43:30,2.55
13:43:31,2.55
13:43:32,2.55
13:43:33,2.55
13:43:34,2.55
13:43:35,2.55
13:43:36,2.55
13:43:37,2.55
13:43:38,2.55
13:43:39,2.55
13:43:40,2.55
13:43:41,2.55
13:43:42,2.55
13:43:43,2.55
13:43:44,2.55
13:43:45,2.55
13:43:46,2.55
13:43:47,2.55
13:43:48,2.55
13:43:49,2.55
13:43:50,2.55
13:43:51,2.55
13:43:52,2.55
13:43:53,2.55
13:43:54,2.55
13:43:55,2.55
13:43:56,2.55
13:43:57,2.55
13:43:58,2.55
13:43:59,2.55
13:44:00,2.55
13:44:01,2.55
13:44:02,2.55
13:44:03,2.55
13:44:04,2.55
13:44:05,2.55
13:44:06,2.55
13:44:07,2.55
13:44:08,2.55
13:44:09,2.55
13:44:10,2.55
13:44:11,2.55
13:44:12,2.55
13:44:13,2.55
13:44:14,2.55
13:44:15,2.55
13:44:16,2.55
13:44:17,2.55
13:44:18,2.55
13:44:19,2.55
13:44:20,2.55
13:44:21,2.55
13:44:22,2.55
13:44:23,2.55
13:44:24,2.55
13:44:25,2.55
13:44:26,2.55
13:44:27,2.55
13:44:28,2.55
13:44:29,2.55
13:44:30,2.55
13:44:31,2.55
13:44:32,2.55
13:44:33,2.55
13:44:34,2.55
13:44:35,2.55
13:44:36,2.55
13:44:37,2.55
13:44:38,2.55
13:44:39,2.55
13:44:40,2.55
13:44:41,2.55
13:44:42,2.55
13:44:43,2.55
13:44:44,2.55
13:44:45,2.55
13:44:46,2.55
13:44:47,2.55
13:44:48,2.55
13:44:49,2.55
13:44:50,2.55
13:44:51,2.55
13:44:52,2.55
13:44:53,2.55
13:44:54,2.55
13:44:55,2.55
13:44:56,2.55
13:44:57,2.55
13:44:58,2.55
13:44:59,2.55
13:45:00,2.55
13:45:01,2.55
13:45:02,2.55
13:45:03,2.55
13:45:04,2.55
13:45:05,2.55
13:45:06,2.55
13:45:07,2.55
13:45:08,2.55
13:45:09,2.55
13:45:10,2.55
13:45:11,2.55
13:45:12,2.55
13:45:13,2.55
13:45:14,2.55
13:45:15,2.55
13:45:16,2.55
13:45:17,2.55
13:45:18,2.55
13:45:19,2.55
13:45:20,2.55
13:45:21,2.55
13:45:22,2.55
13:45:23,2.55
13:45:24,2.55
13:45:25,2.55
13:45:26,2.55
13:45:27,2.55
13:45:28,2.55
13:45:29,2.55
13:45:30,2.55
13:45:31,2.55
13:45:32,2.55
13:45:33,2.55
13:45:34,2.55
13:45:35,2.55
13:45:36,2.55
13:45:37,2.55
13:45:38,2.55
13:45:39,2.55
13:45:40,2.55
13:45:41,2.55
13:45:42,2.55
13:45:43,2.55
13:45:44,2.55
13:45:45,2.55
13:45:46,2.55
13:45:47,2.55
13:45:48,2.55
13:45:49,2.55
13:45:50,2.55
13:45:51,2.55
13:45:52,2.55
13:45:53,2.55
13:45:54,2.55
13:45:55,2.55
13:45:56,2.55
13:45:57,2.55
13:45:58,2.55
13:45:59,2.55
13:46:00,2.55
13:46:01,2.55
13:46:02,2.55
13:46:03,2.55
13:46:04,2.55
13:46:05,2.55
13:46:06,2.55
13:46:07,2.55
13:46:08,2.55
13:46:09,2.55
13:46:10,2.55
13:46:11,2.55
13:46:12,2.55
13:46:13,2.55
13:46:14,2.55
13:46:15,2.55
13:46:16,2.55
13:46:17,2.55
13:46:18,2.55
13:46:19,2.55
13:46:20,2.55
13:46:21,2.55
13:46:22,2.55
13:46:23,2.55
13:46:24,2.55
13:46:25,2.55
13:46:26,2.55
13:46:27,2.55
13:46:28,2.55
13:46:29,2.55
13:46:30,2.55
13:46:31,2.55
13:46:32,2.55
13:46:33,2.55
13:46:34,2.55
13:46:35,2.55
13:46:36,2.55
13:46:37,2.55
13:46:38,2.55
13:46:39,2.55
13:46:40,2.55
13:46:41,2.55
13:46:42,2.55
13:46:43,2.55
13:46:44,2.55
13:46:45,2.55
13:46:46,2.55
13:46:47,2.55
13:46:48,2.55
13:46:49,2.55
13:46:50,2.55
13:46:51,2.55
13:46:52,2.55
13:46:53,2.55
13:46:54,2.55
13:46:55,2.55
13:46:56,2.55
13:46:57,2.55
13:46:58,2.55
13:46:59,2.55
13:47:00,2.55
13:47:01,2.55
13:47:02,2.55
13:47:03,2.55
13:47:04,2.55
13:47:05,2.55
13:47:06,2.55
13:47:07,2.55
13:47:08,2.55
13:47:09,2.55
13:47:10,2.55
13:47:11,2.55
13:47:12,2.55
13:47:13,2.55
13:47:14,2.55
13:47:15,2.55
13:47:16,2.55
13:47:17,2.55
13:47:18,2.55
13:47:19,2.55
13:47:20,2.55
13:47:21,2.55
13:47:22,2.55
13:47:23,2.55
13:47:24,2.55
13:47:25,2.55
13:47:26,2.55
13:47:27,2.55
13:47:28,2.55
13:47:29,2.55
13:47:30,2.55
13:47:31,2.55
13:47:32,2.55
13:47:33,2.55
13:47:34,2.55
13:47:35,2.55
13:47:36,2.55
13:47:37,2.55
13:47:38,2.55
13:47:39,2.55
13:47:40,2.55
13:47:41,2.55
13:47:42,2.55
13:47:43,2.55
13:47:44,2.55
13:47:45,2.55
13:47:46,2.55
13:47:47,2.55
13:47:48,2.55
13:47:49,2.55
13:47:50,2.55
13:47:51,2.55
13:47:52,2.55
13:47:53,2.55
13:47:54,2.55
13:47:55,2.55
13:47:56,2.55
13:47:57,2.55
13:47:58,2.55
13:47:59,2.55
13:48:00,2.55
13:48:01,2.55
13:48:02,2.55
13:48:03,2.55
13:48:04,2.55
13:48:05,2.55
13:48:06,2.55
13:48:07,2.55
13:48:08,2.55
13:48:09,2.55
13:48:10,2.55
13:48:11,2.55
13:48:12,2.55
13:48:13,2.55
13:48:14,2.55
13:48:15,2.55
13:48:16,2.55
13:48:17,2.55
13:48:18,2.55
13:48:19,2.55
13:48:20,2.55
13:48:21,2.55
13:48:22,2.55
13:48:23,2.55
13:48:24,2.55
13:48:25,2.55
13:48:26,2.55
13:48:27,2.55
13:48:28,2.55
13:48:29,2.55
13:48:30,2.55
13:48:31,2.55
13:48:32,2.55
13:48:33,2.55
13:48:34,2.55
13:48:35,2.55
13:48:36,2.55
13:48:37,2.55
13:48:38,2.55
13:48:39,2.55
13:48:40,2.55
13:48:41,2.55
13:48:42,2.55
13:48:43,2.55
13:48:44,2.55
13:48:45,2.55
13:48:46,2.55
13:48:47,2.55
13:48:48,2.55
13:48:49,2.55
13:48:50,2.55
13:48:51,2.55
13:48:52,2.55
13:48:53,2.55
13:48:54,2.55
13:48:55,2.55
13:48:56,2.55
13:48:57,2.55
13:48:58,2.55
13:48:59,2.55
13:49:00,2.55
13:49:01,2.55
13:49:02,2.55
13:49:03,2.55
13:49:04,2.55
13:49:05,2.55
13:49:06,2.55
13:49:07,2.55
13:49:08,2.55
13:49:09,2.55
13:49:10,2.55
13:49:11,2.55
13:49:12,2.55
13:49:13,2.55
13:49:14,2.55
13:49:15,2.55
13:49:16,2.55
13:49:17,2.55
13:49:18,2.55
13:49:19,2.55
13:49:20,2.55
13:49:21,2.55
13:49:22,2.55
13:49:23,2.55
13:49:24,2.55
13:49:25,2.55
13:49:26,2.55
13:49:27,2.55
13:49:28,2.55
13:49:29,2.55
13:49:30,2.55
13:49:31,2.55
13:49:32,2.55
13:49:33,2.55
13:49:34,2.55
13:49:35,2.55
13:49:36,2.55
13:49:37,2.55
13:49:38,2.55
13:49:39,2.55
13:49:40,2.55
13:49:41,2.55
13:49:42,2.55
13:49:43,2.55
13:49:44,2.55
13:49:45,2.55
13:49:46,2.55
13:49:47,2.55
13:49:48,2.55
13:49:49,2.55
13:49:50,2.55
13:49:51,2.55
13:49:52,2.55
13:49:53,2.55
13:49:54,2.55
13:49:55,2.55
13:49:56,2.55
13:49:57,2.55
13:49:58,2.55
13:49:59,2.55
13:50:00,2.55
13:50:01,2.55
13:50:02,2.55
13:50:03,2.55
13:50:04,2.55
13:50:05,2.55
13:50:06,2.55
13:50:07,2.55
13:50:08,2.55
13:50:09,2.55
13:50:10,2.55
13:50:11,2.55
13:50:12,2.55
13:50:13,2.55
13:50:14,2.55
13:50:15,2.55
13:50:16,2.55
13:50:17,2.55
13:50:18,2.55
13:50:19,2.55
13:50:20,2.55
13:50:21,2.55
13:50:22,2.55
13:50:23,2.55
13:50:24,2.55
13:50:25,2.55
13:50:26,2.55
13:50:27,2.55
13:50:28,2.55
13:50:29,2.55
13:50:30,2.55
13:50:31,2.55
13:50:32,2.55
13:50:33,2.55
13:50:34,2.55
13:50:35,2.55
13:50:36,2.55
13:50:37,2.55
13:50:38,2.55
13:50:39,2.55
13:50:40,2.55
13:50:41,2.55
13:50:42,2.55
13:50:43,2.55
13:50:44,2.55
13:50:45,2.55
13:50:46,2.55
13:50:47,2.55
13:50:48,2.55
13:50:49,2.55
13:50:50,2.55
13:50:51,2.55
13:50:52,2.55
13:50:53,2.55
13:50:54,2.55
13:50:55,2.55
13:50:56,2.55
13:50:57,2.55
13:50:58,2.55
13:50:59,2.55
13:51:00,2.55
13:51:01,2.55
13:51:02,2.55
13:51:03,2.55
13:51:04,2.55
13:51:05,2.55
13:51:06,2.55
13:51:07,2.55
13:51:08,2.55
13:51:09,2.55
13:51:10,2.55
13:51:11,2.55
13:51:12,2.55
13:51:13,2.55
13:51:14,2.55
13:51:15,2.55
13:51:16,2.55
13:51:17,2.55
13:51:18,2.55
13:51:19,2.55
13:51:20,2.55
13:51:21,2.55
13:51:22,2.55
13:51:23,2.55
13:51:24,2.55
13:51:25,2.55
13:51:26,2.55
13:51:27,2.55
13:51:28,2.55
13:51:29,2.55
13:51:30,2.55
13:51:31,2.55
13:51:32,2.55
13:51:33,2.55
13:51:34,2.55
13:51:35,2.55
13:51:36,2.55
13:51:37,2.55
13:51:38,2.55
13:51:39,2.55
13:51:40,2.55
13:51:41,2.55
13:51:42,2.55
13:51:43,2.55
13:51:44,2.55
13:51:45,2.55
13:51:46,2.55
13:51:47,2.55
13:51:48,2.55
13:51:49,2.55
13:51:50,2.55
13:51:51,2.55
13:51:52,2.55
13:51:53,2.55
13:51:54,2.55
13:51:55,2.55
13:51:56,2.55
13:51:57,2.55
13:51:58,2.55
13:51:59,2.55
13:52:00,2.55
13:52:01,2.55
13:52:02,2.55
13:52:03,2.55
13:52:04,2.55
13:52:05,2.55
13:52:06,2.55
13:52:07,2.55
13:52:08,2.55
13:52:09,2.55
13:52:10,2.55
13:52:11,2.55
13:52:12,2.55
13:52:13,2.55
13:52:14,2.55
13:52:15,2.55
13:52:16,2.55
13:52:17,2.55
13:52:18,2.55
13:52:19,2.55
13:52:20,2.55
13:52:21,2.55
13:52:22,2.55
13:52:23,2.55
13:52:24,2.55
13:52:25,2.55
13:52:26,2.55
13:52:27,2.55
13:52:28,2.55
13:52:29,2.55
13:52:30,2.55
13:52:31,2.55
13:52:32,2.55
13:52:33,2.55
13:52:34,2.55
13:52:35,2.55
13:52:36,2.55
13:52:37,2.55
13:52:38,2.55
13:52:39,2.55
13:52:40,2.55
13:52:41,2.55
13:52:42,2.55
13:52:43,2.55
13:52:44,2.55
13:52:45,2.55
13:52:46,2.55
13:52:47,2.55
13:52:48,2.55
13:52:49,2.55
13:52:50,2.55
13:52:51,2.55
13:52:52,2.55
13:52:53,2.55
13:52:54,2.55
13:52:55,2.55
13:52:56,2.55
13:52:57,2.55
13:52:58,2.55
13:52:59,2.55
13:53:00,2.55
13:53:01,2.55
13:53:02,2.55
13:53:03,2.55
13:53:04,2.55
13:53:05,2.55
13:53:06,2.55
13:53:07,2.55
13:53:08,2.55
13:53:09,2.55
13:53:10,2.55
13:53:11,2.55
13:53:12,2.55
13:53:13,2.55
13:53:14,2.55
13:53:15,2.55
13:53:16,2.55
13:53:17,2.55
13:53:18,2.55
13:53:19,2.55
13:53:20,2.55
13:53:21,2.55
13:53:22,2.55
13:53:23,2.55
13:53:24,2.55
13:53:25,2.55
13:53:26,2.55
13:53:27,2.55
13:53:28,2.55
13:53:29,2.55
13:53:30,2.55
13:53:31,2.55
13:53:32,2.55
13:53:33,2.55
13:53:34,2.55
13:53:35,2.55
13:53:36,2.55
13:53:37,2.55
13:53:38,2.55
13:53:39,2.55
13:53:40,2.55
13:53:41,2.55
13:53:42,2.55
13:53:43,2.55
13:53:44,2.55
13:53:45,2.55
13:53:46,2.55
13:53:47,2.55
13:53:48,2.55
13:53:49,2.55
13:53:50,2.55
13:53:51,2.55
13:53:52,2.55
13:53:53,2.55
13:53:54,2.55
13:53:55,2.55
13:53:56,2.55
13:53:57,2.55
13:53:58,2.55
13:53:59,2.55
13:54:00,2.55
13:54:01,2.55
13:54:02,2.55
13:54:03,2.55
13:54:04,2.55
13:54:05,2.55
13:54:06,2.55
13:54:07,2.55
13:54:08,2.55
13:54:09,2.55
13:54:10,2.55
13:54:11,2.55
13:54:12,2.55
13:54:13,2.55
13:54:14,2.55
13:54:15,2.55
13:54:16,2.55
13:54:17,2.55
13:54:18,2.55
13:54:19,2.55
13:54:20,2.55
13:54:21,2.55
13:54:22,2.55
13:54:23,2.55
13:54:24,2.55
13:54:25,2.55
13:54:26,2.55
13:54:27,2.55
13:54:28,2.55
13:54:29,2.55
13:54:30,2.55
13:54:31,2.55
13:54:32,2.55
13:54:33,2.55
13:54:34,2.55
13:54:35,2.55
13:54:36,2.55
13:54:37,2.55
13:54:38,2.55
13:54:39,2.55
13:54:40,2.55
13:54:41,2.55
13:54:42,2.55
13:54:43,2.55
13:54:44,2.55
13:54:45,2.55
13:54:46,2.55
13:54:47,2.55
13:54:48,2.55
13:54:49,2.55
13:54:50,2.55
13:54:51,2.55
13:54:52,2.55
13:54:53,2.55
13:54:54,2.55
13:54:55,2.55
13:54:56,2.55
13:54:57,2.55
13:54:58,2.55
13:54:59,2.55
13:55:00,2.55
13:55:01,2.55
13:55:02,2.55
13:55:03,2.55
13:55:04,2.55
13:55:05,2.55
13:55:06,2.55
13:55:07,2.55
13:55:08,2.55
13:55:09,2.55
13:55:10,2.55
13:55:11,2.55
13:55:12,2.55
13:55:13,2.55
13:55:14,2.55
13:55:15,2.55
13:55:16,2.55
13:55:17,2.55
13:55:18,2.55
13:55:19,2.55
13:55:20,2.55
13:55:21,2.55
13:55:22,2.55
13:55:23,2.55
13:55:24,2.55
13:55:25,2.55
13:55:26,2.55
13:55:27,2.55
13:55:28,2.55
13:55:29,2.55
13:55:30,2.55
13:55:31,2.55
13:55:32,2.55
13:55:33,2.55
13:55:34,2.55
13:55:35,2.55
13:55:36,2.55
13:55:37,2.55
13:55:38,2.55
13:55:39,2.55
13:55:40,2.55
13:55:41,2.55
13:55:42,2.55
13:55:43,2.55
13:55:44,2.55
13:55:45,2.55
13:55:46,2.55
13:55:47,2.55
13:55:48,2.55
13:55:49,2.55
13:55:50,2.55
13:55:51,2.55
13:55:52,2.55
13:55:53,2.55
13:55:54,2.55
13:55:55,2.55
13:55:56,2.55
13:55:57,2.55
13:55:58,2.55
13:55:59,2.55
13:56:00,2.55
13:56:01,2.55
13:56:02,2.55
13:56:03,2.55
13:56:04,2.55
13:56:05,2.55
13:56:06,2.55
13:56:07,2.55
13:56:08,2.55
13:56:09,2.55
13:56:10,2.55
13:56:11,2.55
13:56:12,2.55
13:56:13,2.55
13:56:14,2.55
13:56:15,2.55
13:56:16,2.55
13:56:17,2.55
13:56:18,2.55
13:56:19,2.55
13:56:20,2.55
13:56:21,2.55
13:56:22,2.55
13:56:23,2.55
13:56:24,2.55
13:56:25,2.55
13:56:26,2.55
13:56:27,2.55
13:56:28,2.55
13:56:29,2.55
13:56:30,2.55
13:56:31,2.55
13:56:32,2.55
13:56:33,2.55
13:56:34,2.55
13:56:35,2.55
13:56:36,2.55
13:56:37,2.55
13:56:38,2.55
13:56:39,2.55
13:56:40,2.55
13:56:41,2.55
13:56:42,2.55
13:56:43,2.55
13:56:44,2.55
13:56:45,2.55
13:56:46,2.55
13:56:47,2.55
13:56:48,2.55
13:56:49,2.55
13:56:50,2.55
13:56:51,2.55
13:56:52,2.55
13:56:53,2.55
13:56:54,2.55
13:56:55,2.55
13:56:56,2.55
13:56:57,2.55
13:56:58,2.55
13:56:59,2.55
13:57:00,2.55
13:57:01,2.55
13:57:02,2.55
13:57:03,2.55
13:57:04,2.55
13:57:05,2.55
13:57:06,2.55
13:57:07,2.55
13:57:08,2.55
13:57:09,2.55
13:57:10,2.55
13:57:11,2.55
13:57:12,2.55
13:57:13,2.55
13:57:14,2.55
13:57:15,2.55
13:57:16,2.55
13:57:17,2.55
13:57:18,2.55
13:57:19,2.55
13:57:20,2.55
13:57:21,2.55
13:57:22,2.55
13:57:23,2.55
13:57:24,2.55
13:57:25,2.55
13:57:26,2.55
13:57:27,2.55
13:57:28,2.55
13:57:29,2.55
13:57:30,2.55
13:57:31,2.55
13:57:32,2.55
13:57:33,2.55
13:57:34,2.55
13:57:35,2.55
13:57:36,2.55
13:57:37,2.55
13:57:38,2.55
13:57:39,2.55
13:57:40,2.55
13:57:41,2.55
13:57:42,2.55
13:57:43,2.55
13:57:44,2.55
13:57:45,2.55
13:57:46,2.55
13:57:47,2.55
13:57:48,2.55
13:57:49,2.55
13:57:50,2.55
13:57:51,2.55
13:57:52,2.55
13:57:53,2.55
13:57:54,2.55
13:57:55,2.55
13:57:56,2.55
13:57:57,2.55
13:57:58,2.55
13:57:59,2.55
13:58:00,2.55
13:58:01,2.55
13:58:02,2.55
13:58:03,2.55
13:58:04,2.55
13:58:05,2.55
13:58:06,2.55
13:58:07,2.55
13:58:08,2.55
13:58:09,2.55
13:58:10,2.55
13:58:11,2.55
13:58:12,2.55
13:58:13,2.55
13:58:14,2.55
13:58:15,2.55
13:58:16,2.55
13:58:17,2.55
13:58:18,2.55
13:58:19,2.55
13:58:20,2.55
13:58:21,2.55
13:58:22,2.55
13:58:23,2.55
13:58:24,2.55
13:58:25,2.55
13:58:26,2.55
13:58:27,2.55
13:58:28,2.55
13:58:29,2.55
13:58:30,2.55
13:58:31,2.55
13:58:32,2.55
13:58:33,2.55
13:58:34,2.55
13:58:35,2.55
13:58:36,2.55
13:58:37,2.55
13:58:38,2.55
13:58:39,2.55
13:58:40,2.55
13:58:41,2.55
13:58:42,2.55
13:58:43,2.55
13:58:44,2.55
13:58:45,2.55
13:58:46,2.55
13:58:47,2.55
13:58:48,2.55
13:58:49,2.55
13:58:50,2.55
13:58:51,2.55
13:58:52,2.55
13:58:53,2.55
13:58:54,2.55
13:58:55,2.55
13:58:56,2.55
13:58:57,2.55
13:58:58,2.55
13:58:59,2.55
13:59:00,2.55
13:59:01,2.55
13:59:02,2.55
13:59:03,2.55
13:59:04,2.55
13:59:05,2.55
13:59:06,2.55
13:59:07,2.55
13:59:08,2.55
13:59:09,2.55
13:59:10,2.55
13:59:11,2.55
13:59:12,2.55
13:59:13,2.55
13:59:14,2.55
13:59:15,2.55
13:59:16,2.55
13:59:17,2.55
13:59:18,2.55
13:59:19,2.55
13:59:20,2.55
13:59:21,2.55
13:59:22,2.55
13:59:23,2.55
13:59:24,2.55
13:59:25,2.55
13:59:26,2.55
13:59:27,2.55
13:59:28,2.55
13:59:29,2.55
13:59:30,2.55
13:59:31,2.55
13:59:32,2.55
13:59:33,2.55
13:59:34,2.55
13:59:35,2.55
13:59:36,2.55
13:59:37,2.55
13:59:38,2.55
13:59:39,2.55
13:59:40,2.55
13:59:41,2.55
13:59:42,2.55
13:59:43,2.55
13:59:44,2.55
13:59:45,2.55
13:59:46,2.55
13:59:47,2.55
13:59:48,2.55
13:59:49,2.55
13:59:50,2.55
13:59:51,2.55
13:59:52,2.55
13:59:53,2.55
13:59:54,2.55
13:59:55,2.55
13:59:56,2.55
13:59:57,2.55
13:59:58,2.55
13:59:59,2.55
14:00:00,2.55
14:00:01,2.55
14:00:02,2.55
14:00:03,2.55
14:00:04,2.55
14:00:05,2.55
14:00:06,2.55
14:00:07,2.55
14:00:08,2.55
14:00:09,2.55
14:00:10,2.55
14:00:11,2.55
14:00:12,2.55
14:00:13,2.55
14:00:14,2.55
14:00:15,2.55
14:00:16,2.55
14:00:17,2.55
14:00:18,2.55
14:00:19,2.55
14:00:20,2.55
14:00:21,2.55
14:00:22,2.55
14:00:23,2.55
14:00:24,2.55
14:00:25,2.55
14:00:26,2.55
14:00:27,2.55
14:00:28,2.55
14:00:29,2.55
14:00:30,2.55
14:00:31,2.55
14:00:32,2.55
14:00:33,2.55
14:00:34,2.55
14:00:35,2.55
14:00:36,2.55
14:00:37,2.55
14:00:38,2.55
14:00:39,2.55
14:00:40,2.55
14:00:41,2.55
14:00:42,2.55
14:00:43,2.55
14:00:44,2.55
14:00:45,2.55
14:00:46,2.55
14:00:47,2.55
14:00:48,2.55
14:00:49,2.55
14:00:50,2.55
14:00:51,2.55
14:00:52,2.55
14:00:53,2.55
14:00:54,2.55
14:00:55,2.55
14:00:56,2.55
14:00:57,2.55
14:00:58,2.55
14:00:59,2.55
14:01:00,2.55
14:01:01,2.55
14:01:02,2.55
14:01:03,2.55
14:01:04,2.55
14:01:05,2.55
14:01:06,2.55
14:01:07,2.55
14:01:08,2.55
14:01:09,2.55
14:01:10,2.55
14:01:11,2.55
14:01:12,2.55
14:01:13,2.55
14:01:14,2.55
14:01:15,2.55
14:01:16,2.55
14:01:17,2.55
14:01:18,2.55
14:01:19,2.55
14:01:20,2.55
14:01:21,2.55
14:01:22,2.55
14:01:23,2.55
14:01:24,2.55
14:01:25,2.55
14:01:26,2.55
14:01:27,2.55
14:01:28,2.55
14:01:29,2.55
14:01:30,2.55
14:01:31,2.55
14:01:32,2.55
14:01:33,2.55
14:01:34,2.55
14:01:35,2.55
14:01:36,2.55
14:01:37,2.55
14:01:38,2.55
14:01:39,2.55
14:01:40,2.55
14:01:41,2.55
14:01:42,2.55
14:01:43,2.55
14:01:44,2.55
14:01:45,2.55
14:01:46,2.55
14:01:47,2.55
14:01:48,2.55
14:01:49,2.55
14:01:50,2.55
14:01:51,2.55
14:01:52,2.55
14:01:53,2.55
14:01:54,2.55
14:01:55,2.55
14:01:56,2.55
14:01:57,2.55
14:01:58,2.55
14:01:59,2.55
14:02:00,2.55
14:02:01,2.55
14:02:02,2.55
14:02:03,2.55
14:02:04,2.55
14:02:05,2.55
14:02:06,2.55
14:02:07,2.55
14:02:08,2.55
14:02:09,2.55
14:02:10,2.55
14:02:11,2.55
14:02:12,2.55
14:02:13,2.55
14:02:14,2.55
14:02:15,2.55
14:02:16,2.55
14:02:17,2.55
14:02:18,2.55
14:02:19,2.55
14:02:20,2.55
14:02:21,2.55
14:02:22,2.55
14:02:23,2.55
14:02:24,2.55
14:02:25,2.55
14:02:26,2.55
14:02:27,2.55
14:02:28,2.55
14:02:29,2.55
14:02:30,2.55
14:02:31,2.55
14:02:32,2.55
14:02:33,2.55
14:02:34,2.55
14:02:35,2.55
14:02:36,2.55
14:02:37,2.55
14:02:38,2.55
14:02:39,2.55
14:02:40,2.55
14:02:41,2.55
14:02:42,2.55
14:02:43,2.55
14:02:44,2.55
14:02:45,2.55
14:02:46,2.55
14:02:47,2.55
14:02:48,2.55
14:02:49,2.55
14:02:50,2.55
14:02:51,2.55
14:02:52,2.55
14:02:53,2.55
14:02:54,2.55
14:02:55,2.55
14:02:56,2.55
14:02:57,2.55
14:02:58,2.55
14:02:59,2.55
14:03:00,2.55
14:03:01,2.55
14:03:02,2.55
14:03:03,2.55
14:03:04,2.55
14:03:05,2.55
14:03:06,2.55
14:03:07,2.55
14:03:08,2.55
14:03:09,2.55
14:03:10,2.55
14:03:11,2.55
14:03:12,2.55
14:03:13,2.55
14:03:14,2.55
14:03:15,2.55
14:03:16,2.55
14:03:17,2.55
14:03:18,2.55
14:03:19,2.55
14:03:20,2.55
14:03:21,2.55
14:03:22,2.55
14:03:23,2.55
14:03:24,2.55
14:03:25,2.55
14:03:26,2.55
14:03:27,2.55
14:03:28,2.55
14:03:29,2.55
14:03:30,2.55
14:03:31,2.55
14:03:32,2.55
14:03:33,2.55
14:03:34,2.55
14:03:35,2.55
14:03:36,2.55
14:03:37,2.55
14:03:38,2.55
14:03:39,2.55
14:03:40,2.55
14:03:41,2.55
14:03:42,2.55
14:03:43,2.55
14:03:44,2.55
14:03:45,2.55
14:03:46,2.55
14:03:47,2.55
14:03:48,2.55
14:03:49,2.55
14:03:50,2.55
14:03:51,2.55
14:03:52,2.55
14:03:53,2.55
14:03:54,2.55
14:03:55,2.55
14:03:56,2.55
14:03:57,2.55
14:03:58,2.55
14:03:59,2.55
14:04:00,2.55
14:04:01,2.55
14:04:02,2.55
14:04:03,2.55
14:04:04,2.55
14:04:05,2.55
14:04:06,2.55
14:04:07,2.55
14:04:08,2.55
14:04:09,2.55
14:04:10,2.55
14:04:11,2.55
14:04:12,2.55
14:04:13,2.55
14:04:14,2.55
14:04:15,2.55
14:04:16,2.55
14:04:17,2.55
14:04:18,2.55
14:04:19,2.55
14:04:20,2.55
14:04:21,2.55
14:04:22,2.55
14:04:23,2.55
14:04:24,2.55
14:04:25,2.55
14:04:26,2.55
14:04:27,2.55
14:04:28,2.55
14:04:29,2.55
14:04:30,2.55
14:04:31,2.55
14:04:32,2.55
14:04:33,2.55
14:04:34,2.55
14:04:35,2.55
14:04:36,2.55
14:04:37,2.55
14:04:38,2.55
14:04:39,2.55
14:04:40,2.55
14:04:41,2.55
14:04:42,2.55
14:04:43,2.55
14:04:44,2.55
14:04:45,2.55
14:04:46,2.55
14:04:47,2.55
14:04:48,2.55
14:04:49,2.55
14:04:50,2.55
14:04:51,2.55
14:04:52,2.55
14:04:53,2.55
14:04:54,2.55
14:04:55,2.55
14:04:56,2.55
14:04:57,2.55
14:04:58,2.55
14:04:59,2.55
14:05:00,2.55
14:05:01,2.55
14:05:02,2.55
14:05:03,2.55
14:05:04,2.55
14:05:05,2.55
14:05:06,2.55
14:05:07,2.55
14:05:08,2.55
14:05:09,2.55
14:05:10,2.55
14:05:11,2.55
14:05:12,2.55
14:05:13,2.55
14:05:14,2.55
14:05:15,2.55
14:05:16,2.55
14:05:17,2.55
14:05:18,2.55
14:05:19,2.55
14:05:20,2.55
14:05:21,2.55
14:05:22,2.55
14:05:23,2.55
14:05:24,2.55
14:05:25,2.55
14:05:26,2.55
14:05:27,2.55
14:05:28,2.55
14:05:29,2.55
14:05:30,2.55
14:05:31,2.55
14:05:32,2.55
14:05:33,2.55
14:05:34,2.55
14:05:35,2.55
14:05:36,2.55
14:05:37,2.55
14:05:38,2.55
14:05:39,2.55
14:05:40,2.55
14:05:41,2.55
14:05:42,2.55
14:05:43,2.55
14:05:44,2.55
14:05:45,2.55
14:05:46,2.55
14:05:47,2.55
14:05:48,2.55
14:05:49,2.55
14:05:50,2.55
14:05:51,2.55
14:05:52,2.55
14:05:53,2.55
14:05:54,2.55
14:05:55,2.55
14:05:56,2.55
14:05:57,2.55
14:05:58,2.55
14:05:59,2.55
14:06:00,2.55
14:06:01,2.55
14:06:02,2.55
14:06:03,2.55
14:06:04,2.55
14:06:05,2.55
14:06:06,2.55
14:06:07,2.55
14:06:08,2.55
14:06:09,2.55
14:06:10,2.55
14:06:11,2.55
14:06:12,2.55
14:06:13,2.55
14:06:14,2.55
14:06:15,2.55
14:06:16,2.55
14:06:17,2.55
14:06:18,2.55
14:06:19,2.55
14:06:20,2.55
14:06:21,2.55
14:06:22,2.55
14:06:23,2.55
14:06:24,2.55
14:06:25,2.55
14:06:26,2.55
14:06:27,2.55
14:06:28,2.55
14:06:29,2.55
14:06:30,2.55
14:06:31,2.55
14:06:32,2.55
14:06:33,2.55
14:06:34,2.55
14:06:35,2.55
14:06:36,2.55
14:06:37,2.55
14:06:38,2.55
14:06:39,2.55
14:06:40,2.55
14:06:41,2.55
14:06:42,2.55
14:06:43,2.55
14:06:44,2.55
14:06:45,2.55
14:06:46,2.55
14:06:47,2.55
14:06:48,2.55
14:06:49,2.55
14:06:50,2.55
14:06:51,2.55
14:06:52,2.55
14:06:53,2.55
14:06:54,2.55
14:06:55,2.55
14:06:56,2.55
14:06:57,2.55
14:06:58,2.55
14:06:59,2.55
14:07:00,2.55
14:07:01,2.55
14:07:02,2.55
14:07:03,2.55
14:07:04,2.55
14:07:05,2.55
14:07:06,2.55
14:07:07,2.55
14:07:08,2.55
14:07:09,2.55
14:07:10,2.55
14:07:11,2.55
14:07:12,2.55
14:07:13,2.55
14:07:14,2.55
14:07:15,2.55
14:07:16,2.55
14:07:17,2.55
14:07:18,2.55
14:07:19,2.55
14:07:20,2.55
14:07:21,2.55
14:07:22,2.55
14:07:23,2.55
14:07:24,2.55
14:07:25,2.55
14:07:26,2.55
14:07:27,2.55
14:07:28,2.55
14:07:29,2.55
14:07:30,2.55
14:07:31,2.55
14:07:32,2.55
14:07:33,2.55
14:07:34,2.55
14:07:35,2.55
14:07:36,2.55
14:07:37,2.55
14:07:38,2.55
14:07:39,2.55
14:07:40,2.55
14:07:41,2.55
14:07:42,2.55
14:07:43,2.55
14:07:44,2.55
14:07:45,2.55
14:07:46,2.55
14:07:47,2.55
14:07:48,2.55
14:07:49,2.55
14:07:50,2.55
14:07:51,2.55
14:07:52,2.55
14:07:53,2.55
14:07:54,2.55
14:07:55,2.55
14:07:56,2.55
14:07:57,2.55
14:07:58,2.55
14:07:59,2.55
14:08:00,2.55
14:08:01,2.55
14:08:02,2.55
14:08:03,2.55
14:08:04,2.55
14:08:05,2.55
14:08:06,2.55
14:08:07,2.55
14:08:08,2.55
14:08:09,2.55
14:08:10,2.55
14:08:11,2.55
14:08:12,2.55
14:08:13,2.55
14:08:14,2.55
14:08:15,2.55
14:08:16,2.55
14:08:17,2.55
14:08:18,2.55
14:08:19,2.55
14:08:20,2.55
14:08:21,2.55
14:08:22,2.55
14:08:23,2.55
14:08:24,2.55
14:08:25,2.55
14:08:26,2.55
14:08:27,2.55
14:08:28,2.55
14:08:29,2.55
14:08:30,2.55
14:08:31,2.55
14:08:32,2.55
14:08:33,2.55
14:08:34,2.55
14:08:35,2.55
14:08:36,2.55
14:08:37,2.55
14:08:38,2.55
14:08:39,2.55
14:08:40,2.55
14:08:41,2.55
14:08:42,2.55
14:08:43,2.55
14:08:44,2.55
14:08:45,2.55
14:08:46,2.55
14:08:47,2.55
14:08:48,2.55
14:08:49,2.55
14:08:50,2.55
14:08:51,2.55
14:08:52,2.55
14:08:53,2.55
14:08:54,2.55
14:08:55,2.55
14:08:56,2.55
14:08:57,2.55
14:08:58,2.55
14:08:59,2.55
14:09:00,2.55
14:09:01,2.55
14:09:02,2.55
14:09:03,2.55
14:09:04,2.55
14:09:05,2.55
14:09:06,2.55
14:09:07,2.55
14:09:08,2.55
14:09:09,2.55
14:09:10,2.55
14:09:11,2.55
14:09:12,2.55
14:09:13,2.55
14:09:14,2.55
14:09:15,2.55
14:09:16,2.55
14:09:17,2.55
14:09:18,2.55
14:09:19,2.55
14:09:20,2.55
14:09:21,2.55
14:09:22,2.55
14:09:23,2.55
14:09:24,2.55
14:09:25,2.55
14:09:26,2.55
14:09:27,2.55
14:09:28,2.55
14:09:29,2.55
14:09:30,2.55
14:09:31,2.55
14:09:32,2.55
14:09:33,2.55
14:09:34,2.55
14:09:35,2.55
14:09:36,2.55
14:09:37,2.55
14:09:38,2.55
14:09:39,2.55
14:09:40,2.55
14:09:41,2.55
14:09:42,2.55
14:09:43,2.55
14:09:44,2.55
14:09:45,2.55
14:09:46,2.55
14:09:47,2.55
14:09:48,2.55
14:09:49,2.55
14:09:50,2.55
14:09:51,2.55
14:09:52,2.55
14:09:53,2.55
14:09:54,2.55
14:09:55,2.55
14:09:56,2.55
14:09:57,2.55
14:09:58,2.55
14:09:59,2.55
14:10:00,2.55
14:10:01,2.55
14:10:02,2.55
14:10:03,2.55
14:10:04,2.55
14:10:05,2.55
14:10:06,2.55
14:10:07,2.55
14:10:08,2.55
14:10:09,2.55
14:10:10,2.55
14:10:11,2.55
14:10:12,2.55
14:10:13,2.55
14:10:14,2.55
14:10:15,2.55
14:10:16,2.55
14:10:17,2.55
14:10:18,2.55
14:10:19,2.55
14:10:20,2.55
14:10:21,2.55
14:10:22,2.55
14:10:23,2.55
14:10:24,2.55
14:10:25,2.55
14:10:26,2.55
14:10:27,2.55
14:10:28,2.55
14:10:29,2.55
14:10:30,2.55
14:10:31,2.55
14:10:32,2.55
14:10:33,2.55
14:10:34,2.55
14:10:35,2.55
14:10:36,2.55
14:10:37,2.55
14:10:38,2.55
14:10:39,2.55
14:10:40,2.55
14:10:41,2.55
14:10:42,2.55
14:10:43,2.55
14:10:44,2.55
14:10:45,2.55
14:10:46,2.55
14:10:47,2.55
14:10:48,2.55
14:10:49,2.55
14:10:50,2.55
14:10:51,2.55
14:10:52,2.55
14:10:53,2.55
14:10:54,2.55
14:10:55,2.55
14:10:56,2.55
14:10:57,2.55
14:10:58,2.55
14:10:59,2.55
14:11:00,2.55
14:11:01,2.55
14:11:02,2.55
14:11:03,2.55
14:11:04,2.55
14:11:05,2.55
14:11:06,2.55
14:11:07,2.55
14:11:08,2.55
14:11:09,2.55
14:11:10,2.55
14:11:11,2.55
14:11:12,2.55
14:11:13,2.55
14:11:14,2.55
14:11:15,2.55
14:11:16,2.55
14:11:17,2.55
14:11:18,2.55
14:11:19,2.55
14:11:20,2.55
14:11:21,2.55
14:11:22,2.55
14:11:23,2.55
14:11:24,2.55
14:11:25,2.55
14:11:26,2.55
14:11:27,2.55
14:11:28,2.55
14:11:29,2.55
14:11:30,2.55
14:11:31,2.55
14:11:32,2.55
14:11:33,2.55
14:11:34,2.55
14:11:35,2.55
14:11:36,2.55
14:11:37,2.55
14:11:38,2.55
14:11:39,2.55
14:11:40,2.55
14:11:41,2.55
14:11:42,2.55
14:11:43,2.55
14:11:44,2.55
14:11:45,2.55
14:11:46,2.55
14:11:47,2.55
14:11:48,2.55
14:11:49,2.55
14:11:50,2.55
14:11:51,2.55
14:11:52,2.55
14:11:53,2.55
14:11:54,2.55
14:11:55,2.55
14:11:56,2.55
14:11:57,2.55
14:11:58,2.55
14:11:59,2.55
14:12:00,2.55
14:12:01,2.55
14:12:02,2.55
14:12:03,2.55
14:12:04,2.55
14:12:05,2.55
14:12:06,2.55
14:12:07,2.55
14:12:08,2.55
14:12:09,2.55
14:12:10,2.55
14:12:11,2.55
14:12:12,2.55
14:12:13,2.55
14:12:14,2.55
14:12:15,2.55
14:12:16,2.55
14:12:17,2.55
14:12:18,2.55
14:12:19,2.55
14:12:20,2.55
14:12:21,2.55
14:12:22,2.55
14:12:23,2.55
14:12:24,2.55
14:12:25,2.55
14:12:26,2.55
14:12:27,2.55
14:12:28,2.55
14:12:29,2.55
14:12:30,2.55
14:12:31,2.55
14:12:32,2.55
14:12:33,2.55
14:12:34,2.55
14:12:35,2.55
14:12:36,2.55
14:12:37,2.55
14:12:38,2.55
14:12:39,2.55
14:12:40,2.55
14:12:41,2.55
14:12:42,2.55
14:12:43,2.55
14:12:44,2.55
14:12:45,2.55
14:12:46,2.55
14:12:47,2.55
14:12:48,2.55
14:12:49,2.55
14:12:50,2.55
14:12:51,2.55
14:12:52,2.55
14:12:53,2.55
14:12:54,2.55
14:12:55,2.55
14:12:56,2.55
14:12:57,2.55
14:12:58,2.55
14:12:59,2.55
14:13:00,2.55
14:13:01,2.55
14:13:02,2.55
14:13:03,2.55
14:13:04,2.55
14:13:05,2.55
14:13:06,2.55
14:13:07,2.55
14:13:08,2.55
14:13:09,2.55
14:13:10,2.55
14:13:11,2.55
14:13:12,2.55
14:13:13,2.55
14:13:14,2.55
14:13:15,2.55
14:13:16,2.55
14:13:17,2.55
14:13:18,2.55
14:13:19,2.55
14:13:20,2.55
14:13:21,2.55
14:13:22,2.55
14:13:23,2.55
14:13:24,2.55
14:13:25,2.55
14:13:26,2.55
14:13:27,2.55
14:13:28,2.55
14:13:29,2.55
14:13:30,2.55
14:13:31,2.55
14:13:32,2.55
14:13:33,2.55
14:13:34,2.55
14:13:35,2.55
14:13:36,2.55
14:13:37,2.55
14:13:38,2.55
14:13:39,2.55
14:13:40,2.55
14:13:41,2.55
14:13:42,2.55
14:13:43,2.55
14:13:44,2.55
14:13:45,2.55
14:13:46,2.55
14:13:47,2.55
14:13:48,2.55
14:13:49,2.55
14:13:50,2.55
14:13:51,2.55
14:13:52,2.55
14:13:53,2.55
14:13:54,2.55
14:13:55,2.55
14:13:56,2.55
14:13:57,2.55
14:13:58,2.55
14:13:59,2.55
14:14:00,2.55
14:14:01,2.55
14:14:02,2.55
14:14:03,2.55
14:14:04,2.55
14:14:05,2.55
14:14:06,2.55
14:14:07,2.55
14:14:08,2.55
14:14:09,2.55
14:14:10,2.55
14:14:11,2.55
14:14:12,2.55
14:14:13,2.55
14:14:14,2.55
14:14:15,2.55
14:14:16,2.55
14:14:17,2.55
14:14:18,2.55
14:14:19,2.55
14:14:20,2.55
14:14:21,2.55
14:14:22,2.55
14:14:23,2.55
14:14:24,2.55
14:14:25,2.55
14:14:26,2.55
14:14:27,2.55
14:14:28,2.55
14:14:29,2.55
14:14:30,2.55
14:14:31,2.55
14:14:32,2.55
14:14:33,2.55
14:14:34,2.55
14:14:35,2.55
14:14:36,2.55
14:14:37,2.55
14:14:38,2.55
14:14:39,2.55
14:14:40,2.55
14:14:41,2.55
14:14:42,2.55
14:14:43,2.55
14:14:44,2.55
14:14:45,2.55
14:14:46,2.55
14:14:47,2.55
14:14:48,2.55
14:14:49,2.55
14:14:50,2.55
14:14:51,2.55
14:14:52,2.55
14:14:53,2.55
14:14:54,2.55
14:14:55,2.55
14:14:56,2.55
14:14:57,2.55
14:14:58,2.55
14:14:59,2.55
14:15:00,2.55
14:15:01,2.55
14:15:02,2.55
14:15:03,2.55
14:15:04,2.55
14:15:05,2.55
14:15:06,2.55
14:15:07,2.55
14:15:08,2.55
14:15:09,2.55
14:15:10,2.55
14:15:11,2.55
14:15:12,2.55
14:15:13,2.55
14:15:14,2.55
14:15:15,2.55
14:15:16,2.55
14:15:17,2.55
14:15:18,2.55
14:15:19,2.55
14:15:20,2.55
14:15:21,2.55
14:15:22,2.55
14:15:23,2.55
14:15:24,2.55
14:15:25,2.55
14:15:26,2.55
14:15:27,2.55
14:15:28,2.55
14:15:29,2.55
14:15:30,2.55
14:15:31,2.55
14:15:32,2.55
14:15:33,2.55
14:15:34,2.55
14:15:35,2.55
14:15:36,2.55
14:15:37,2.55
14:15:38,2.55
14:15:39,2.55
14:15:40,2.55
14:15:41,2.55
14:15:42,2.55
14:15:43,2.55
14:15:44,2.55
14:15:45,2.55
14:15:46,2.55
14:15:47,2.55
14:15:48,2.55
14:15:49,2.55
14:15:50,2.55
14:15:51,2.55
14:15:52,2.55
14:15:53,2.55
14:15:54,2.55
14:15:55,2.55
14:15:56,2.55
14:15:57,2.55
14:15:58,2.55
14:15:59,2.55
14:16:00,2.55
14:16:01,2.55
14:16:02,2.55
14:16:03,2.55
14:16:04,2.55
14:16:05,2.55
14:16:06,2.55
14:16:07,2.55
14:16:08,2.55
14:16:09,2.55
14:16:10,2.55
14:16:11,2.55
14:16:12,2.55
14:16:13,2.55
14:16:14,2.55
14:16:15,2.55
14:16:16,2.55
14:16:17,2.55
14:16:18,2.55
14:16:19,2.55
14:16:20,2.55
14:16:21,2.55
14:16:22,2.55
14:16:23,2.55
14:16:24,2.55
14:16:25,2.55
14:16:26,2.55
14:16:27,2.55
14:16:28,2.55
14:16:29,2.55
14:16:30,2.55
14:16:31,2.55
14:16:32,2.55
14:16:33,2.55
14:16:34,2.55
14:16:35,2.55
14:16:36,2.55
14:16:37,2.55
14:16:38,2.55
14:16:39,2.55
14:16:40,2.55
14:16:41,2.55
14:16:42,2.55
14:16:43,2.55
14:16:44,2.55
14:16:45,2.55
14:16:46,2.55
14:16:47,2.55
14:16:48,2.55
14:16:49,2.55
14:16:50,2.55
14:16:51,2.55
14:16:52,2.55
14:16:53,2.55
14:16:54,2.55
14:16:55,2.55
14:16:56,2.55
14:16:57,2.55
14:16:58,2.55
14:16:59,2.55
14:17:00,2.55
14:17:01,2.55
14:17:02,2.55
14:17:03,2.55
14:17:04,2.55
14:17:05,2.55
14:17:06,2.55
14:17:07,2.55
14:17:08,2.55
14:17:09,2.55
14:17:10,2.55
14:17:11,2.55
14:17:12,2.55
14:17:13,2.55
14:17:14,2.55
14:17:15,2.55
14:17:16,2.55
14:17:17,2.55
14:17:18,2.55
14:17:19,2.55
14:17:20,2.55
14:17:21,2.55
14:17:22,2.55
14:17:23,2.55
14:17:24,2.55
14:17:25,2.55
14:17:26,2.55
14:17:27,2.55
14:17:28,2.55
14:17:29,2.55
14:17:30,2.55
14:17:31,2.55
14:17:32,2.55
14:17:33,2.55
14:17:34,2.55
14:17:35,2.55
14:17:36,2.55
14:17:37,2.55
14:17:38,2.55
14:17:39,2.55
14:17:40,2.55
14:17:41,2.55
14:17:42,2.55
14:17:43,2.55
14:17:44,2.55
14:17:45,2.55
14:17:46,2.55
14:17:47,2.55
14:17:48,2.55
14:17:49,2.55
14:17:50,2.55
14:17:51,2.55
14:17:52,2.55
14:17:53,2.55
14:17:54,2.55
14:17:55,2.55
14:17:56,2.55
14:17:57,2.55
14:17:58,2.55
14:17:59,2.55
14:18:00,2.55
14:18:01,2.55
14:18:02,2.55
14:18:03,2.55
14:18:04,2.55
14:18:05,2.55
14:18:06,2.55
14:18:07,2.55
14:18:08,2.55
14:18:09,2.55
14:18:10,2.55
14:18:11,2.55
14:18:12,2.55
14:18:13,2.55
14:18:14,2.55
14:18:15,2.55
14:18:16,2.55
14:18:17,2.55
14:18:18,2.55
14:18:19,2.55
14:18:20,2.55
14:18:21,2.55
14:18:22,2.55
14:18:23,2.55
14:18:24,2.55
14:18:25,2.55
14:18:26,2.55
14:18:27,2.55
14:18:28,2.55
14:18:29,2.55
14:18:30,2.55
14:18:31,2.55
14:18:32,2.55
14:18:33,2.55
14:18:34,2.55
14:18:35,2.55
14:18:36,2.55
14:18:37,2.55
14:18:38,2.55
14:18:39,2.55
14:18:40,2.55
14:18:41,2.55
14:18:42,2.55
14:18:43,2.55
14:18:44,2.55
14:18:45,2.55
14:18:46,2.55
14:18:47,2.55
14:18:48,2.55
14:18:49,2.55
14:18:50,2.55
14:18:51,2.55
14:18:52,2.55
14:18:53,2.55
14:18:54,2.55
14:18:55,2.55
14:18:56,2.55
14:18:57,2.55
14:18:58,2.55
14:18:59,2.55
14:19:00,2.55
14:19:01,2.55
14:19:02,2.55
14:19:03,2.55
14:19:04,2.55
14:19:05,2.55
14:19:06,2.55
14:19:07,2.55
14:19:08,2.55
14:19:09,2.55
14:19:10,2.55
14:19:11,2.55
14:19:12,2.55
14:19:13,2.55
14:19:14,2.55
14:19:15,2.55
14:19:16,2.55
14:19:17,2.55
14:19:18,2.55
14:19:19,2.55
14:19:20,2.55
14:19:21,2.55
14:19:22,2.55
14:19:23,2.55
14:19:24,2.55
14:19:25,2.55
14:19:26,2.55
14:19:27,2.55
14:19:28,2.55
14:19:29,2.55
14:19:30,2.55
14:19:31,2.55
14:19:32,2.55
14:19:33,2.55
14:19:34,2.55
14:19:35,2.55
14:19:36,2.55
14:19:37,2.55
14:19:38,2.55
14:19:39,2.55
14:19:40,2.55
14:19:41,2.55
14:19:42,2.55
14:19:43,2.55
14:19:44,2.55
14:19:45,2.55
14:19:46,2.55
14:19:47,2.55
14:19:48,2.55
14:19:49,2.55
14:19:50,2.55
14:19:51,2.55
14:19:52,2.55
14:19:53,2.55
14:19:54,2.55
14:19:55,2.55
14:19:56,2.55
14:19:57,2.55
14:19:58,2.55
14:19:59,2.55
14:20:00,2.55
14:20:01,2.55
14:20:02,2.55
14:20:03,2.55
14:20:04,2.55
14:20:05,2.55
14:20:06,2.55
14:20:07,2.55
14:20:08,2.55
14:20:09,2.55
14:20:10,2.55
14:20:11,2.55
14:20:12,2.55
14:20:13,2.55
14:20:14,2.55
14:20:15,2.55
14:20:16,2.55
14:20:17,2.55
14:20:18,2.55
14:20:19,2.55
14:20:20,2.55
14:20:21,2.55
14:20:22,2.55
14:20:23,2.55
14:20:24,2.55
14:20:25,2.55
14:20:26,2.55
14:20:27,2.55
14:20:28,2.55
14:20:29,2.55
14:20:30,2.55
14:20:31,2.55
14:20:32,2.55
14:20:33,2.55
14:20:34,2.55
14:20:35,2.55
14:20:36,2.55
14:20:37,2.55
14:20:38,2.55
14:20:39,2.55
14:20:40,2.55
14:20:41,2.55
14:20:42,2.55
14:20:43,2.55
14:20:44,2.55
14:20:45,2.55
14:20:46,2.55
14:20:47,2.55
14:20:48,2.55
14:20:49,2.55
14:20:50,2.55
14:20:51,2.55
14:20:52,2.55
14:20:53,2.55
14:20:54,2.55
14:20:55,2.55
14:20:56,2.55
14:20:57,2.55
14:20:58,2.55
14:20:59,2.55
14:21:00,2.55
14:21:01,2.55
14:21:02,2.55
14:21:03,2.55
14:21:04,2.55
14:21:05,2.55
14:21:06,2.55
14:21:07,2.55
14:21:08,2.55
14:21:09,2.55
14:21:10,2.55
14:21:11,2.55
14:21:12,2.55
14:21:13,2.55
14:21:14,2.55
14:21:15,2.55
14:21:16,2.55
14:21:17,2.55
14:21:18,2.55
14:21:19,2.55
14:21:20,2.55
14:21:21,2.55
14:21:22,2.55
14:21:23,2.55
14:21:24,2.55
14:21:25,2.55
14:21:26,2.55
14:21:27,2.55
14:21:28,2.55
14:21:29,2.55
14:21:30,2.55
14:21:31,2.55
14:21:32,2.55
14:21:33,2.55
14:21:34,2.55
14:21:35,2.55
14:21:36,2.55
14:21:37,2.55
14:21:38,2.55
14:21:39,2.55
14:21:40,2.55
14:21:41,2.55
14:21:42,2.55
14:21:43,2.55
14:21:44,2.55
14:21:45,2.55
14:21:46,2.55
14:21:47,2.55
14:21:48,2.55
14:21:49,2.55
14:21:50,2.55
14:21:51,2.55
14:21:52,2.55
14:21:53,2.55
14:21:54,2.55
14:21:55,2.55
14:21:56,2.55
14:21:57,2.55
14:21:58,2.55
14:21:59,2.55
14:22:00,2.55
14:22:01,2.55
14:22:02,2.55
14:22:03,2.55
14:22:04,2.55
14:22:05,2.55
14:22:06,2.55
14:22:07,2.55
14:22:08,2.55
14:22:09,2.55
14:22:10,2.55
14:22:11,2.55
14:22:12,2.55
14:22:13,2.55
14:22:14,2.55
14:22:15,2.55
14:22:16,2.55
14:22:17,2.55
14:22:18,2.55
14:22:19,2.55
14:22:20,2.55
14:22:21,2.55
14:22:22,2.55
14:22:23,2.55
14:22:24,2.55
14:22:25,2.55
14:22:26,2.55
14:22:27,2.55
14:22:28,2.55
14:22:29,2.55
14:22:30,2.55
14:22:31,2.55
14:22:32,2.55
14:22:33,2.55
14:22:34,2.55
14:22:35,2.55
14:22:36,2.55
14:22:37,2.55
14:22:38,2.55
14:22:39,2.55
14:22:40,2.55
14:22:41,2.55
14:22:42,2.55
14:22:43,2.55
14:22:44,2.55
14:22:45,2.55
14:22:46,2.55
14:22:47,2.55
14:22:48,2.55
14:22:49,2.55
14:22:50,2.55
14:22:51,2.55
14:22:52,2.55
14:22:53,2.55
14:22:54,2.55
14:22:55,2.55
14:22:56,2.55
14:22:57,2.55
14:22:58,2.55
14:22:59,2.55
14:23:00,2.55
14:23:01,2.55
14:23:02,2.55
14:23:03,2.55
14:23:04,2.55
14:23:05,2.55
14:23:06,2.55
14:23:07,2.55
14:23:08,2.55
14:23:09,2.55
14:23:10,2.55
14:23:11,2.55
14:23:12,2.55
14:23:13,2.55
14:23:14,2.55
14:23:15,2.55
14:23:16,2.55
14:23:17,2.55
14:23:18,2.55
14:23:19,2.55
14:23:20,2.55
14:23:21,2.55
14:23:22,2.55
14:23:23,2.55
14:23:24,2.55
14:23:25,2.55
14:23:26,2.55
14:23:27,2.55
14:23:28,2.55
14:23:29,2.55
14:23:30,2.55
14:23:31,2.55
14:23:32,2.55
14:23:33,2.55
14:23:34,2.55
14:23:35,2.55
14:23:36,2.55
14:23:37,2.55
14:23:38,2.55
14:23:39,2.55
14:23:40,2.55
14:23:41,2.55
14:23:42,2.55
14:23:43,2.55
14:23:44,2.55
14:23:45,2.55
14:23:46,2.55
14:23:47,2.55
14:23:48,2.55
14:23:49,2.55
14:23:50,2.55
14:23:51,2.55
14:23:52,2.55
14:23:53,2.55
14:23:54,2.55
14:23:55,2.55
14:23:56,2.55
14:23:57,2.55
14:23:58,2.55
14:23:59,2.55
14:24:00,2.55
14:24:01,2.55
14:24:02,2.55
14:24:03,2.55
14:24:04,2.55
14:24:05,2.55
14:24:06,2.55
14:24:07,2.55
14:24:08,2.55
14:24:09,2.55
14:24:10,2.55
14:24:11,2.55
14:24:12,2.55
14:24:13,2.55
14:24:14,2.55
14:24:15,2.55
14:24:16,2.55
14:24:17,2.55
14:24:18,2.55
14:24:19,2.55
14:24:20,2.55
14:24:21,2.55
14:24:22,2.55
14:24:23,2.55
14:24:24,2.55
14:24:25,2.55
14:24:26,2.55
14:24:27,2.55
14:24:28,2.55
14:24:29,2.55
14:24:30,2.55
14:24:31,2.55
14:24:32,2.55
14:24:33,2.55
14:24:34,2.55
14:24:35,2.55
14:24:36,2.55
14:24:37,2.55
14:24:38,2.55
14:24:39,2.55
14:24:40,2.55
14:24:41,2.55
14:24:42,2.55
14:24:43,2.55
14:24:44,2.55
14:24:45,2.55
14:24:46,2.55
14:24:47,2.55
14:24:48,2.55
14:24:49,2.55
14:24:50,2.55
14:24:51,2.55
14:24:52,2.55
14:24:53,2.55
14:24:54,2.55
14:24:55,2.55
14:24:56,2.55
14:24:57,2.55
14:24:58,2.55
14:24:59,2.55
14:25:00,2.55
14:25:01,2.55
14:25:02,2.55
14:25:03,2.55
14:25:04,2.55
14:25:05,2.55
14:25:06,2.55
14:25:07,2.55
14:25:08,2.55
14:25:09,2.55
14:25:10,2.55
14:25:11,2.55
14:25:12,2.55
14:25:13,2.55
14:25:14,2.55
14:25:15,2.55
14:25:16,2.55
14:25:17,2.55
14:25:18,2.55
14:25:19,2.55
14:25:20,2.55
14:25:21,2.55
14:25:22,2.55
14:25:23,2.55
14:25:24,2.55
14:25:25,2.55
14:25:26,2.55
14:25:27,2.55
14:25:28,2.55
14:25:29,2.55
14:25:30,2.55
14:25:31,2.55
14:25:32,2.55
14:25:33,2.55
14:25:34,2.55
14:25:35,2.55
14:25:36,2.55
14:25:37,2.55
14:25:38,2.55
14:25:39,2.55
14:25:40,2.55
14:25:41,2.55
14:25:42,2.55
14:25:43,2.55
14:25:44,2.55
14:25:45,2.55
14:25:46,2.55
14:25:47,2.55
14:25:48,2.55
14:25:49,2.55
14:25:50,2.55
14:25:51,2.55
14:25:52,2.55
14:25:53,2.55
14:25:54,2.55
14:25:55,2.55
14:25:56,2.55
14:25:57,2.55
14:25:58,2.55
14:25:59,2.55
14:26:00,2.55
14:26:01,2.55
14:26:02,2.55
14:26:03,2.55
14:26:04,2.55
14:26:05,2.55
14:26:06,2.55
14:26:07,2.55
14:26:08,2.55
14:26:09,2.55
14:26:10,2.55
14:26:11,2.55
14:26:12,2.55
14:26:13,2.55
14:26:14,2.55
14:26:15,2.55
14:26:16,2.55
14:26:17,2.55
14:26:18,2.55
14:26:19,2.55
14:26:20,2.55
14:26:21,2.55
14:26:22,2.55
14:26:23,2.55
14:26:24,2.55
14:26:25,2.55
14:26:26,2.55
14:26:27,2.55
14:26:28,2.55
14:26:29,2.55
14:26:30,2.55
14:26:31,2.55
14:26:32,2.55
14:26:33,2.55
14:26:34,2.55
14:26:35,2.55
14:26:36,2.55
14:26:37,2.55
14:26:38,2.55
14:26:39,2.55
14:26:40,2.55
14:26:41,2.55
14:26:42,2.55
14:26:43,2.55
14:26:44,2.55
14:26:45,2.55
14:26:46,2.55
14:26:47,2.55
14:26:48,2.55
14:26:49,2.55
14:26:50,2.55
14:26:51,2.55
14:26:52,2.55
14:26:53,2.55
14:26:54,2.55
14:26:55,2.55
14:26:56,2.55
14:26:57,2.55
14:26:58,2.55
14:26:59,2.55
14:27:00,2.55
14:27:01,2.55
14:27:02,2.55
14:27:03,2.55
14:27:04,2.55
14:27:05,2.55
14:27:06,2.55
14:27:07,2.55
14:27:08,2.55
14:27:09,2.55
14:27:10,2.55
14:27:11,2.55
14:27:12,2.55
14:27:13,2.55
14:27:14,2.55
14:27:15,2.55
14:27:16,2.55
14:27:17,2.55
14:27:18,2.55
14:27:19,2.55
14:27:20,2.55
14:27:21,2.55
14:27:22,2.55
14:27:23,2.55
14:27:24,2.55
14:27:25,2.55
14:27:26,2.55
14:27:27,7.38529411765
14:27:28,12.2205882353
14:27:29,17.0558823529
14:27:30,21.8911764706
14:27:31,26.7264705882
14:27:32,31.5617647059
14:27:33,36.3970588235
14:27:34,41.2323529412
14:27:35,46.0676470588
14:27:36,50.9029411765
14:27:37,55.7382352941
14:27:38,60.5735294118
14:27:39,65.4088235294
14:27:40,70.2441176471
14:27:41,75.0794117647
14:27:42,79.9147058824
14:27:43,84.75
14:27:44,84.75
14:27:45,84.75
14:27:46,84.75
14:27:47,84.75
14:27:48,84.75
14:27:49,84.75
14:27:50,84.75
14:27:51,84.75
14:27:52,84.75
14:27:53,84.75
14:27:54,84.75
14:27:55,84.75
14:27:56,84.75
14:27:57,84.75
14:27:58,84.75
14:27:59,84.75
14:28:00,84.75
14:28:01,83.081875
14:28:02,81.41375
14:28:03,79.745625
14:28:04,78.0775
14:28:05,76.409375
14:28:06,74.74125
14:28:07,73.073125
14:28:08,71.405
14:28:09,69.736875
14:28:10,68.06875
14:28:11,66.400625
14:28:12,64.7325
14:28:13,63.064375
14:28:14,61.39625
14:28:15,59.728125
14:28:16,58.06
14:28:17,54.3593333333
14:28:18,50.6586666667
14:28:19,46.958
14:28:20,43.2573333333
14:28:21,39.5566666667
14:28:22,35.856
14:28:23,32.1553333333
14:28:24,28.4546666667
14:28:25,24.754
14:28:26,21.0533333333
14:28:27,17.3526666667
14:28:28,13.652
14:28:29,9.95133333333
14:28:30,6.25066666667
14:28:31,2.55
14:28:32,2.55
14:28:33,2.55
14:28:34,2.55
14:28:35,2.55
14:28:36,2.55
14:28:37,2.55
14:28:38,2.55
14:28:39,2.55
14:28:40,2.55
14:28:41,2.55
14:28:42,2.55
14:28:43,2.55
14:28:44,2.55
14:28:45,2.55
14:28:46,2.55
14:28:47,2.55
14:28:48,2.55
14:28:49,2.55
14:28:50,2.55
14:28:51,2.55
14:28:52,2.55
14:28:53,2.55
14:28:54,2.55
14:28:55,2.55
14:28:56,2.55
14:28:57,2.55
14:28:58,2.55
14:28:59,2.55
14:29:00,2.55
14:29:01,2.55
14:29:02,2.55
14:29:03,2.55
14:29:04,2.55
14:29:05,2.55
14:29:06,2.55
14:29:07,2.55
14:29:08,2.55
14:29:09,2.55
14:29:10,2.55
14:29:11,2.55
14:29:12,2.55
14:29:13,2.55
14:29:14,2.55
14:29:15,2.55
14:29:16,2.55
14:29:17,2.55
14:29:18,2.55
14:29:19,2.55
14:29:20,2.55
14:29:21,2.55
14:29:22,2.55
14:29:23,2.55
14:29:24,2.55
14:29:25,2.55
14:29:26,2.55
14:29:27,2.55
14:29:28,2.55
14:29:29,2.55
14:29:30,2.55
14:29:31,2.55
14:29:32,2.55
14:29:33,2.55
14:29:34,2.55
14:29:35,2.55
14:29:36,2.55
14:29:37,2.55
14:29:38,2.55
14:29:39,2.55
14:29:40,2.55
14:29:41,2.55
14:29:42,2.55
14:29:43,2.55
14:29:44,2.55
14:29:45,2.55
14:29:46,2.55
14:29:47,2.55
14:29:48,2.55
14:29:49,2.55
14:29:50,2.55
14:29:51,2.55
14:29:52,2.55
14:29:53,2.55
14:29:54,2.55
14:29:55,2.55
14:29:56,2.55
14:29:57,2.55
14:29:58,2.55
14:29:59,2.55
14:30:00,2.55
14:30:01,2.55
14:30:02,2.55
14:30:03,2.55
14:30:04,2.55
14:30:05,2.55
14:30:06,2.55
14:30:07,2.55
14:30:08,2.55
14:30:09,2.55
14:30:10,2.55
14:30:11,2.55
14:30:12,2.55
14:30:13,2.55
14:30:14,2.55
14:30:15,2.55
14:30:16,2.55
14:30:17,2.55
14:30:18,2.55
14:30:19,2.55
14:30:20,2.55
14:30:21,2.55
14:30:22,2.55
14:30:23,2.55
14:30:24,2.55
14:30:25,2.55
14:30:26,2.55
14:30:27,2.55
14:30:28,2.55
14:30:29,2.55
14:30:30,2.55
14:30:31,2.55
14:30:32,2.55
14:30:33,2.55
14:30:34,2.55
14:30:35,2.55
14:30:36,2.55
14:30:37,2.55
14:30:38,2.55
14:30:39,2.55
14:30:40,2.55
14:30:41,2.55
14:30:42,2.55
14:30:43,2.55
14:30:44,2.55
14:30:45,2.55
14:30:46,2.55
14:30:47,2.55
14:30:48,2.55
14:30:49,2.55
14:30:50,2.55
14:30:51,2.55
14:30:52,2.55
14:30:53,2.55
14:30:54,2.55
14:30:55,2.55
14:30:56,2.55
14:30:57,2.55
14:30:58,2.55
14:30:59,2.55
14:31:00,2.55
14:31:01,2.55
14:31:02,2.55
14:31:03,2.55
14:31:04,2.55
14:31:05,2.55
14:31:06,2.55
14:31:07,2.55
14:31:08,2.55
14:31:09,2.55
14:31:10,2.55
14:31:11,2.55
14:31:12,2.55
14:31:13,2.55
14:31:14,2.55
14:31:15,2.55
14:31:16,2.55
14:31:17,2.55
14:31:18,2.55
14:31:19,2.55
14:31:20,2.55
14:31:21,2.55
14:31:22,2.55
14:31:23,2.55
14:31:24,2.55
14:31:25,2.55
14:31:26,2.55
14:31:27,2.55
14:31:28,2.55
14:31:29,2.55
14:31:30,2.55
14:31:31,2.55
14:31:32,2.55
14:31:33,2.55
14:31:34,2.55
14:31:35,2.55
14:31:36,2.55
14:31:37,2.55
14:31:38,2.55
14:31:39,2.55
14:31:40,2.55
14:31:41,2.55
14:31:42,2.55
14:31:43,2.55
14:31:44,2.55
14:31:45,2.55
14:31:46,2.55
14:31:47,2.55
14:31:48,2.55
14:31:49,2.55
14:31:50,2.55
14:31:51,2.55
14:31:52,2.55
14:31:53,2.55
14:31:54,2.55
14:31:55,2.55
14:31:56,2.55
14:31:57,2.55
14:31:58,2.55
14:31:59,2.55
14:32:00,2.55
14:32:01,2.55
14:32:02,2.55
14:32:03,2.55
14:32:04,2.55
14:32:05,2.55
14:32:06,2.55
14:32:07,2.55
14:32:08,2.55
14:32:09,2.55
14:32:10,2.55
14:32:11,2.55
14:32:12,2.55
14:32:13,2.55
14:32:14,2.55
14:32:15,2.55
14:32:16,2.55
14:32:17,2.55
14:32:18,2.55
14:32:19,2.55
14:32:20,2.55
14:32:21,2.55
14:32:22,2.55
14:32:23,2.55
14:32:24,2.55
14:32:25,2.55
14:32:26,2.55
14:32:27,2.55
14:32:28,2.55
14:32:29,2.55
14:32:30,2.55
14:32:31,2.55
14:32:32,2.55
14:32:33,2.55
14:32:34,2.55
14:32:35,2.55
14:32:36,2.55
14:32:37,2.55
14:32:38,2.55
14:32:39,2.55
14:32:40,2.55
14:32:41,2.55
14:32:42,2.55
14:32:43,2.55
14:32:44,2.55
14:32:45,2.55
14:32:46,2.55
14:32:47,2.55
14:32:48,2.55
14:32:49,2.55
14:32:50,2.55
14:32:51,2.55
14:32:52,2.55
14:32:53,2.55
14:32:54,2.55
14:32:55,2.55
14:32:56,2.55
14:32:57,2.55
14:32:58,2.55
14:32:59,2.55
14:33:00,2.55
14:33:01,2.55
14:33:02,2.55
14:33:03,2.55
14:33:04,2.55
14:33:05,2.55
14:33:06,2.55
14:33:07,2.55
14:33:08,2.55
14:33:09,2.55
14:33:10,2.55
14:33:11,2.55
14:33:12,2.55
14:33:13,2.55
14:33:14,2.55
14:33:15,2.55
14:33:16,2.55
14:33:17,2.55
14:33:18,2.55
14:33:19,2.55
14:33:20,2.55
14:33:21,2.55
14:33:22,2.55
14:33:23,2.55
14:33:24,2.55
14:33:25,2.55
14:33:26,2.55
14:33:27,2.55
14:33:28,2.55
14:33:29,2.55
14:33:30,2.55
14:33:31,2.55
14:33:32,2.55
14:33:33,2.55
14:33:34,2.55
14:33:35,2.55
14:33:36,2.55
14:33:37,2.55
14:33:38,2.55
14:33:39,2.55
14:33:40,2.55
14:33:41,2.55
14:33:42,2.55
14:33:43,2.55
14:33:44,2.55
14:33:45,2.55
14:33:46,2.55
14:33:47,2.55
14:33:48,2.55
14:33:49,2.55
14:33:50,2.55
14:33:51,2.55
14:33:52,2.55
14:33:53,2.55
14:33:54,2.55
14:33:55,2.55
14:33:56,2.55
14:33:57,2.55
14:33:58,2.55
14:33:59,2.55
14:34:00,2.55
14:34:01,2.55
14:34:02,2.55
14:34:03,2.55
14:34:04,2.55
14:34:05,2.55
14:34:06,2.55
14:34:07,2.55
14:34:08,2.55
14:34:09,2.55
14:34:10,2.55
14:34:11,2.55
14:34:12,2.55
14:34:13,2.55
14:34:14,2.55
14:34:15,2.55
14:34:16,2.55
14:34:17,2.55
14:34:18,2.55
14:34:19,2.55
14:34:20,2.55
14:34:21,2.55
14:34:22,2.55
14:34:23,2.55
14:34:24,2.55
14:34:25,2.55
14:34:26,2.55
14:34:27,2.55
14:34:28,2.55
14:34:29,2.55
14:34:30,2.55
14:34:31,2.55
14:34:32,2.55
14:34:33,2.55
14:34:34,2.55
14:34:35,2.55
14:34:36,2.55
14:34:37,2.55
14:34:38,2.55
14:34:39,2.55
14:34:40,2.55
14:34:41,2.55
14:34:42,2.55
14:34:43,2.55
14:34:44,2.55
14:34:45,2.55
14:34:46,2.55
14:34:47,2.55
14:34:48,2.55
14:34:49,2.55
14:34:50,2.55
14:34:51,2.55
14:34:52,2.55
14:34:53,2.55
14:34:54,2.55
14:34:55,2.55
14:34:56,2.55
14:34:57,2.55
14:34:58,2.55
14:34:59,2.55
14:35:00,2.55
14:35:01,2.55
14:35:02,2.55
14:35:03,2.55
14:35:04,2.55
14:35:05,2.55
14:35:06,2.55
14:35:07,2.55
14:35:08,2.55
14:35:09,2.55
14:35:10,2.55
14:35:11,2.55
14:35:12,2.55
14:35:13,2.55
14:35:14,2.55
14:35:15,2.55
14:35:16,2.55
14:35:17,2.55
14:35:18,2.55
14:35:19,2.55
14:35:20,2.55
14:35:21,2.55
14:35:22,2.55
14:35:23,2.55
14:35:24,2.55
14:35:25,2.55
14:35:26,2.55
14:35:27,2.55
14:35:28,2.55
14:35:29,2.55
14:35:30,2.55
14:35:31,2.55
14:35:32,2.55
14:35:33,2.55
14:35:34,2.55
14:35:35,2.55
14:35:36,2.55
14:35:37,2.55
14:35:38,2.55
14:35:39,2.55
14:35:40,2.55
14:35:41,2.55
14:35:42,2.55
14:35:43,2.55
14:35:44,2.55
14:35:45,2.55
14:35:46,2.55
14:35:47,2.55
14:35:48,2.55
14:35:49,2.55
14:35:50,2.55
14:35:51,2.55
14:35:52,2.55
14:35:53,2.55
14:35:54,2.55
14:35:55,2.55
14:35:56,2.55
14:35:57,2.55
14:35:58,2.55
14:35:59,2.55
14:36:00,2.55
14:36:01,2.55
14:36:02,2.55
14:36:03,2.55
14:36:04,2.55
14:36:05,2.55
14:36:06,2.55
14:36:07,2.55
14:36:08,2.55
14:36:09,2.55
14:36:10,2.55
14:36:11,2.55
14:36:12,2.55
14:36:13,2.55
14:36:14,2.55
14:36:15,2.55
14:36:16,2.55
14:36:17,2.55
14:36:18,2.55
14:36:19,2.55
14:36:20,2.55
14:36:21,2.55
14:36:22,2.55
14:36:23,2.55
14:36:24,2.55
14:36:25,2.55
14:36:26,2.55
14:36:27,2.55
14:36:28,2.55
14:36:29,2.55
14:36:30,2.55
14:36:31,2.55
14:36:32,2.55
14:36:33,2.55
14:36:34,2.55
14:36:35,2.55
14:36:36,2.55
14:36:37,2.55
14:36:38,2.55
14:36:39,2.55
14:36:40,2.55
14:36:41,2.55
14:36:42,2.55
14:36:43,2.55
14:36:44,2.55
14:36:45,2.55
14:36:46,2.55
14:36:47,2.55
14:36:48,2.55
14:36:49,2.55
14:36:50,2.55
14:36:51,2.55
14:36:52,2.55
14:36:53,2.55
14:36:54,2.55
14:36:55,2.55
14:36:56,2.55
14:36:57,2.55
14:36:58,2.55
14:36:59,2.55
14:37:00,2.55
14:37:01,2.55
14:37:02,2.55
14:37:03,2.55
14:37:04,2.55
14:37:05,2.55
14:37:06,2.55
14:37:07,2.55
14:37:08,2.55
14:37:09,2.55
14:37:10,2.55
14:37:11,2.55
14:37:12,2.55
14:37:13,2.55
14:37:14,2.55
14:37:15,2.55
14:37:16,2.55
14:37:17,2.55
14:37:18,2.55
14:37:19,2.55
14:37:20,2.55
14:37:21,2.55
14:37:22,2.55
14:37:23,2.55
14:37:24,2.55
14:37:25,2.55
14:37:26,2.55
14:37:27,2.55
14:37:28,2.55
14:37:29,2.55
14:37:30,2.55
14:37:31,2.55
14:37:32,2.55
14:37:33,2.55
14:37:34,2.55
14:37:35,2.55
14:37:36,2.55
14:37:37,2.55
14:37:38,2.55
14:37:39,2.55
14:37:40,2.55
14:37:41,2.55
14:37:42,2.55
14:37:43,2.55
14:37:44,2.55
14:37:45,2.55
14:37:46,2.55
14:37:47,2.55
14:37:48,2.55
14:37:49,2.55
14:37:50,2.55
14:37:51,2.55
14:37:52,2.55
14:37:53,2.55
14:37:54,2.55
14:37:55,2.55
14:37:56,2.55
14:37:57,2.55
14:37:58,2.55
14:37:59,2.55
14:38:00,2.55
14:38:01,2.55
14:38:02,2.55
14:38:03,2.55
14:38:04,2.55
14:38:05,2.55
14:38:06,2.55
14:38:07,2.55
14:38:08,2.55
14:38:09,2.55
14:38:10,2.55
14:38:11,2.55
14:38:12,2.55
14:38:13,2.55
14:38:14,2.55
14:38:15,2.55
14:38:16,2.55
14:38:17,2.55
14:38:18,2.55
14:38:19,2.55
14:38:20,2.55
14:38:21,2.55
14:38:22,2.55
14:38:23,2.55
14:38:24,2.55
14:38:25,2.55
14:38:26,2.55
14:38:27,2.55
14:38:28,2.55
14:38:29,2.55
14:38:30,2.55
14:38:31,2.55
14:38:32,2.55
14:38:33,2.55
14:38:34,2.55
14:38:35,2.55
14:38:36,2.55
14:38:37,2.55
14:38:38,2.55
14:38:39,2.55
14:38:40,2.55
14:38:41,2.55
14:38:42,2.55
14:38:43,2.55
14:38:44,2.55
14:38:45,2.55
14:38:46,2.55
14:38:47,2.55
14:38:48,2.55
14:38:49,2.55
14:38:50,2.55
14:38:51,2.55
14:38:52,2.55
14:38:53,2.55
14:38:54,2.55
14:38:55,2.55
14:38:56,2.55
14:38:57,2.55
14:38:58,2.55
14:38:59,2.55
14:39:00,2.55
14:39:01,2.55
14:39:02,2.55
14:39:03,2.55
14:39:04,2.55
14:39:05,2.55
14:39:06,2.55
14:39:07,2.55
14:39:08,2.55
14:39:09,2.55
14:39:10,2.55
14:39:11,2.55
14:39:12,2.55
14:39:13,2.55
14:39:14,2.55
14:39:15,2.55
14:39:16,2.55
14:39:17,2.55
14:39:18,2.55
14:39:19,2.55
14:39:20,2.55
14:39:21,2.55
14:39:22,2.55
14:39:23,2.55
14:39:24,2.55
14:39:25,2.55
14:39:26,2.55
14:39:27,2.55
14:39:28,2.55
14:39:29,2.55
14:39:30,2.55
14:39:31,2.55
14:39:32,2.55
14:39:33,2.55
14:39:34,2.55
14:39:35,2.55
14:39:36,2.55
14:39:37,2.55
14:39:38,2.55
14:39:39,2.55
14:39:40,2.55
14:39:41,2.55
14:39:42,2.55
14:39:43,2.55
14:39:44,2.55
14:39:45,2.55
14:39:46,2.55
14:39:47,2.55
14:39:48,2.55
14:39:49,2.55
14:39:50,2.55
14:39:51,2.55
14:39:52,2.55
14:39:53,2.55
14:39:54,2.55
14:39:55,2.55
14:39:56,2.55
14:39:57,2.55
14:39:58,2.55
14:39:59,2.55
14:40:00,2.55
14:40:01,2.55
14:40:02,2.55
14:40:03,2.55
14:40:04,2.55
14:40:05,2.55
14:40:06,2.55
14:40:07,2.55
14:40:08,2.55
14:40:09,2.55
14:40:10,2.55
14:40:11,2.55
14:40:12,2.55
14:40:13,2.55
14:40:14,2.55
14:40:15,2.55
14:40:16,2.55
14:40:17,2.55
14:40:18,2.55
14:40:19,2.55
14:40:20,2.55
14:40:21,2.55
14:40:22,2.55
14:40:23,2.55
14:40:24,2.55
14:40:25,2.55
14:40:26,2.55
14:40:27,2.55
14:40:28,2.55
14:40:29,2.55
14:40:30,2.55
14:40:31,2.55
14:40:32,2.55
14:40:33,2.55
14:40:34,2.55
14:40:35,2.55
14:40:36,2.55
14:40:37,2.55
14:40:38,2.55
14:40:39,2.55
14:40:40,2.55
14:40:41,2.55
14:40:42,2.55
14:40:43,2.55
14:40:44,2.55
14:40:45,2.55
14:40:46,2.55
14:40:47,2.55
14:40:48,2.55
14:40:49,2.55
14:40:50,2.55
14:40:51,2.55
14:40:52,2.55
14:40:53,2.55
14:40:54,2.55
14:40:55,2.55
14:40:56,2.55
14:40:57,2.55
14:40:58,2.55
14:40:59,2.55
14:41:00,2.55
14:41:01,2.55
14:41:02,2.55
14:41:03,2.55
14:41:04,2.55
14:41:05,2.55
14:41:06,2.55
14:41:07,2.55
14:41:08,2.55
14:41:09,2.55
14:41:10,2.55
14:41:11,2.55
14:41:12,2.55
14:41:13,2.55
14:41:14,2.55
14:41:15,2.55
14:41:16,2.55
14:41:17,2.55
14:41:18,2.55
14:41:19,2.55
14:41:20,2.55
14:41:21,2.55
14:41:22,2.55
14:41:23,2.55
14:41:24,2.55
14:41:25,2.55
14:41:26,2.55
14:41:27,2.55
14:41:28,2.55
14:41:29,2.55
14:41:30,2.55
14:41:31,2.55
14:41:32,2.55
14:41:33,2.55
14:41:34,2.55
14:41:35,2.55
14:41:36,2.55
14:41:37,2.55
14:41:38,2.55
14:41:39,2.55
14:41:40,2.55
14:41:41,2.55
14:41:42,2.55
14:41:43,2.55
14:41:44,2.55
14:41:45,2.55
14:41:46,2.55
14:41:47,2.55
14:41:48,2.55
14:41:49,2.55
14:41:50,2.55
14:41:51,2.55
14:41:52,2.55
14:41:53,2.55
14:41:54,2.55
14:41:55,2.55
14:41:56,2.55
14:41:57,2.55
14:41:58,2.55
14:41:59,2.55
14:42:00,2.55
14:42:01,2.55
14:42:02,2.55
14:42:03,2.55
14:42:04,2.55
14:42:05,2.55
14:42:06,2.55
14:42:07,2.55
14:42:08,2.55
14:42:09,2.55
14:42:10,2.55
14:42:11,2.55
14:42:12,2.55
14:42:13,2.55
14:42:14,2.55
14:42:15,2.55
14:42:16,2.55
14:42:17,2.55
14:42:18,2.55
14:42:19,2.55
14:42:20,2.55
14:42:21,2.55
14:42:22,2.55
14:42:23,2.55
14:42:24,2.55
14:42:25,2.55
14:42:26,2.55
14:42:27,2.55
14:42:28,2.55
14:42:29,2.55
14:42:30,2.55
14:42:31,2.55
14:42:32,2.55
14:42:33,2.55
14:42:34,2.55
14:42:35,2.55
14:42:36,2.55
14:42:37,2.55
14:42:38,2.55
14:42:39,2.55
14:42:40,2.55
14:42:41,2.55
14:42:42,2.55
14:42:43,2.55
14:42:44,2.55
14:42:45,2.55
14:42:46,2.55
14:42:47,2.55
14:42:48,2.55
14:42:49,2.55
14:42:50,2.55
14:42:51,2.55
14:42:52,2.55
14:42:53,2.55
14:42:54,2.55
14:42:55,2.55
14:42:56,2.55
14:42:57,2.55
14:42:58,2.55
14:42:59,2.55
14:43:00,2.55
14:43:01,2.55
14:43:02,2.55
14:43:03,2.55
14:43:04,2.55
14:43:05,2.55
14:43:06,2.55
14:43:07,2.55
14:43:08,2.55
14:43:09,2.55
14:43:10,2.55
14:43:11,2.55
14:43:12,2.55
14:43:13,2.55
14:43:14,2.55
14:43:15,2.55
14:43:16,2.55
14:43:17,2.55
14:43:18,2.55
14:43:19,2.55
14:43:20,2.55
14:43:21,2.55
14:43:22,2.55
14:43:23,2.55
14:43:24,2.55
14:43:25,2.55
14:43:26,2.55
14:43:27,2.55
14:43:28,2.55
14:43:29,2.55
14:43:30,2.55
14:43:31,2.55
14:43:32,2.55
14:43:33,2.55
14:43:34,2.55
14:43:35,2.55
14:43:36,2.55
14:43:37,2.55
14:43:38,2.55
14:43:39,2.55
14:43:40,2.55
14:43:41,2.55
14:43:42,2.55
14:43:43,2.55
14:43:44,2.55
14:43:45,2.55
14:43:46,2.55
14:43:47,2.55
14:43:48,2.55
14:43:49,2.55
14:43:50,2.55
14:43:51,2.55
14:43:52,2.55
14:43:53,2.55
14:43:54,2.55
14:43:55,2.55
14:43:56,2.55
14:43:57,2.55
14:43:58,2.55
14:43:59,2.55
14:44:00,2.55
14:44:01,2.55
14:44:02,2.55
14:44:03,2.55
14:44:04,2.55
14:44:05,2.55
14:44:06,2.55
14:44:07,2.55
14:44:08,2.55
14:44:09,2.55
14:44:10,2.55
14:44:11,2.55
14:44:12,2.55
14:44:13,2.55
14:44:14,2.55
14:44:15,2.55
14:44:16,2.55
14:44:17,2.55
14:44:18,2.55
14:44:19,2.55
14:44:20,2.55
14:44:21,2.55
14:44:22,2.55
14:44:23,2.55
14:44:24,2.55
14:44:25,2.55
14:44:26,2.55
14:44:27,2.55
14:44:28,2.55
14:44:29,2.55
14:44:30,2.55
14:44:31,2.55
14:44:32,2.55
14:44:33,2.55
14:44:34,2.55
14:44:35,2.55
14:44:36,2.55
14:44:37,2.55
14:44:38,2.55
14:44:39,2.55
14:44:40,2.55
14:44:41,2.55
14:44:42,2.55
14:44:43,2.55
14:44:44,2.55
14:44:45,2.55
14:44:46,2.55
14:44:47,2.55
14:44:48,2.55
14:44:49,2.55
14:44:50,2.55
14:44:51,2.55
14:44:52,2.55
14:44:53,2.55
14:44:54,2.55
14:44:55,2.55
14:44:56,2.55
14:44:57,2.55
14:44:58,2.55
14:44:59,2.55
14:45:00,2.55
14:45:01,2.55
14:45:02,2.55
14:45:03,2.55
14:45:04,2.55
14:45:05,2.55
14:45:06,2.55
14:45:07,2.55
14:45:08,2.55
14:45:09,2.55
14:45:10,2.55
14:45:11,2.55
14:45:12,2.55
14:45:13,2.55
14:45:14,2.55
14:45:15,2.55
14:45:16,2.55
14:45:17,2.55
14:45:18,2.55
14:45:19,2.55
14:45:20,2.55
14:45:21,2.55
14:45:22,2.55
14:45:23,2.55
14:45:24,2.55
14:45:25,2.55
14:45:26,2.55
14:45:27,2.55
14:45:28,2.55
14:45:29,2.55
14:45:30,2.55
14:45:31,2.55
14:45:32,2.55
14:45:33,2.55
14:45:34,2.55
14:45:35,2.55
14:45:36,2.55
14:45:37,2.55
14:45:38,2.55
14:45:39,2.55
14:45:40,2.55
14:45:41,2.55
14:45:42,2.55
14:45:43,2.55
14:45:44,2.55
14:45:45,2.55
14:45:46,2.55
14:45:47,2.55
14:45:48,2.55
14:45:49,2.55
14:45:50,2.55
14:45:51,2.55
14:45:52,2.55
14:45:53,2.55
14:45:54,2.55
14:45:55,2.55
14:45:56,2.55
14:45:57,2.55
14:45:58,2.55
14:45:59,2.55
14:46:00,2.55
14:46:01,2.55
14:46:02,2.55
14:46:03,2.55
14:46:04,2.55
14:46:05,2.55
14:46:06,2.55
14:46:07,2.55
14:46:08,2.55
14:46:09,2.55
14:46:10,2.55
14:46:11,2.55
14:46:12,2.55
14:46:13,2.55
14:46:14,2.55
14:46:15,2.55
14:46:16,2.55
14:46:17,2.55
14:46:18,2.55
14:46:19,2.55
14:46:20,2.55
14:46:21,2.55
14:46:22,2.55
14:46:23,2.55
14:46:24,2.55
14:46:25,2.55
14:46:26,2.55
14:46:27,2.55
14:46:28,2.55
14:46:29,2.55
14:46:30,2.55
14:46:31,2.55
14:46:32,2.55
14:46:33,2.55
14:46:34,2.55
14:46:35,2.55
14:46:36,2.55
14:46:37,2.55
14:46:38,2.55
14:46:39,2.55
14:46:40,2.55
14:46:41,2.55
14:46:42,2.55
14:46:43,2.55
14:46:44,2.55
14:46:45,2.55
14:46:46,2.55
14:46:47,2.55
14:46:48,2.55
14:46:49,2.55
14:46:50,2.55
14:46:51,2.55
14:46:52,2.55
14:46:53,2.55
14:46:54,2.55
14:46:55,2.55
14:46:56,2.55
14:46:57,2.55
14:46:58,2.55
14:46:59,2.55
14:47:00,2.55
14:47:01,2.55
14:47:02,2.55
14:47:03,2.55
14:47:04,2.55
14:47:05,2.55
14:47:06,2.55
14:47:07,2.55
14:47:08,2.55
14:47:09,2.55
14:47:10,2.55
14:47:11,2.55
14:47:12,2.55
14:47:13,2.55
14:47:14,2.55
14:47:15,2.55
14:47:16,2.55
14:47:17,2.55
14:47:18,2.55
14:47:19,2.55
14:47:20,2.55
14:47:21,2.55
14:47:22,2.55
14:47:23,2.55
14:47:24,2.55
14:47:25,2.55
14:47:26,2.55
14:47:27,2.55
14:47:28,2.55
14:47:29,2.55
14:47:30,2.55
14:47:31,2.55
14:47:32,2.55
14:47:33,2.55
14:47:34,2.55
14:47:35,2.55
14:47:36,2.55
14:47:37,2.55
14:47:38,2.55
14:47:39,2.55
14:47:40,2.55
14:47:41,2.55
14:47:42,2.55
14:47:43,2.55
14:47:44,2.55
14:47:45,2.55
14:47:46,2.55
14:47:47,2.55
14:47:48,2.55
14:47:49,2.55
14:47:50,2.55
14:47:51,2.55
14:47:52,2.55
14:47:53,2.55
14:47:54,2.55
14:47:55,2.55
14:47:56,2.55
14:47:57,2.55
14:47:58,2.55
14:47:59,2.55
14:48:00,2.55
14:48:01,2.55
14:48:02,2.55
14:48:03,2.55
14:48:04,2.55
14:48:05,2.55
14:48:06,2.55
14:48:07,2.55
14:48:08,2.55
14:48:09,2.55
14:48:10,2.55
14:48:11,2.55
14:48:12,2.55
14:48:13,2.55
14:48:14,2.55
14:48:15,2.55
14:48:16,2.55
14:48:17,2.55
14:48:18,2.55
14:48:19,2.55
14:48:20,2.55
14:48:21,2.55
14:48:22,2.55
14:48:23,2.55
14:48:24,2.55
14:48:25,2.55
14:48:26,2.55
14:48:27,2.55
14:48:28,2.55
14:48:29,2.55
14:48:30,2.55
14:48:31,2.55
14:48:32,2.55
14:48:33,2.55
14:48:34,2.55
14:48:35,2.55
14:48:36,2.55
14:48:37,2.55
14:48:38,2.55
14:48:39,2.55
14:48:40,2.55
14:48:41,2.55
14:48:42,2.55
14:48:43,2.55
14:48:44,2.55
14:48:45,2.55
14:48:46,2.55
14:48:47,2.55
14:48:48,2.55
14:48:49,2.55
14:48:50,2.55
14:48:51,2.55
14:48:52,2.55
14:48:53,2.55
14:48:54,2.55
14:48:55,2.55
14:48:56,2.55
14:48:57,2.55
14:48:58,2.55
14:48:59,2.55
14:49:00,2.55
14:49:01,2.55
14:49:02,2.55
14:49:03,2.55
14:49:04,2.55
14:49:05,2.55
14:49:06,2.55
14:49:07,2.55
14:49:08,2.55
14:49:09,2.55
14:49:10,2.55
14:49:11,2.55
14:49:12,2.55
14:49:13,2.55
14:49:14,2.55
14:49:15,2.55
14:49:16,2.55
14:49:17,2.55
14:49:18,2.55
14:49:19,2.55
14:49:20,2.55
14:49:21,2.55
14:49:22,2.55
14:49:23,2.55
14:49:24,2.55
14:49:25,2.55
14:49:26,2.55
14:49:27,2.55
14:49:28,2.55
14:49:29,2.55
14:49:30,2.55
14:49:31,2.55
14:49:32,2.55
14:49:33,2.55
14:49:34,2.55
14:49:35,2.55
14:49:36,2.55
14:49:37,2.55
14:49:38,2.55
14:49:39,2.55
14:49:40,2.55
14:49:41,2.55
14:49:42,2.55
14:49:43,2.55
14:49:44,2.55
14:49:45,2.55
14:49:46,2.55
14:49:47,2.55
14:49:48,2.55
14:49:49,2.55
14:49:50,2.55
14:49:51,2.55
14:49:52,2.55
14:49:53,2.55
14:49:54,2.55
14:49:55,2.55
14:49:56,2.55
14:49:57,2.55
14:49:58,2.55
14:49:59,2.55
14:50:00,2.55
14:50:01,2.55
14:50:02,2.55
14:50:03,2.55
14:50:04,2.55
14:50:05,2.55
14:50:06,2.55
14:50:07,2.55
14:50:08,2.55
14:50:09,2.55
14:50:10,2.55
14:50:11,2.55
14:50:12,2.55
14:50:13,2.55
14:50:14,2.55
14:50:15,2.55
14:50:16,2.55
14:50:17,2.55
14:50:18,2.55
14:50:19,2.55
14:50:20,2.55
14:50:21,2.55
14:50:22,2.55
14:50:23,2.55
14:50:24,2.55
14:50:25,2.55
14:50:26,2.55
14:50:27,2.55
14:50:28,2.55
14:50:29,2.55
14:50:30,2.55
14:50:31,2.55
14:50:32,2.55
14:50:33,2.55
14:50:34,2.55
14:50:35,2.55
14:50:36,2.55
14:50:37,2.55
14:50:38,2.55
14:50:39,2.55
14:50:40,2.55
14:50:41,2.55
14:50:42,2.55
14:50:43,2.55
14:50:44,2.55
14:50:45,2.55
14:50:46,2.55
14:50:47,2.55
14:50:48,2.55
14:50:49,2.55
14:50:50,2.55
14:50:51,2.55
14:50:52,2.55
14:50:53,2.55
14:50:54,2.55
14:50:55,2.55
14:50:56,2.55
14:50:57,2.55
14:50:58,2.55
14:50:59,2.55
14:51:00,2.55
14:51:01,2.55
14:51:02,2.55
14:51:03,2.55
14:51:04,2.55
14:51:05,2.55
14:51:06,2.55
14:51:07,2.55
14:51:08,2.55
14:51:09,2.55
14:51:10,2.55
14:51:11,2.55
14:51:12,2.55
14:51:13,2.55
14:51:14,2.55
14:51:15,2.55
14:51:16,2.55
14:51:17,2.55
14:51:18,2.55
14:51:19,2.55
14:51:20,2.55
14:51:21,2.55
14:51:22,2.55
14:51:23,2.55
14:51:24,2.55
14:51:25,2.55
14:51:26,2.55
14:51:27,2.55
14:51:28,2.55
14:51:29,2.55
14:51:30,2.55
14:51:31,2.55
14:51:32,2.55
14:51:33,2.55
14:51:34,2.55
14:51:35,2.55
14:51:36,2.55
14:51:37,2.55
14:51:38,2.55
14:51:39,2.55
14:51:40,2.55
14:51:41,2.55
14:51:42,2.55
14:51:43,2.55
14:51:44,2.55
14:51:45,2.55
14:51:46,2.55
14:51:47,2.55
14:51:48,2.55
14:51:49,2.55
14:51:50,2.55
14:51:51,2.55
14:51:52,2.55
14:51:53,2.55
14:51:54,2.55
14:51:55,2.55
14:51:56,2.55
14:51:57,2.55
14:51:58,2.55
14:51:59,2.55
14:52:00,2.55
14:52:01,2.55
14:52:02,2.55
14:52:03,2.55
14:52:04,2.55
14:52:05,2.55
14:52:06,2.55
14:52:07,2.55
14:52:08,2.55
14:52:09,2.55
14:52:10,2.55
14:52:11,2.55
14:52:12,2.55
14:52:13,2.55
14:52:14,2.55
14:52:15,2.55
14:52:16,2.55
14:52:17,2.55
14:52:18,2.55
14:52:19,2.55
14:52:20,2.55
14:52:21,2.55
14:52:22,2.55
14:52:23,2.55
14:52:24,2.55
14:52:25,2.55
14:52:26,2.55
14:52:27,2.55
14:52:28,2.55
14:52:29,2.55
14:52:30,2.55
14:52:31,2.55
14:52:32,2.55
14:52:33,2.55
14:52:34,2.55
14:52:35,2.55
14:52:36,2.55
14:52:37,2.55
14:52:38,2.55
14:52:39,2.55
14:52:40,2.55
14:52:41,2.55
14:52:42,2.55
14:52:43,2.55
14:52:44,2.55
14:52:45,2.55
14:52:46,2.55
14:52:47,2.55
14:52:48,2.55
14:52:49,2.55
14:52:50,2.55
14:52:51,2.55
14:52:52,2.55
14:52:53,2.55
14:52:54,2.55
14:52:55,2.55
14:52:56,2.55
14:52:57,2.55
14:52:58,2.55
14:52:59,2.55
14:53:00,2.55
14:53:01,2.55
14:53:02,2.55
14:53:03,2.55
14:53:04,2.55
14:53:05,2.55
14:53:06,2.55
14:53:07,2.55
14:53:08,2.55
14:53:09,2.55
14:53:10,2.55
14:53:11,2.55
14:53:12,2.55
14:53:13,2.55
14:53:14,2.55
14:53:15,2.55
14:53:16,2.55
14:53:17,2.55
14:53:18,2.55
14:53:19,2.55
14:53:20,2.55
14:53:21,2.55
14:53:22,2.55
14:53:23,2.55
14:53:24,2.55
14:53:25,2.55
14:53:26,2.55
14:53:27,2.55
14:53:28,2.55
14:53:29,2.55
14:53:30,2.55
14:53:31,2.55
14:53:32,2.55
14:53:33,2.55
14:53:34,2.55
14:53:35,2.55
14:53:36,2.55
14:53:37,2.55
14:53:38,2.55
14:53:39,2.55
14:53:40,2.55
14:53:41,2.55
14:53:42,2.55
14:53:43,2.55
14:53:44,2.55
14:53:45,2.55
14:53:46,2.55
14:53:47,2.55
14:53:48,2.55
14:53:49,2.55
14:53:50,2.55
14:53:51,2.55
14:53:52,2.55
14:53:53,2.55
14:53:54,2.55
14:53:55,2.55
14:53:56,2.55
14:53:57,2.55
14:53:58,2.55
14:53:59,2.55
14:54:00,2.55
14:54:01,2.55
14:54:02,2.55
14:54:03,2.55
14:54:04,2.55
14:54:05,2.55
14:54:06,2.55
14:54:07,2.55
14:54:08,2.55
14:54:09,2.55
14:54:10,2.55
14:54:11,2.55
14:54:12,2.55
14:54:13,2.55
14:54:14,2.55
14:54:15,2.55
14:54:16,2.55
14:54:17,2.55
14:54:18,2.55
14:54:19,2.55
14:54:20,2.55
14:54:21,2.55
14:54:22,2.55
14:54:23,2.55
14:54:24,2.55
14:54:25,2.55
14:54:26,2.55
14:54:27,2.55
14:54:28,2.55
14:54:29,2.55
14:54:30,2.55
14:54:31,2.55
14:54:32,2.55
14:54:33,2.55
14:54:34,2.55
14:54:35,2.55
14:54:36,2.55
14:54:37,2.55
14:54:38,2.55
14:54:39,2.55
14:54:40,2.55
14:54:41,2.55
14:54:42,2.55
14:54:43,2.55
14:54:44,2.55
14:54:45,2.55
14:54:46,2.55
14:54:47,2.55
14:54:48,2.55
14:54:49,2.55
14:54:50,2.55
14:54:51,2.55
14:54:52,2.55
14:54:53,2.55
14:54:54,2.55
14:54:55,2.55
14:54:56,2.55
14:54:57,2.55
14:54:58,2.55
14:54:59,2.55
14:55:00,2.55
14:55:01,2.55
14:55:02,2.55
14:55:03,2.55
14:55:04,2.55
14:55:05,2.55
14:55:06,2.55
14:55:07,2.55
14:55:08,2.55
14:55:09,2.55
14:55:10,2.55
14:55:11,2.55
14:55:12,2.55
14:55:13,2.55
14:55:14,2.55
14:55:15,2.55
14:55:16,2.55
14:55:17,2.55
14:55:18,2.55
14:55:19,2.55
14:55:20,2.55
14:55:21,2.55
14:55:22,2.55
14:55:23,2.55
14:55:24,2.55
14:55:25,2.55
14:55:26,2.55
14:55:27,2.55
14:55:28,2.55
14:55:29,2.55
14:55:30,2.55
14:55:31,2.55
14:55:32,2.55
14:55:33,2.55
14:55:34,2.55
14:55:35,2.55
14:55:36,2.55
14:55:37,2.55
14:55:38,2.55
14:55:39,2.55
14:55:40,2.55
14:55:41,2.55
14:55:42,2.55
14:55:43,2.55
14:55:44,2.55
14:55:45,2.55
14:55:46,2.55
14:55:47,2.55
14:55:48,2.55
14:55:49,2.55
14:55:50,2.55
14:55:51,2.55
14:55:52,2.55
14:55:53,2.55
14:55:54,2.55
14:55:55,2.55
14:55:56,2.55
14:55:57,2.55
14:55:58,2.55
14:55:59,2.55
14:56:00,2.55
14:56:01,2.55
14:56:02,2.55
14:56:03,2.55
14:56:04,2.55
14:56:05,2.55
14:56:06,2.55
14:56:07,2.55
14:56:08,2.55
14:56:09,2.55
14:56:10,2.55
14:56:11,2.55
14:56:12,2.55
14:56:13,2.55
14:56:14,2.55
14:56:15,2.55
14:56:16,2.55
14:56:17,2.55
14:56:18,2.55
14:56:19,2.55
14:56:20,2.55
14:56:21,2.55
14:56:22,2.55
14:56:23,2.55
14:56:24,2.55
14:56:25,2.55
14:56:26,2.55
14:56:27,2.55
14:56:28,2.55
14:56:29,2.55
14:56:30,2.55
14:56:31,2.55
14:56:32,2.55
14:56:33,2.55
14:56:34,2.55
14:56:35,2.55
14:56:36,2.55
14:56:37,2.55
14:56:38,2.55
14:56:39,2.55
14:56:40,2.55
14:56:41,2.55
14:56:42,2.55
14:56:43,2.55
14:56:44,2.55
14:56:45,2.55
14:56:46,2.55
14:56:47,2.55
14:56:48,2.55
14:56:49,2.55
14:56:50,2.55
14:56:51,2.55
14:56:52,2.55
14:56:53,2.55
14:56:54,2.55
14:56:55,2.55
14:56:56,2.55
14:56:57,2.55
14:56:58,2.55
14:56:59,2.55
14:57:00,2.55
14:57:01,2.55
14:57:02,2.55
14:57:03,2.55
14:57:04,2.55
14:57:05,2.55
14:57:06,2.55
14:57:07,2.55
14:57:08,2.55
14:57:09,2.55
14:57:10,2.55
14:57:11,2.55
14:57:12,2.55
14:57:13,2.55
14:57:14,2.55
14:57:15,2.55
14:57:16,2.55
14:57:17,2.55
14:57:18,2.55
14:57:19,2.55
14:57:20,2.55
14:57:21,2.55
14:57:22,2.55
14:57:23,2.55
14:57:24,2.55
14:57:25,2.55
14:57:26,2.55
14:57:27,2.55
14:57:28,2.55
14:57:29,2.55
14:57:30,2.55
14:57:31,2.55
14:57:32,2.55
14:57:33,2.55
14:57:34,2.55
14:57:35,2.55
14:57:36,2.55
14:57:37,2.55
14:57:38,2.55
14:57:39,2.55
14:57:40,2.55
14:57:41,2.55
14:57:42,2.55
14:57:43,2.55
14:57:44,2.55
14:57:45,2.55
14:57:46,2.55
14:57:47,2.55
14:57:48,2.55
14:57:49,2.55
14:57:50,2.55
14:57:51,2.55
14:57:52,2.55
14:57:53,2.55
14:57:54,2.55
14:57:55,2.55
14:57:56,2.55
14:57:57,2.55
14:57:58,2.55
14:57:59,2.55
14:58:00,2.55
14:58:01,2.55
14:58:02,2.55
14:58:03,2.55
14:58:04,2.55
14:58:05,2.55
14:58:06,2.55
14:58:07,2.55
14:58:08,2.55
14:58:09,2.55
14:58:10,2.55
14:58:11,2.55
14:58:12,2.55
14:58:13,2.55
14:58:14,2.55
14:58:15,2.55
14:58:16,2.55
14:58:17,2.55
14:58:18,2.55
14:58:19,2.55
14:58:20,2.55
14:58:21,2.55
14:58:22,2.55
14:58:23,2.55
14:58:24,2.55
14:58:25,2.55
14:58:26,2.55
14:58:27,2.55
14:58:28,2.55
14:58:29,2.55
14:58:30,2.55
14:58:31,2.55
14:58:32,2.55
14:58:33,2.55
14:58:34,2.55
14:58:35,2.55
14:58:36,2.55
14:58:37,2.55
14:58:38,2.55
14:58:39,2.55
14:58:40,2.55
14:58:41,2.55
14:58:42,2.55
14:58:43,2.55
14:58:44,2.55
14:58:45,2.55
14:58:46,2.55
14:58:47,2.55
14:58:48,2.55
14:58:49,2.55
14:58:50,2.55
14:58:51,2.55
14:58:52,2.55
14:58:53,2.55
14:58:54,2.55
14:58:55,2.55
14:58:56,2.55
14:58:57,2.55
14:58:58,2.55
14:58:59,2.55
14:59:00,2.55
14:59:01,2.55
14:59:02,2.55
14:59:03,2.55
14:59:04,2.55
14:59:05,2.55
14:59:06,2.55
14:59:07,2.55
14:59:08,2.55
14:59:09,2.55
14:59:10,2.55
14:59:11,2.55
14:59:12,2.55
14:59:13,2.55
14:59:14,2.55
14:59:15,2.55
14:59:16,2.55
14:59:17,2.55
14:59:18,2.55
14:59:19,2.55
14:59:20,2.55
14:59:21,2.55
14:59:22,2.55
14:59:23,2.55
14:59:24,2.55
14:59:25,2.55
14:59:26,2.55
14:59:27,2.55
14:59:28,2.55
14:59:29,2.55
14:59:30,2.55
14:59:31,2.55
14:59:32,2.55
14:59:33,2.55
14:59:34,2.55
14:59:35,2.55
14:59:36,2.55
14:59:37,2.55
14:59:38,2.55
14:59:39,2.55
14:59:40,2.55
14:59:41,2.55
14:59:42,2.55
14:59:43,2.55
14:59:44,2.55
14:59:45,2.55
14:59:46,2.55
14:59:47,2.55
14:59:48,2.55
14:59:49,2.55
14:59:50,2.55
14:59:51,2.55
14:59:52,2.55
14:59:53,2.55
14:59:54,2.55
14:59:55,2.55
14:59:56,2.55
14:59:57,2.55
14:59:58,2.55
14:59:59,2.55
15:00:00,2.55
15:00:01,2.55
15:00:02,2.55
15:00:03,2.55
15:00:04,2.55
15:00:05,2.55
15:00:06,2.55
15:00:07,2.55
15:00:08,2.55
15:00:09,2.55
15:00:10,2.55
15:00:11,2.55
15:00:12,2.55
15:00:13,2.55
15:00:14,2.55
15:00:15,2.55
15:00:16,2.55
15:00:17,2.55
15:00:18,2.55
15:00:19,2.55
15:00:20,2.55
15:00:21,2.55
15:00:22,2.55
15:00:23,2.55
15:00:24,2.55
15:00:25,2.55
15:00:26,2.55
15:00:27,2.55
15:00:28,2.55
15:00:29,2.55
15:00:30,2.55
15:00:31,2.55
15:00:32,2.55
15:00:33,2.55
15:00:34,2.55
15:00:35,2.55
15:00:36,2.55
15:00:37,2.55
15:00:38,2.55
15:00:39,2.55
15:00:40,2.55
15:00:41,2.55
15:00:42,2.55
15:00:43,2.55
15:00:44,2.55
15:00:45,2.55
15:00:46,2.55
15:00:47,2.55
15:00:48,2.55
15:00:49,2.55
15:00:50,2.55
15:00:51,2.55
15:00:52,2.55
15:00:53,2.55
15:00:54,2.55
15:00:55,2.55
15:00:56,2.55
15:00:57,2.55
15:00:58,2.55
15:00:59,2.55
15:01:00,2.55
15:01:01,2.55
15:01:02,2.55
15:01:03,2.55
15:01:04,2.55
15:01:05,2.55
15:01:06,2.55
15:01:07,2.55
15:01:08,2.55
15:01:09,2.55
15:01:10,2.55
15:01:11,2.55
15:01:12,2.55
15:01:13,2.55
15:01:14,2.55
15:01:15,2.55
15:01:16,2.55
15:01:17,2.55
15:01:18,2.55
15:01:19,2.55
15:01:20,2.55
15:01:21,2.55
15:01:22,2.55
15:01:23,2.55
15:01:24,2.55
15:01:25,2.55
15:01:26,2.55
15:01:27,2.55
15:01:28,2.55
15:01:29,2.55
15:01:30,2.55
15:01:31,2.55
15:01:32,2.55
15:01:33,2.55
15:01:34,2.55
15:01:35,2.55
15:01:36,2.55
15:01:37,2.55
15:01:38,2.55
15:01:39,2.55
15:01:40,2.55
15:01:41,2.55
15:01:42,2.55
15:01:43,2.55
15:01:44,2.55
15:01:45,2.55
15:01:46,2.55
15:01:47,2.55
15:01:48,2.55
15:01:49,2.55
15:01:50,2.55
15:01:51,2.55
15:01:52,2.55
15:01:53,2.55
15:01:54,2.55
15:01:55,2.55
15:01:56,2.55
15:01:57,2.55
15:01:58,2.55
15:01:59,2.55
15:02:00,2.55
15:02:01,2.55
15:02:02,2.55
15:02:03,2.55
15:02:04,2.55
15:02:05,2.55
15:02:06,2.55
15:02:07,2.55
15:02:08,2.55
15:02:09,2.55
15:02:10,2.55
15:02:11,2.55
15:02:12,2.55
15:02:13,2.55
15:02:14,2.55
15:02:15,2.55
15:02:16,2.55
15:02:17,2.55
15:02:18,2.55
15:02:19,2.55
15:02:20,2.55
15:02:21,2.55
15:02:22,2.55
15:02:23,2.55
15:02:24,2.55
15:02:25,2.55
15:02:26,2.55
15:02:27,2.55
15:02:28,2.55
15:02:29,2.55
15:02:30,2.55
15:02:31,2.55
15:02:32,2.55
15:02:33,2.55
15:02:34,2.55
15:02:35,2.55
15:02:36,2.55
15:02:37,2.55
15:02:38,2.55
15:02:39,2.55
15:02:40,2.55
15:02:41,2.55
15:02:42,2.55
15:02:43,2.55
15:02:44,2.55
15:02:45,2.55
15:02:46,2.55
15:02:47,2.55
15:02:48,2.55
15:02:49,2.55
15:02:50,2.55
15:02:51,2.55
15:02:52,2.55
15:02:53,2.55
15:02:54,2.55
15:02:55,2.55
15:02:56,2.55
15:02:57,2.55
15:02:58,2.55
15:02:59,2.55
15:03:00,2.55
15:03:01,2.55
15:03:02,2.55
15:03:03,2.55
15:03:04,2.55
15:03:05,2.55
15:03:06,2.55
15:03:07,2.55
15:03:08,2.55
15:03:09,2.55
15:03:10,2.55
15:03:11,2.55
15:03:12,2.55
15:03:13,2.55
15:03:14,2.55
15:03:15,2.55
15:03:16,2.55
15:03:17,2.55
15:03:18,2.55
15:03:19,2.55
15:03:20,2.55
15:03:21,2.55
15:03:22,2.55
15:03:23,2.55
15:03:24,2.55
15:03:25,2.55
15:03:26,2.55
15:03:27,2.55
15:03:28,2.55
15:03:29,2.55
15:03:30,2.55
15:03:31,2.55
15:03:32,2.55
15:03:33,2.55
15:03:34,2.55
15:03:35,2.55
15:03:36,2.55
15:03:37,2.55
15:03:38,2.55
15:03:39,2.55
15:03:40,2.55
15:03:41,2.55
15:03:42,2.55
15:03:43,2.55
15:03:44,2.55
15:03:45,2.55
15:03:46,2.55
15:03:47,2.55
15:03:48,2.55
15:03:49,2.55
15:03:50,2.55
15:03:51,2.55
15:03:52,2.55
15:03:53,2.55
15:03:54,2.55
15:03:55,2.55
15:03:56,2.55
15:03:57,2.55
15:03:58,2.55
15:03:59,2.55
15:04:00,2.55
15:04:01,2.55
15:04:02,2.55
15:04:03,2.55
15:04:04,2.55
15:04:05,2.55
15:04:06,4.58928571429
15:04:07,6.62857142857
15:04:08,8.66785714286
15:04:09,10.7071428571
15:04:10,12.7464285714
15:04:11,14.7857142857
15:04:12,16.825
15:04:13,18.8642857143
15:04:14,20.9035714286
15:04:15,22.9428571429
15:04:16,24.9821428571
15:04:17,27.0214285714
15:04:18,29.0607142857
15:04:19,31.1
15:04:20,34.3341176471
15:04:21,37.5682352941
15:04:22,40.8023529412
15:04:23,44.0364705882
15:04:24,47.2705882353
15:04:25,50.5047058824
15:04:26,53.7388235294
15:04:27,56.9729411765
15:04:28,60.2070588235
15:04:29,63.4411764706
15:04:30,66.6752941176
15:04:31,69.9094117647
15:04:32,73.1435294118
15:04:33,76.3776470588
15:04:34,79.6117647059
15:04:35,82.8458823529
15:04:36,86.08
15:04:37,85.692
15:04:38,85.304
15:04:39,84.916
15:04:40,84.528
15:04:41,84.14
15:04:42,83.752
15:04:43,83.364
15:04:44,82.976
15:04:45,82.588
15:04:46,82.2
15:04:47,81.812
15:04:48,81.424
15:04:49,81.036
15:04:50,80.648
15:04:51,80.26
15:04:52,80.1366666667
15:04:53,80.0133333333
15:04:54,79.89
15:04:55,79.7666666667
15:04:56,79.6433333333
15:04:57,79.52
15:04:58,79.3966666667
15:04:59,79.2733333333
15:05:00,79.15
15:05:01,79.0266666667
15:05:02,78.9033333333
15:05:03,78.78
15:05:04,78.6566666667
15:05:05,78.5333333333
15:05:06,78.41
15:05:07,75.1605882353
15:05:08,71.9111764706
15:05:09,68.6617647059
15:05:10,65.4123529412
15:05:11,62.1629411765
15:05:12,58.9135294118
15:05:13,55.6641176471
15:05:14,52.4147058824
15:05:15,49.1652941176
15:05:16,45.9158823529
15:05:17,42.6664705882
15:05:18,39.4170588235
15:05:19,36.1676470588
15:05:20,32.9182352941
15:05:21,29.6688235294
15:05:22,26.4194117647
15:05:23,23.17
15:05:24,25.92875
15:05:25,28.6875
15:05:26,31.44625
15:05:27,34.205
15:05:28,36.96375
15:05:29,39.7225
15:05:30,42.48125
15:05:31,45.24
15:05:32,47.99875
15:05:33,50.7575
15:05:34,53.51625
15:05:35,56.275
15:05:36,59.03375
15:05:37,61.7925
15:05:38,64.55125
15:05:39,67.31
15:05:40,67.9164705882
15:05:41,68.5229411765
15:05:42,69.1294117647
15:05:43,69.7358823529
15:05:44,70.3423529412
15:05:45,70.9488235294
15:05:46,71.5552941176
15:05:47,72.1617647059
15:05:48,72.7682352941
15:05:49,73.3747058824
15:05:50,73.9811764706
15:05:51,74.5876470588
15:05:52,75.1941176471
15:05:53,75.8005882353
15:05:54,76.4070588235
15:05:55,77.0135294118
15:05:56,77.62
15:05:57,75.7885714286
15:05:58,73.9571428571
15:05:59,72.1257142857
15:06:00,70.2942857143
15:06:01,68.4628571429
15:06:02,66.6314285714
15:06:03,64.8
15:06:04,62.9685714286
15:06:05,61.1371428571
15:06:06,59.3057142857
15:06:07,57.4742857143
15:06:08,55.6428571429
15:06:09,53.8114285714
15:06:10,51.98
15:06:11,49.0723529412
15:06:12,46.1647058824
15:06:13,43.2570588235
15:06:14,40.3494117647
15:06:15,37.4417647059
15:06:16,34.5341176471
15:06:17,31.6264705882
15:06:18,28.7188235294
15:06:19,25.8111764706
15:06:20,22.9035294118
15:06:21,19.9958823529
15:06:22,17.0882352941
15:06:23,14.1805882353
15:06:24,11.2729411765
15:06:25,8.36529411765
15:06:26,5.45764705882
15:06:27,2.55
15:06:28,2.55
15:06:29,2.55
15:06:30,2.55
15:06:31,2.55
15:06:32,2.55
15:06:33,2.55
15:06:34,2.55
15:06:35,2.55
15:06:36,2.55
15:06:37,2.55
15:06:38,2.55
15:06:39,2.55
15:06:40,2.55
15:06:41,2.55
15:06:42,2.55
15:06:43,2.55
15:06:44,2.55
15:06:45,2.55
15:06:46,2.55
15:06:47,2.55
15:06:48,2.55
15:06:49,2.55
15:06:50,2.55
15:06:51,2.55
15:06:52,2.55
15:06:53,2.55
15:06:54,2.55
15:06:55,2.55
15:06:56,2.55
15:06:57,2.55
15:06:58,2.55
15:06:59,2.55
15:07:00,2.55
15:07:01,2.55
15:07:02,2.55
15:07:03,2.55
15:07:04,2.55
15:07:05,2.55
15:07:06,2.55
15:07:07,2.55
15:07:08,2.55
15:07:09,2.55
15:07:10,2.55
15:07:11,2.55
15:07:12,2.55
15:07:13,2.55
15:07:14,2.55
15:07:15,2.55
15:07:16,2.55
15:07:17,2.55
15:07:18,2.55
15:07:19,2.55
15:07:20,2.55
15:07:21,2.55
15:07:22,2.55
15:07:23,2.55
15:07:24,2.55
15:07:25,2.55
15:07:26,2.55
15:07:27,2.55
15:07:28,2.55
15:07:29,2.55
15:07:30,2.55
15:07:31,2.55
15:07:32,2.55
15:07:33,2.55
15:07:34,2.55
15:07:35,2.55
15:07:36,2.55
15:07:37,2.55
15:07:38,2.55
15:07:39,2.55
15:07:40,2.55
15:07:41,2.55
15:07:42,2.55
15:07:43,2.55
15:07:44,2.55
15:07:45,2.55
15:07:46,2.55
15:07:47,2.55
15:07:48,2.55
15:07:49,2.55
15:07:50,2.55
15:07:51,2.55
15:07:52,2.55
15:07:53,2.55
15:07:54,2.55
15:07:55,2.55
15:07:56,2.55
15:07:57,2.55
15:07:58,2.55
15:07:59,2.55
15:08:00,2.55
15:08:01,2.55
15:08:02,2.55
15:08:03,2.55
15:08:04,2.55
15:08:05,2.55
15:08:06,2.55
15:08:07,2.55
15:08:08,2.55
15:08:09,2.55
15:08:10,2.55
15:08:11,2.55
15:08:12,2.55
15:08:13,2.55
15:08:14,2.55
15:08:15,2.55
15:08:16,2.55
15:08:17,2.55
15:08:18,2.55
15:08:19,2.55
15:08:20,2.55
15:08:21,2.55
15:08:22,2.55
15:08:23,2.55
15:08:24,2.55
15:08:25,2.55
15:08:26,2.55
15:08:27,2.55
15:08:28,2.55
15:08:29,2.55
15:08:30,2.55
15:08:31,2.55
15:08:32,2.55
15:08:33,2.55
15:08:34,2.55
15:08:35,2.55
15:08:36,2.55
15:08:37,2.55
15:08:38,2.55
15:08:39,2.55
15:08:40,2.55
15:08:41,2.55
15:08:42,2.55
15:08:43,2.55
15:08:44,2.55
15:08:45,2.55
15:08:46,2.55
15:08:47,2.55
15:08:48,2.55
15:08:49,2.55
15:08:50,2.55
15:08:51,2.55
15:08:52,2.55
15:08:53,2.55
15:08:54,2.55
15:08:55,2.55
15:08:56,2.55
15:08:57,2.55
15:08:58,2.55
15:08:59,2.55
15:09:00,2.55
15:09:01,2.55
15:09:02,2.55
15:09:03,2.55
15:09:04,2.55
15:09:05,2.55
15:09:06,2.55
15:09:07,2.55
15:09:08,2.55
15:09:09,2.55
15:09:10,2.55
15:09:11,2.55
15:09:12,2.55
15:09:13,2.55
15:09:14,2.55
15:09:15,2.55
15:09:16,2.55
15:09:17,2.55
15:09:18,2.55
15:09:19,2.55
15:09:20,2.55
15:09:21,2.55
15:09:22,2.55
15:09:23,2.55
15:09:24,2.55
15:09:25,2.55
15:09:26,2.55
15:09:27,2.55
15:09:28,2.55
15:09:29,2.55
15:09:30,2.55
15:09:31,2.55
15:09:32,2.55
15:09:33,2.55
15:09:34,2.55
15:09:35,2.55
15:09:36,2.55
15:09:37,2.55
15:09:38,2.55
15:09:39,2.55
15:09:40,2.55
15:09:41,2.55
15:09:42,2.55
15:09:43,2.55
15:09:44,2.55
15:09:45,2.55
15:09:46,2.55
15:09:47,2.55
15:09:48,2.55
15:09:49,2.55
15:09:50,2.55
15:09:51,2.55
15:09:52,2.55
15:09:53,2.55
15:09:54,2.55
15:09:55,2.55
15:09:56,2.55
15:09:57,2.55
15:09:58,2.55
15:09:59,2.55
15:10:00,2.55
15:10:01,2.55
15:10:02,2.55
15:10:03,2.55
15:10:04,2.55
15:10:05,2.55
15:10:06,2.55
15:10:07,2.55
15:10:08,2.55
15:10:09,2.55
15:10:10,2.55
15:10:11,2.55
15:10:12,2.55
15:10:13,2.55
15:10:14,2.55
15:10:15,2.55
15:10:16,2.55
15:10:17,2.55
15:10:18,2.55
15:10:19,2.55
15:10:20,2.55
15:10:21,2.55
15:10:22,2.55
15:10:23,2.55
15:10:24,2.55
15:10:25,2.55
15:10:26,2.55
15:10:27,2.55
15:10:28,2.55
15:10:29,2.55
15:10:30,2.55
15:10:31,2.55
15:10:32,2.55
15:10:33,2.55
15:10:34,2.55
15:10:35,2.55
15:10:36,2.55
15:10:37,2.55
15:10:38,2.55
15:10:39,2.55
15:10:40,2.55
15:10:41,2.55
15:10:42,2.55
15:10:43,2.55
15:10:44,2.55
15:10:45,2.55
15:10:46,2.55
15:10:47,2.55
15:10:48,2.55
15:10:49,2.55
15:10:50,2.55
15:10:51,2.55
15:10:52,2.55
15:10:53,2.55
15:10:54,2.55
15:10:55,2.55
15:10:56,2.55
15:10:57,2.55
15:10:58,2.55
15:10:59,2.55
15:11:00,2.55
15:11:01,2.55
15:11:02,2.55
15:11:03,2.55
15:11:04,2.55
15:11:05,2.55
15:11:06,2.55
15:11:07,2.55
15:11:08,2.55
15:11:09,2.55
15:11:10,2.55
15:11:11,2.55
15:11:12,2.55
15:11:13,2.55
15:11:14,2.55
15:11:15,2.55
15:11:16,2.55
15:11:17,2.55
15:11:18,2.55
15:11:19,2.55
15:11:20,2.55
15:11:21,2.55
15:11:22,2.55
15:11:23,2.55
15:11:24,2.55
15:11:25,2.55
15:11:26,2.55
15:11:27,2.55
15:11:28,2.55
15:11:29,2.55
15:11:30,2.55
15:11:31,2.55
15:11:32,2.55
15:11:33,2.55
15:11:34,2.55
15:11:35,2.55
15:11:36,2.55
15:11:37,2.55
15:11:38,2.55
15:11:39,2.55
15:11:40,2.55
15:11:41,2.55
15:11:42,2.55
15:11:43,2.55
15:11:44,2.55
15:11:45,2.55
15:11:46,2.55
15:11:47,2.55
15:11:48,2.55
15:11:49,2.55
15:11:50,2.55
15:11:51,2.55
15:11:52,2.55
15:11:53,2.55
15:11:54,2.55
15:11:55,2.55
15:11:56,2.55
15:11:57,2.55
15:11:58,2.55
15:11:59,2.55
15:12:00,2.55
15:12:01,2.55
15:12:02,2.55
15:12:03,2.55
15:12:04,2.55
15:12:05,2.55
15:12:06,2.55
15:12:07,2.55
15:12:08,2.55
15:12:09,2.55
15:12:10,2.55
15:12:11,2.55
15:12:12,2.55
15:12:13,2.55
15:12:14,2.55
15:12:15,2.55
15:12:16,2.55
15:12:17,2.55
15:12:18,2.55
15:12:19,2.55
15:12:20,2.55
15:12:21,2.55
15:12:22,2.55
15:12:23,2.55
15:12:24,2.55
15:12:25,2.55
15:12:26,2.55
15:12:27,2.55
15:12:28,2.55
15:12:29,2.55
15:12:30,2.55
15:12:31,2.55
15:12:32,2.55
15:12:33,2.55
15:12:34,2.55
15:12:35,2.55
15:12:36,2.55
15:12:37,2.55
15:12:38,2.55
15:12:39,2.55
15:12:40,2.55
15:12:41,2.55
15:12:42,2.55
15:12:43,2.55
15:12:44,2.55
15:12:45,2.55
15:12:46,2.55
15:12:47,2.55
15:12:48,2.55
15:12:49,2.55
15:12:50,2.55
15:12:51,2.55
15:12:52,2.55
15:12:53,2.55
15:12:54,2.55
15:12:55,2.55
15:12:56,2.55
15:12:57,2.55
15:12:58,2.55
15:12:59,2.55
15:13:00,2.55
15:13:01,2.55
15:13:02,2.55
15:13:03,2.55
15:13:04,2.55
15:13:05,2.55
15:13:06,2.55
15:13:07,2.55
15:13:08,2.55
15:13:09,2.55
15:13:10,2.55
15:13:11,2.55
15:13:12,2.55
15:13:13,2.55
15:13:14,2.55
15:13:15,2.55
15:13:16,2.55
15:13:17,2.55
15:13:18,2.55
15:13:19,2.55
15:13:20,2.55
15:13:21,2.55
15:13:22,2.55
15:13:23,2.55
15:13:24,2.55
15:13:25,2.55
15:13:26,2.55
15:13:27,2.55
15:13:28,2.55
15:13:29,2.55
15:13:30,2.55
15:13:31,2.55
15:13:32,2.55
15:13:33,2.55
15:13:34,2.55
15:13:35,2.55
15:13:36,2.55
15:13:37,2.55
15:13:38,2.55
15:13:39,2.55
15:13:40,2.55
15:13:41,2.55
15:13:42,2.55
15:13:43,2.55
15:13:44,2.55
15:13:45,2.55
15:13:46,2.55
15:13:47,2.55
15:13:48,2.55
15:13:49,2.55
15:13:50,2.55
15:13:51,2.55
15:13:52,2.55
15:13:53,2.55
15:13:54,2.55
15:13:55,2.55
15:13:56,2.55
15:13:57,2.55
15:13:58,2.55
15:13:59,2.55
15:14:00,2.55
15:14:01,2.55
15:14:02,2.55
15:14:03,2.55
15:14:04,2.55
15:14:05,2.55
15:14:06,2.55
15:14:07,2.55
15:14:08,2.55
15:14:09,2.55
15:14:10,2.55
15:14:11,2.55
15:14:12,2.55
15:14:13,2.55
15:14:14,2.55
15:14:15,2.55
15:14:16,2.55
15:14:17,2.55
15:14:18,2.55
15:14:19,2.55
15:14:20,2.55
15:14:21,2.55
15:14:22,2.55
15:14:23,2.55
15:14:24,2.55
15:14:25,2.55
15:14:26,2.55
15:14:27,2.55
15:14:28,2.55
15:14:29,2.55
15:14:30,2.55
15:14:31,2.55
15:14:32,2.55
15:14:33,2.55
15:14:34,2.55
15:14:35,2.55
15:14:36,2.55
15:14:37,2.55
15:14:38,2.55
15:14:39,2.55
15:14:40,2.55
15:14:41,2.55
15:14:42,2.55
15:14:43,2.55
15:14:44,2.55
15:14:45,2.55
15:14:46,2.55
15:14:47,2.55
15:14:48,2.55
15:14:49,2.55
15:14:50,2.55
15:14:51,2.55
15:14:52,2.55
15:14:53,2.55
15:14:54,2.55
15:14:55,2.55
15:14:56,2.55
15:14:57,2.55
15:14:58,2.55
15:14:59,2.55
15:15:00,2.55
15:15:01,2.55
15:15:02,2.55
15:15:03,2.55
15:15:04,2.55
15:15:05,2.55
15:15:06,2.55
15:15:07,2.55
15:15:08,2.55
15:15:09,2.55
15:15:10,2.55
15:15:11,2.55
15:15:12,2.55
15:15:13,2.55
15:15:14,2.55
15:15:15,2.55
15:15:16,2.55
15:15:17,2.55
15:15:18,2.55
15:15:19,2.55
15:15:20,2.55
15:15:21,2.55
15:15:22,2.55
15:15:23,2.55
15:15:24,2.55
15:15:25,2.55
15:15:26,2.55
15:15:27,2.55
15:15:28,2.55
15:15:29,2.55
15:15:30,2.55
15:15:31,2.55
15:15:32,2.55
15:15:33,2.55
15:15:34,2.55
15:15:35,2.55
15:15:36,2.55
15:15:37,2.55
15:15:38,2.55
15:15:39,2.55
15:15:40,2.55
15:15:41,2.55
15:15:42,2.55
15:15:43,2.55
15:15:44,2.55
15:15:45,2.55
15:15:46,2.55
15:15:47,2.55
15:15:48,2.55
15:15:49,2.55
15:15:50,2.55
15:15:51,2.55
15:15:52,2.55
15:15:53,2.55
15:15:54,2.55
15:15:55,2.55
15:15:56,2.55
15:15:57,2.55
15:15:58,2.55
15:15:59,2.55
15:16:00,2.55
15:16:01,2.55
15:16:02,2.55
15:16:03,2.55
15:16:04,2.55
15:16:05,2.55
15:16:06,2.55
15:16:07,2.55
15:16:08,2.55
15:16:09,2.55
15:16:10,2.55
15:16:11,2.55
15:16:12,2.55
15:16:13,2.55
15:16:14,2.55
15:16:15,2.55
15:16:16,2.55
15:16:17,2.55
15:16:18,2.55
15:16:19,2.55
15:16:20,2.55
15:16:21,2.55
15:16:22,2.55
15:16:23,2.55
15:16:24,2.55
15:16:25,2.55
15:16:26,2.55
15:16:27,2.55
15:16:28,2.55
15:16:29,2.55
15:16:30,2.55
15:16:31,2.55
15:16:32,2.55
15:16:33,2.55
15:16:34,2.55
15:16:35,2.55
15:16:36,2.55
15:16:37,2.55
15:16:38,2.55
15:16:39,2.55
15:16:40,2.55
15:16:41,2.55
15:16:42,2.55
15:16:43,2.55
15:16:44,2.55
15:16:45,2.55
15:16:46,2.55
15:16:47,2.55
15:16:48,2.55
15:16:49,2.55
15:16:50,2.55
15:16:51,2.55
15:16:52,2.55
15:16:53,2.55
15:16:54,2.55
15:16:55,2.55
15:16:56,2.55
15:16:57,2.55
15:16:58,2.55
15:16:59,2.55
15:17:00,2.55
15:17:01,2.55
15:17:02,2.55
15:17:03,2.55
15:17:04,2.55
15:17:05,2.55
15:17:06,2.55
15:17:07,2.55
15:17:08,2.55
15:17:09,2.55
15:17:10,2.55
15:17:11,2.55
15:17:12,2.55
15:17:13,2.55
15:17:14,2.55
15:17:15,2.55
15:17:16,2.55
15:17:17,2.55
15:17:18,2.55
15:17:19,2.55
15:17:20,2.55
15:17:21,2.55
15:17:22,2.55
15:17:23,2.55
15:17:24,2.55
15:17:25,2.55
15:17:26,2.55
15:17:27,2.55
15:17:28,2.55
15:17:29,2.55
15:17:30,2.55
15:17:31,2.55
15:17:32,2.55
15:17:33,2.55
15:17:34,2.55
15:17:35,2.55
15:17:36,2.55
15:17:37,2.55
15:17:38,2.55
15:17:39,2.55
15:17:40,2.55
15:17:41,2.55
15:17:42,2.55
15:17:43,2.55
15:17:44,2.55
15:17:45,2.55
15:17:46,2.55
15:17:47,2.55
15:17:48,2.55
15:17:49,2.55
15:17:50,2.55
15:17:51,2.55
15:17:52,2.55
15:17:53,2.55
15:17:54,2.55
15:17:55,2.55
15:17:56,2.55
15:17:57,2.55
15:17:58,2.55
15:17:59,2.55
15:18:00,2.55
15:18:01,2.55
15:18:02,2.55
15:18:03,2.55
15:18:04,2.55
15:18:05,2.55
15:18:06,2.55
15:18:07,2.55
15:18:08,2.55
15:18:09,2.55
15:18:10,2.55
15:18:11,2.55
15:18:12,2.55
15:18:13,2.55
15:18:14,2.55
15:18:15,2.55
15:18:16,2.55
15:18:17,2.55
15:18:18,2.55
15:18:19,2.55
15:18:20,2.55
15:18:21,2.55
15:18:22,2.55
15:18:23,2.55
15:18:24,2.55
15:18:25,2.55
15:18:26,2.55
15:18:27,2.55
15:18:28,2.55
15:18:29,2.55
15:18:30,2.55
15:18:31,2.55
15:18:32,2.55
15:18:33,2.55
15:18:34,2.55
15:18:35,2.55
15:18:36,2.55
15:18:37,2.55
15:18:38,2.55
15:18:39,2.55
15:18:40,2.55
15:18:41,2.55
15:18:42,2.55
15:18:43,2.55
15:18:44,2.55
15:18:45,2.55
15:18:46,2.55
15:18:47,2.55
15:18:48,2.55
15:18:49,2.55
15:18:50,2.55
15:18:51,2.55
15:18:52,2.55
15:18:53,2.55
15:18:54,2.55
15:18:55,2.55
15:18:56,2.55
15:18:57,2.55
15:18:58,2.55
15:18:59,2.55
15:19:00,2.55
15:19:01,2.55
15:19:02,2.55
15:19:03,2.55
15:19:04,2.55
15:19:05,2.55
15:19:06,2.55
15:19:07,2.55
15:19:08,2.55
15:19:09,2.55
15:19:10,2.55
15:19:11,2.55
15:19:12,2.55
15:19:13,2.55
15:19:14,2.55
15:19:15,2.55
15:19:16,2.55
15:19:17,2.55
15:19:18,2.55
15:19:19,2.55
15:19:20,2.55
15:19:21,2.55
15:19:22,2.55
15:19:23,2.55
15:19:24,2.55
15:19:25,2.55
15:19:26,2.55
15:19:27,2.55
15:19:28,2.55
15:19:29,2.55
15:19:30,2.55
15:19:31,2.55
15:19:32,2.55
15:19:33,2.55
15:19:34,2.55
15:19:35,2.55
15:19:36,2.55
15:19:37,2.55
15:19:38,2.55
15:19:39,2.55
15:19:40,2.55
15:19:41,2.55
15:19:42,2.55
15:19:43,2.55
15:19:44,2.55
15:19:45,2.55
15:19:46,2.55
15:19:47,2.55
15:19:48,2.55
15:19:49,2.55
15:19:50,2.55
15:19:51,2.55
15:19:52,2.55
15:19:53,2.55
15:19:54,2.55
15:19:55,2.55
15:19:56,2.55
15:19:57,2.55
15:19:58,2.55
15:19:59,2.55
15:20:00,2.55
15:20:01,2.55
15:20:02,2.55
15:20:03,2.55
15:20:04,2.55
15:20:05,2.55
15:20:06,2.55
15:20:07,2.55
15:20:08,2.55
15:20:09,2.55
15:20:10,2.55
15:20:11,2.55
15:20:12,2.55
15:20:13,2.55
15:20:14,2.55
15:20:15,2.55
15:20:16,2.55
15:20:17,2.55
15:20:18,2.55
15:20:19,2.55
15:20:20,2.55
15:20:21,2.55
15:20:22,2.55
15:20:23,2.55
15:20:24,2.55
15:20:25,2.55
15:20:26,2.55
15:20:27,2.55
15:20:28,2.55
15:20:29,2.55
15:20:30,2.55
15:20:31,2.55
15:20:32,2.55
15:20:33,2.55
15:20:34,2.55
15:20:35,2.55
15:20:36,2.55
15:20:37,2.55
15:20:38,2.55
15:20:39,2.55
15:20:40,2.55
15:20:41,2.55
15:20:42,2.55
15:20:43,2.55
15:20:44,2.55
15:20:45,2.55
15:20:46,2.55
15:20:47,2.55
15:20:48,2.55
15:20:49,2.55
15:20:50,2.55
15:20:51,2.55
15:20:52,2.55
15:20:53,2.55
15:20:54,2.55
15:20:55,2.55
15:20:56,2.55
15:20:57,2.55
15:20:58,2.55
15:20:59,2.55
15:21:00,2.55
15:21:01,2.55
15:21:02,2.55
15:21:03,2.55
15:21:04,2.55
15:21:05,2.55
15:21:06,2.55
15:21:07,2.55
15:21:08,2.55
15:21:09,2.55
15:21:10,2.55
15:21:11,2.55
15:21:12,2.55
15:21:13,2.55
15:21:14,2.55
15:21:15,2.55
15:21:16,2.55
15:21:17,2.55
15:21:18,2.55
15:21:19,2.55
15:21:20,2.55
15:21:21,2.55
15:21:22,2.55
15:21:23,2.55
15:21:24,2.55
15:21:25,2.55
15:21:26,2.55
15:21:27,2.55
15:21:28,2.55
15:21:29,2.55
15:21:30,2.55
15:21:31,2.55
15:21:32,2.55
15:21:33,2.55
15:21:34,2.55
15:21:35,2.55
15:21:36,2.55
15:21:37,2.55
15:21:38,2.55
15:21:39,2.55
15:21:40,2.55
15:21:41,2.55
15:21:42,2.55
15:21:43,2.55
15:21:44,2.55
15:21:45,2.55
15:21:46,2.55
15:21:47,2.55
15:21:48,2.55
15:21:49,2.55
15:21:50,2.55
15:21:51,2.55
15:21:52,2.55
15:21:53,2.55
15:21:54,2.55
15:21:55,2.55
15:21:56,2.55
15:21:57,2.55
15:21:58,2.55
15:21:59,2.55
15:22:00,2.55
15:22:01,2.55
15:22:02,2.55
15:22:03,2.55
15:22:04,2.55
15:22:05,2.55
15:22:06,2.55
15:22:07,2.55
15:22:08,2.55
15:22:09,2.55
15:22:10,2.55
15:22:11,2.55
15:22:12,2.55
15:22:13,2.55
15:22:14,2.55
15:22:15,2.55
15:22:16,2.55
15:22:17,2.55
15:22:18,2.55
15:22:19,2.55
15:22:20,2.55
15:22:21,2.55
15:22:22,2.55
15:22:23,2.55
15:22:24,2.55
15:22:25,2.55
15:22:26,2.55
15:22:27,2.55
15:22:28,2.55
15:22:29,2.55
15:22:30,2.55
15:22:31,2.55
15:22:32,2.55
15:22:33,2.55
15:22:34,2.55
15:22:35,2.55
15:22:36,2.55
15:22:37,2.55
15:22:38,2.55
15:22:39,2.55
15:22:40,2.55
15:22:41,2.55
15:22:42,2.55
15:22:43,2.55
15:22:44,2.55
15:22:45,2.55
15:22:46,2.55
15:22:47,2.55
15:22:48,2.55
15:22:49,2.55
15:22:50,2.55
15:22:51,2.55
15:22:52,2.55
15:22:53,2.55
15:22:54,2.55
15:22:55,2.55
15:22:56,2.55
15:22:57,2.55
15:22:58,2.55
15:22:59,2.55
15:23:00,2.55
15:23:01,2.55
15:23:02,2.55
15:23:03,2.55
15:23:04,2.55
15:23:05,2.55
15:23:06,2.55
15:23:07,2.55
15:23:08,2.55
15:23:09,2.55
15:23:10,2.55
15:23:11,2.55
15:23:12,2.55
15:23:13,2.55
15:23:14,2.55
15:23:15,2.55
15:23:16,2.55
15:23:17,2.55
15:23:18,2.55
15:23:19,2.55
15:23:20,2.55
15:23:21,2.55
15:23:22,2.55
15:23:23,2.55
15:23:24,2.55
15:23:25,2.55
15:23:26,2.55
15:23:27,2.55
15:23:28,2.55
15:23:29,2.55
15:23:30,2.55
15:23:31,2.55
15:23:32,2.55
15:23:33,2.55
15:23:34,2.55
15:23:35,2.55
15:23:36,2.55
15:23:37,2.55
15:23:38,2.55
15:23:39,2.55
15:23:40,2.55
15:23:41,2.55
15:23:42,2.55
15:23:43,2.55
15:23:44,2.55
15:23:45,2.55
15:23:46,2.55
15:23:47,2.55
15:23:48,2.55
15:23:49,2.55
15:23:50,2.55
15:23:51,2.55
15:23:52,2.55
15:23:53,2.55
15:23:54,2.55
15:23:55,2.55
15:23:56,2.55
15:23:57,2.55
15:23:58,2.55
15:23:59,2.55
15:24:00,2.55
15:24:01,2.55
15:24:02,2.55
15:24:03,2.55
15:24:04,2.55
15:24:05,2.55
15:24:06,2.55
15:24:07,2.55
15:24:08,2.55
15:24:09,2.55
15:24:10,2.55
15:24:11,2.55
15:24:12,2.55
15:24:13,2.55
15:24:14,2.55
15:24:15,2.55
15:24:16,2.55
15:24:17,2.55
15:24:18,2.55
15:24:19,2.55
15:24:20,2.55
15:24:21,2.55
15:24:22,2.55
15:24:23,2.55
15:24:24,2.55
15:24:25,2.55
15:24:26,2.55
15:24:27,2.55
15:24:28,2.55
15:24:29,2.55
15:24:30,2.55
15:24:31,2.55
15:24:32,2.55
15:24:33,2.55
15:24:34,2.55
15:24:35,2.55
15:24:36,2.55
15:24:37,2.55
15:24:38,2.55
15:24:39,2.55
15:24:40,2.55
15:24:41,2.55
15:24:42,2.55
15:24:43,2.55
15:24:44,2.55
15:24:45,2.55
15:24:46,2.55
15:24:47,2.55
15:24:48,2.55
15:24:49,2.55
15:24:50,2.55
15:24:51,2.55
15:24:52,2.55
15:24:53,2.55
15:24:54,2.55
15:24:55,2.55
15:24:56,2.55
15:24:57,2.55
15:24:58,2.55
15:24:59,2.55
15:25:00,2.55
15:25:01,2.55
15:25:02,2.55
15:25:03,2.55
15:25:04,2.55
15:25:05,2.55
15:25:06,2.55
15:25:07,2.55
15:25:08,2.55
15:25:09,2.55
15:25:10,2.55
15:25:11,2.55
15:25:12,2.55
15:25:13,2.55
15:25:14,2.55
15:25:15,2.55
15:25:16,2.55
15:25:17,2.55
15:25:18,2.55
15:25:19,2.55
15:25:20,2.55
15:25:21,2.55
15:25:22,2.55
15:25:23,2.55
15:25:24,2.55
15:25:25,2.55
15:25:26,2.55
15:25:27,2.55
15:25:28,2.55
15:25:29,2.55
15:25:30,2.55
15:25:31,2.55
15:25:32,2.55
15:25:33,2.55
15:25:34,2.55
15:25:35,2.55
15:25:36,2.55
15:25:37,2.55
15:25:38,2.55
15:25:39,2.55
15:25:40,2.55
15:25:41,2.55
15:25:42,2.55
15:25:43,2.55
15:25:44,2.55
15:25:45,2.55
15:25:46,2.55
15:25:47,2.55
15:25:48,2.55
15:25:49,2.55
15:25:50,2.55
15:25:51,2.55
15:25:52,2.55
15:25:53,2.55
15:25:54,2.55
15:25:55,2.55
15:25:56,2.55
15:25:57,2.55
15:25:58,2.55
15:25:59,2.55
15:26:00,2.55
15:26:01,2.55
15:26:02,2.55
15:26:03,2.55
15:26:04,2.55
15:26:05,2.55
15:26:06,2.55
15:26:07,2.55
15:26:08,2.55
15:26:09,2.55
15:26:10,2.55
15:26:11,2.55
15:26:12,2.55
15:26:13,2.55
15:26:14,2.55
15:26:15,2.55
15:26:16,2.55
15:26:17,2.55
15:26:18,2.55
15:26:19,2.55
15:26:20,2.55
15:26:21,2.55
15:26:22,2.55
15:26:23,2.55
15:26:24,2.55
15:26:25,2.55
15:26:26,2.55
15:26:27,2.55
15:26:28,2.55
15:26:29,2.55
15:26:30,2.55
15:26:31,2.55
15:26:32,2.55
15:26:33,2.55
15:26:34,2.55
15:26:35,2.55
15:26:36,2.55
15:26:37,2.55
15:26:38,2.55
15:26:39,2.55
15:26:40,2.55
15:26:41,2.55
15:26:42,2.55
15:26:43,2.55
15:26:44,2.55
15:26:45,2.55
15:26:46,2.55
15:26:47,2.55
15:26:48,2.55
15:26:49,2.55
15:26:50,2.55
15:26:51,2.55
15:26:52,2.55
15:26:53,2.55
15:26:54,2.55
15:26:55,2.55
15:26:56,2.55
15:26:57,2.55
15:26:58,2.55
15:26:59,2.55
15:27:00,2.55
15:27:01,2.55
15:27:02,2.55
15:27:03,2.55
15:27:04,2.55
15:27:05,2.55
15:27:06,2.55
15:27:07,2.55
15:27:08,2.55
15:27:09,2.55
15:27:10,2.55
15:27:11,2.55
15:27:12,2.55
15:27:13,2.55
15:27:14,2.55
15:27:15,2.55
15:27:16,2.55
15:27:17,2.55
15:27:18,2.55
15:27:19,2.55
15:27:20,2.55
15:27:21,2.55
15:27:22,2.55
15:27:23,2.55
15:27:24,2.55
15:27:25,2.55
15:27:26,2.55
15:27:27,2.55
15:27:28,2.55
15:27:29,2.55
15:27:30,2.55
15:27:31,2.55
15:27:32,2.55
15:27:33,2.55
15:27:34,2.55
15:27:35,2.55
15:27:36,2.55
15:27:37,2.55
15:27:38,2.55
15:27:39,2.55
15:27:40,2.55
15:27:41,2.55
15:27:42,2.55
15:27:43,2.55
15:27:44,2.55
15:27:45,2.55
15:27:46,2.55
15:27:47,2.55
15:27:48,2.55
15:27:49,2.55
15:27:50,2.55
15:27:51,2.55
15:27:52,2.55
15:27:53,2.55
15:27:54,2.55
15:27:55,2.55
15:27:56,2.55
15:27:57,2.55
15:27:58,2.55
15:27:59,2.55
15:28:00,2.55
15:28:01,2.55
15:28:02,2.55
15:28:03,2.55
15:28:04,2.55
15:28:05,2.55
15:28:06,2.55
15:28:07,2.55
15:28:08,2.55
15:28:09,2.55
15:28:10,2.55
15:28:11,2.55
15:28:12,2.55
15:28:13,2.55
15:28:14,2.55
15:28:15,2.55
15:28:16,2.55
15:28:17,2.55
15:28:18,2.55
15:28:19,2.55
15:28:20,2.55
15:28:21,2.55
15:28:22,2.55
15:28:23,2.55
15:28:24,2.55
15:28:25,2.55
15:28:26,2.55
15:28:27,2.55
15:28:28,2.55
15:28:29,2.55
15:28:30,2.55
15:28:31,2.55
15:28:32,2.55
15:28:33,2.55
15:28:34,2.55
15:28:35,2.55
15:28:36,2.55
15:28:37,2.55
15:28:38,2.55
15:28:39,2.55
15:28:40,2.55
15:28:41,2.55
15:28:42,2.55
15:28:43,2.55
15:28:44,2.55
15:28:45,2.55
15:28:46,2.55
15:28:47,2.55
15:28:48,2.55
15:28:49,2.55
15:28:50,2.55
15:28:51,2.55
15:28:52,2.55
15:28:53,2.55
15:28:54,2.55
15:28:55,2.55
15:28:56,2.55
15:28:57,2.55
15:28:58,2.55
15:28:59,2.55
15:29:00,2.55
15:29:01,2.55
15:29:02,2.55
15:29:03,2.55
15:29:04,2.55
15:29:05,2.55
15:29:06,2.55
15:29:07,2.55
15:29:08,2.55
15:29:09,2.55
15:29:10,2.55
15:29:11,2.55
15:29:12,2.55
15:29:13,2.55
15:29:14,2.55
15:29:15,2.55
15:29:16,2.55
15:29:17,2.55
15:29:18,2.55
15:29:19,2.55
15:29:20,2.55
15:29:21,2.55
15:29:22,2.55
15:29:23,2.55
15:29:24,2.55
15:29:25,2.55
15:29:26,2.55
15:29:27,2.55
15:29:28,2.55
15:29:29,2.55
15:29:30,2.55
15:29:31,2.55
15:29:32,2.55
15:29:33,2.55
15:29:34,2.55
15:29:35,2.55
15:29:36,2.55
15:29:37,2.55
15:29:38,2.55
15:29:39,2.55
15:29:40,2.55
15:29:41,2.55
15:29:42,2.55
15:29:43,2.55
15:29:44,2.55
15:29:45,2.55
15:29:46,2.55
15:29:47,2.55
15:29:48,2.55
15:29:49,2.55
15:29:50,2.55
15:29:51,2.55
15:29:52,2.55
15:29:53,2.55
15:29:54,2.55
15:29:55,2.55
15:29:56,2.55
15:29:57,2.55
15:29:58,2.55
15:29:59,2.55
15:30:00,2.55
15:30:01,2.55
15:30:02,2.55
15:30:03,2.55
15:30:04,2.55
15:30:05,2.55
15:30:06,2.55
15:30:07,2.55
15:30:08,2.55
15:30:09,2.55
15:30:10,2.55
15:30:11,2.55
15:30:12,2.55
15:30:13,2.55
15:30:14,2.55
15:30:15,2.55
15:30:16,2.55
15:30:17,2.55
15:30:18,2.55
15:30:19,2.55
15:30:20,2.55
15:30:21,2.55
15:30:22,2.55
15:30:23,2.55
15:30:24,2.55
15:30:25,2.55
15:30:26,2.55
15:30:27,2.55
15:30:28,2.55
15:30:29,2.55
15:30:30,2.55
15:30:31,2.55
15:30:32,2.55
15:30:33,2.55
15:30:34,2.55
15:30:35,2.55
15:30:36,2.55
15:30:37,2.55
15:30:38,2.55
15:30:39,2.55
15:30:40,2.55
15:30:41,2.55
15:30:42,2.55
15:30:43,2.55
15:30:44,2.55
15:30:45,2.55
15:30:46,2.55
15:30:47,2.55
15:30:48,2.55
15:30:49,2.55
15:30:50,2.55
15:30:51,2.55
15:30:52,2.55
15:30:53,2.55
15:30:54,2.55
15:30:55,2.55
15:30:56,2.55
15:30:57,2.55
15:30:58,2.55
15:30:59,2.55
15:31:00,2.55
15:31:01,2.55
15:31:02,2.55
15:31:03,2.55
15:31:04,2.55
15:31:05,2.55
15:31:06,2.55
15:31:07,2.55
15:31:08,2.55
15:31:09,2.55
15:31:10,2.55
15:31:11,2.55
15:31:12,2.55
15:31:13,2.55
15:31:14,2.55
15:31:15,2.55
15:31:16,2.55
15:31:17,2.55
15:31:18,2.55
15:31:19,2.55
15:31:20,2.55
15:31:21,2.55
15:31:22,2.55
15:31:23,2.55
15:31:24,2.55
15:31:25,2.55
15:31:26,2.55
15:31:27,2.55
15:31:28,2.55
15:31:29,2.55
15:31:30,2.55
15:31:31,2.55
15:31:32,2.55
15:31:33,2.55
15:31:34,2.55
15:31:35,2.55
15:31:36,2.55
15:31:37,2.55
15:31:38,2.55
15:31:39,2.55
15:31:40,2.55
15:31:41,2.55
15:31:42,2.55
15:31:43,2.55
15:31:44,2.55
15:31:45,2.55
15:31:46,2.55
15:31:47,2.55
15:31:48,2.55
15:31:49,2.55
15:31:50,2.55
15:31:51,2.55
15:31:52,2.55
15:31:53,2.55
15:31:54,2.55
15:31:55,2.55
15:31:56,2.55
15:31:57,2.55
15:31:58,2.55
15:31:59,2.55
15:32:00,2.55
15:32:01,2.55
15:32:02,2.55
15:32:03,2.55
15:32:04,2.55
15:32:05,2.55
15:32:06,2.55
15:32:07,2.55
15:32:08,2.55
15:32:09,2.55
15:32:10,2.55
15:32:11,2.55
15:32:12,2.55
15:32:13,2.55
15:32:14,2.55
15:32:15,2.55
15:32:16,2.55
15:32:17,2.55
15:32:18,2.55
15:32:19,2.55
15:32:20,2.55
15:32:21,2.55
15:32:22,2.55
15:32:23,2.55
15:32:24,2.55
15:32:25,2.55
15:32:26,2.55
15:32:27,2.55
15:32:28,2.55
15:32:29,2.55
15:32:30,2.55
15:32:31,2.55
15:32:32,2.55
15:32:33,2.55
15:32:34,2.55
15:32:35,2.55
15:32:36,2.55
15:32:37,2.55
15:32:38,2.55
15:32:39,2.55
15:32:40,2.55
15:32:41,2.55
15:32:42,2.55
15:32:43,2.55
15:32:44,2.55
15:32:45,2.55
15:32:46,2.55
15:32:47,2.55
15:32:48,2.55
15:32:49,2.55
15:32:50,2.55
15:32:51,2.55
15:32:52,2.55
15:32:53,2.55
15:32:54,2.55
15:32:55,2.55
15:32:56,2.55
15:32:57,2.55
15:32:58,2.55
15:32:59,2.55
15:33:00,2.55
15:33:01,2.55
15:33:02,2.55
15:33:03,2.55
15:33:04,2.55
15:33:05,2.55
15:33:06,2.55
15:33:07,2.55
15:33:08,2.55
15:33:09,2.55
15:33:10,2.55
15:33:11,2.55
15:33:12,2.55
15:33:13,2.55
15:33:14,2.55
15:33:15,2.55
15:33:16,2.55
15:33:17,2.55
15:33:18,2.55
15:33:19,2.55
15:33:20,2.55
15:33:21,2.55
15:33:22,2.55
15:33:23,2.55
15:33:24,2.55
15:33:25,2.55
15:33:26,2.55
15:33:27,2.55
15:33:28,2.55
15:33:29,2.55
15:33:30,2.55
15:33:31,2.55
15:33:32,2.55
15:33:33,2.55
15:33:34,2.55
15:33:35,2.55
15:33:36,2.55
15:33:37,2.55
15:33:38,2.55
15:33:39,2.55
15:33:40,2.55
15:33:41,2.55
15:33:42,2.55
15:33:43,2.55
15:33:44,2.55
15:33:45,2.55
15:33:46,2.55
15:33:47,2.55
15:33:48,2.55
15:33:49,2.55
15:33:50,2.55
15:33:51,2.55
15:33:52,2.55
15:33:53,2.55
15:33:54,2.55
15:33:55,2.55
15:33:56,2.55
15:33:57,2.55
15:33:58,2.55
15:33:59,2.55
15:34:00,2.55
15:34:01,2.55
15:34:02,2.55
15:34:03,2.55
15:34:04,2.55
15:34:05,2.55
15:34:06,2.55
15:34:07,2.55
15:34:08,2.55
15:34:09,2.55
15:34:10,2.55
15:34:11,2.55
15:34:12,2.55
15:34:13,2.55
15:34:14,2.55
15:34:15,2.55
15:34:16,2.55
15:34:17,2.55
15:34:18,2.55
15:34:19,2.55
15:34:20,2.55
15:34:21,2.55
15:34:22,2.55
15:34:23,2.55
15:34:24,2.55
15:34:25,2.55
15:34:26,2.55
15:34:27,2.55
15:34:28,2.55
15:34:29,2.55
15:34:30,2.55
15:34:31,2.55
15:34:32,2.55
15:34:33,2.55
15:34:34,2.55
15:34:35,2.55
15:34:36,2.55
15:34:37,2.55
15:34:38,2.55
15:34:39,2.55
15:34:40,2.55
15:34:41,2.55
15:34:42,2.55
15:34:43,2.55
15:34:44,2.55
15:34:45,2.55
15:34:46,2.55
15:34:47,2.55
15:34:48,2.55
15:34:49,2.55
15:34:50,2.55
15:34:51,2.55
15:34:52,2.55
15:34:53,2.55
15:34:54,2.55
15:34:55,2.55
15:34:56,2.55
15:34:57,2.55
15:34:58,2.55
15:34:59,2.55
15:35:00,2.55
15:35:01,2.55
15:35:02,2.55
15:35:03,2.55
15:35:04,2.55
15:35:05,2.55
15:35:06,2.55
15:35:07,2.55
15:35:08,2.55
15:35:09,2.55
15:35:10,2.55
15:35:11,2.55
15:35:12,2.55
15:35:13,2.55
15:35:14,2.55
15:35:15,2.55
15:35:16,2.55
15:35:17,2.55
15:35:18,2.55
15:35:19,2.55
15:35:20,2.55
15:35:21,2.55
15:35:22,2.55
15:35:23,2.55
15:35:24,2.55
15:35:25,2.55
15:35:26,2.55
15:35:27,2.55
15:35:28,2.55
15:35:29,2.55
15:35:30,2.55
15:35:31,2.55
15:35:32,2.55
15:35:33,2.55
15:35:34,2.55
15:35:35,2.55
15:35:36,2.55
15:35:37,2.55
15:35:38,2.55
15:35:39,2.55
15:35:40,2.55
15:35:41,2.55
15:35:42,2.55
15:35:43,2.55
15:35:44,2.55
15:35:45,2.55
15:35:46,2.55
15:35:47,2.55
15:35:48,2.55
15:35:49,2.55
15:35:50,2.55
15:35:51,2.55
15:35:52,2.55
15:35:53,2.55
15:35:54,2.55
15:35:55,2.55
15:35:56,2.55
15:35:57,2.55
15:35:58,2.55
15:35:59,2.55
15:36:00,2.55
15:36:01,2.55
15:36:02,2.55
15:36:03,2.55
15:36:04,2.55
15:36:05,2.55
15:36:06,2.55
15:36:07,2.55
15:36:08,2.55
15:36:09,2.55
15:36:10,2.55
15:36:11,2.55
15:36:12,2.55
15:36:13,2.55
15:36:14,2.55
15:36:15,2.55
15:36:16,2.55
15:36:17,2.55
15:36:18,2.55
15:36:19,2.55
15:36:20,2.55
15:36:21,2.55
15:36:22,2.55
15:36:23,2.55
15:36:24,2.55
15:36:25,2.55
15:36:26,2.55
15:36:27,2.55
15:36:28,2.55
15:36:29,2.55
15:36:30,2.55
15:36:31,2.55
15:36:32,2.55
15:36:33,2.55
15:36:34,2.55
15:36:35,2.55
15:36:36,2.55
15:36:37,2.55
15:36:38,2.55
15:36:39,2.55
15:36:40,2.55
15:36:41,2.55
15:36:42,2.55
15:36:43,2.55
15:36:44,2.55
15:36:45,2.55
15:36:46,2.55
15:36:47,2.55
15:36:48,2.55
15:36:49,2.55
15:36:50,2.55
15:36:51,2.55
15:36:52,2.55
15:36:53,2.55
15:36:54,2.55
15:36:55,2.55
15:36:56,2.55
15:36:57,2.55
15:36:58,2.55
15:36:59,2.55
15:37:00,2.55
15:37:01,2.55
15:37:02,2.55
15:37:03,2.55
15:37:04,2.55
15:37:05,2.55
15:37:06,2.55
15:37:07,2.55
15:37:08,2.55
15:37:09,2.55
15:37:10,2.55
15:37:11,2.55
15:37:12,2.55
15:37:13,2.55
15:37:14,2.55
15:37:15,2.55
15:37:16,2.55
15:37:17,2.55
15:37:18,2.55
15:37:19,2.55
15:37:20,2.55
15:37:21,2.55
15:37:22,2.55
15:37:23,2.55
15:37:24,2.55
15:37:25,2.55
15:37:26,2.55
15:37:27,2.55
15:37:28,2.55
15:37:29,2.55
15:37:30,2.55
15:37:31,2.55
15:37:32,2.55
15:37:33,2.55
15:37:34,2.55
15:37:35,2.55
15:37:36,2.55
15:37:37,2.55
15:37:38,2.55
15:37:39,2.55
15:37:40,2.55
15:37:41,2.55
15:37:42,2.55
15:37:43,2.55
15:37:44,2.55
15:37:45,2.55
15:37:46,2.55
15:37:47,2.55
15:37:48,2.55
15:37:49,2.55
15:37:50,2.55
15:37:51,2.55
15:37:52,2.55
15:37:53,2.55
15:37:54,2.55
15:37:55,2.55
15:37:56,2.55
15:37:57,2.55
15:37:58,2.55
15:37:59,2.55
15:38:00,2.55
15:38:01,2.55
15:38:02,2.55
15:38:03,2.55
15:38:04,2.55
15:38:05,2.55
15:38:06,2.55
15:38:07,2.55
15:38:08,2.55
15:38:09,2.55
15:38:10,2.55
15:38:11,2.55
15:38:12,2.55
15:38:13,2.55
15:38:14,2.55
15:38:15,2.55
15:38:16,2.55
15:38:17,2.55
15:38:18,2.55
15:38:19,2.55
15:38:20,2.55
15:38:21,2.55
15:38:22,2.55
15:38:23,2.55
15:38:24,2.55
15:38:25,2.55
15:38:26,2.55
15:38:27,2.55
15:38:28,2.55
15:38:29,2.55
15:38:30,2.55
15:38:31,2.55
15:38:32,2.55
15:38:33,2.55
15:38:34,2.55
15:38:35,2.55
15:38:36,2.55
15:38:37,2.55
15:38:38,2.55
15:38:39,2.55
15:38:40,2.55
15:38:41,2.55
15:38:42,2.55
15:38:43,2.55
15:38:44,2.55
15:38:45,2.55
15:38:46,2.55
15:38:47,2.55
15:38:48,2.55
15:38:49,2.55
15:38:50,2.55
15:38:51,2.55
15:38:52,2.55
15:38:53,2.55
15:38:54,2.55
15:38:55,2.55
15:38:56,2.55
15:38:57,2.55
15:38:58,2.55
15:38:59,2.55
15:39:00,2.55
15:39:01,2.55
15:39:02,2.55
15:39:03,2.55
15:39:04,2.55
15:39:05,2.55
15:39:06,2.55
15:39:07,2.55
15:39:08,2.55
15:39:09,2.55
15:39:10,2.55
15:39:11,2.55
15:39:12,2.55
15:39:13,2.55
15:39:14,2.55
15:39:15,2.55
15:39:16,2.55
15:39:17,2.55
15:39:18,2.55
15:39:19,2.55
15:39:20,2.55
15:39:21,2.55
15:39:22,2.55
15:39:23,2.55
15:39:24,2.55
15:39:25,2.55
15:39:26,2.55
15:39:27,2.55
15:39:28,2.55
15:39:29,2.55
15:39:30,2.55
15:39:31,2.55
15:39:32,2.55
15:39:33,2.55
15:39:34,2.55
15:39:35,2.55
15:39:36,2.55
15:39:37,2.55
15:39:38,2.55
15:39:39,2.55
15:39:40,2.55
15:39:41,2.55
15:39:42,2.55
15:39:43,2.55
15:39:44,2.55
15:39:45,2.55
15:39:46,2.55
15:39:47,2.55
15:39:48,2.55
15:39:49,2.55
15:39:50,2.55
15:39:51,2.55
15:39:52,2.55
15:39:53,2.55
15:39:54,2.55
15:39:55,2.55
15:39:56,2.55
15:39:57,2.55
15:39:58,2.55
15:39:59,2.55
15:40:00,2.55
15:40:01,2.55
15:40:02,2.55
15:40:03,2.55
15:40:04,2.55
15:40:05,2.55
15:40:06,2.55
15:40:07,2.55
15:40:08,2.55
15:40:09,2.55
15:40:10,2.55
15:40:11,2.55
15:40:12,2.55
15:40:13,2.55
15:40:14,2.55
15:40:15,2.55
15:40:16,2.55
15:40:17,2.55
15:40:18,2.55
15:40:19,2.55
15:40:20,2.55
15:40:21,2.55
15:40:22,2.55
15:40:23,2.55
15:40:24,2.55
15:40:25,2.55
15:40:26,2.55
15:40:27,2.55
15:40:28,2.55
15:40:29,2.55
15:40:30,2.55
15:40:31,2.55
15:40:32,2.55
15:40:33,2.55
15:40:34,2.55
15:40:35,2.55
15:40:36,2.55
15:40:37,2.55
15:40:38,2.55
15:40:39,2.55
15:40:40,2.55
15:40:41,2.55
15:40:42,2.55
15:40:43,2.55
15:40:44,2.55
15:40:45,2.55
15:40:46,2.55
15:40:47,2.55
15:40:48,2.55
15:40:49,2.55
15:40:50,2.55
15:40:51,2.55
15:40:52,2.55
15:40:53,2.55
15:40:54,2.55
15:40:55,2.55
15:40:56,2.55
15:40:57,2.55
15:40:58,2.55
15:40:59,2.55
15:41:00,2.55
15:41:01,2.55
15:41:02,2.55
15:41:03,2.55
15:41:04,2.55
15:41:05,2.55
15:41:06,2.55
15:41:07,2.55
15:41:08,2.55
15:41:09,2.55
15:41:10,2.55
15:41:11,2.55
15:41:12,2.55
15:41:13,2.55
15:41:14,2.55
15:41:15,2.55
15:41:16,2.55
15:41:17,2.55
15:41:18,2.55
15:41:19,2.55
15:41:20,2.55
15:41:21,2.55
15:41:22,2.55
15:41:23,2.55
15:41:24,2.55
15:41:25,2.55
15:41:26,2.55
15:41:27,2.55
15:41:28,2.55
15:41:29,2.55
15:41:30,2.55
15:41:31,2.55
15:41:32,2.55
15:41:33,2.55
15:41:34,2.55
15:41:35,2.55
15:41:36,2.55
15:41:37,2.55
15:41:38,2.55
15:41:39,2.55
15:41:40,2.55
15:41:41,2.55
15:41:42,2.55
15:41:43,2.55
15:41:44,2.55
15:41:45,2.55
15:41:46,2.55
15:41:47,2.55
15:41:48,2.55
15:41:49,2.55
15:41:50,2.55
15:41:51,2.55
15:41:52,2.55
15:41:53,2.55
15:41:54,2.55
15:41:55,2.55
15:41:56,2.55
15:41:57,2.55
15:41:58,2.55
15:41:59,2.55
15:42:00,2.55
15:42:01,2.55
15:42:02,2.55
15:42:03,2.55
15:42:04,2.55
15:42:05,2.55
15:42:06,2.55
15:42:07,2.55
15:42:08,2.55
15:42:09,2.55
15:42:10,2.55
15:42:11,2.55
15:42:12,2.55
15:42:13,2.55
15:42:14,2.55
15:42:15,2.55
15:42:16,2.55
15:42:17,2.55
15:42:18,2.55
15:42:19,2.55
15:42:20,2.55
15:42:21,2.55
15:42:22,2.55
15:42:23,2.55
15:42:24,2.55
15:42:25,2.55
15:42:26,2.55
15:42:27,2.55
15:42:28,2.55
15:42:29,2.55
15:42:30,2.55
15:42:31,2.55
15:42:32,2.55
15:42:33,2.55
15:42:34,2.55
15:42:35,2.55
15:42:36,2.55
15:42:37,2.55
15:42:38,2.55
15:42:39,2.55
15:42:40,2.55
15:42:41,2.55
15:42:42,2.55
15:42:43,2.55
15:42:44,2.55
15:42:45,2.55
15:42:46,2.55
15:42:47,2.55
15:42:48,2.55
15:42:49,2.55
15:42:50,2.55
15:42:51,2.55
15:42:52,2.55
15:42:53,2.55
15:42:54,2.55
15:42:55,2.55
15:42:56,2.55
15:42:57,2.55
15:42:58,2.55
15:42:59,2.55
15:43:00,2.55
15:43:01,2.55
15:43:02,2.55
15:43:03,2.55
15:43:04,2.55
15:43:05,2.55
15:43:06,2.55
15:43:07,2.55
15:43:08,2.55
15:43:09,2.55
15:43:10,2.55
15:43:11,2.55
15:43:12,2.55
15:43:13,2.55
15:43:14,2.55
15:43:15,2.55
15:43:16,2.55
15:43:17,2.55
15:43:18,2.55
15:43:19,2.55
15:43:20,2.55
15:43:21,2.55
15:43:22,2.55
15:43:23,2.55
15:43:24,2.55
15:43:25,2.55
15:43:26,2.55
15:43:27,2.55
15:43:28,2.55
15:43:29,2.55
15:43:30,2.55
15:43:31,2.55
15:43:32,2.55
15:43:33,2.55
15:43:34,2.55
15:43:35,2.55
15:43:36,2.55
15:43:37,2.55
15:43:38,2.55
15:43:39,2.55
15:43:40,2.55
15:43:41,2.55
15:43:42,2.55
15:43:43,2.55
15:43:44,2.55
15:43:45,2.55
15:43:46,2.55
15:43:47,2.55
15:43:48,2.55
15:43:49,2.55
15:43:50,2.55
15:43:51,2.55
15:43:52,2.55
15:43:53,2.55
15:43:54,2.55
15:43:55,2.55
15:43:56,2.55
15:43:57,2.55
15:43:58,2.55
15:43:59,2.55
15:44:00,2.55
15:44:01,2.55
15:44:02,2.55
15:44:03,2.55
15:44:04,2.55
15:44:05,2.55
15:44:06,2.55
15:44:07,2.55
15:44:08,2.55
15:44:09,2.55
15:44:10,2.55
15:44:11,2.55
15:44:12,2.55
15:44:13,2.55
15:44:14,2.55
15:44:15,2.55
15:44:16,2.55
15:44:17,2.55
15:44:18,2.55
15:44:19,2.55
15:44:20,2.55
15:44:21,2.55
15:44:22,2.55
15:44:23,2.55
15:44:24,2.55
15:44:25,2.55
15:44:26,2.55
15:44:27,2.55
15:44:28,2.55
15:44:29,2.55
15:44:30,2.55
15:44:31,2.55
15:44:32,2.55
15:44:33,2.55
15:44:34,2.55
15:44:35,2.55
15:44:36,2.55
15:44:37,2.55
15:44:38,2.55
15:44:39,2.55
15:44:40,2.55
15:44:41,2.55
15:44:42,2.55
15:44:43,2.55
15:44:44,2.55
15:44:45,2.55
15:44:46,2.55
15:44:47,2.55
15:44:48,2.55
15:44:49,2.55
15:44:50,2.55
15:44:51,2.55
15:44:52,2.55
15:44:53,2.55
15:44:54,2.55
15:44:55,2.55
15:44:56,2.55
15:44:57,2.55
15:44:58,2.55
15:44:59,2.55
15:45:00,2.55
15:45:01,2.55
15:45:02,2.55
15:45:03,2.55
15:45:04,2.55
15:45:05,2.55
15:45:06,2.55
15:45:07,2.55
15:45:08,2.55
15:45:09,2.55
15:45:10,2.55
15:45:11,2.55
15:45:12,2.55
15:45:13,2.55
15:45:14,2.55
15:45:15,2.55
15:45:16,2.55
15:45:17,2.55
15:45:18,2.55
15:45:19,2.55
15:45:20,2.55
15:45:21,2.55
15:45:22,2.55
15:45:23,2.55
15:45:24,2.55
15:45:25,2.55
15:45:26,2.55
15:45:27,2.55
15:45:28,2.55
15:45:29,2.55
15:45:30,2.55
15:45:31,2.55
15:45:32,2.55
15:45:33,2.55
15:45:34,2.55
15:45:35,2.55
15:45:36,2.55
15:45:37,2.55
15:45:38,2.55
15:45:39,2.55
15:45:40,2.55
15:45:41,2.55
15:45:42,2.55
15:45:43,2.55
15:45:44,2.55
15:45:45,2.55
15:45:46,2.55
15:45:47,2.55
15:45:48,2.55
15:45:49,2.55
15:45:50,2.55
15:45:51,2.55
15:45:52,2.55
15:45:53,2.55
15:45:54,2.55
15:45:55,2.55
15:45:56,2.55
15:45:57,2.55
15:45:58,2.55
15:45:59,2.55
15:46:00,2.55
15:46:01,2.55
15:46:02,2.55
15:46:03,2.55
15:46:04,2.55
15:46:05,2.55
15:46:06,2.55
15:46:07,2.55
15:46:08,2.55
15:46:09,2.55
15:46:10,2.55
15:46:11,2.55
15:46:12,2.55
15:46:13,2.55
15:46:14,2.55
15:46:15,2.55
15:46:16,2.55
15:46:17,2.55
15:46:18,2.55
15:46:19,2.55
15:46:20,2.55
15:46:21,2.55
15:46:22,2.55
15:46:23,2.55
15:46:24,2.55
15:46:25,2.55
15:46:26,2.55
15:46:27,2.55
15:46:28,2.55
15:46:29,2.55
15:46:30,2.55
15:46:31,2.55
15:46:32,2.55
15:46:33,2.55
15:46:34,2.55
15:46:35,2.55
15:46:36,2.55
15:46:37,2.55
15:46:38,2.55
15:46:39,2.55
15:46:40,2.55
15:46:41,2.55
15:46:42,2.55
15:46:43,2.55
15:46:44,2.55
15:46:45,2.55
15:46:46,2.55
15:46:47,2.55
15:46:48,2.55
15:46:49,2.55
15:46:50,2.55
15:46:51,2.55
15:46:52,2.55
15:46:53,2.55
15:46:54,2.55
15:46:55,2.55
15:46:56,2.55
15:46:57,2.55
15:46:58,2.55
15:46:59,2.55
15:47:00,2.55
15:47:01,2.55
15:47:02,2.55
15:47:03,2.55
15:47:04,2.55
15:47:05,2.55
15:47:06,2.55
15:47:07,2.55
15:47:08,2.55
15:47:09,2.55
15:47:10,2.55
15:47:11,2.55
15:47:12,2.55
15:47:13,2.55
15:47:14,2.55
15:47:15,2.55
15:47:16,2.55
15:47:17,2.55
15:47:18,2.55
15:47:19,2.55
15:47:20,2.55
15:47:21,2.55
15:47:22,2.55
15:47:23,2.55
15:47:24,2.55
15:47:25,2.55
15:47:26,2.55
15:47:27,2.55
15:47:28,2.55
15:47:29,2.55
15:47:30,2.55
15:47:31,2.55
15:47:32,2.55
15:47:33,2.55
15:47:34,2.55
15:47:35,2.55
15:47:36,2.55
15:47:37,2.55
15:47:38,2.55
15:47:39,2.55
15:47:40,2.55
15:47:41,2.55
15:47:42,2.55
15:47:43,2.55
15:47:44,2.55
15:47:45,2.55
15:47:46,2.55
15:47:47,2.55
15:47:48,2.55
15:47:49,2.55
15:47:50,2.55
15:47:51,2.55
15:47:52,2.55
15:47:53,2.55
15:47:54,2.55
15:47:55,2.55
15:47:56,2.55
15:47:57,2.55
15:47:58,2.55
15:47:59,2.55
15:48:00,2.55
15:48:01,2.55
15:48:02,2.55
15:48:03,2.55
15:48:04,2.55
15:48:05,2.55
15:48:06,2.55
15:48:07,2.55
15:48:08,2.55
15:48:09,2.55
15:48:10,2.55
15:48:11,2.55
15:48:12,2.55
15:48:13,2.55
15:48:14,2.55
15:48:15,2.55
15:48:16,2.55
15:48:17,2.55
15:48:18,2.55
15:48:19,2.55
15:48:20,2.55
15:48:21,2.55
15:48:22,2.55
15:48:23,2.55
15:48:24,2.55
15:48:25,2.55
15:48:26,2.55
15:48:27,2.55
15:48:28,2.55
15:48:29,2.55
15:48:30,2.55
15:48:31,2.55
15:48:32,2.55
15:48:33,2.55
15:48:34,2.55
15:48:35,2.55
15:48:36,2.55
15:48:37,2.55
15:48:38,2.55
15:48:39,2.55
15:48:40,2.55
15:48:41,2.55
15:48:42,2.55
15:48:43,2.55
15:48:44,2.55
15:48:45,2.55
15:48:46,2.55
15:48:47,2.55
15:48:48,2.55
15:48:49,2.55
15:48:50,2.55
15:48:51,2.55
15:48:52,2.55
15:48:53,2.55
15:48:54,2.55
15:48:55,2.55
15:48:56,2.55
15:48:57,2.55
15:48:58,2.55
15:48:59,2.55
15:49:00,2.55
15:49:01,2.55
15:49:02,2.55
15:49:03,2.55
15:49:04,2.55
15:49:05,2.55
15:49:06,2.55
15:49:07,2.55
15:49:08,2.55
15:49:09,2.55
15:49:10,2.55
15:49:11,2.55
15:49:12,2.55
15:49:13,2.55
15:49:14,2.55
15:49:15,2.55
15:49:16,2.55
15:49:17,2.55
15:49:18,2.55
15:49:19,2.55
15:49:20,2.55
15:49:21,2.55
15:49:22,2.55
15:49:23,2.55
15:49:24,2.55
15:49:25,2.55
15:49:26,2.55
15:49:27,2.55
15:49:28,2.55
15:49:29,2.55
15:49:30,2.55
15:49:31,2.55
15:49:32,2.55
15:49:33,2.55
15:49:34,2.55
15:49:35,2.55
15:49:36,2.55
15:49:37,2.55
15:49:38,2.55
15:49:39,2.55
15:49:40,2.55
15:49:41,2.55
15:49:42,2.55
15:49:43,2.55
15:49:44,2.55
15:49:45,2.55
15:49:46,2.55
15:49:47,2.55
15:49:48,2.55
15:49:49,2.55
15:49:50,2.55
15:49:51,2.55
15:49:52,2.55
15:49:53,2.55
15:49:54,2.55
15:49:55,2.55
15:49:56,2.55
15:49:57,2.55
15:49:58,2.55
15:49:59,2.55
15:50:00,2.55
15:50:01,2.55
15:50:02,2.55
15:50:03,2.55
15:50:04,2.55
15:50:05,2.55
15:50:06,2.55
15:50:07,2.55
15:50:08,2.55
15:50:09,2.55
15:50:10,2.55
15:50:11,2.55
15:50:12,2.55
15:50:13,2.55
15:50:14,2.55
15:50:15,2.55
15:50:16,2.55
15:50:17,2.55
15:50:18,2.55
15:50:19,2.55
15:50:20,2.55
15:50:21,2.55
15:50:22,2.55
15:50:23,2.55
15:50:24,2.55
15:50:25,2.55
15:50:26,2.55
15:50:27,2.55
15:50:28,2.55
15:50:29,2.55
15:50:30,2.55
15:50:31,2.55
15:50:32,2.55
15:50:33,2.55
15:50:34,2.55
15:50:35,2.55
15:50:36,2.55
15:50:37,2.55
15:50:38,2.55
15:50:39,2.55
15:50:40,2.55
15:50:41,2.55
15:50:42,2.55
15:50:43,2.55
15:50:44,2.55
15:50:45,2.55
15:50:46,2.55
15:50:47,2.55
15:50:48,2.55
15:50:49,2.55
15:50:50,2.55
15:50:51,2.55
15:50:52,2.55
15:50:53,2.55
15:50:54,2.55
15:50:55,2.55
15:50:56,2.55
15:50:57,2.55
15:50:58,2.55
15:50:59,2.55
15:51:00,2.55
15:51:01,2.55
15:51:02,2.55
15:51:03,2.55
15:51:04,2.55
15:51:05,2.55
15:51:06,2.55
15:51:07,2.55
15:51:08,2.55
15:51:09,2.55
15:51:10,2.55
15:51:11,2.55
15:51:12,2.55
15:51:13,2.55
15:51:14,2.55
15:51:15,2.55
15:51:16,2.55
15:51:17,2.55
15:51:18,2.55
15:51:19,2.55
15:51:20,2.55
15:51:21,2.55
15:51:22,2.55
15:51:23,2.55
15:51:24,2.55
15:51:25,2.55
15:51:26,2.55
15:51:27,2.55
15:51:28,2.55
15:51:29,2.55
15:51:30,2.55
15:51:31,2.55
15:51:32,2.55
15:51:33,2.55
15:51:34,2.55
15:51:35,2.55
15:51:36,2.55
15:51:37,2.55
15:51:38,2.55
15:51:39,2.55
15:51:40,2.55
15:51:41,2.55
15:51:42,2.55
15:51:43,2.55
15:51:44,2.55
15:51:45,2.55
15:51:46,2.55
15:51:47,2.55
15:51:48,2.55
15:51:49,2.55
15:51:50,2.55
15:51:51,2.55
15:51:52,2.55
15:51:53,2.55
15:51:54,2.55
15:51:55,2.55
15:51:56,2.55
15:51:57,2.55
15:51:58,2.55
15:51:59,2.55
15:52:00,2.55
15:52:01,2.55
15:52:02,2.55
15:52:03,2.55
15:52:04,2.55
15:52:05,2.55
15:52:06,2.55
15:52:07,2.55
15:52:08,2.55
15:52:09,2.55
15:52:10,2.55
15:52:11,2.55
15:52:12,2.55
15:52:13,2.55
15:52:14,2.55
15:52:15,2.55
15:52:16,2.55
15:52:17,2.55
15:52:18,2.55
15:52:19,2.55
15:52:20,2.55
15:52:21,2.55
15:52:22,2.55
15:52:23,2.55
15:52:24,2.55
15:52:25,2.55
15:52:26,2.55
15:52:27,2.55
15:52:28,2.55
15:52:29,2.55
15:52:30,2.55
15:52:31,2.55
15:52:32,2.55
15:52:33,2.55
15:52:34,2.55
15:52:35,2.55
15:52:36,2.55
15:52:37,2.55
15:52:38,2.55
15:52:39,2.55
15:52:40,2.55
15:52:41,2.55
15:52:42,2.55
15:52:43,2.55
15:52:44,2.55
15:52:45,2.55
15:52:46,2.55
15:52:47,2.55
15:52:48,2.55
15:52:49,2.55
15:52:50,2.55
15:52:51,2.55
15:52:52,2.55
15:52:53,2.55
15:52:54,2.55
15:52:55,2.55
15:52:56,2.55
15:52:57,2.55
15:52:58,2.55
15:52:59,2.55
15:53:00,2.55
15:53:01,2.55
15:53:02,2.55
15:53:03,2.55
15:53:04,2.55
15:53:05,2.55
15:53:06,2.55
15:53:07,2.55
15:53:08,2.55
15:53:09,2.55
15:53:10,2.55
15:53:11,2.55
15:53:12,2.55
15:53:13,2.55
15:53:14,2.55
15:53:15,2.55
15:53:16,2.55
15:53:17,2.55
15:53:18,2.55
15:53:19,2.55
15:53:20,2.55
15:53:21,2.55
15:53:22,2.55
15:53:23,2.55
15:53:24,2.55
15:53:25,2.55
15:53:26,2.55
15:53:27,2.55
15:53:28,2.55
15:53:29,2.55
15:53:30,2.55
15:53:31,2.55
15:53:32,2.55
15:53:33,2.55
15:53:34,2.55
15:53:35,2.55
15:53:36,2.55
15:53:37,2.55
15:53:38,2.55
15:53:39,2.55
15:53:40,2.55
15:53:41,2.55
15:53:42,2.55
15:53:43,2.55
15:53:44,2.55
15:53:45,2.55
15:53:46,2.55
15:53:47,2.55
15:53:48,2.55
15:53:49,2.55
15:53:50,2.55
15:53:51,2.55
15:53:52,2.55
15:53:53,2.55
15:53:54,2.55
15:53:55,2.55
15:53:56,2.55
15:53:57,2.55
15:53:58,2.55
15:53:59,2.55
15:54:00,2.55
15:54:01,2.55
15:54:02,2.55
15:54:03,2.55
15:54:04,2.55
15:54:05,2.55
15:54:06,2.55
15:54:07,2.55
15:54:08,2.55
15:54:09,2.55
15:54:10,2.55
15:54:11,2.55
15:54:12,2.55
15:54:13,2.55
15:54:14,2.55
15:54:15,2.55
15:54:16,2.55
15:54:17,2.55
15:54:18,2.55
15:54:19,2.55
15:54:20,2.55
15:54:21,2.55
15:54:22,2.55
15:54:23,2.55
15:54:24,2.55
15:54:25,2.55
15:54:26,2.55
15:54:27,2.55
15:54:28,2.55
15:54:29,2.55
15:54:30,2.55
15:54:31,2.55
15:54:32,2.55
15:54:33,2.55
15:54:34,2.55
15:54:35,2.55
15:54:36,2.55
15:54:37,2.55
15:54:38,2.55
15:54:39,2.55
15:54:40,2.55
15:54:41,2.55
15:54:42,2.55
15:54:43,2.55
15:54:44,2.55
15:54:45,2.55
15:54:46,2.55
15:54:47,2.55
15:54:48,2.55
15:54:49,2.55
15:54:50,2.55
15:54:51,2.55
15:54:52,2.55
15:54:53,2.55
15:54:54,2.55
15:54:55,2.55
15:54:56,2.55
15:54:57,2.55
15:54:58,2.55
15:54:59,2.55
15:55:00,2.55
15:55:01,2.55
15:55:02,2.55
15:55:03,2.55
15:55:04,2.55
15:55:05,2.55
15:55:06,2.55
15:55:07,2.55
15:55:08,2.55
15:55:09,2.55
15:55:10,2.55
15:55:11,2.55
15:55:12,2.55
15:55:13,2.55
15:55:14,2.55
15:55:15,2.55
15:55:16,2.55
15:55:17,2.55
15:55:18,2.55
15:55:19,2.55
15:55:20,2.55
15:55:21,2.55
15:55:22,2.55
15:55:23,2.55
15:55:24,2.55
15:55:25,2.55
15:55:26,2.55
15:55:27,2.55
15:55:28,2.55
15:55:29,2.55
15:55:30,2.55
15:55:31,2.55
15:55:32,2.55
15:55:33,2.55
15:55:34,2.55
15:55:35,2.55
15:55:36,2.55
15:55:37,2.55
15:55:38,2.55
15:55:39,2.55
15:55:40,2.55
15:55:41,2.55
15:55:42,2.55
15:55:43,2.55
15:55:44,2.55
15:55:45,2.55
15:55:46,2.55
15:55:47,2.55
15:55:48,2.55
15:55:49,2.55
15:55:50,2.55
15:55:51,2.55
15:55:52,2.55
15:55:53,2.55
15:55:54,2.55
15:55:55,2.55
15:55:56,2.55
15:55:57,2.55
15:55:58,2.55
15:55:59,2.55
15:56:00,2.55
15:56:01,2.55
15:56:02,2.55
15:56:03,2.55
15:56:04,2.55
15:56:05,2.55
15:56:06,2.55
15:56:07,2.55
15:56:08,2.55
15:56:09,2.55
15:56:10,2.55
15:56:11,2.55
15:56:12,2.55
15:56:13,2.55
15:56:14,2.55
15:56:15,2.55
15:56:16,2.55
15:56:17,2.55
15:56:18,2.55
15:56:19,2.55
15:56:20,2.55
15:56:21,2.55
15:56:22,2.55
15:56:23,2.55
15:56:24,2.55
15:56:25,2.55
15:56:26,2.55
15:56:27,2.55
15:56:28,2.55
15:56:29,2.55
15:56:30,2.55
15:56:31,2.55
15:56:32,2.55
15:56:33,2.55
15:56:34,2.55
15:56:35,2.55
15:56:36,2.55
15:56:37,2.55
15:56:38,2.55
15:56:39,2.55
15:56:40,2.55
15:56:41,2.55
15:56:42,2.55
15:56:43,2.55
15:56:44,2.55
15:56:45,2.55
15:56:46,2.55
15:56:47,2.55
15:56:48,2.55
15:56:49,2.55
15:56:50,2.55
15:56:51,2.55
15:56:52,2.55
15:56:53,2.55
15:56:54,2.55
15:56:55,2.55
15:56:56,2.55
15:56:57,2.55
15:56:58,2.55
15:56:59,2.55
15:57:00,2.55
15:57:01,2.55
15:57:02,2.55
15:57:03,2.55
15:57:04,2.55
15:57:05,2.55
15:57:06,2.55
15:57:07,2.55
15:57:08,2.55
15:57:09,2.55
15:57:10,2.55
15:57:11,2.55
15:57:12,2.55
15:57:13,2.55
15:57:14,2.55
15:57:15,2.55
15:57:16,2.55
15:57:17,2.55
15:57:18,2.55
15:57:19,2.55
15:57:20,2.55
15:57:21,2.55
15:57:22,2.55
15:57:23,2.55
15:57:24,2.55
15:57:25,2.55
15:57:26,2.55
15:57:27,2.55
15:57:28,2.55
15:57:29,2.55
15:57:30,2.55
15:57:31,2.55
15:57:32,2.55
15:57:33,2.55
15:57:34,2.55
15:57:35,2.55
15:57:36,2.55
15:57:37,2.55
15:57:38,2.55
15:57:39,2.55
15:57:40,2.55
15:57:41,2.55
15:57:42,2.55
15:57:43,2.55
15:57:44,2.55
15:57:45,2.55
15:57:46,2.55
15:57:47,2.55
15:57:48,2.55
15:57:49,2.55
15:57:50,2.55
15:57:51,2.55
15:57:52,2.55
15:57:53,2.55
15:57:54,2.55
15:57:55,2.55
15:57:56,2.55
15:57:57,2.55
15:57:58,2.55
15:57:59,2.55
15:58:00,2.55
15:58:01,2.55
15:58:02,2.55
15:58:03,2.55
15:58:04,2.55
15:58:05,2.55
15:58:06,2.55
15:58:07,2.55
15:58:08,2.55
15:58:09,2.55
15:58:10,2.55
15:58:11,2.55
15:58:12,2.55
15:58:13,2.55
15:58:14,2.55
15:58:15,2.55
15:58:16,2.55
15:58:17,2.55
15:58:18,2.55
15:58:19,2.55
15:58:20,2.55
15:58:21,2.55
15:58:22,2.55
15:58:23,2.55
15:58:24,2.55
15:58:25,2.55
15:58:26,2.55
15:58:27,2.55
15:58:28,2.55
15:58:29,2.55
15:58:30,2.55
15:58:31,2.55
15:58:32,2.55
15:58:33,2.55
15:58:34,2.55
15:58:35,2.55
15:58:36,2.55
15:58:37,2.55
15:58:38,2.55
15:58:39,2.55
15:58:40,2.55
15:58:41,2.55
15:58:42,2.55
15:58:43,2.55
15:58:44,2.55
15:58:45,2.55
15:58:46,2.55
15:58:47,2.55
15:58:48,2.55
15:58:49,2.55
15:58:50,2.55
15:58:51,2.55
15:58:52,2.55
15:58:53,2.55
15:58:54,2.55
15:58:55,2.55
15:58:56,2.55
15:58:57,2.55
15:58:58,2.55
15:58:59,2.55
15:59:00,2.55
15:59:01,2.55
15:59:02,2.55
15:59:03,2.55
15:59:04,2.55
15:59:05,2.55
15:59:06,2.55
15:59:07,2.55
15:59:08,2.55
15:59:09,2.55
15:59:10,2.55
15:59:11,2.55
15:59:12,2.55
15:59:13,2.55
15:59:14,2.55
15:59:15,2.55
15:59:16,2.55
15:59:17,2.55
15:59:18,2.55
15:59:19,2.55
15:59:20,2.55
15:59:21,2.55
15:59:22,2.55
15:59:23,2.55
15:59:24,2.55
15:59:25,2.55
15:59:26,2.55
15:59:27,2.55
15:59:28,2.55
15:59:29,2.55
15:59:30,2.55
15:59:31,2.55
15:59:32,2.55
15:59:33,2.55
15:59:34,2.55
15:59:35,2.55
15:59:36,2.55
15:59:37,2.55
15:59:38,2.55
15:59:39,2.55
15:59:40,2.55
15:59:41,2.55
15:59:42,2.55
15:59:43,2.55
15:59:44,2.55
15:59:45,2.55
15:59:46,2.55
15:59:47,2.55
15:59:48,2.55
15:59:49,2.55
15:59:50,2.55
15:59:51,2.55
15:59:52,2.55
15:59:53,2.55
15:59:54,2.55
15:59:55,2.55
15:59:56,2.55
15:59:57,2.55
15:59:58,2.55
15:59:59,2.55
16:00:00,2.55
16:00:01,2.55
16:00:02,2.55
16:00:03,2.55
16:00:04,2.55
16:00:05,2.55
16:00:06,2.55
16:00:07,2.55
16:00:08,2.55
16:00:09,2.55
16:00:10,2.55
16:00:11,2.55
16:00:12,2.55
16:00:13,2.55
16:00:14,2.55
16:00:15,2.55
16:00:16,2.55
16:00:17,2.55
16:00:18,2.55
16:00:19,2.55
16:00:20,2.55
16:00:21,2.55
16:00:22,2.55
16:00:23,2.55
16:00:24,2.55
16:00:25,2.55
16:00:26,2.55
16:00:27,2.55
16:00:28,2.55
16:00:29,2.55
16:00:30,2.55
16:00:31,2.55
16:00:32,2.55
16:00:33,2.55
16:00:34,2.55
16:00:35,2.55
16:00:36,2.55
16:00:37,2.55
16:00:38,2.55
16:00:39,2.55
16:00:40,2.55
16:00:41,2.55
16:00:42,2.55
16:00:43,2.55
16:00:44,2.55
16:00:45,2.55
16:00:46,2.55
16:00:47,2.55
16:00:48,2.55
16:00:49,2.55
16:00:50,2.55
16:00:51,2.55
16:00:52,2.55
16:00:53,2.55
16:00:54,2.55
16:00:55,2.55
16:00:56,2.55
16:00:57,2.55
16:00:58,2.55
16:00:59,2.55
16:01:00,2.55
16:01:01,2.55
16:01:02,2.55
16:01:03,2.55
16:01:04,2.55
16:01:05,2.55
16:01:06,2.55
16:01:07,2.55
16:01:08,2.55
16:01:09,2.55
16:01:10,2.55
16:01:11,2.55
16:01:12,2.55
16:01:13,2.55
16:01:14,2.55
16:01:15,2.55
16:01:16,2.55
16:01:17,2.55
16:01:18,2.55
16:01:19,2.55
16:01:20,2.55
16:01:21,2.55
16:01:22,2.55
16:01:23,2.55
16:01:24,2.55
16:01:25,2.55
16:01:26,2.55
16:01:27,2.55
16:01:28,2.55
16:01:29,2.55
16:01:30,2.55
16:01:31,2.55
16:01:32,2.55
16:01:33,2.55
16:01:34,2.55
16:01:35,2.55
16:01:36,2.55
16:01:37,2.55
16:01:38,2.55
16:01:39,2.55
16:01:40,2.55
16:01:41,2.55
16:01:42,2.55
16:01:43,2.55
16:01:44,2.55
16:01:45,2.55
16:01:46,2.55
16:01:47,2.55
16:01:48,2.55
16:01:49,2.55
16:01:50,2.55
16:01:51,2.55
16:01:52,2.55
16:01:53,2.55
16:01:54,2.55
16:01:55,2.55
16:01:56,2.55
16:01:57,2.55
16:01:58,2.55
16:01:59,2.55
16:02:00,2.55
16:02:01,2.55
16:02:02,2.55
16:02:03,2.55
16:02:04,2.55
16:02:05,2.55
16:02:06,2.55
16:02:07,2.55
16:02:08,2.55
16:02:09,2.55
16:02:10,2.55
16:02:11,2.55
16:02:12,2.55
16:02:13,2.55
16:02:14,2.55
16:02:15,2.55
16:02:16,2.55
16:02:17,2.55
16:02:18,2.55
16:02:19,2.55
16:02:20,2.55
16:02:21,2.55
16:02:22,2.55
16:02:23,2.55
16:02:24,2.55
16:02:25,2.55
16:02:26,2.55
16:02:27,2.55
16:02:28,2.55
16:02:29,2.55
16:02:30,2.55
16:02:31,2.55
16:02:32,2.55
16:02:33,2.55
16:02:34,2.55
16:02:35,2.55
16:02:36,2.55
16:02:37,2.55
16:02:38,2.55
16:02:39,2.55
16:02:40,2.55
16:02:41,2.55
16:02:42,2.55
16:02:43,2.55
16:02:44,2.55
16:02:45,2.55
16:02:46,2.55
16:02:47,2.55
16:02:48,2.55
16:02:49,2.55
16:02:50,2.55
16:02:51,2.55
16:02:52,2.55
16:02:53,2.55
16:02:54,2.55
16:02:55,2.55
16:02:56,2.55
16:02:57,2.55
16:02:58,2.55
16:02:59,2.55
16:03:00,2.55
16:03:01,2.55
16:03:02,2.55
16:03:03,2.55
16:03:04,2.55
16:03:05,2.55
16:03:06,2.55
16:03:07,2.55
16:03:08,2.55
16:03:09,2.55
16:03:10,2.55
16:03:11,2.55
16:03:12,2.55
16:03:13,2.55
16:03:14,2.55
16:03:15,2.55
16:03:16,2.55
16:03:17,2.55
16:03:18,2.55
16:03:19,2.55
16:03:20,2.55
16:03:21,2.55
16:03:22,2.55
16:03:23,2.55
16:03:24,2.55
16:03:25,2.55
16:03:26,2.55
16:03:27,2.55
16:03:28,2.55
16:03:29,2.55
16:03:30,2.55
16:03:31,2.55
16:03:32,2.55
16:03:33,2.55
16:03:34,2.55
16:03:35,2.55
16:03:36,2.55
16:03:37,2.55
16:03:38,2.55
16:03:39,2.55
16:03:40,2.55
16:03:41,2.55
16:03:42,2.55
16:03:43,2.55
16:03:44,2.55
16:03:45,2.55
16:03:46,2.55
16:03:47,2.55
16:03:48,2.55
16:03:49,2.55
16:03:50,2.55
16:03:51,2.55
16:03:52,2.55
16:03:53,2.55
16:03:54,2.55
16:03:55,2.55
16:03:56,2.55
16:03:57,2.55
16:03:58,2.55
16:03:59,2.55
16:04:00,2.55
16:04:01,2.55
16:04:02,2.55
16:04:03,2.55
16:04:04,2.55
16:04:05,2.55
16:04:06,2.55
16:04:07,2.55
16:04:08,2.55
16:04:09,2.55
16:04:10,2.55
16:04:11,2.55
16:04:12,2.55
16:04:13,2.55
16:04:14,2.55
16:04:15,2.55
16:04:16,2.55
16:04:17,2.55
16:04:18,2.55
16:04:19,2.55
16:04:20,2.55
16:04:21,2.55
16:04:22,2.55
16:04:23,2.55
16:04:24,2.55
16:04:25,2.55
16:04:26,2.55
16:04:27,2.55
16:04:28,2.55
16:04:29,2.55
16:04:30,2.55
16:04:31,2.55
16:04:32,2.55
16:04:33,2.55
16:04:34,2.55
16:04:35,2.55
16:04:36,2.55
16:04:37,2.55
16:04:38,2.55
16:04:39,2.55
16:04:40,2.55
16:04:41,2.55
16:04:42,2.55
16:04:43,2.55
16:04:44,2.55
16:04:45,2.55
16:04:46,2.55
16:04:47,2.55
16:04:48,2.55
16:04:49,2.55
16:04:50,2.55
16:04:51,2.55
16:04:52,2.55
16:04:53,2.55
16:04:54,2.55
16:04:55,2.55
16:04:56,2.55
16:04:57,2.55
16:04:58,2.55
16:04:59,2.55
16:05:00,2.55
16:05:01,2.55
16:05:02,2.55
16:05:03,2.55
16:05:04,2.55
16:05:05,2.55
16:05:06,2.55
16:05:07,2.55
16:05:08,2.55
16:05:09,2.55
16:05:10,2.55
16:05:11,2.55
16:05:12,2.55
16:05:13,2.55
16:05:14,2.55
16:05:15,2.55
16:05:16,2.55
16:05:17,2.55
16:05:18,2.55
16:05:19,2.55
16:05:20,2.55
16:05:21,2.55
16:05:22,2.55
16:05:23,2.55
16:05:24,2.55
16:05:25,2.55
16:05:26,2.55
16:05:27,2.55
16:05:28,2.55
16:05:29,2.55
16:05:30,2.55
16:05:31,2.55
16:05:32,2.55
16:05:33,2.55
16:05:34,2.55
16:05:35,2.55
16:05:36,2.55
16:05:37,2.55
16:05:38,2.55
16:05:39,2.55
16:05:40,2.55
16:05:41,2.55
16:05:42,2.55
16:05:43,2.55
16:05:44,2.55
16:05:45,2.55
16:05:46,2.55
16:05:47,2.55
16:05:48,2.55
16:05:49,2.55
16:05:50,2.55
16:05:51,2.55
16:05:52,2.55
16:05:53,2.55
16:05:54,2.55
16:05:55,2.55
16:05:56,2.55
16:05:57,2.55
16:05:58,2.55
16:05:59,2.55
16:06:00,2.55
16:06:01,2.55
16:06:02,2.55
16:06:03,2.55
16:06:04,2.55
16:06:05,2.55
16:06:06,2.55
16:06:07,2.55
16:06:08,2.55
16:06:09,2.55
16:06:10,2.55
16:06:11,2.55
16:06:12,2.55
16:06:13,2.55
16:06:14,2.55
16:06:15,2.55
16:06:16,2.55
16:06:17,2.55
16:06:18,2.55
16:06:19,2.55
16:06:20,2.55
16:06:21,2.55
16:06:22,2.55
16:06:23,2.55
16:06:24,2.55
16:06:25,2.55
16:06:26,2.55
16:06:27,2.55
16:06:28,2.55
16:06:29,2.55
16:06:30,2.55
16:06:31,2.55
16:06:32,2.55
16:06:33,2.55
16:06:34,2.55
16:06:35,2.55
16:06:36,2.55
16:06:37,2.55
16:06:38,2.55
16:06:39,2.55
16:06:40,2.55
16:06:41,2.55
16:06:42,2.55
16:06:43,2.55
16:06:44,2.55
16:06:45,2.55
16:06:46,2.55
16:06:47,2.55
16:06:48,2.55
16:06:49,2.55
16:06:50,2.55
16:06:51,2.55
16:06:52,2.55
16:06:53,2.55
16:06:54,2.55
16:06:55,2.55
16:06:56,2.55
16:06:57,2.55
16:06:58,2.55
16:06:59,2.55
16:07:00,2.55
16:07:01,2.55
16:07:02,2.55
16:07:03,2.55
16:07:04,2.55
16:07:05,2.55
16:07:06,2.55
16:07:07,2.55
16:07:08,2.55
16:07:09,2.55
16:07:10,2.55
16:07:11,2.55
16:07:12,2.55
16:07:13,2.55
16:07:14,2.55
16:07:15,2.55
16:07:16,2.55
16:07:17,2.55
16:07:18,2.55
16:07:19,2.55
16:07:20,2.55
16:07:21,2.55
16:07:22,2.55
16:07:23,2.55
16:07:24,2.55
16:07:25,2.55
16:07:26,2.55
16:07:27,2.55
16:07:28,2.55
16:07:29,2.55
16:07:30,2.55
16:07:31,2.55
16:07:32,2.55
16:07:33,2.55
16:07:34,2.55
16:07:35,2.55
16:07:36,2.55
16:07:37,2.55
16:07:38,2.55
16:07:39,2.55
16:07:40,2.55
16:07:41,2.55
16:07:42,2.55
16:07:43,2.55
16:07:44,2.55
16:07:45,2.55
16:07:46,2.55
16:07:47,2.55
16:07:48,2.55
16:07:49,2.55
16:07:50,2.55
16:07:51,2.55
16:07:52,2.55
16:07:53,2.55
16:07:54,2.55
16:07:55,2.55
16:07:56,2.55
16:07:57,2.55
16:07:58,2.55
16:07:59,2.55
16:08:00,2.55
16:08:01,2.55
16:08:02,2.55
16:08:03,2.55
16:08:04,2.55
16:08:05,2.55
16:08:06,2.55
16:08:07,2.55
16:08:08,2.55
16:08:09,2.55
16:08:10,2.55
16:08:11,2.55
16:08:12,2.55
16:08:13,2.55
16:08:14,2.55
16:08:15,2.55
16:08:16,2.55
16:08:17,2.55
16:08:18,2.55
16:08:19,2.55
16:08:20,2.55
16:08:21,2.55
16:08:22,2.55
16:08:23,2.55
16:08:24,2.55
16:08:25,2.55
16:08:26,2.55
16:08:27,2.55
16:08:28,2.55
16:08:29,2.55
16:08:30,2.55
16:08:31,2.55
16:08:32,2.55
16:08:33,2.55
16:08:34,2.55
16:08:35,2.55
16:08:36,2.55
16:08:37,2.55
16:08:38,2.55
16:08:39,2.55
16:08:40,2.55
16:08:41,2.55
16:08:42,2.55
16:08:43,2.55
16:08:44,2.55
16:08:45,2.55
16:08:46,2.55
16:08:47,2.55
16:08:48,2.55
16:08:49,2.55
16:08:50,2.55
16:08:51,2.55
16:08:52,2.55
16:08:53,2.55
16:08:54,2.55
16:08:55,2.55
16:08:56,2.55
16:08:57,2.55
16:08:58,2.55
16:08:59,2.55
16:09:00,2.55
16:09:01,2.55
16:09:02,2.55
16:09:03,2.55
16:09:04,2.55
16:09:05,2.55
16:09:06,2.55
16:09:07,2.55
16:09:08,2.55
16:09:09,2.55
16:09:10,2.55
16:09:11,2.55
16:09:12,2.55
16:09:13,2.55
16:09:14,2.55
16:09:15,2.55
16:09:16,2.55
16:09:17,2.55
16:09:18,2.55
16:09:19,2.55
16:09:20,2.55
16:09:21,2.55
16:09:22,2.55
16:09:23,2.55
16:09:24,2.55
16:09:25,2.55
16:09:26,2.55
16:09:27,2.55
16:09:28,2.55
16:09:29,2.55
16:09:30,2.55
16:09:31,2.55
16:09:32,2.55
16:09:33,2.55
16:09:34,2.55
16:09:35,2.55
16:09:36,2.55
16:09:37,2.55
16:09:38,2.55
16:09:39,2.55
16:09:40,2.55
16:09:41,2.55
16:09:42,2.55
16:09:43,2.55
16:09:44,2.55
16:09:45,2.55
16:09:46,2.55
16:09:47,2.55
16:09:48,2.55
16:09:49,2.55
16:09:50,2.55
16:09:51,2.55
16:09:52,2.55
16:09:53,2.55
16:09:54,2.55
16:09:55,2.55
16:09:56,2.55
16:09:57,2.55
16:09:58,2.55
16:09:59,2.55
16:10:00,2.55
16:10:01,2.55
16:10:02,2.55
16:10:03,2.55
16:10:04,2.55
16:10:05,2.55
16:10:06,2.55
16:10:07,2.55
16:10:08,2.55
16:10:09,2.55
16:10:10,2.55
16:10:11,2.55
16:10:12,2.55
16:10:13,2.55
16:10:14,2.55
16:10:15,2.55
16:10:16,2.55
16:10:17,2.55
16:10:18,2.55
16:10:19,2.55
16:10:20,2.55
16:10:21,2.55
16:10:22,2.55
16:10:23,2.55
16:10:24,2.55
16:10:25,2.55
16:10:26,2.55
16:10:27,2.55
16:10:28,2.55
16:10:29,2.55
16:10:30,2.55
16:10:31,2.55
16:10:32,2.55
16:10:33,2.55
16:10:34,2.55
16:10:35,2.55
16:10:36,2.55
16:10:37,2.55
16:10:38,2.55
16:10:39,2.55
16:10:40,2.55
16:10:41,2.55
16:10:42,2.55
16:10:43,2.55
16:10:44,2.55
16:10:45,2.55
16:10:46,2.55
16:10:47,2.55
16:10:48,2.55
16:10:49,2.55
16:10:50,2.55
16:10:51,2.55
16:10:52,2.55
16:10:53,2.55
16:10:54,2.55
16:10:55,2.55
16:10:56,2.55
16:10:57,2.55
16:10:58,2.55
16:10:59,2.55
16:11:00,2.55
16:11:01,2.55
16:11:02,2.55
16:11:03,2.55
16:11:04,2.55
16:11:05,2.55
16:11:06,2.55
16:11:07,2.55
16:11:08,2.55
16:11:09,2.55
16:11:10,2.55
16:11:11,2.55
16:11:12,2.55
16:11:13,2.55
16:11:14,2.55
16:11:15,2.55
16:11:16,2.55
16:11:17,2.55
16:11:18,2.55
16:11:19,2.55
16:11:20,2.55
16:11:21,2.55
16:11:22,2.55
16:11:23,2.55
16:11:24,2.55
16:11:25,2.55
16:11:26,2.55
16:11:27,2.55
16:11:28,2.55
16:11:29,2.55
16:11:30,2.55
16:11:31,2.55
16:11:32,2.55
16:11:33,2.55
16:11:34,2.55
16:11:35,2.55
16:11:36,2.55
16:11:37,2.55
16:11:38,2.55
16:11:39,2.55
16:11:40,2.55
16:11:41,2.55
16:11:42,2.55
16:11:43,2.55
16:11:44,2.55
16:11:45,2.55
16:11:46,2.55
16:11:47,2.55
16:11:48,2.55
16:11:49,2.55
16:11:50,2.55
16:11:51,2.55
16:11:52,2.55
16:11:53,2.55
16:11:54,2.55
16:11:55,2.55
16:11:56,2.55
16:11:57,2.55
16:11:58,2.55
16:11:59,2.55
16:12:00,2.55
16:12:01,2.55
16:12:02,2.55
16:12:03,2.55
16:12:04,2.55
16:12:05,2.55
16:12:06,2.55
16:12:07,2.55
16:12:08,2.55
16:12:09,2.55
16:12:10,2.55
16:12:11,2.55
16:12:12,2.55
16:12:13,2.55
16:12:14,2.55
16:12:15,2.55
16:12:16,2.55
16:12:17,2.55
16:12:18,2.55
16:12:19,2.55
16:12:20,2.55
16:12:21,2.55
16:12:22,2.55
16:12:23,2.55
16:12:24,2.55
16:12:25,2.55
16:12:26,2.55
16:12:27,2.55
16:12:28,2.55
16:12:29,2.55
16:12:30,2.55
16:12:31,2.55
16:12:32,2.55
16:12:33,2.55
16:12:34,2.55
16:12:35,2.55
16:12:36,2.55
16:12:37,2.55
16:12:38,2.55
16:12:39,2.55
16:12:40,2.55
16:12:41,2.55
16:12:42,2.55
16:12:43,2.55
16:12:44,2.55
16:12:45,2.55
16:12:46,2.55
16:12:47,2.55
16:12:48,2.55
16:12:49,2.55
16:12:50,2.55
16:12:51,2.55
16:12:52,2.55
16:12:53,2.55
16:12:54,2.55
16:12:55,2.55
16:12:56,2.55
16:12:57,2.55
16:12:58,2.55
16:12:59,2.55
16:13:00,2.55
16:13:01,2.55
16:13:02,2.55
16:13:03,2.55
16:13:04,2.55
16:13:05,2.55
16:13:06,2.55
16:13:07,2.55
16:13:08,2.55
16:13:09,2.55
16:13:10,2.55
16:13:11,2.55
16:13:12,2.55
16:13:13,2.55
16:13:14,2.55
16:13:15,2.55
16:13:16,2.55
16:13:17,2.55
16:13:18,2.55
16:13:19,2.55
16:13:20,2.55
16:13:21,2.55
16:13:22,2.55
16:13:23,2.55
16:13:24,2.55
16:13:25,2.55
16:13:26,2.55
16:13:27,2.55
16:13:28,2.55
16:13:29,2.55
16:13:30,2.55
16:13:31,2.55
16:13:32,2.55
16:13:33,2.55
16:13:34,2.55
16:13:35,2.55
16:13:36,2.55
16:13:37,2.55
16:13:38,2.55
16:13:39,2.55
16:13:40,2.55
16:13:41,2.55
16:13:42,2.55
16:13:43,2.55
16:13:44,2.55
16:13:45,2.55
16:13:46,2.55
16:13:47,2.55
16:13:48,2.55
16:13:49,2.55
16:13:50,2.55
16:13:51,2.55
16:13:52,2.55
16:13:53,2.55
16:13:54,2.55
16:13:55,2.55
16:13:56,2.55
16:13:57,2.55
16:13:58,2.55
16:13:59,2.55
16:14:00,2.55
16:14:01,2.55
16:14:02,2.55
16:14:03,2.55
16:14:04,2.55
16:14:05,2.55
16:14:06,2.55
16:14:07,2.55
16:14:08,2.55
16:14:09,2.55
16:14:10,2.55
16:14:11,2.55
16:14:12,2.55
16:14:13,2.55
16:14:14,2.55
16:14:15,2.55
16:14:16,2.55
16:14:17,2.55
16:14:18,2.55
16:14:19,2.55
16:14:20,2.55
16:14:21,2.55
16:14:22,2.55
16:14:23,2.55
16:14:24,2.55
16:14:25,2.55
16:14:26,2.55
16:14:27,2.55
16:14:28,2.55
16:14:29,2.55
16:14:30,2.55
16:14:31,2.55
16:14:32,2.55
16:14:33,2.55
16:14:34,2.55
16:14:35,2.55
16:14:36,2.55
16:14:37,2.55
16:14:38,2.55
16:14:39,2.55
16:14:40,2.55
16:14:41,2.55
16:14:42,2.55
16:14:43,2.55
16:14:44,2.55
16:14:45,2.55
16:14:46,2.55
16:14:47,2.55
16:14:48,2.55
16:14:49,2.55
16:14:50,2.55
16:14:51,2.55
16:14:52,2.55
16:14:53,2.55
16:14:54,2.55
16:14:55,2.55
16:14:56,2.55
16:14:57,2.55
16:14:58,2.55
16:14:59,2.55
16:15:00,2.55
16:15:01,2.55
16:15:02,2.55
16:15:03,2.55
16:15:04,2.55
16:15:05,2.55
16:15:06,2.55
16:15:07,2.55
16:15:08,2.55
16:15:09,2.55
16:15:10,2.55
16:15:11,2.55
16:15:12,2.55
16:15:13,2.55
16:15:14,2.55
16:15:15,2.55
16:15:16,2.55
16:15:17,2.55
16:15:18,2.55
16:15:19,2.55
16:15:20,2.55
16:15:21,2.55
16:15:22,2.55
16:15:23,2.55
16:15:24,2.55
16:15:25,2.55
16:15:26,2.55
16:15:27,2.55
16:15:28,2.55
16:15:29,2.55
16:15:30,2.55
16:15:31,2.55
16:15:32,2.55
16:15:33,2.55
16:15:34,5.655625
16:15:35,8.76125
16:15:36,11.866875
16:15:37,14.9725
16:15:38,18.078125
16:15:39,21.18375
16:15:40,24.289375
16:15:41,27.395
16:15:42,30.500625
16:15:43,33.60625
16:15:44,36.711875
16:15:45,39.8175
16:15:46,42.923125
16:15:47,46.02875
16:15:48,49.134375
16:15:49,52.24
16:15:50,53.3594117647
16:15:51,54.4788235294
16:15:52,55.5982352941
16:15:53,56.7176470588
16:15:54,57.8370588235
16:15:55,58.9564705882
16:15:56,60.0758823529
16:15:57,61.1952941176
16:15:58,62.3147058824
16:15:59,63.4341176471
16:16:00,64.5535294118
16:16:01,65.6729411765
16:16:02,66.7923529412
16:16:03,67.9117647059
16:16:04,69.0311764706
16:16:05,70.1505882353
16:16:06,71.27
16:16:07,71.27
16:16:08,71.27
16:16:09,71.27
16:16:10,71.27
16:16:11,71.27
16:16:12,71.27
16:16:13,71.27
16:16:14,71.27
16:16:15,71.27
16:16:16,71.27
16:16:17,71.27
16:16:18,71.27
16:16:19,71.27
16:16:20,71.27
16:16:21,71.27
16:16:22,70.9747058824
16:16:23,70.6794117647
16:16:24,70.3841176471
16:16:25,70.0888235294
16:16:26,69.7935294118
16:16:27,69.4982352941
16:16:28,69.2029411765
16:16:29,68.9076470588
16:16:30,68.6123529412
16:16:31,68.3170588235
16:16:32,68.0217647059
16:16:33,67.7264705882
16:16:34,67.4311764706
16:16:35,67.1358823529
16:16:36,66.8405882353
16:16:37,66.5452941176
16:16:38,66.25
16:16:39,64.4378571429
16:16:40,62.6257142857
16:16:41,60.8135714286
16:16:42,59.0014285714
16:16:43,57.1892857143
16:16:44,55.3771428571
16:16:45,53.565
16:16:46,51.7528571429
16:16:47,49.9407142857
16:16:48,48.1285714286
16:16:49,46.3164285714
16:16:50,44.5042857143
16:16:51,42.6921428571
16:16:52,40.88
16:16:53,38.6252941176
16:16:54,36.3705882353
16:16:55,34.1158823529
16:16:56,31.8611764706
16:16:57,29.6064705882
16:16:58,27.3517647059
16:16:59,25.0970588235
16:17:00,22.8423529412
16:17:01,20.5876470588
16:17:02,18.3329411765
16:17:03,16.0782352941
16:17:04,13.8235294118
16:17:05,11.5688235294
16:17:06,9.31411764706
16:17:07,7.05941176471
16:17:08,4.80470588235
16:17:09,2.55
16:17:10,2.55
16:17:11,2.55
16:17:12,2.55
16:17:13,2.55
16:17:14,2.55
16:17:15,2.55
16:17:16,2.55
16:17:17,2.55
16:17:18,2.55
16:17:19,2.55
16:17:20,2.55
16:17:21,2.55
16:17:22,2.55
16:17:23,2.55
16:17:24,2.55
16:17:25,2.55
16:17:26,2.55
16:17:27,2.55
16:17:28,2.55
16:17:29,2.55
16:17:30,2.55
16:17:31,2.55
16:17:32,2.55
16:17:33,2.55
16:17:34,2.55
16:17:35,2.55
16:17:36,2.55
16:17:37,2.55
16:17:38,2.55
16:17:39,2.55
16:17:40,2.55
16:17:41,2.55
16:17:42,2.55
16:17:43,2.55
16:17:44,2.55
16:17:45,2.55
16:17:46,2.55
16:17:47,2.55
16:17:48,2.55
16:17:49,2.55
16:17:50,2.55
16:17:51,2.55
16:17:52,2.55
16:17:53,2.55
16:17:54,2.55
16:17:55,2.55
16:17:56,2.55
16:17:57,2.55
16:17:58,2.55
16:17:59,2.55
16:18:00,2.55
16:18:01,2.55
16:18:02,2.55
16:18:03,2.55
16:18:04,2.55
16:18:05,2.55
16:18:06,2.55
16:18:07,2.55
16:18:08,2.55
16:18:09,2.55
16:18:10,2.55
16:18:11,2.55
16:18:12,2.55
16:18:13,2.55
16:18:14,2.55
16:18:15,2.55
16:18:16,2.55
16:18:17,2.55
16:18:18,2.55
16:18:19,2.55
16:18:20,2.55
16:18:21,2.55
16:18:22,2.55
16:18:23,2.55
16:18:24,2.55
16:18:25,2.55
16:18:26,2.55
16:18:27,2.55
16:18:28,2.55
16:18:29,2.55
16:18:30,2.55
16:18:31,2.55
16:18:32,2.55
16:18:33,2.55
16:18:34,2.55
16:18:35,2.55
16:18:36,2.55
16:18:37,2.55
16:18:38,2.55
16:18:39,2.55
16:18:40,2.55
16:18:41,2.55
16:18:42,2.55
16:18:43,2.55
16:18:44,2.55
16:18:45,2.55
16:18:46,2.55
16:18:47,2.55
16:18:48,2.55
16:18:49,2.55
16:18:50,2.55
16:18:51,2.55
16:18:52,2.55
16:18:53,2.55
16:18:54,2.55
16:18:55,2.55
16:18:56,2.55
16:18:57,2.55
16:18:58,2.55
16:18:59,2.55
16:19:00,2.55
16:19:01,2.55
16:19:02,2.55
16:19:03,2.55
16:19:04,2.55
16:19:05,2.55
16:19:06,2.55
16:19:07,2.55
16:19:08,2.55
16:19:09,2.55
16:19:10,2.55
16:19:11,2.55
16:19:12,2.55
16:19:13,2.55
16:19:14,2.55
16:19:15,2.55
16:19:16,2.55
16:19:17,2.55
16:19:18,2.55
16:19:19,2.55
16:19:20,2.55
16:19:21,2.55
16:19:22,2.55
16:19:23,2.55
16:19:24,2.55
16:19:25,2.55
16:19:26,2.55
16:19:27,2.55
16:19:28,2.55
16:19:29,2.55
16:19:30,2.55
16:19:31,2.55
16:19:32,2.55
16:19:33,2.55
16:19:34,2.55
16:19:35,2.55
16:19:36,2.55
16:19:37,2.55
16:19:38,2.55
16:19:39,2.55
16:19:40,2.55
16:19:41,2.55
16:19:42,2.55
16:19:43,2.55
16:19:44,2.55
16:19:45,2.55
16:19:46,2.55
16:19:47,2.55
16:19:48,2.55
16:19:49,2.55
16:19:50,2.55
16:19:51,2.55
16:19:52,2.55
16:19:53,2.55
16:19:54,2.55
16:19:55,2.55
16:19:56,2.55
16:19:57,2.55
16:19:58,2.55
16:19:59,2.55
16:20:00,2.55
16:20:01,2.55
16:20:02,2.55
16:20:03,2.55
16:20:04,2.55
16:20:05,2.55
16:20:06,2.55
16:20:07,2.55
16:20:08,2.55
16:20:09,2.55
16:20:10,2.55
16:20:11,2.55
16:20:12,2.55
16:20:13,2.55
16:20:14,2.55
16:20:15,2.55
16:20:16,2.55
16:20:17,2.55
16:20:18,2.55
16:20:19,2.55
16:20:20,2.55
16:20:21,2.55
16:20:22,2.55
16:20:23,2.55
16:20:24,2.55
16:20:25,2.55
16:20:26,2.55
16:20:27,2.55
16:20:28,2.55
16:20:29,2.55
16:20:30,2.55
16:20:31,2.55
16:20:32,2.55
16:20:33,2.55
16:20:34,2.55
16:20:35,2.55
16:20:36,2.55
16:20:37,2.55
16:20:38,2.55
16:20:39,2.55
16:20:40,2.55
16:20:41,2.55
16:20:42,2.55
16:20:43,2.55
16:20:44,2.55
16:20:45,2.55
16:20:46,2.55
16:20:47,2.55
16:20:48,2.55
16:20:49,2.55
16:20:50,2.55
16:20:51,2.55
16:20:52,2.55
16:20:53,2.55
16:20:54,2.55
16:20:55,2.55
16:20:56,2.55
16:20:57,2.55
16:20:58,2.55
16:20:59,2.55
16:21:00,2.55
16:21:01,2.55
16:21:02,2.55
16:21:03,2.55
16:21:04,2.55
16:21:05,2.55
16:21:06,2.55
16:21:07,2.55
16:21:08,2.55
16:21:09,2.55
16:21:10,2.55
16:21:11,2.55
16:21:12,2.55
16:21:13,2.55
16:21:14,2.55
16:21:15,2.55
16:21:16,2.55
16:21:17,2.55
16:21:18,2.55
16:21:19,2.55
16:21:20,2.55
16:21:21,2.55
16:21:22,2.55
16:21:23,2.55
16:21:24,2.55
16:21:25,2.55
16:21:26,2.55
16:21:27,2.55
16:21:28,2.55
16:21:29,2.55
16:21:30,2.55
16:21:31,2.55
16:21:32,2.55
16:21:33,2.55
16:21:34,2.55
16:21:35,2.55
16:21:36,2.55
16:21:37,2.55
16:21:38,2.55
16:21:39,2.55
16:21:40,2.55
16:21:41,2.55
16:21:42,2.55
16:21:43,2.55
16:21:44,2.55
16:21:45,2.55
16:21:46,2.55
16:21:47,2.55
16:21:48,2.55
16:21:49,2.55
16:21:50,2.55
16:21:51,2.55
16:21:52,2.55
16:21:53,2.55
16:21:54,2.55
16:21:55,2.55
16:21:56,2.55
16:21:57,2.55
16:21:58,2.55
16:21:59,2.55
16:22:00,2.55
16:22:01,2.55
16:22:02,2.55
16:22:03,2.55
16:22:04,2.55
16:22:05,2.55
16:22:06,2.55
16:22:07,2.55
16:22:08,2.55
16:22:09,2.55
16:22:10,2.55
16:22:11,2.55
16:22:12,2.55
16:22:13,2.55
16:22:14,2.55
16:22:15,2.55
16:22:16,2.55
16:22:17,2.55
16:22:18,2.55
16:22:19,2.55
16:22:20,2.55
16:22:21,2.55
16:22:22,2.55
16:22:23,2.55
16:22:24,2.55
16:22:25,2.55
16:22:26,2.55
16:22:27,2.55
16:22:28,2.55
16:22:29,2.55
16:22:30,2.55
16:22:31,2.55
16:22:32,2.55
16:22:33,2.55
16:22:34,2.55
16:22:35,2.55
16:22:36,2.55
16:22:37,2.55
16:22:38,2.55
16:22:39,2.55
16:22:40,2.55
16:22:41,2.55
16:22:42,2.55
16:22:43,2.55
16:22:44,2.55
16:22:45,2.55
16:22:46,2.55
16:22:47,2.55
16:22:48,2.55
16:22:49,2.55
16:22:50,2.55
16:22:51,2.55
16:22:52,2.55
16:22:53,2.55
16:22:54,2.55
16:22:55,2.55
16:22:56,2.55
16:22:57,2.55
16:22:58,2.55
16:22:59,2.55
16:23:00,2.55
16:23:01,2.55
16:23:02,2.55
16:23:03,2.55
16:23:04,2.55
16:23:05,2.55
16:23:06,2.55
16:23:07,2.55
16:23:08,2.55
16:23:09,2.55
16:23:10,2.55
16:23:11,2.55
16:23:12,2.55
16:23:13,2.55
16:23:14,2.55
16:23:15,2.55
16:23:16,2.55
16:23:17,2.55
16:23:18,2.55
16:23:19,2.55
16:23:20,2.55
16:23:21,2.55
16:23:22,2.55
16:23:23,2.55
16:23:24,2.55
16:23:25,2.55
16:23:26,2.55
16:23:27,2.55
16:23:28,2.55
16:23:29,2.55
16:23:30,2.55
16:23:31,2.55
16:23:32,2.55
16:23:33,2.55
16:23:34,2.55
16:23:35,2.55
16:23:36,2.55
16:23:37,2.55
16:23:38,2.55
16:23:39,2.55
16:23:40,2.55
16:23:41,2.55
16:23:42,2.55
16:23:43,2.55
16:23:44,2.55
16:23:45,2.55
16:23:46,2.55
16:23:47,2.55
16:23:48,2.55
16:23:49,2.55
16:23:50,2.55
16:23:51,2.55
16:23:52,2.55
16:23:53,2.55
16:23:54,2.55
16:23:55,2.55
16:23:56,2.55
16:23:57,2.55
16:23:58,2.55
16:23:59,2.55
16:24:00,2.55
16:24:01,2.55
16:24:02,2.55
16:24:03,2.55
16:24:04,2.55
16:24:05,2.55
16:24:06,2.55
16:24:07,2.55
16:24:08,2.55
16:24:09,2.55
16:24:10,2.55
16:24:11,2.55
16:24:12,2.55
16:24:13,2.55
16:24:14,2.55
16:24:15,2.55
16:24:16,2.55
16:24:17,2.55
16:24:18,2.55
16:24:19,2.55
16:24:20,2.55
16:24:21,2.55
16:24:22,2.55
16:24:23,2.55
16:24:24,2.55
16:24:25,2.55
16:24:26,2.55
16:24:27,2.55
16:24:28,2.55
16:24:29,2.55
16:24:30,2.55
16:24:31,2.55
16:24:32,2.55
16:24:33,2.55
16:24:34,2.55
16:24:35,2.55
16:24:36,2.55
16:24:37,2.55
16:24:38,2.55
16:24:39,2.55
16:24:40,2.55
16:24:41,2.55
16:24:42,2.55
16:24:43,2.55
16:24:44,2.55
16:24:45,2.55
16:24:46,2.55
16:24:47,2.55
16:24:48,2.55
16:24:49,2.55
16:24:50,2.55
16:24:51,2.55
16:24:52,2.55
16:24:53,2.55
16:24:54,2.55
16:24:55,2.55
16:24:56,2.55
16:24:57,2.55
16:24:58,2.55
16:24:59,2.55
16:25:00,2.55
16:25:01,2.55
16:25:02,2.55
16:25:03,2.55
16:25:04,2.55
16:25:05,2.55
16:25:06,2.55
16:25:07,2.55
16:25:08,2.55
16:25:09,2.55
16:25:10,2.55
16:25:11,2.55
16:25:12,2.55
16:25:13,2.55
16:25:14,2.55
16:25:15,2.55
16:25:16,2.55
16:25:17,2.55
16:25:18,2.55
16:25:19,2.55
16:25:20,2.55
16:25:21,2.55
16:25:22,2.55
16:25:23,2.55
16:25:24,2.55
16:25:25,2.55
16:25:26,2.55
16:25:27,2.55
16:25:28,2.55
16:25:29,2.55
16:25:30,2.55
16:25:31,2.55
16:25:32,2.55
16:25:33,2.55
16:25:34,2.55
16:25:35,2.55
16:25:36,2.55
16:25:37,2.55
16:25:38,2.55
16:25:39,2.55
16:25:40,2.55
16:25:41,2.55
16:25:42,2.55
16:25:43,2.55
16:25:44,2.55
16:25:45,2.55
16:25:46,2.55
16:25:47,2.55
16:25:48,2.55
16:25:49,2.55
16:25:50,2.55
16:25:51,2.55
16:25:52,2.55
16:25:53,2.55
16:25:54,2.55
16:25:55,2.55
16:25:56,2.55
16:25:57,2.55
16:25:58,2.55
16:25:59,2.55
16:26:00,2.55
16:26:01,2.55
16:26:02,2.55
16:26:03,2.55
16:26:04,2.55
16:26:05,2.55
16:26:06,2.55
16:26:07,2.55
16:26:08,2.55
16:26:09,2.55
16:26:10,2.55
16:26:11,2.55
16:26:12,2.55
16:26:13,2.55
16:26:14,2.55
16:26:15,2.55
16:26:16,2.55
16:26:17,2.55
16:26:18,2.55
16:26:19,2.55
16:26:20,2.55
16:26:21,2.55
16:26:22,2.55
16:26:23,2.55
16:26:24,2.55
16:26:25,2.55
16:26:26,2.55
16:26:27,2.55
16:26:28,2.55
16:26:29,2.55
16:26:30,2.55
16:26:31,2.55
16:26:32,2.55
16:26:33,2.55
16:26:34,2.55
16:26:35,2.55
16:26:36,2.55
16:26:37,2.55
16:26:38,2.55
16:26:39,2.55
16:26:40,2.55
16:26:41,2.55
16:26:42,2.55
16:26:43,2.55
16:26:44,2.55
16:26:45,2.55
16:26:46,2.55
16:26:47,2.55
16:26:48,2.55
16:26:49,2.55
16:26:50,2.55
16:26:51,2.55
16:26:52,2.55
16:26:53,2.55
16:26:54,2.55
16:26:55,2.55
16:26:56,2.55
16:26:57,2.55
16:26:58,2.55
16:26:59,2.55
16:27:00,2.55
16:27:01,2.55
16:27:02,2.55
16:27:03,2.55
16:27:04,2.55
16:27:05,2.55
16:27:06,2.55
16:27:07,2.55
16:27:08,2.55
16:27:09,2.55
16:27:10,2.55
16:27:11,2.55
16:27:12,2.55
16:27:13,2.55
16:27:14,2.55
16:27:15,2.55
16:27:16,2.55
16:27:17,2.55
16:27:18,2.55
16:27:19,2.55
16:27:20,2.55
16:27:21,2.55
16:27:22,2.55
16:27:23,2.55
16:27:24,2.55
16:27:25,2.55
16:27:26,2.55
16:27:27,2.55
16:27:28,2.55
16:27:29,2.55
16:27:30,2.55
16:27:31,2.55
16:27:32,2.55
16:27:33,2.55
16:27:34,2.55
16:27:35,2.55
16:27:36,2.55
16:27:37,2.55
16:27:38,2.55
16:27:39,2.55
16:27:40,2.55
16:27:41,2.55
16:27:42,2.55
16:27:43,2.55
16:27:44,2.55
16:27:45,2.55
16:27:46,2.55
16:27:47,2.55
16:27:48,2.55
16:27:49,2.55
16:27:50,2.55
16:27:51,2.55
16:27:52,2.55
16:27:53,2.55
16:27:54,2.55
16:27:55,2.55
16:27:56,2.55
16:27:57,2.55
16:27:58,2.55
16:27:59,2.55
16:28:00,2.55
16:28:01,2.55
16:28:02,2.55
16:28:03,2.55
16:28:04,2.55
16:28:05,2.55
16:28:06,2.55
16:28:07,2.55
16:28:08,2.55
16:28:09,2.55
16:28:10,2.55
16:28:11,2.55
16:28:12,2.55
16:28:13,2.55
16:28:14,2.55
16:28:15,2.55
16:28:16,2.55
16:28:17,2.55
16:28:18,2.55
16:28:19,2.55
16:28:20,2.55
16:28:21,2.55
16:28:22,2.55
16:28:23,2.55
16:28:24,2.55
16:28:25,2.55
16:28:26,2.55
16:28:27,2.55
16:28:28,2.55
16:28:29,2.55
16:28:30,2.55
16:28:31,2.55
16:28:32,2.55
16:28:33,2.55
16:28:34,2.55
16:28:35,2.55
16:28:36,2.55
16:28:37,2.55
16:28:38,2.55
16:28:39,2.55
16:28:40,2.55
16:28:41,2.55
16:28:42,2.55
16:28:43,2.55
16:28:44,2.55
16:28:45,2.55
16:28:46,2.55
16:28:47,2.55
16:28:48,2.55
16:28:49,2.55
16:28:50,2.55
16:28:51,2.55
16:28:52,2.55
16:28:53,2.55
16:28:54,2.55
16:28:55,2.55
16:28:56,2.55
16:28:57,2.55
16:28:58,2.55
16:28:59,2.55
16:29:00,2.55
16:29:01,2.55
16:29:02,2.55
16:29:03,2.55
16:29:04,2.55
16:29:05,2.55
16:29:06,2.55
16:29:07,2.55
16:29:08,2.55
16:29:09,2.55
16:29:10,2.55
16:29:11,2.55
16:29:12,2.55
16:29:13,2.55
16:29:14,2.55
16:29:15,2.55
16:29:16,2.55
16:29:17,2.55
16:29:18,2.55
16:29:19,2.55
16:29:20,2.55
16:29:21,2.55
16:29:22,2.55
16:29:23,2.55
16:29:24,2.55
16:29:25,2.55
16:29:26,2.55
16:29:27,2.55
16:29:28,2.55
16:29:29,2.55
16:29:30,2.55
16:29:31,2.55
16:29:32,2.55
16:29:33,2.55
16:29:34,2.55
16:29:35,2.55
16:29:36,2.55
16:29:37,2.55
16:29:38,2.55
16:29:39,2.55
16:29:40,2.55
16:29:41,2.55
16:29:42,2.55
16:29:43,2.55
16:29:44,2.55
16:29:45,2.55
16:29:46,2.55
16:29:47,2.55
16:29:48,2.55
16:29:49,2.55
16:29:50,2.55
16:29:51,2.55
16:29:52,2.55
16:29:53,2.55
16:29:54,2.55
16:29:55,2.55
16:29:56,2.55
16:29:57,2.55
16:29:58,2.55
16:29:59,2.55
16:30:00,2.55
16:30:01,2.55
16:30:02,2.55
16:30:03,2.55
16:30:04,2.55
16:30:05,2.55
16:30:06,2.55
16:30:07,2.55
16:30:08,2.55
16:30:09,2.55
16:30:10,2.55
16:30:11,2.55
16:30:12,2.55
16:30:13,2.55
16:30:14,2.55
16:30:15,2.55
16:30:16,2.55
16:30:17,2.55
16:30:18,2.55
16:30:19,2.55
16:30:20,2.55
16:30:21,2.55
16:30:22,2.55
16:30:23,2.55
16:30:24,2.55
16:30:25,2.55
16:30:26,2.55
16:30:27,2.55
16:30:28,2.55
16:30:29,2.55
16:30:30,2.55
16:30:31,2.55
16:30:32,2.55
16:30:33,2.55
16:30:34,2.55
16:30:35,2.55
16:30:36,2.55
16:30:37,2.55
16:30:38,2.55
16:30:39,2.55
16:30:40,2.55
16:30:41,2.55
16:30:42,2.55
16:30:43,2.55
16:30:44,2.55
16:30:45,2.55
16:30:46,2.55
16:30:47,2.55
16:30:48,2.55
16:30:49,2.55
16:30:50,2.55
16:30:51,2.55
16:30:52,2.55
16:30:53,2.55
16:30:54,2.55
16:30:55,2.55
16:30:56,2.55
16:30:57,2.55
16:30:58,2.55
16:30:59,2.55
16:31:00,2.55
16:31:01,2.55
16:31:02,2.55
16:31:03,2.55
16:31:04,2.55
16:31:05,2.55
16:31:06,2.55
16:31:07,2.55
16:31:08,2.55
16:31:09,2.55
16:31:10,2.55
16:31:11,2.55
16:31:12,2.55
16:31:13,2.55
16:31:14,2.55
16:31:15,2.55
16:31:16,2.55
16:31:17,2.55
16:31:18,2.55
16:31:19,2.55
16:31:20,2.55
16:31:21,2.55
16:31:22,2.55
16:31:23,2.55
16:31:24,2.55
16:31:25,2.55
16:31:26,2.55
16:31:27,2.55
16:31:28,2.55
16:31:29,2.55
16:31:30,2.55
16:31:31,2.55
16:31:32,2.55
16:31:33,2.55
16:31:34,2.55
16:31:35,2.55
16:31:36,2.55
16:31:37,2.55
16:31:38,2.55
16:31:39,2.55
16:31:40,2.55
16:31:41,2.55
16:31:42,2.55
16:31:43,2.55
16:31:44,2.55
16:31:45,2.55
16:31:46,2.55
16:31:47,2.55
16:31:48,2.55
16:31:49,2.55
16:31:50,2.55
16:31:51,2.55
16:31:52,2.55
16:31:53,2.55
16:31:54,2.55
16:31:55,2.55
16:31:56,2.55
16:31:57,2.55
16:31:58,2.55
16:31:59,2.55
16:32:00,2.55
16:32:01,2.55
16:32:02,2.55
16:32:03,2.55
16:32:04,2.55
16:32:05,2.55
16:32:06,2.55
16:32:07,2.55
16:32:08,2.55
16:32:09,2.55
16:32:10,2.55
16:32:11,2.55
16:32:12,2.55
16:32:13,2.55
16:32:14,2.55
16:32:15,2.55
16:32:16,2.55
16:32:17,2.55
16:32:18,2.55
16:32:19,2.55
16:32:20,2.55
16:32:21,2.55
16:32:22,2.55
16:32:23,2.55
16:32:24,2.55
16:32:25,2.55
16:32:26,2.55
16:32:27,2.55
16:32:28,2.55
16:32:29,2.55
16:32:30,2.55
16:32:31,2.55
16:32:32,2.55
16:32:33,2.55
16:32:34,2.55
16:32:35,2.55
16:32:36,2.55
16:32:37,2.55
16:32:38,2.55
16:32:39,2.55
16:32:40,2.55
16:32:41,2.55
16:32:42,2.55
16:32:43,2.55
16:32:44,2.55
16:32:45,2.55
16:32:46,2.55
16:32:47,2.55
16:32:48,2.55
16:32:49,2.55
16:32:50,2.55
16:32:51,2.55
16:32:52,2.55
16:32:53,2.55
16:32:54,2.55
16:32:55,2.55
16:32:56,2.55
16:32:57,2.55
16:32:58,2.55
16:32:59,2.55
16:33:00,2.55
16:33:01,2.55
16:33:02,2.55
16:33:03,2.55
16:33:04,2.55
16:33:05,2.55
16:33:06,2.55
16:33:07,2.55
16:33:08,2.55
16:33:09,2.55
16:33:10,2.55
16:33:11,2.55
16:33:12,2.55
16:33:13,2.55
16:33:14,2.55
16:33:15,2.55
16:33:16,2.55
16:33:17,2.55
16:33:18,2.55
16:33:19,2.55
16:33:20,2.55
16:33:21,2.55
16:33:22,2.55
16:33:23,2.55
16:33:24,2.55
16:33:25,2.55
16:33:26,2.55
16:33:27,2.55
16:33:28,2.55
16:33:29,2.55
16:33:30,2.55
16:33:31,2.55
16:33:32,2.55
16:33:33,2.55
16:33:34,2.55
16:33:35,2.55
16:33:36,2.55
16:33:37,2.55
16:33:38,2.55
16:33:39,2.55
16:33:40,2.55
16:33:41,2.55
16:33:42,2.55
16:33:43,2.55
16:33:44,2.55
16:33:45,2.55
16:33:46,2.55
16:33:47,2.55
16:33:48,2.55
16:33:49,2.55
16:33:50,2.55
16:33:51,2.55
16:33:52,2.55
16:33:53,2.55
16:33:54,2.55
16:33:55,2.55
16:33:56,2.55
16:33:57,2.55
16:33:58,2.55
16:33:59,2.55
16:34:00,2.55
16:34:01,2.55
16:34:02,2.55
16:34:03,2.55
16:34:04,2.55
16:34:05,2.55
16:34:06,2.55
16:34:07,2.55
16:34:08,2.55
16:34:09,2.55
16:34:10,2.55
16:34:11,2.55
16:34:12,2.55
16:34:13,2.55
16:34:14,2.55
16:34:15,2.55
16:34:16,2.55
16:34:17,2.55
16:34:18,2.55
16:34:19,2.55
16:34:20,2.55
16:34:21,2.55
16:34:22,2.55
16:34:23,2.55
16:34:24,2.55
16:34:25,2.55
16:34:26,2.55
16:34:27,2.55
16:34:28,2.55
16:34:29,2.55
16:34:30,2.55
16:34:31,2.55
16:34:32,2.55
16:34:33,2.55
16:34:34,2.55
16:34:35,2.55
16:34:36,2.55
16:34:37,2.55
16:34:38,2.55
16:34:39,2.55
16:34:40,2.55
16:34:41,2.55
16:34:42,2.55
16:34:43,2.55
16:34:44,2.55
16:34:45,2.55
16:34:46,2.55
16:34:47,2.55
16:34:48,2.55
16:34:49,2.55
16:34:50,2.55
16:34:51,2.55
16:34:52,2.55
16:34:53,2.55
16:34:54,2.55
16:34:55,2.55
16:34:56,2.55
16:34:57,2.55
16:34:58,2.55
16:34:59,2.55
16:35:00,2.55
16:35:01,2.55
16:35:02,2.55
16:35:03,2.55
16:35:04,2.55
16:35:05,2.55
16:35:06,2.55
16:35:07,2.55
16:35:08,2.55
16:35:09,2.55
16:35:10,2.55
16:35:11,2.55
16:35:12,2.55
16:35:13,2.55
16:35:14,2.55
16:35:15,2.55
16:35:16,2.55
16:35:17,2.55
16:35:18,2.55
16:35:19,2.55
16:35:20,2.55
16:35:21,2.55
16:35:22,2.55
16:35:23,2.55
16:35:24,2.55
16:35:25,2.55
16:35:26,2.55
16:35:27,2.55
16:35:28,2.55
16:35:29,2.55
16:35:30,2.55
16:35:31,2.55
16:35:32,2.55
16:35:33,2.55
16:35:34,2.55
16:35:35,2.55
16:35:36,2.55
16:35:37,2.55
16:35:38,2.55
16:35:39,2.55
16:35:40,2.55
16:35:41,2.55
16:35:42,2.55
16:35:43,2.55
16:35:44,2.55
16:35:45,2.55
16:35:46,2.55
16:35:47,2.55
16:35:48,2.55
16:35:49,2.55
16:35:50,2.55
16:35:51,2.55
16:35:52,2.55
16:35:53,2.55
16:35:54,2.55
16:35:55,2.55
16:35:56,2.55
16:35:57,2.55
16:35:58,2.55
16:35:59,2.55
16:36:00,2.55
16:36:01,2.55
16:36:02,2.55
16:36:03,2.55
16:36:04,2.55
16:36:05,2.55
16:36:06,2.55
16:36:07,2.55
16:36:08,2.55
16:36:09,2.55
16:36:10,2.55
16:36:11,2.55
16:36:12,2.55
16:36:13,2.55
16:36:14,2.55
16:36:15,2.55
16:36:16,2.55
16:36:17,2.55
16:36:18,2.55
16:36:19,2.55
16:36:20,2.55
16:36:21,2.55
16:36:22,2.55
16:36:23,2.55
16:36:24,2.55
16:36:25,2.55
16:36:26,2.55
16:36:27,2.55
16:36:28,2.55
16:36:29,2.55
16:36:30,2.55
16:36:31,2.55
16:36:32,2.55
16:36:33,2.55
16:36:34,2.55
16:36:35,2.55
16:36:36,2.55
16:36:37,2.55
16:36:38,2.55
16:36:39,2.55
16:36:40,2.55
16:36:41,2.55
16:36:42,2.55
16:36:43,2.55
16:36:44,2.55
16:36:45,2.55
16:36:46,2.55
16:36:47,2.55
16:36:48,2.55
16:36:49,2.55
16:36:50,2.55
16:36:51,2.55
16:36:52,2.55
16:36:53,2.55
16:36:54,2.55
16:36:55,2.55
16:36:56,2.55
16:36:57,2.55
16:36:58,2.55
16:36:59,2.55
16:37:00,2.55
16:37:01,2.55
16:37:02,2.55
16:37:03,2.55
16:37:04,2.55
16:37:05,2.55
16:37:06,2.55
16:37:07,2.55
16:37:08,2.55
16:37:09,2.55
16:37:10,2.55
16:37:11,2.55
16:37:12,2.55
16:37:13,2.55
16:37:14,2.55
16:37:15,2.55
16:37:16,2.55
16:37:17,2.55
16:37:18,2.55
16:37:19,2.55
16:37:20,2.55
16:37:21,2.55
16:37:22,2.55
16:37:23,2.55
16:37:24,2.55
16:37:25,2.55
16:37:26,2.55
16:37:27,2.55
16:37:28,2.55
16:37:29,2.55
16:37:30,2.55
16:37:31,2.55
16:37:32,2.55
16:37:33,2.55
16:37:34,2.55
16:37:35,2.55
16:37:36,2.55
16:37:37,2.55
16:37:38,2.55
16:37:39,2.55
16:37:40,2.55
16:37:41,2.55
16:37:42,2.55
16:37:43,2.55
16:37:44,2.55
16:37:45,2.55
16:37:46,2.55
16:37:47,2.55
16:37:48,2.55
16:37:49,2.55
16:37:50,2.55
16:37:51,2.55
16:37:52,2.55
16:37:53,2.55
16:37:54,2.55
16:37:55,2.55
16:37:56,2.55
16:37:57,2.55
16:37:58,2.55
16:37:59,2.55
16:38:00,2.55
16:38:01,2.55
16:38:02,2.55
16:38:03,2.55
16:38:04,2.55
16:38:05,2.55
16:38:06,2.55
16:38:07,2.55
16:38:08,2.55
16:38:09,2.55
16:38:10,2.55
16:38:11,2.55
16:38:12,2.55
16:38:13,2.55
16:38:14,2.55
16:38:15,2.55
16:38:16,2.55
16:38:17,2.55
16:38:18,2.55
16:38:19,2.55
16:38:20,2.55
16:38:21,2.55
16:38:22,2.55
16:38:23,2.55
16:38:24,2.55
16:38:25,2.55
16:38:26,2.55
16:38:27,2.55
16:38:28,2.55
16:38:29,2.55
16:38:30,2.55
16:38:31,2.55
16:38:32,2.55
16:38:33,2.55
16:38:34,2.55
16:38:35,2.55
16:38:36,2.55
16:38:37,2.55
16:38:38,2.55
16:38:39,2.55
16:38:40,2.55
16:38:41,2.55
16:38:42,2.55
16:38:43,2.55
16:38:44,2.55
16:38:45,2.55
16:38:46,2.55
16:38:47,2.55
16:38:48,2.55
16:38:49,2.55
16:38:50,2.55
16:38:51,2.55
16:38:52,2.55
16:38:53,2.55
16:38:54,2.55
16:38:55,2.55
16:38:56,2.55
16:38:57,2.55
16:38:58,2.55
16:38:59,2.55
16:39:00,2.55
16:39:01,2.55
16:39:02,2.55
16:39:03,2.55
16:39:04,2.55
16:39:05,2.55
16:39:06,2.55
16:39:07,2.55
16:39:08,2.55
16:39:09,2.55
16:39:10,2.55
16:39:11,2.55
16:39:12,2.55
16:39:13,2.55
16:39:14,2.55
16:39:15,2.55
16:39:16,2.55
16:39:17,2.55
16:39:18,2.55
16:39:19,2.55
16:39:20,2.55
16:39:21,2.55
16:39:22,2.55
16:39:23,2.55
16:39:24,2.55
16:39:25,2.55
16:39:26,2.55
16:39:27,2.55
16:39:28,2.55
16:39:29,2.55
16:39:30,2.55
16:39:31,2.55
16:39:32,2.55
16:39:33,2.55
16:39:34,2.55
16:39:35,2.55
16:39:36,2.55
16:39:37,2.55
16:39:38,2.55
16:39:39,2.55
16:39:40,2.55
16:39:41,2.55
16:39:42,2.55
16:39:43,2.55
16:39:44,2.55
16:39:45,2.55
16:39:46,2.55
16:39:47,2.55
16:39:48,2.55
16:39:49,2.55
16:39:50,2.55
16:39:51,2.55
16:39:52,2.55
16:39:53,2.55
16:39:54,2.55
16:39:55,2.55
16:39:56,2.55
16:39:57,2.55
16:39:58,2.55
16:39:59,2.55
16:40:00,2.55
16:40:01,2.55
16:40:02,2.55
16:40:03,2.55
16:40:04,2.55
16:40:05,2.55
16:40:06,2.55
16:40:07,2.55
16:40:08,2.55
16:40:09,2.55
16:40:10,2.55
16:40:11,2.55
16:40:12,2.55
16:40:13,2.55
16:40:14,2.55
16:40:15,2.55
16:40:16,2.55
16:40:17,2.55
16:40:18,2.55
16:40:19,2.55
16:40:20,2.55
16:40:21,2.55
16:40:22,2.55
16:40:23,2.55
16:40:24,2.55
16:40:25,2.55
16:40:26,2.55
16:40:27,2.55
16:40:28,2.55
16:40:29,2.55
16:40:30,2.55
16:40:31,2.55
16:40:32,2.55
16:40:33,2.55
16:40:34,2.55
16:40:35,2.55
16:40:36,2.55
16:40:37,2.55
16:40:38,2.55
16:40:39,2.55
16:40:40,2.55
16:40:41,2.55
16:40:42,2.55
16:40:43,2.55
16:40:44,2.55
16:40:45,2.55
16:40:46,2.55
16:40:47,2.55
16:40:48,2.55
16:40:49,2.55
16:40:50,2.55
16:40:51,2.55
16:40:52,2.55
16:40:53,2.55
16:40:54,2.55
16:40:55,2.55
16:40:56,2.55
16:40:57,2.55
16:40:58,2.55
16:40:59,2.55
16:41:00,2.55
16:41:01,2.55
16:41:02,2.55
16:41:03,2.55
16:41:04,2.55
16:41:05,2.55
16:41:06,2.55
16:41:07,2.55
16:41:08,2.55
16:41:09,2.55
16:41:10,2.55
16:41:11,2.55
16:41:12,2.55
16:41:13,2.55
16:41:14,2.55
16:41:15,2.55
16:41:16,2.55
16:41:17,2.55
16:41:18,2.55
16:41:19,2.55
16:41:20,2.55
16:41:21,2.55
16:41:22,2.55
16:41:23,2.55
16:41:24,2.55
16:41:25,2.55
16:41:26,2.55
16:41:27,2.55
16:41:28,2.55
16:41:29,2.55
16:41:30,2.55
16:41:31,2.55
16:41:32,2.55
16:41:33,2.55
16:41:34,2.55
16:41:35,2.55
16:41:36,2.55
16:41:37,2.55
16:41:38,2.55
16:41:39,2.55
16:41:40,2.55
16:41:41,2.55
16:41:42,2.55
16:41:43,2.55
16:41:44,2.55
16:41:45,2.55
16:41:46,2.55
16:41:47,2.55
16:41:48,2.55
16:41:49,2.55
16:41:50,2.55
16:41:51,2.55
16:41:52,2.55
16:41:53,2.55
16:41:54,2.55
16:41:55,2.55
16:41:56,2.55
16:41:57,2.55
16:41:58,2.55
16:41:59,2.55
16:42:00,2.55
16:42:01,2.55
16:42:02,2.55
16:42:03,2.55
16:42:04,2.55
16:42:05,2.55
16:42:06,2.55
16:42:07,2.55
16:42:08,2.55
16:42:09,2.55
16:42:10,2.55
16:42:11,2.55
16:42:12,2.55
16:42:13,2.55
16:42:14,2.55
16:42:15,2.55
16:42:16,2.55
16:42:17,2.55
16:42:18,2.55
16:42:19,2.55
16:42:20,2.55
16:42:21,2.55
16:42:22,2.55
16:42:23,2.55
16:42:24,2.55
16:42:25,2.55
16:42:26,2.55
16:42:27,2.55
16:42:28,2.55
16:42:29,2.55
16:42:30,2.55
16:42:31,2.55
16:42:32,2.55
16:42:33,2.55
16:42:34,2.55
16:42:35,2.55
16:42:36,2.55
16:42:37,2.55
16:42:38,2.55
16:42:39,2.55
16:42:40,2.55
16:42:41,2.55
16:42:42,2.55
16:42:43,2.55
16:42:44,2.55
16:42:45,2.55
16:42:46,2.55
16:42:47,2.55
16:42:48,2.55
16:42:49,2.55
16:42:50,2.55
16:42:51,2.55
16:42:52,2.55
16:42:53,2.55
16:42:54,2.55
16:42:55,2.55
16:42:56,2.55
16:42:57,2.55
16:42:58,2.55
16:42:59,2.55
16:43:00,2.55
16:43:01,2.55
16:43:02,2.55
16:43:03,2.55
16:43:04,2.55
16:43:05,2.55
16:43:06,2.55
16:43:07,2.55
16:43:08,2.55
16:43:09,2.55
16:43:10,2.55
16:43:11,2.55
16:43:12,2.55
16:43:13,2.55
16:43:14,2.55
16:43:15,2.55
16:43:16,2.55
16:43:17,2.55
16:43:18,2.55
16:43:19,2.55
16:43:20,2.55
16:43:21,2.55
16:43:22,2.55
16:43:23,2.55
16:43:24,2.55
16:43:25,2.55
16:43:26,2.55
16:43:27,2.55
16:43:28,2.55
16:43:29,2.55
16:43:30,2.55
16:43:31,2.55
16:43:32,2.55
16:43:33,2.55
16:43:34,2.55
16:43:35,2.55
16:43:36,2.55
16:43:37,2.55
16:43:38,2.55
16:43:39,2.55
16:43:40,2.55
16:43:41,2.55
16:43:42,2.55
16:43:43,2.55
16:43:44,2.55
16:43:45,2.55
16:43:46,2.55
16:43:47,2.55
16:43:48,2.55
16:43:49,2.55
16:43:50,2.55
16:43:51,2.55
16:43:52,2.55
16:43:53,2.55
16:43:54,2.55
16:43:55,2.55
16:43:56,2.55
16:43:57,2.55
16:43:58,2.55
16:43:59,2.55
16:44:00,2.55
16:44:01,2.55
16:44:02,2.55
16:44:03,2.55
16:44:04,2.55
16:44:05,2.55
16:44:06,2.55
16:44:07,2.55
16:44:08,2.55
16:44:09,2.55
16:44:10,2.55
16:44:11,2.55
16:44:12,2.55
16:44:13,2.55
16:44:14,2.55
16:44:15,2.55
16:44:16,2.55
16:44:17,2.55
16:44:18,2.55
16:44:19,2.55
16:44:20,2.55
16:44:21,2.55
16:44:22,2.55
16:44:23,2.55
16:44:24,2.55
16:44:25,2.55
16:44:26,2.55
16:44:27,2.55
16:44:28,2.55
16:44:29,2.55
16:44:30,2.55
16:44:31,2.55
16:44:32,2.55
16:44:33,2.55
16:44:34,2.55
16:44:35,2.55
16:44:36,2.55
16:44:37,2.55
16:44:38,2.55
16:44:39,2.55
16:44:40,2.55
16:44:41,2.55
16:44:42,2.55
16:44:43,2.55
16:44:44,2.55
16:44:45,2.55
16:44:46,2.55
16:44:47,2.55
16:44:48,2.55
16:44:49,2.55
16:44:50,2.55
16:44:51,2.55
16:44:52,2.55
16:44:53,2.55
16:44:54,2.55
16:44:55,2.55
16:44:56,2.55
16:44:57,2.55
16:44:58,2.55
16:44:59,2.55
16:45:00,2.55
16:45:01,2.55
16:45:02,2.55
16:45:03,2.55
16:45:04,2.55
16:45:05,2.55
16:45:06,2.55
16:45:07,2.55
16:45:08,2.55
16:45:09,2.55
16:45:10,2.55
16:45:11,2.55
16:45:12,2.55
16:45:13,2.55
16:45:14,2.55
16:45:15,2.55
16:45:16,2.55
16:45:17,2.55
16:45:18,2.55
16:45:19,2.55
16:45:20,2.55
16:45:21,2.55
16:45:22,2.55
16:45:23,2.55
16:45:24,2.55
16:45:25,2.55
16:45:26,2.55
16:45:27,2.55
16:45:28,2.55
16:45:29,2.55
16:45:30,2.55
16:45:31,2.55
16:45:32,2.55
16:45:33,2.55
16:45:34,2.55
16:45:35,2.55
16:45:36,2.55
16:45:37,2.55
16:45:38,2.55
16:45:39,2.55
16:45:40,2.55
16:45:41,2.55
16:45:42,2.55
16:45:43,2.55
16:45:44,2.55
16:45:45,2.55
16:45:46,2.55
16:45:47,2.55
16:45:48,2.55
16:45:49,2.55
16:45:50,2.55
16:45:51,2.55
16:45:52,2.55
16:45:53,2.55
16:45:54,2.55
16:45:55,2.55
16:45:56,2.55
16:45:57,2.55
16:45:58,2.55
16:45:59,2.55
16:46:00,2.55
16:46:01,2.55
16:46:02,2.55
16:46:03,2.55
16:46:04,2.55
16:46:05,2.55
16:46:06,2.55
16:46:07,2.55
16:46:08,2.55
16:46:09,2.55
16:46:10,2.55
16:46:11,2.55
16:46:12,2.55
16:46:13,2.55
16:46:14,2.55
16:46:15,2.55
16:46:16,2.55
16:46:17,2.55
16:46:18,2.55
16:46:19,2.55
16:46:20,2.55
16:46:21,2.55
16:46:22,2.55
16:46:23,2.55
16:46:24,2.55
16:46:25,2.55
16:46:26,2.55
16:46:27,2.55
16:46:28,2.55
16:46:29,2.55
16:46:30,2.55
16:46:31,2.55
16:46:32,2.55
16:46:33,2.55
16:46:34,2.55
16:46:35,2.55
16:46:36,2.55
16:46:37,2.55
16:46:38,2.55
16:46:39,2.55
16:46:40,2.55
16:46:41,2.55
16:46:42,2.55
16:46:43,2.55
16:46:44,2.55
16:46:45,2.55
16:46:46,2.55
16:46:47,2.55
16:46:48,2.55
16:46:49,2.55
16:46:50,2.55
16:46:51,2.55
16:46:52,2.55
16:46:53,2.55
16:46:54,2.55
16:46:55,2.55
16:46:56,2.55
16:46:57,2.55
16:46:58,2.55
16:46:59,2.55
16:47:00,2.55
16:47:01,2.55
16:47:02,2.55
16:47:03,2.55
16:47:04,2.55
16:47:05,2.55
16:47:06,2.55
16:47:07,2.55
16:47:08,2.55
16:47:09,2.55
16:47:10,2.55
16:47:11,2.55
16:47:12,2.55
16:47:13,2.55
16:47:14,2.55
16:47:15,2.55
16:47:16,2.55
16:47:17,2.55
16:47:18,2.55
16:47:19,2.55
16:47:20,2.55
16:47:21,2.55
16:47:22,2.55
16:47:23,2.55
16:47:24,2.55
16:47:25,2.55
16:47:26,2.55
16:47:27,2.55
16:47:28,2.55
16:47:29,2.55
16:47:30,2.55
16:47:31,2.55
16:47:32,2.55
16:47:33,2.55
16:47:34,2.55
16:47:35,2.55
16:47:36,2.55
16:47:37,2.55
16:47:38,2.55
16:47:39,2.55
16:47:40,2.55
16:47:41,2.55
16:47:42,2.55
16:47:43,2.55
16:47:44,2.55
16:47:45,2.55
16:47:46,2.55
16:47:47,2.55
16:47:48,2.55
16:47:49,2.55
16:47:50,2.55
16:47:51,2.55
16:47:52,2.55
16:47:53,2.55
16:47:54,2.55
16:47:55,2.55
16:47:56,2.55
16:47:57,2.55
16:47:58,2.55
16:47:59,2.55
16:48:00,2.55
16:48:01,2.55
16:48:02,2.55
16:48:03,2.55
16:48:04,2.55
16:48:05,2.55
16:48:06,2.55
16:48:07,2.55
16:48:08,2.55
16:48:09,2.55
16:48:10,2.55
16:48:11,2.55
16:48:12,2.55
16:48:13,2.55
16:48:14,2.55
16:48:15,2.55
16:48:16,2.55
16:48:17,2.55
16:48:18,2.55
16:48:19,2.55
16:48:20,2.55
16:48:21,2.55
16:48:22,2.55
16:48:23,2.55
16:48:24,2.55
16:48:25,2.55
16:48:26,2.55
16:48:27,2.55
16:48:28,2.55
16:48:29,2.55
16:48:30,2.55
16:48:31,2.55
16:48:32,2.55
16:48:33,2.55
16:48:34,2.55
16:48:35,2.55
16:48:36,2.55
16:48:37,2.55
16:48:38,2.55
16:48:39,2.55
16:48:40,2.55
16:48:41,2.55
16:48:42,2.55
16:48:43,2.55
16:48:44,2.55
16:48:45,2.55
16:48:46,2.55
16:48:47,2.55
16:48:48,2.55
16:48:49,2.55
16:48:50,2.55
16:48:51,2.55
16:48:52,2.55
16:48:53,2.55
16:48:54,2.55
16:48:55,2.55
16:48:56,2.55
16:48:57,2.55
16:48:58,2.55
16:48:59,2.55
16:49:00,2.55
16:49:01,2.55
16:49:02,2.55
16:49:03,2.55
16:49:04,2.55
16:49:05,2.55
16:49:06,2.55
16:49:07,2.55
16:49:08,2.55
16:49:09,2.55
16:49:10,2.55
16:49:11,2.55
16:49:12,2.55
16:49:13,2.55
16:49:14,2.55
16:49:15,2.55
16:49:16,2.55
16:49:17,2.55
16:49:18,2.55
16:49:19,2.55
16:49:20,2.55
16:49:21,2.55
16:49:22,2.55
16:49:23,2.55
16:49:24,2.55
16:49:25,2.55
16:49:26,2.55
16:49:27,2.55
16:49:28,2.55
16:49:29,2.55
16:49:30,2.55
16:49:31,2.55
16:49:32,2.55
16:49:33,2.55
16:49:34,2.55
16:49:35,2.55
16:49:36,2.55
16:49:37,2.55
16:49:38,2.55
16:49:39,2.55
16:49:40,2.55
16:49:41,2.55
16:49:42,2.55
16:49:43,2.55
16:49:44,2.55
16:49:45,2.55
16:49:46,2.55
16:49:47,2.55
16:49:48,2.55
16:49:49,2.55
16:49:50,2.55
16:49:51,2.55
16:49:52,2.55
16:49:53,2.55
16:49:54,2.55
16:49:55,2.55
16:49:56,2.55
16:49:57,2.55
16:49:58,2.55
16:49:59,2.55
16:50:00,2.55
16:50:01,2.55
16:50:02,2.55
16:50:03,2.55
16:50:04,2.55
16:50:05,2.55
16:50:06,2.55
16:50:07,2.55
16:50:08,2.55
16:50:09,2.55
16:50:10,2.55
16:50:11,2.55
16:50:12,2.55
16:50:13,2.55
16:50:14,2.55
16:50:15,2.55
16:50:16,2.55
16:50:17,2.55
16:50:18,2.55
16:50:19,2.55
16:50:20,2.55
16:50:21,2.55
16:50:22,2.55
16:50:23,2.55
16:50:24,2.55
16:50:25,2.55
16:50:26,2.55
16:50:27,2.55
16:50:28,2.55
16:50:29,2.55
16:50:30,2.55
16:50:31,2.55
16:50:32,2.55
16:50:33,2.55
16:50:34,2.55
16:50:35,2.55
16:50:36,2.55
16:50:37,2.55
16:50:38,2.55
16:50:39,2.55
16:50:40,2.55
16:50:41,2.55
16:50:42,2.55
16:50:43,2.55
16:50:44,2.55
16:50:45,2.55
16:50:46,2.55
16:50:47,2.55
16:50:48,2.55
16:50:49,2.55
16:50:50,2.55
16:50:51,2.55
16:50:52,2.55
16:50:53,2.55
16:50:54,2.55
16:50:55,2.55
16:50:56,2.55
16:50:57,2.55
16:50:58,2.55
16:50:59,2.55
16:51:00,2.55
16:51:01,2.55
16:51:02,2.55
16:51:03,2.55
16:51:04,2.55
16:51:05,2.55
16:51:06,2.55
16:51:07,2.55
16:51:08,2.55
16:51:09,2.55
16:51:10,2.55
16:51:11,2.55
16:51:12,2.55
16:51:13,2.55
16:51:14,2.55
16:51:15,2.55
16:51:16,2.55
16:51:17,2.55
16:51:18,2.55
16:51:19,2.55
16:51:20,2.55
16:51:21,2.55
16:51:22,2.55
16:51:23,2.55
16:51:24,2.55
16:51:25,2.55
16:51:26,2.55
16:51:27,2.55
16:51:28,2.55
16:51:29,2.55
16:51:30,2.55
16:51:31,2.55
16:51:32,2.55
16:51:33,2.55
16:51:34,2.55
16:51:35,2.55
16:51:36,2.55
16:51:37,2.55
16:51:38,2.55
16:51:39,2.55
16:51:40,2.55
16:51:41,2.55
16:51:42,2.55
16:51:43,2.55
16:51:44,2.55
16:51:45,2.55
16:51:46,2.55
16:51:47,2.55
16:51:48,2.55
16:51:49,2.55
16:51:50,2.55
16:51:51,2.55
16:51:52,2.55
16:51:53,2.55
16:51:54,2.55
16:51:55,2.55
16:51:56,2.55
16:51:57,2.55
16:51:58,2.55
16:51:59,2.55
16:52:00,2.55
16:52:01,2.55
16:52:02,2.55
16:52:03,2.55
16:52:04,2.55
16:52:05,2.55
16:52:06,2.55
16:52:07,2.55
16:52:08,2.55
16:52:09,2.55
16:52:10,2.55
16:52:11,2.55
16:52:12,2.55
16:52:13,2.55
16:52:14,2.55
16:52:15,2.55
16:52:16,2.55
16:52:17,2.55
16:52:18,2.55
16:52:19,2.55
16:52:20,2.55
16:52:21,2.55
16:52:22,2.55
16:52:23,2.55
16:52:24,2.55
16:52:25,2.55
16:52:26,2.55
16:52:27,2.55
16:52:28,2.55
16:52:29,2.55
16:52:30,2.55
16:52:31,2.55
16:52:32,2.55
16:52:33,2.55
16:52:34,2.55
16:52:35,2.55
16:52:36,2.55
16:52:37,2.55
16:52:38,2.55
16:52:39,2.55
16:52:40,2.55
16:52:41,2.55
16:52:42,2.55
16:52:43,2.55
16:52:44,2.55
16:52:45,2.55
16:52:46,2.55
16:52:47,2.55
16:52:48,2.55
16:52:49,2.55
16:52:50,2.55
16:52:51,2.55
16:52:52,2.55
16:52:53,2.55
16:52:54,2.55
16:52:55,2.55
16:52:56,2.55
16:52:57,2.55
16:52:58,2.55
16:52:59,2.55
16:53:00,2.55
16:53:01,2.55
16:53:02,2.55
16:53:03,2.55
16:53:04,2.55
16:53:05,2.55
16:53:06,2.55
16:53:07,2.55
16:53:08,2.55
16:53:09,2.55
16:53:10,2.55
16:53:11,2.55
16:53:12,2.55
16:53:13,2.55
16:53:14,2.55
16:53:15,2.55
16:53:16,2.55
16:53:17,2.55
16:53:18,2.55
16:53:19,2.55
16:53:20,2.55
16:53:21,2.55
16:53:22,2.55
16:53:23,2.55
16:53:24,2.55
16:53:25,2.55
16:53:26,2.55
16:53:27,2.55
16:53:28,2.55
16:53:29,2.55
16:53:30,2.55
16:53:31,2.55
16:53:32,2.55
16:53:33,2.55
16:53:34,2.55
16:53:35,2.55
16:53:36,2.55
16:53:37,2.55
16:53:38,2.55
16:53:39,2.55
16:53:40,2.55
16:53:41,2.55
16:53:42,2.55
16:53:43,2.55
16:53:44,2.55
16:53:45,2.55
16:53:46,2.55
16:53:47,2.55
16:53:48,2.55
16:53:49,2.55
16:53:50,2.55
16:53:51,2.55
16:53:52,2.55
16:53:53,2.55
16:53:54,2.55
16:53:55,2.55
16:53:56,2.55
16:53:57,2.55
16:53:58,2.55
16:53:59,2.55
16:54:00,2.55
16:54:01,2.55
16:54:02,2.55
16:54:03,2.55
16:54:04,2.55
16:54:05,2.55
16:54:06,2.55
16:54:07,2.55
16:54:08,2.55
16:54:09,2.55
16:54:10,2.55
16:54:11,2.55
16:54:12,2.55
16:54:13,2.55
16:54:14,2.55
16:54:15,2.55
16:54:16,2.55
16:54:17,2.55
16:54:18,2.55
16:54:19,2.55
16:54:20,2.55
16:54:21,2.55
16:54:22,2.55
16:54:23,2.55
16:54:24,2.55
16:54:25,2.55
16:54:26,2.55
16:54:27,2.55
16:54:28,2.55
16:54:29,2.55
16:54:30,2.55
16:54:31,2.55
16:54:32,2.55
16:54:33,2.55
16:54:34,2.55
16:54:35,2.55
16:54:36,2.55
16:54:37,2.55
16:54:38,2.55
16:54:39,2.55
16:54:40,2.55
16:54:41,2.55
16:54:42,2.55
16:54:43,2.55
16:54:44,2.55
16:54:45,2.55
16:54:46,2.55
16:54:47,2.55
16:54:48,2.55
16:54:49,2.55
16:54:50,2.55
16:54:51,2.55
16:54:52,2.55
16:54:53,2.55
16:54:54,2.55
16:54:55,2.55
16:54:56,2.55
16:54:57,2.55
16:54:58,2.55
16:54:59,2.55
16:55:00,2.55
16:55:01,2.55
16:55:02,2.55
16:55:03,2.55
16:55:04,2.55
16:55:05,2.55
16:55:06,2.55
16:55:07,2.55
16:55:08,2.55
16:55:09,2.55
16:55:10,2.55
16:55:11,2.55
16:55:12,2.55
16:55:13,2.55
16:55:14,2.55
16:55:15,2.55
16:55:16,2.55
16:55:17,2.55
16:55:18,2.55
16:55:19,2.55
16:55:20,2.55
16:55:21,2.55
16:55:22,2.55
16:55:23,2.55
16:55:24,2.55
16:55:25,2.55
16:55:26,2.55
16:55:27,2.55
16:55:28,2.55
16:55:29,2.55
16:55:30,2.55
16:55:31,2.55
16:55:32,2.55
16:55:33,2.55
16:55:34,2.55
16:55:35,2.55
16:55:36,2.55
16:55:37,2.55
16:55:38,2.55
16:55:39,2.55
16:55:40,2.55
16:55:41,2.55
16:55:42,2.55
16:55:43,2.55
16:55:44,2.55
16:55:45,2.55
16:55:46,2.55
16:55:47,2.55
16:55:48,2.55
16:55:49,2.55
16:55:50,2.55
16:55:51,2.55
16:55:52,2.55
16:55:53,2.55
16:55:54,2.55
16:55:55,2.55
16:55:56,2.55
16:55:57,2.55
16:55:58,2.55
16:55:59,2.55
16:56:00,2.55
16:56:01,2.55
16:56:02,2.55
16:56:03,2.55
16:56:04,2.55
16:56:05,2.55
16:56:06,2.55
16:56:07,2.55
16:56:08,2.55
16:56:09,2.55
16:56:10,2.55
16:56:11,2.55
16:56:12,2.55
16:56:13,2.55
16:56:14,2.55
16:56:15,2.55
16:56:16,2.55
16:56:17,2.55
16:56:18,2.55
16:56:19,2.55
16:56:20,2.55
16:56:21,2.55
16:56:22,2.55
16:56:23,2.55
16:56:24,2.55
16:56:25,2.55
16:56:26,2.55
16:56:27,2.55
16:56:28,2.55
16:56:29,2.55
16:56:30,2.55
16:56:31,2.55
16:56:32,2.55
16:56:33,2.55
16:56:34,2.55
16:56:35,2.55
16:56:36,2.55
16:56:37,2.55
16:56:38,2.55
16:56:39,2.55
16:56:40,2.55
16:56:41,2.55
16:56:42,2.55
16:56:43,2.55
16:56:44,2.55
16:56:45,2.55
16:56:46,2.55
16:56:47,2.55
16:56:48,2.55
16:56:49,2.55
16:56:50,2.55
16:56:51,2.55
16:56:52,2.55
16:56:53,2.55
16:56:54,2.55
16:56:55,2.55
16:56:56,2.55
16:56:57,2.55
16:56:58,2.55
16:56:59,2.55
16:57:00,2.55
16:57:01,2.55
16:57:02,2.55
16:57:03,2.55
16:57:04,2.55
16:57:05,2.55
16:57:06,2.55
16:57:07,2.55
16:57:08,2.55
16:57:09,2.55
16:57:10,2.55
16:57:11,2.55
16:57:12,2.55
16:57:13,2.55
16:57:14,2.55
16:57:15,2.55
16:57:16,2.55
16:57:17,2.55
16:57:18,2.55
16:57:19,2.55
16:57:20,2.55
16:57:21,2.55
16:57:22,2.55
16:57:23,2.55
16:57:24,2.55
16:57:25,2.55
16:57:26,2.55
16:57:27,2.55
16:57:28,2.55
16:57:29,2.55
16:57:30,2.55
16:57:31,2.55
16:57:32,2.55
16:57:33,2.55
16:57:34,2.55
16:57:35,2.55
16:57:36,2.55
16:57:37,2.55
16:57:38,2.55
16:57:39,2.55
16:57:40,2.55
16:57:41,2.55
16:57:42,2.55
16:57:43,2.55
16:57:44,2.55
16:57:45,2.55
16:57:46,2.55
16:57:47,2.55
16:57:48,2.55
16:57:49,2.55
16:57:50,2.55
16:57:51,2.55
16:57:52,2.55
16:57:53,2.55
16:57:54,2.55
16:57:55,2.55
16:57:56,2.55
16:57:57,2.55
16:57:58,2.55
16:57:59,2.55
16:58:00,2.55
16:58:01,2.55
16:58:02,2.55
16:58:03,2.55
16:58:04,2.55
16:58:05,2.55
16:58:06,2.55
16:58:07,2.55
16:58:08,2.55
16:58:09,2.55
16:58:10,2.55
16:58:11,2.55
16:58:12,2.55
16:58:13,2.55
16:58:14,2.55
16:58:15,2.55
16:58:16,2.55
16:58:17,2.55
16:58:18,2.55
16:58:19,2.55
16:58:20,2.55
16:58:21,2.55
16:58:22,2.55
16:58:23,2.55
16:58:24,2.55
16:58:25,2.55
16:58:26,2.55
16:58:27,2.55
16:58:28,2.55
16:58:29,2.55
16:58:30,2.55
16:58:31,2.55
16:58:32,2.55
16:58:33,2.55
16:58:34,2.55
16:58:35,2.55
16:58:36,2.55
16:58:37,2.55
16:58:38,2.55
16:58:39,2.55
16:58:40,2.55
16:58:41,2.55
16:58:42,2.55
16:58:43,2.55
16:58:44,2.55
16:58:45,2.55
16:58:46,2.55
16:58:47,2.55
16:58:48,2.55
16:58:49,2.55
16:58:50,2.55
16:58:51,2.55
16:58:52,2.55
16:58:53,2.55
16:58:54,2.55
16:58:55,2.55
16:58:56,2.55
16:58:57,2.55
16:58:58,2.55
16:58:59,2.55
16:59:00,2.55
16:59:01,2.55
16:59:02,2.55
16:59:03,2.55
16:59:04,2.55
16:59:05,2.55
16:59:06,2.55
16:59:07,2.55
16:59:08,2.55
16:59:09,2.55
16:59:10,2.55
16:59:11,2.55
16:59:12,2.55
16:59:13,2.55
16:59:14,2.55
16:59:15,2.55
16:59:16,2.55
16:59:17,2.55
16:59:18,2.55
16:59:19,2.55
16:59:20,2.55
16:59:21,2.55
16:59:22,2.55
16:59:23,2.55
16:59:24,2.55
16:59:25,2.55
16:59:26,2.55
16:59:27,2.55
16:59:28,2.55
16:59:29,2.55
16:59:30,2.55
16:59:31,2.55
16:59:32,2.55
16:59:33,2.55
16:59:34,2.55
16:59:35,2.55
16:59:36,2.55
16:59:37,2.55
16:59:38,2.55
16:59:39,2.55
16:59:40,2.55
16:59:41,2.55
16:59:42,2.55
16:59:43,2.55
16:59:44,2.55
16:59:45,2.55
16:59:46,2.55
16:59:47,2.55
16:59:48,2.55
16:59:49,2.55
16:59:50,2.55
16:59:51,2.55
16:59:52,2.55
16:59:53,2.55
16:59:54,2.55
16:59:55,2.55
16:59:56,2.55
16:59:57,2.55
16:59:58,2.55
16:59:59,2.55
17:00:00,2.55
17:00:01,2.55
17:00:02,2.55
17:00:03,2.55
17:00:04,2.55
17:00:05,2.55
17:00:06,2.55
17:00:07,2.55
17:00:08,2.55
17:00:09,2.55
17:00:10,2.55
17:00:11,2.55
17:00:12,2.55
17:00:13,2.55
17:00:14,2.55
17:00:15,2.55
17:00:16,2.55
17:00:17,2.55
17:00:18,2.55
17:00:19,2.55
17:00:20,2.55
17:00:21,2.55
17:00:22,2.55
17:00:23,2.55
17:00:24,2.55
17:00:25,2.55
17:00:26,2.55
17:00:27,2.55
17:00:28,2.55
17:00:29,2.55
17:00:30,2.55
17:00:31,2.55
17:00:32,2.55
17:00:33,2.55
17:00:34,2.55
17:00:35,2.55
17:00:36,2.55
17:00:37,2.55
17:00:38,2.55
17:00:39,2.55
17:00:40,2.55
17:00:41,2.55
17:00:42,2.55
17:00:43,2.55
17:00:44,2.55
17:00:45,2.55
17:00:46,2.55
17:00:47,2.55
17:00:48,2.55
17:00:49,2.55
17:00:50,2.55
17:00:51,2.55
17:00:52,2.55
17:00:53,2.55
17:00:54,2.55
17:00:55,2.55
17:00:56,2.55
17:00:57,2.55
17:00:58,2.55
17:00:59,2.55
17:01:00,2.55
17:01:01,2.55
17:01:02,2.55
17:01:03,2.55
17:01:04,2.55
17:01:05,2.55
17:01:06,2.55
17:01:07,2.55
17:01:08,2.55
17:01:09,2.55
17:01:10,2.55
17:01:11,2.55
17:01:12,2.55
17:01:13,2.55
17:01:14,2.55
17:01:15,2.55
17:01:16,2.55
17:01:17,2.55
17:01:18,2.55
17:01:19,2.55
17:01:20,2.55
17:01:21,2.55
17:01:22,2.55
17:01:23,2.55
17:01:24,2.55
17:01:25,2.55
17:01:26,2.55
17:01:27,2.55
17:01:28,2.55
17:01:29,2.55
17:01:30,2.55
17:01:31,2.55
17:01:32,2.55
17:01:33,2.55
17:01:34,2.55
17:01:35,2.55
17:01:36,2.55
17:01:37,2.55
17:01:38,2.55
17:01:39,2.55
17:01:40,2.55
17:01:41,2.55
17:01:42,2.55
17:01:43,2.55
17:01:44,2.55
17:01:45,2.55
17:01:46,2.55
17:01:47,2.55
17:01:48,2.55
17:01:49,2.55
17:01:50,2.55
17:01:51,2.55
17:01:52,2.55
17:01:53,2.55
17:01:54,2.55
17:01:55,2.55
17:01:56,2.55
17:01:57,2.55
17:01:58,2.55
17:01:59,2.55
17:02:00,2.55
17:02:01,2.55
17:02:02,2.55
17:02:03,2.55
17:02:04,2.55
17:02:05,2.55
17:02:06,2.55
17:02:07,2.55
17:02:08,2.55
17:02:09,2.55
17:02:10,2.55
17:02:11,2.55
17:02:12,2.55
17:02:13,2.55
17:02:14,2.55
17:02:15,2.55
17:02:16,2.55
17:02:17,2.55
17:02:18,2.55
17:02:19,2.55
17:02:20,2.55
17:02:21,2.55
17:02:22,2.55
17:02:23,2.55
17:02:24,2.55
17:02:25,2.55
17:02:26,2.55
17:02:27,2.55
17:02:28,2.55
17:02:29,2.55
17:02:30,2.55
17:02:31,2.55
17:02:32,2.55
17:02:33,2.55
17:02:34,2.55
17:02:35,2.55
17:02:36,2.55
17:02:37,2.55
17:02:38,2.55
17:02:39,2.55
17:02:40,2.55
17:02:41,2.55
17:02:42,2.55
17:02:43,2.55
17:02:44,2.55
17:02:45,2.55
17:02:46,2.55
17:02:47,2.55
17:02:48,2.55
17:02:49,2.55
17:02:50,2.55
17:02:51,2.55
17:02:52,2.55
17:02:53,2.55
17:02:54,2.55
17:02:55,2.55
17:02:56,2.55
17:02:57,2.55
17:02:58,2.55
17:02:59,2.55
17:03:00,2.55
17:03:01,2.55
17:03:02,2.55
17:03:03,2.55
17:03:04,2.55
17:03:05,2.55
17:03:06,2.55
17:03:07,2.55
17:03:08,2.55
17:03:09,2.55
17:03:10,2.55
17:03:11,2.55
17:03:12,2.55
17:03:13,2.55
17:03:14,2.55
17:03:15,2.55
17:03:16,2.55
17:03:17,2.55
17:03:18,2.55
17:03:19,2.55
17:03:20,2.55
17:03:21,2.55
17:03:22,2.55
17:03:23,2.55
17:03:24,2.55
17:03:25,2.55
17:03:26,2.55
17:03:27,2.55
17:03:28,2.55
17:03:29,2.55
17:03:30,2.55
17:03:31,2.55
17:03:32,2.55
17:03:33,2.55
17:03:34,2.55
17:03:35,2.55
17:03:36,2.55
17:03:37,2.55
17:03:38,2.55
17:03:39,2.55
17:03:40,2.55
17:03:41,2.55
17:03:42,2.55
17:03:43,2.55
17:03:44,2.55
17:03:45,2.55
17:03:46,2.55
17:03:47,2.55
17:03:48,2.55
17:03:49,2.55
17:03:50,2.55
17:03:51,2.55
17:03:52,2.55
17:03:53,2.55
17:03:54,2.55
17:03:55,2.55
17:03:56,2.55
17:03:57,2.55
17:03:58,2.55
17:03:59,2.55
17:04:00,2.55
17:04:01,2.55
17:04:02,2.55
17:04:03,2.55
17:04:04,2.55
17:04:05,2.55
17:04:06,2.55
17:04:07,2.55
17:04:08,2.55
17:04:09,2.55
17:04:10,2.55
17:04:11,2.55
17:04:12,2.55
17:04:13,2.55
17:04:14,2.55
17:04:15,2.55
17:04:16,2.55
17:04:17,2.55
17:04:18,2.55
17:04:19,2.55
17:04:20,2.55
17:04:21,2.55
17:04:22,2.55
17:04:23,2.55
17:04:24,2.55
17:04:25,2.55
17:04:26,2.55
17:04:27,2.55
17:04:28,2.55
17:04:29,2.55
17:04:30,2.55
17:04:31,2.55
17:04:32,2.55
17:04:33,2.55
17:04:34,2.55
17:04:35,2.55
17:04:36,2.55
17:04:37,2.55
17:04:38,2.55
17:04:39,2.55
17:04:40,2.55
17:04:41,2.55
17:04:42,2.55
17:04:43,2.55
17:04:44,2.55
17:04:45,2.55
17:04:46,2.55
17:04:47,2.55
17:04:48,2.55
17:04:49,2.55
17:04:50,2.55
17:04:51,2.55
17:04:52,2.55
17:04:53,2.55
17:04:54,2.55
17:04:55,2.55
17:04:56,2.55
17:04:57,2.55
17:04:58,2.55
17:04:59,2.55
17:05:00,2.55
17:05:01,2.55
17:05:02,2.55
17:05:03,2.55
17:05:04,2.55
17:05:05,2.55
17:05:06,2.55
17:05:07,2.55
17:05:08,2.55
17:05:09,2.55
17:05:10,2.55
17:05:11,2.55
17:05:12,2.55
17:05:13,2.55
17:05:14,2.55
17:05:15,2.55
17:05:16,2.55
17:05:17,2.55
17:05:18,2.55
17:05:19,2.55
17:05:20,2.55
17:05:21,2.55
17:05:22,2.55
17:05:23,2.55
17:05:24,2.55
17:05:25,2.55
17:05:26,2.55
17:05:27,2.55
17:05:28,2.55
17:05:29,2.55
17:05:30,2.55
17:05:31,2.55
17:05:32,2.55
17:05:33,2.55
17:05:34,2.55
17:05:35,2.55
17:05:36,2.55
17:05:37,2.55
17:05:38,2.55
17:05:39,2.55
17:05:40,2.55
17:05:41,2.55
17:05:42,2.55
17:05:43,2.55
17:05:44,2.55
17:05:45,2.55
17:05:46,2.55
17:05:47,2.55
17:05:48,2.55
17:05:49,2.55
17:05:50,2.55
17:05:51,2.55
17:05:52,2.55
17:05:53,2.55
17:05:54,2.55
17:05:55,2.55
17:05:56,2.55
17:05:57,2.55
17:05:58,2.55
17:05:59,2.55
17:06:00,2.55
17:06:01,2.55
17:06:02,2.55
17:06:03,2.55
17:06:04,2.55
17:06:05,2.55
17:06:06,2.55
17:06:07,2.55
17:06:08,2.55
17:06:09,2.55
17:06:10,2.55
17:06:11,2.55
17:06:12,2.55
17:06:13,2.55
17:06:14,2.55
17:06:15,2.55
17:06:16,2.55
17:06:17,2.55
17:06:18,2.55
17:06:19,2.55
17:06:20,2.55
17:06:21,2.55
17:06:22,2.55
17:06:23,2.55
17:06:24,2.55
17:06:25,2.55
17:06:26,2.55
17:06:27,2.55
17:06:28,2.55
17:06:29,2.55
17:06:30,2.55
17:06:31,2.55
17:06:32,2.55
17:06:33,2.55
17:06:34,2.55
17:06:35,2.55
17:06:36,2.55
17:06:37,2.55
17:06:38,2.55
17:06:39,2.55
17:06:40,2.55
17:06:41,2.55
17:06:42,2.55
17:06:43,2.55
17:06:44,2.55
17:06:45,2.55
17:06:46,2.55
17:06:47,2.55
17:06:48,2.55
17:06:49,2.55
17:06:50,2.55
17:06:51,2.55
17:06:52,2.55
17:06:53,2.55
17:06:54,2.55
17:06:55,2.55
17:06:56,2.55
17:06:57,2.55
17:06:58,2.55
17:06:59,2.55
17:07:00,2.55
17:07:01,2.55
17:07:02,2.55
17:07:03,2.55
17:07:04,2.55
17:07:05,2.55
17:07:06,2.55
17:07:07,2.55
17:07:08,2.55
17:07:09,2.55
17:07:10,2.55
17:07:11,2.55
17:07:12,2.55
17:07:13,2.55
17:07:14,2.55
17:07:15,2.55
17:07:16,2.55
17:07:17,2.55
17:07:18,2.55
17:07:19,2.55
17:07:20,2.55
17:07:21,2.55
17:07:22,2.55
17:07:23,2.55
17:07:24,2.55
17:07:25,2.55
17:07:26,2.55
17:07:27,2.55
17:07:28,2.55
17:07:29,2.55
17:07:30,2.55
17:07:31,2.55
17:07:32,2.55
17:07:33,2.55
17:07:34,2.55
17:07:35,2.55
17:07:36,2.55
17:07:37,2.55
17:07:38,2.55
17:07:39,2.55
17:07:40,2.55
17:07:41,2.55
17:07:42,2.55
17:07:43,2.55
17:07:44,2.55
17:07:45,2.55
17:07:46,2.55
17:07:47,2.55
17:07:48,2.55
17:07:49,2.55
17:07:50,2.55
17:07:51,2.55
17:07:52,2.55
17:07:53,2.55
17:07:54,2.55
17:07:55,2.55
17:07:56,2.55
17:07:57,2.55
17:07:58,2.55
17:07:59,2.55
17:08:00,2.55
17:08:01,2.55
17:08:02,2.55
17:08:03,2.55
17:08:04,2.55
17:08:05,2.55
17:08:06,2.55
17:08:07,2.55
17:08:08,2.55
17:08:09,2.55
17:08:10,2.55
17:08:11,2.55
17:08:12,2.55
17:08:13,2.55
17:08:14,2.55
17:08:15,2.55
17:08:16,2.55
17:08:17,2.55
17:08:18,2.55
17:08:19,2.55
17:08:20,2.55
17:08:21,2.55
17:08:22,2.55
17:08:23,2.55
17:08:24,2.55
17:08:25,2.55
17:08:26,2.55
17:08:27,2.55
17:08:28,2.55
17:08:29,2.55
17:08:30,2.55
17:08:31,2.55
17:08:32,2.55
17:08:33,2.55
17:08:34,2.55
17:08:35,2.55
17:08:36,2.55
17:08:37,2.55
17:08:38,2.55
17:08:39,2.55
17:08:40,2.55
17:08:41,2.55
17:08:42,2.55
17:08:43,2.55
17:08:44,2.55
17:08:45,2.55
17:08:46,2.55
17:08:47,2.55
17:08:48,2.55
17:08:49,2.55
17:08:50,2.55
17:08:51,2.55
17:08:52,2.55
17:08:53,2.55
17:08:54,2.55
17:08:55,2.55
17:08:56,2.55
17:08:57,2.55
17:08:58,2.55
17:08:59,2.55
17:09:00,2.55
17:09:01,2.55
17:09:02,2.55
17:09:03,2.55
17:09:04,2.55
17:09:05,2.55
17:09:06,2.55
17:09:07,2.55
17:09:08,2.55
17:09:09,2.55
17:09:10,2.55
17:09:11,2.55
17:09:12,2.55
17:09:13,2.55
17:09:14,2.55
17:09:15,2.55
17:09:16,2.55
17:09:17,2.55
17:09:18,2.55
17:09:19,2.55
17:09:20,2.55
17:09:21,2.55
17:09:22,2.55
17:09:23,2.55
17:09:24,2.55
17:09:25,2.55
17:09:26,2.55
17:09:27,2.55
17:09:28,2.55
17:09:29,2.55
17:09:30,2.55
17:09:31,2.55
17:09:32,2.55
17:09:33,2.55
17:09:34,2.55
17:09:35,2.55
17:09:36,2.55
17:09:37,2.55
17:09:38,2.55
17:09:39,2.55
17:09:40,2.55
17:09:41,2.55
17:09:42,2.55
17:09:43,2.55
17:09:44,2.55
17:09:45,2.55
17:09:46,2.55
17:09:47,2.55
17:09:48,2.55
17:09:49,2.55
17:09:50,2.55
17:09:51,2.55
17:09:52,2.55
17:09:53,2.55
17:09:54,2.55
17:09:55,2.55
17:09:56,2.55
17:09:57,2.55
17:09:58,2.55
17:09:59,2.55
17:10:00,2.55
17:10:01,2.55
17:10:02,2.55
17:10:03,2.55
17:10:04,2.55
17:10:05,2.55
17:10:06,2.55
17:10:07,2.55
17:10:08,2.55
17:10:09,2.55
17:10:10,2.55
17:10:11,2.55
17:10:12,2.55
17:10:13,2.55
17:10:14,2.55
17:10:15,2.55
17:10:16,2.55
17:10:17,2.55
17:10:18,2.55
17:10:19,2.55
17:10:20,2.55
17:10:21,2.55
17:10:22,2.55
17:10:23,2.55
17:10:24,2.55
17:10:25,2.55
17:10:26,2.55
17:10:27,2.55
17:10:28,2.55
17:10:29,2.55
17:10:30,2.55
17:10:31,2.55
17:10:32,2.55
17:10:33,2.55
17:10:34,2.55
17:10:35,2.55
17:10:36,2.55
17:10:37,2.55
17:10:38,2.55
17:10:39,2.55
17:10:40,2.55
17:10:41,2.55
17:10:42,2.55
17:10:43,2.55
17:10:44,2.55
17:10:45,2.55
17:10:46,2.55
17:10:47,2.55
17:10:48,2.55
17:10:49,2.55
17:10:50,2.55
17:10:51,2.55
17:10:52,2.55
17:10:53,2.55
17:10:54,2.55
17:10:55,2.55
17:10:56,2.55
17:10:57,2.55
17:10:58,2.55
17:10:59,2.55
17:11:00,2.55
17:11:01,2.55
17:11:02,2.55
17:11:03,2.55
17:11:04,2.55
17:11:05,2.55
17:11:06,2.55
17:11:07,2.55
17:11:08,2.55
17:11:09,2.55
17:11:10,2.55
17:11:11,2.55
17:11:12,2.55
17:11:13,2.55
17:11:14,2.55
17:11:15,2.55
17:11:16,2.55
17:11:17,2.55
17:11:18,2.55
17:11:19,2.55
17:11:20,2.55
17:11:21,2.55
17:11:22,2.55
17:11:23,2.55
17:11:24,2.55
17:11:25,2.55
17:11:26,2.55
17:11:27,2.55
17:11:28,2.55
17:11:29,2.55
17:11:30,2.55
17:11:31,2.55
17:11:32,2.55
17:11:33,2.55
17:11:34,2.55
17:11:35,2.55
17:11:36,2.55
17:11:37,2.55
17:11:38,2.55
17:11:39,2.55
17:11:40,2.55
17:11:41,2.55
17:11:42,2.55
17:11:43,2.55
17:11:44,2.55
17:11:45,2.55
17:11:46,2.55
17:11:47,2.55
17:11:48,2.55
17:11:49,2.55
17:11:50,2.55
17:11:51,2.55
17:11:52,2.55
17:11:53,2.55
17:11:54,2.55
17:11:55,2.55
17:11:56,2.55
17:11:57,2.55
17:11:58,2.55
17:11:59,2.55
17:12:00,2.55
17:12:01,2.55
17:12:02,2.55
17:12:03,2.55
17:12:04,2.55
17:12:05,2.55
17:12:06,2.55
17:12:07,2.55
17:12:08,2.55
17:12:09,2.55
17:12:10,2.55
17:12:11,2.55
17:12:12,2.55
17:12:13,2.55
17:12:14,2.55
17:12:15,2.55
17:12:16,2.55
17:12:17,2.55
17:12:18,2.55
17:12:19,2.55
17:12:20,2.55
17:12:21,2.55
17:12:22,2.55
17:12:23,2.55
17:12:24,2.55
17:12:25,2.55
17:12:26,2.55
17:12:27,2.55
17:12:28,2.55
17:12:29,2.55
17:12:30,2.55
17:12:31,2.55
17:12:32,2.55
17:12:33,2.55
17:12:34,2.55
17:12:35,2.55
17:12:36,2.55
17:12:37,2.55
17:12:38,2.55
17:12:39,2.55
17:12:40,2.55
17:12:41,2.55
17:12:42,2.55
17:12:43,2.55
17:12:44,2.55
17:12:45,2.55
17:12:46,2.55
17:12:47,2.55
17:12:48,2.55
17:12:49,2.55
17:12:50,2.55
17:12:51,2.55
17:12:52,2.55
17:12:53,2.55
17:12:54,2.55
17:12:55,2.55
17:12:56,2.55
17:12:57,2.55
17:12:58,2.55
17:12:59,2.55
17:13:00,2.55
17:13:01,2.55
17:13:02,2.55
17:13:03,2.55
17:13:04,2.55
17:13:05,2.55
17:13:06,2.55
17:13:07,2.55
17:13:08,2.55
17:13:09,2.55
17:13:10,2.55
17:13:11,2.55
17:13:12,2.55
17:13:13,2.55
17:13:14,2.55
17:13:15,2.55
17:13:16,2.55
17:13:17,2.55
17:13:18,2.55
17:13:19,2.55
17:13:20,2.55
17:13:21,2.55
17:13:22,2.55
17:13:23,2.55
17:13:24,2.55
17:13:25,2.55
17:13:26,2.55
17:13:27,2.55
17:13:28,2.55
17:13:29,2.55
17:13:30,2.55
17:13:31,2.55
17:13:32,2.55
17:13:33,5.51066666667
17:13:34,8.47133333333
17:13:35,11.432
17:13:36,14.3926666667
17:13:37,17.3533333333
17:13:38,20.314
17:13:39,23.2746666667
17:13:40,26.2353333333
17:13:41,29.196
17:13:42,32.1566666667
17:13:43,35.1173333333
17:13:44,38.078
17:13:45,41.0386666667
17:13:46,43.9993333333
17:13:47,46.96
17:13:48,49.33875
17:13:49,51.7175
17:13:50,54.09625
17:13:51,56.475
17:13:52,58.85375
17:13:53,61.2325
17:13:54,63.61125
17:13:55,65.99
17:13:56,68.36875
17:13:57,70.7475
17:13:58,73.12625
17:13:59,75.505
17:14:00,77.88375
17:14:01,80.2625
17:14:02,82.64125
17:14:03,85.02
17:14:04,85.02
17:14:05,85.02
17:14:06,85.02
17:14:07,85.02
17:14:08,85.02
17:14:09,85.02
17:14:10,85.02
17:14:11,85.02
17:14:12,85.02
17:14:13,85.02
17:14:14,85.02
17:14:15,85.02
17:14:16,85.02
17:14:17,85.02
17:14:18,83.450625
17:14:19,81.88125
17:14:20,80.311875
17:14:21,78.7425
17:14:22,77.173125
17:14:23,75.60375
17:14:24,74.034375
17:14:25,72.465
17:14:26,70.895625
17:14:27,69.32625
17:14:28,67.756875
17:14:29,66.1875
17:14:30,64.618125
17:14:31,63.04875
17:14:32,61.479375
17:14:33,59.91
17:14:34,56.325
17:14:35,52.74
17:14:36,49.155
17:14:37,45.57
17:14:38,41.985
17:14:39,38.4
17:14:40,34.815
17:14:41,31.23
17:14:42,27.645
17:14:43,24.06
17:14:44,20.475
17:14:45,16.89
17:14:46,13.305
17:14:47,9.72
17:14:48,6.135
17:14:49,2.55
17:14:50,2.55
17:14:51,2.55
17:14:52,2.55
17:14:53,2.55
17:14:54,2.55
17:14:55,2.55
17:14:56,2.55
17:14:57,2.55
17:14:58,2.55
17:14:59,2.55
17:15:00,2.55
17:15:01,2.55
17:15:02,2.55
17:15:03,2.55
17:15:04,2.55
17:15:05,2.55
17:15:06,2.55
17:15:07,2.55
17:15:08,2.55
17:15:09,2.55
17:15:10,2.55
17:15:11,2.55
17:15:12,2.55
17:15:13,2.55
17:15:14,2.55
17:15:15,2.55
17:15:16,2.55
17:15:17,2.55
17:15:18,2.55
17:15:19,2.55
17:15:20,2.55
17:15:21,2.55
17:15:22,2.55
17:15:23,2.55
17:15:24,2.55
17:15:25,2.55
17:15:26,2.55
17:15:27,2.55
17:15:28,2.55
17:15:29,2.55
17:15:30,2.55
17:15:31,2.55
17:15:32,2.55
17:15:33,2.55
17:15:34,2.55
17:15:35,2.55
17:15:36,2.55
17:15:37,2.55
17:15:38,2.55
17:15:39,2.55
17:15:40,2.55
17:15:41,2.55
17:15:42,2.55
17:15:43,2.55
17:15:44,2.55
17:15:45,2.55
17:15:46,2.55
17:15:47,2.55
17:15:48,2.55
17:15:49,2.55
17:15:50,2.55
17:15:51,2.55
17:15:52,2.55
17:15:53,2.55
17:15:54,2.55
17:15:55,2.55
17:15:56,2.55
17:15:57,2.55
17:15:58,2.55
17:15:59,2.55
17:16:00,2.55
17:16:01,2.55
17:16:02,2.55
17:16:03,2.55
17:16:04,2.55
17:16:05,2.55
17:16:06,2.55
17:16:07,2.55
17:16:08,2.55
17:16:09,2.55
17:16:10,2.55
17:16:11,2.55
17:16:12,2.55
17:16:13,2.55
17:16:14,2.55
17:16:15,2.55
17:16:16,2.55
17:16:17,2.55
17:16:18,2.55
17:16:19,2.55
17:16:20,2.55
17:16:21,2.55
17:16:22,2.55
17:16:23,2.55
17:16:24,2.55
17:16:25,2.55
17:16:26,2.55
17:16:27,2.55
17:16:28,2.55
17:16:29,2.55
17:16:30,2.55
17:16:31,2.55
17:16:32,2.55
17:16:33,2.55
17:16:34,2.55
17:16:35,2.55
17:16:36,2.55
17:16:37,2.55
17:16:38,2.55
17:16:39,2.55
17:16:40,2.55
17:16:41,2.55
17:16:42,2.55
17:16:43,2.55
17:16:44,2.55
17:16:45,2.55
17:16:46,2.55
17:16:47,2.55
17:16:48,2.55
17:16:49,2.55
17:16:50,2.55
17:16:51,2.55
17:16:52,2.55
17:16:53,2.55
17:16:54,2.55
17:16:55,2.55
17:16:56,2.55
17:16:57,2.55
17:16:58,2.55
17:16:59,2.55
17:17:00,2.55
17:17:01,2.55
17:17:02,2.55
17:17:03,2.55
17:17:04,2.55
17:17:05,2.55
17:17:06,2.55
17:17:07,2.55
17:17:08,2.55
17:17:09,2.55
17:17:10,2.55
17:17:11,2.55
17:17:12,2.55
17:17:13,2.55
17:17:14,2.55
17:17:15,2.55
17:17:16,2.55
17:17:17,2.55
17:17:18,2.55
17:17:19,2.55
17:17:20,2.55
17:17:21,2.55
17:17:22,2.55
17:17:23,2.55
17:17:24,2.55
17:17:25,2.55
17:17:26,2.55
17:17:27,2.55
17:17:28,2.55
17:17:29,2.55
17:17:30,2.55
17:17:31,2.55
17:17:32,2.55
17:17:33,2.55
17:17:34,2.55
17:17:35,2.55
17:17:36,2.55
17:17:37,2.55
17:17:38,2.55
17:17:39,2.55
17:17:40,2.55
17:17:41,2.55
17:17:42,2.55
17:17:43,2.55
17:17:44,2.55
17:17:45,2.55
17:17:46,2.55
17:17:47,2.55
17:17:48,2.55
17:17:49,2.55
17:17:50,2.55
17:17:51,2.55
17:17:52,2.55
17:17:53,2.55
17:17:54,2.55
17:17:55,2.55
17:17:56,2.55
17:17:57,2.55
17:17:58,2.55
17:17:59,2.55
17:18:00,2.55
17:18:01,2.55
17:18:02,2.55
17:18:03,2.55
17:18:04,2.55
17:18:05,2.55
17:18:06,2.55
17:18:07,2.55
17:18:08,2.55
17:18:09,2.55
17:18:10,2.55
17:18:11,2.55
17:18:12,2.55
17:18:13,2.55
17:18:14,2.55
17:18:15,2.55
17:18:16,2.55
17:18:17,2.55
17:18:18,2.55
17:18:19,2.55
17:18:20,2.55
17:18:21,2.55
17:18:22,2.55
17:18:23,2.55
17:18:24,2.55
17:18:25,2.55
17:18:26,2.55
17:18:27,2.55
17:18:28,2.55
17:18:29,2.55
17:18:30,2.55
17:18:31,2.55
17:18:32,2.55
17:18:33,2.55
17:18:34,2.55
17:18:35,2.55
17:18:36,2.55
17:18:37,2.55
17:18:38,2.55
17:18:39,2.55
17:18:40,2.55
17:18:41,2.55
17:18:42,2.55
17:18:43,2.55
17:18:44,2.55
17:18:45,2.55
17:18:46,2.55
17:18:47,2.55
17:18:48,2.55
17:18:49,2.55
17:18:50,2.55
17:18:51,2.55
17:18:52,2.55
17:18:53,2.55
17:18:54,2.55
17:18:55,2.55
17:18:56,2.55
17:18:57,2.55
17:18:58,2.55
17:18:59,2.55
17:19:00,2.55
17:19:01,2.55
17:19:02,2.55
17:19:03,2.55
17:19:04,2.55
17:19:05,2.55
17:19:06,2.55
17:19:07,2.55
17:19:08,2.55
17:19:09,2.55
17:19:10,2.55
17:19:11,2.55
17:19:12,2.55
17:19:13,2.55
17:19:14,2.55
17:19:15,2.55
17:19:16,2.55
17:19:17,2.55
17:19:18,2.55
17:19:19,2.55
17:19:20,2.55
17:19:21,2.55
17:19:22,2.55
17:19:23,2.55
17:19:24,2.55
17:19:25,2.55
17:19:26,2.55
17:19:27,2.55
17:19:28,2.55
17:19:29,2.55
17:19:30,2.55
17:19:31,2.55
17:19:32,2.55
17:19:33,2.55
17:19:34,2.55
17:19:35,2.55
17:19:36,2.55
17:19:37,2.55
17:19:38,2.55
17:19:39,2.55
17:19:40,2.55
17:19:41,2.55
17:19:42,2.55
17:19:43,2.55
17:19:44,2.55
17:19:45,2.55
17:19:46,2.55
17:19:47,2.55
17:19:48,2.55
17:19:49,2.55
17:19:50,2.55
17:19:51,2.55
17:19:52,2.55
17:19:53,2.55
17:19:54,2.55
17:19:55,2.55
17:19:56,2.55
17:19:57,2.55
17:19:58,2.55
17:19:59,2.55
17:20:00,2.55
17:20:01,2.55
17:20:02,2.55
17:20:03,2.55
17:20:04,2.55
17:20:05,2.55
17:20:06,2.55
17:20:07,2.55
17:20:08,2.55
17:20:09,2.55
17:20:10,2.55
17:20:11,2.55
17:20:12,2.55
17:20:13,2.55
17:20:14,2.55
17:20:15,2.55
17:20:16,2.55
17:20:17,2.55
17:20:18,2.55
17:20:19,2.55
17:20:20,2.55
17:20:21,2.55
17:20:22,2.55
17:20:23,2.55
17:20:24,2.55
17:20:25,2.55
17:20:26,2.55
17:20:27,2.55
17:20:28,2.55
17:20:29,2.55
17:20:30,2.55
17:20:31,2.55
17:20:32,2.55
17:20:33,2.55
17:20:34,2.55
17:20:35,2.55
17:20:36,2.55
17:20:37,2.55
17:20:38,2.55
17:20:39,2.55
17:20:40,2.55
17:20:41,2.55
17:20:42,2.55
17:20:43,2.55
17:20:44,2.55
17:20:45,2.55
17:20:46,2.55
17:20:47,2.55
17:20:48,2.55
17:20:49,2.55
17:20:50,2.55
17:20:51,2.55
17:20:52,2.55
17:20:53,2.55
17:20:54,2.55
17:20:55,2.55
17:20:56,2.55
17:20:57,2.55
17:20:58,2.55
17:20:59,2.55
17:21:00,2.55
17:21:01,2.55
17:21:02,2.55
17:21:03,2.55
17:21:04,2.55
17:21:05,2.55
17:21:06,2.55
17:21:07,2.55
17:21:08,2.55
17:21:09,2.55
17:21:10,2.55
17:21:11,2.55
17:21:12,2.55
17:21:13,2.55
17:21:14,2.55
17:21:15,2.55
17:21:16,2.55
17:21:17,2.55
17:21:18,2.55
17:21:19,2.55
17:21:20,2.55
17:21:21,2.55
17:21:22,2.55
17:21:23,2.55
17:21:24,2.55
17:21:25,2.55
17:21:26,2.55
17:21:27,2.55
17:21:28,2.55
17:21:29,2.55
17:21:30,2.55
17:21:31,2.55
17:21:32,2.55
17:21:33,2.55
17:21:34,2.55
17:21:35,2.55
17:21:36,2.55
17:21:37,2.55
17:21:38,2.55
17:21:39,2.55
17:21:40,2.55
17:21:41,2.55
17:21:42,2.55
17:21:43,2.55
17:21:44,2.55
17:21:45,2.55
17:21:46,2.55
17:21:47,2.55
17:21:48,2.55
17:21:49,2.55
17:21:50,2.55
17:21:51,2.55
17:21:52,2.55
17:21:53,2.55
17:21:54,2.55
17:21:55,2.55
17:21:56,2.55
17:21:57,2.55
17:21:58,2.55
17:21:59,2.55
17:22:00,2.55
17:22:01,2.55
17:22:02,2.55
17:22:03,2.55
17:22:04,2.55
17:22:05,2.55
17:22:06,2.55
17:22:07,2.55
17:22:08,2.55
17:22:09,2.55
17:22:10,2.55
17:22:11,2.55
17:22:12,2.55
17:22:13,2.55
17:22:14,2.55
17:22:15,2.55
17:22:16,2.55
17:22:17,2.55
17:22:18,2.55
17:22:19,2.55
17:22:20,2.55
17:22:21,2.55
17:22:22,2.55
17:22:23,2.55
17:22:24,2.55
17:22:25,2.55
17:22:26,2.55
17:22:27,2.55
17:22:28,2.55
17:22:29,2.55
17:22:30,2.55
17:22:31,2.55
17:22:32,2.55
17:22:33,2.55
17:22:34,2.55
17:22:35,2.55
17:22:36,2.55
17:22:37,2.55
17:22:38,2.55
17:22:39,2.55
17:22:40,2.55
17:22:41,2.55
17:22:42,2.55
17:22:43,2.55
17:22:44,2.55
17:22:45,2.55
17:22:46,2.55
17:22:47,2.55
17:22:48,2.55
17:22:49,2.55
17:22:50,2.55
17:22:51,2.55
17:22:52,2.55
17:22:53,2.55
17:22:54,2.55
17:22:55,2.55
17:22:56,2.55
17:22:57,2.55
17:22:58,2.55
17:22:59,2.55
17:23:00,2.55
17:23:01,2.55
17:23:02,2.55
17:23:03,2.55
17:23:04,2.55
17:23:05,2.55
17:23:06,2.55
17:23:07,2.55
17:23:08,2.55
17:23:09,2.55
17:23:10,2.55
17:23:11,2.55
17:23:12,2.55
17:23:13,2.55
17:23:14,2.55
17:23:15,2.55
17:23:16,2.55
17:23:17,2.55
17:23:18,2.55
17:23:19,2.55
17:23:20,2.55
17:23:21,2.55
17:23:22,2.55
17:23:23,2.55
17:23:24,2.55
17:23:25,2.55
17:23:26,2.55
17:23:27,2.55
17:23:28,2.55
17:23:29,2.55
17:23:30,2.55
17:23:31,2.55
17:23:32,2.55
17:23:33,2.55
17:23:34,2.55
17:23:35,2.55
17:23:36,2.55
17:23:37,2.55
17:23:38,2.55
17:23:39,2.55
17:23:40,2.55
17:23:41,2.55
17:23:42,2.55
17:23:43,2.55
17:23:44,2.55
17:23:45,2.55
17:23:46,2.55
17:23:47,2.55
17:23:48,2.55
17:23:49,2.55
17:23:50,2.55
17:23:51,2.55
17:23:52,2.55
17:23:53,2.55
17:23:54,2.55
17:23:55,2.55
17:23:56,2.55
17:23:57,2.55
17:23:58,2.55
17:23:59,2.55
17:24:00,2.55
17:24:01,2.55
17:24:02,2.55
17:24:03,2.55
17:24:04,2.55
17:24:05,2.55
17:24:06,2.55
17:24:07,2.55
17:24:08,2.55
17:24:09,2.55
17:24:10,2.55
17:24:11,2.55
17:24:12,2.55
17:24:13,2.55
17:24:14,2.55
17:24:15,2.55
17:24:16,2.55
17:24:17,2.55
17:24:18,2.55
17:24:19,2.55
17:24:20,2.55
17:24:21,2.55
17:24:22,2.55
17:24:23,2.55
17:24:24,2.55
17:24:25,2.55
17:24:26,2.55
17:24:27,2.55
17:24:28,2.55
17:24:29,2.55
17:24:30,2.55
17:24:31,2.55
17:24:32,2.55
17:24:33,2.55
17:24:34,2.55
17:24:35,2.55
17:24:36,2.55
17:24:37,2.55
17:24:38,2.55
17:24:39,2.55
17:24:40,2.55
17:24:41,2.55
17:24:42,2.55
17:24:43,2.55
17:24:44,2.55
17:24:45,2.55
17:24:46,2.55
17:24:47,2.55
17:24:48,2.55
17:24:49,2.55
17:24:50,2.55
17:24:51,2.55
17:24:52,2.55
17:24:53,2.55
17:24:54,2.55
17:24:55,2.55
17:24:56,2.55
17:24:57,2.55
17:24:58,2.55
17:24:59,2.55
17:25:00,2.55
17:25:01,2.55
17:25:02,2.55
17:25:03,2.55
17:25:04,2.55
17:25:05,2.55
17:25:06,2.55
17:25:07,2.55
17:25:08,2.55
17:25:09,2.55
17:25:10,2.55
17:25:11,2.55
17:25:12,2.55
17:25:13,2.55
17:25:14,2.55
17:25:15,2.55
17:25:16,2.55
17:25:17,2.55
17:25:18,2.55
17:25:19,2.55
17:25:20,2.55
17:25:21,2.55
17:25:22,2.55
17:25:23,2.55
17:25:24,2.55
17:25:25,2.55
17:25:26,2.55
17:25:27,2.55
17:25:28,2.55
17:25:29,2.55
17:25:30,2.55
17:25:31,2.55
17:25:32,2.55
17:25:33,2.55
17:25:34,2.55
17:25:35,2.55
17:25:36,2.55
17:25:37,2.55
17:25:38,2.55
17:25:39,2.55
17:25:40,2.55
17:25:41,2.55
17:25:42,2.55
17:25:43,2.55
17:25:44,2.55
17:25:45,2.55
17:25:46,2.55
17:25:47,2.55
17:25:48,2.55
17:25:49,2.55
17:25:50,2.55
17:25:51,2.55
17:25:52,2.55
17:25:53,2.55
17:25:54,2.55
17:25:55,2.55
17:25:56,2.55
17:25:57,2.55
17:25:58,2.55
17:25:59,2.55
17:26:00,2.55
17:26:01,2.55
17:26:02,2.55
17:26:03,2.55
17:26:04,2.55
17:26:05,2.55
17:26:06,2.55
17:26:07,2.55
17:26:08,2.55
17:26:09,2.55
17:26:10,2.55
17:26:11,2.55
17:26:12,2.55
17:26:13,2.55
17:26:14,2.55
17:26:15,2.55
17:26:16,2.55
17:26:17,2.55
17:26:18,2.55
17:26:19,2.55
17:26:20,2.55
17:26:21,2.55
17:26:22,2.55
17:26:23,2.55
17:26:24,2.55
17:26:25,2.55
17:26:26,2.55
17:26:27,2.55
17:26:28,2.55
17:26:29,2.55
17:26:30,2.55
17:26:31,2.55
17:26:32,2.55
17:26:33,2.55
17:26:34,2.55
17:26:35,2.55
17:26:36,2.55
17:26:37,2.55
17:26:38,2.55
17:26:39,2.55
17:26:40,2.55
17:26:41,2.55
17:26:42,2.55
17:26:43,2.55
17:26:44,2.55
17:26:45,2.55
17:26:46,2.55
17:26:47,2.55
17:26:48,2.55
17:26:49,2.55
17:26:50,2.55
17:26:51,2.55
17:26:52,2.55
17:26:53,2.55
17:26:54,2.55
17:26:55,2.55
17:26:56,2.55
17:26:57,2.55
17:26:58,2.55
17:26:59,2.55
17:27:00,2.55
17:27:01,2.55
17:27:02,2.55
17:27:03,2.55
17:27:04,2.55
17:27:05,2.55
17:27:06,2.55
17:27:07,2.55
17:27:08,2.55
17:27:09,2.55
17:27:10,2.55
17:27:11,2.55
17:27:12,2.55
17:27:13,2.55
17:27:14,2.55
17:27:15,2.55
17:27:16,2.55
17:27:17,2.55
17:27:18,2.55
17:27:19,2.55
17:27:20,2.55
17:27:21,2.55
17:27:22,2.55
17:27:23,2.55
17:27:24,2.55
17:27:25,2.55
17:27:26,2.55
17:27:27,2.55
17:27:28,2.55
17:27:29,2.55
17:27:30,2.55
17:27:31,2.55
17:27:32,2.55
17:27:33,2.55
17:27:34,2.55
17:27:35,2.55
17:27:36,2.55
17:27:37,2.55
17:27:38,2.55
17:27:39,2.55
17:27:40,2.55
17:27:41,2.55
17:27:42,2.55
17:27:43,2.55
17:27:44,2.55
17:27:45,2.55
17:27:46,2.55
17:27:47,2.55
17:27:48,2.55
17:27:49,2.55
17:27:50,2.55
17:27:51,2.55
17:27:52,2.55
17:27:53,2.55
17:27:54,2.55
17:27:55,2.55
17:27:56,2.55
17:27:57,2.55
17:27:58,2.55
17:27:59,2.55
17:28:00,2.55
17:28:01,2.55
17:28:02,2.55
17:28:03,2.55
17:28:04,2.55
17:28:05,2.55
17:28:06,2.55
17:28:07,2.55
17:28:08,2.55
17:28:09,2.55
17:28:10,2.55
17:28:11,2.55
17:28:12,2.55
17:28:13,2.55
17:28:14,2.55
17:28:15,2.55
17:28:16,2.55
17:28:17,2.55
17:28:18,2.55
17:28:19,2.55
17:28:20,2.55
17:28:21,2.55
17:28:22,2.55
17:28:23,2.55
17:28:24,2.55
17:28:25,2.55
17:28:26,2.55
17:28:27,2.55
17:28:28,2.55
17:28:29,2.55
17:28:30,2.55
17:28:31,2.55
17:28:32,2.55
17:28:33,2.55
17:28:34,2.55
17:28:35,2.55
17:28:36,2.55
17:28:37,2.55
17:28:38,2.55
17:28:39,2.55
17:28:40,2.55
17:28:41,2.55
17:28:42,2.55
17:28:43,2.55
17:28:44,2.55
17:28:45,2.55
17:28:46,2.55
17:28:47,2.55
17:28:48,2.55
17:28:49,2.55
17:28:50,2.55
17:28:51,2.55
17:28:52,2.55
17:28:53,2.55
17:28:54,2.55
17:28:55,2.55
17:28:56,2.55
17:28:57,2.55
17:28:58,2.55
17:28:59,2.55
17:29:00,2.55
17:29:01,2.55
17:29:02,2.55
17:29:03,2.55
17:29:04,2.55
17:29:05,2.55
17:29:06,2.55
17:29:07,2.55
17:29:08,2.55
17:29:09,2.55
17:29:10,2.55
17:29:11,2.55
17:29:12,2.55
17:29:13,2.55
17:29:14,2.55
17:29:15,2.55
17:29:16,2.55
17:29:17,2.55
17:29:18,2.55
17:29:19,2.55
17:29:20,2.55
17:29:21,2.55
17:29:22,2.55
17:29:23,2.55
17:29:24,2.55
17:29:25,2.55
17:29:26,2.55
17:29:27,2.55
17:29:28,2.55
17:29:29,2.55
17:29:30,2.55
17:29:31,2.55
17:29:32,2.55
17:29:33,2.55
17:29:34,2.55
17:29:35,2.55
17:29:36,2.55
17:29:37,2.55
17:29:38,2.55
17:29:39,2.55
17:29:40,2.55
17:29:41,2.55
17:29:42,2.55
17:29:43,2.55
17:29:44,2.55
17:29:45,2.55
17:29:46,2.55
17:29:47,2.55
17:29:48,2.55
17:29:49,2.55
17:29:50,2.55
17:29:51,2.55
17:29:52,2.55
17:29:53,2.55
17:29:54,2.55
17:29:55,2.55
17:29:56,2.55
17:29:57,2.55
17:29:58,2.55
17:29:59,2.55
17:30:00,2.55
17:30:01,2.55
17:30:02,2.55
17:30:03,2.55
17:30:04,2.55
17:30:05,2.55
17:30:06,2.55
17:30:07,2.55
17:30:08,2.55
17:30:09,2.55
17:30:10,2.55
17:30:11,2.55
17:30:12,2.55
17:30:13,2.55
17:30:14,2.55
17:30:15,2.55
17:30:16,2.55
17:30:17,2.55
17:30:18,2.55
17:30:19,2.55
17:30:20,2.55
17:30:21,2.55
17:30:22,2.55
17:30:23,2.55
17:30:24,2.55
17:30:25,2.55
17:30:26,2.55
17:30:27,2.55
17:30:28,2.55
17:30:29,2.55
17:30:30,2.55
17:30:31,2.55
17:30:32,2.55
17:30:33,2.55
17:30:34,2.55
17:30:35,2.55
17:30:36,2.55
17:30:37,2.55
17:30:38,2.55
17:30:39,2.55
17:30:40,2.55
17:30:41,2.55
17:30:42,2.55
17:30:43,2.55
17:30:44,2.55
17:30:45,2.55
17:30:46,2.55
17:30:47,2.55
17:30:48,2.55
17:30:49,2.55
17:30:50,2.55
17:30:51,2.55
17:30:52,2.55
17:30:53,2.55
17:30:54,2.55
17:30:55,2.55
17:30:56,2.55
17:30:57,2.55
17:30:58,2.55
17:30:59,2.55
17:31:00,2.55
17:31:01,2.55
17:31:02,2.55
17:31:03,2.55
17:31:04,2.55
17:31:05,2.55
17:31:06,2.55
17:31:07,2.55
17:31:08,2.55
17:31:09,2.55
17:31:10,2.55
17:31:11,2.55
17:31:12,2.55
17:31:13,2.55
17:31:14,2.55
17:31:15,2.55
17:31:16,2.55
17:31:17,2.55
17:31:18,2.55
17:31:19,2.55
17:31:20,2.55
17:31:21,2.55
17:31:22,2.55
17:31:23,2.55
17:31:24,2.55
17:31:25,2.55
17:31:26,2.55
17:31:27,2.55
17:31:28,2.55
17:31:29,2.55
17:31:30,2.55
17:31:31,2.55
17:31:32,2.55
17:31:33,2.55
17:31:34,2.55
17:31:35,2.55
17:31:36,2.55
17:31:37,2.55
17:31:38,2.55
17:31:39,2.55
17:31:40,2.55
17:31:41,2.55
17:31:42,2.55
17:31:43,2.55
17:31:44,2.55
17:31:45,2.55
17:31:46,2.55
17:31:47,2.55
17:31:48,2.55
17:31:49,2.55
17:31:50,2.55
17:31:51,2.55
17:31:52,2.55
17:31:53,2.55
17:31:54,2.55
17:31:55,2.55
17:31:56,2.55
17:31:57,2.55
17:31:58,2.55
17:31:59,2.55
17:32:00,2.55
17:32:01,2.55
17:32:02,2.55
17:32:03,2.55
17:32:04,2.55
17:32:05,2.55
17:32:06,2.55
17:32:07,2.55
17:32:08,2.55
17:32:09,2.55
17:32:10,2.55
17:32:11,2.55
17:32:12,2.55
17:32:13,2.55
17:32:14,2.55
17:32:15,2.55
17:32:16,2.55
17:32:17,2.55
17:32:18,2.55
17:32:19,2.55
17:32:20,2.55
17:32:21,2.55
17:32:22,2.55
17:32:23,2.55
17:32:24,2.55
17:32:25,2.55
17:32:26,2.55
17:32:27,2.55
17:32:28,2.55
17:32:29,2.55
17:32:30,2.55
17:32:31,2.55
17:32:32,2.55
17:32:33,2.55
17:32:34,2.55
17:32:35,2.55
17:32:36,2.55
17:32:37,2.55
17:32:38,2.55
17:32:39,2.55
17:32:40,2.55
17:32:41,2.55
17:32:42,2.55
17:32:43,2.55
17:32:44,2.55
17:32:45,2.55
17:32:46,2.55
17:32:47,2.55
17:32:48,2.55
17:32:49,2.55
17:32:50,2.55
17:32:51,2.55
17:32:52,2.55
17:32:53,2.55
17:32:54,2.55
17:32:55,2.55
17:32:56,2.55
17:32:57,2.55
17:32:58,2.55
17:32:59,2.55
17:33:00,2.55
17:33:01,2.55
17:33:02,2.55
17:33:03,2.55
17:33:04,2.55
17:33:05,2.55
17:33:06,2.55
17:33:07,2.55
17:33:08,2.55
17:33:09,2.55
17:33:10,2.55
17:33:11,2.55
17:33:12,2.55
17:33:13,2.55
17:33:14,2.55
17:33:15,2.55
17:33:16,2.55
17:33:17,2.55
17:33:18,2.55
17:33:19,2.55
17:33:20,2.55
17:33:21,2.55
17:33:22,2.55
17:33:23,2.55
17:33:24,2.55
17:33:25,2.55
17:33:26,2.55
17:33:27,2.55
17:33:28,2.55
17:33:29,2.55
17:33:30,2.55
17:33:31,2.55
17:33:32,2.55
17:33:33,2.55
17:33:34,2.55
17:33:35,2.55
17:33:36,2.55
17:33:37,2.55
17:33:38,2.55
17:33:39,2.55
17:33:40,2.55
17:33:41,2.55
17:33:42,2.55
17:33:43,2.55
17:33:44,2.55
17:33:45,2.55
17:33:46,2.55
17:33:47,2.55
17:33:48,2.55
17:33:49,2.55
17:33:50,2.55
17:33:51,2.55
17:33:52,2.55
17:33:53,2.55
17:33:54,2.55
17:33:55,2.55
17:33:56,2.55
17:33:57,2.55
17:33:58,2.55
17:33:59,2.55
17:34:00,2.55
17:34:01,2.55
17:34:02,2.55
17:34:03,2.55
17:34:04,2.55
17:34:05,2.55
17:34:06,2.55
17:34:07,2.55
17:34:08,2.55
17:34:09,2.55
17:34:10,2.55
17:34:11,2.55
17:34:12,2.55
17:34:13,2.55
17:34:14,2.55
17:34:15,2.55
17:34:16,2.55
17:34:17,2.55
17:34:18,2.55
17:34:19,2.55
17:34:20,2.55
17:34:21,2.55
17:34:22,2.55
17:34:23,2.55
17:34:24,2.55
17:34:25,2.55
17:34:26,2.55
17:34:27,2.55
17:34:28,2.55
17:34:29,2.55
17:34:30,2.55
17:34:31,2.55
17:34:32,2.55
17:34:33,2.55
17:34:34,2.55
17:34:35,2.55
17:34:36,2.55
17:34:37,2.55
17:34:38,2.55
17:34:39,2.55
17:34:40,2.55
17:34:41,2.55
17:34:42,2.55
17:34:43,2.55
17:34:44,2.55
17:34:45,2.55
17:34:46,2.55
17:34:47,2.55
17:34:48,2.55
17:34:49,2.55
17:34:50,2.55
17:34:51,2.55
17:34:52,2.55
17:34:53,2.55
17:34:54,2.55
17:34:55,2.55
17:34:56,2.55
17:34:57,2.55
17:34:58,2.55
17:34:59,2.55
17:35:00,2.55
17:35:01,2.55
17:35:02,2.55
17:35:03,2.55
17:35:04,2.55
17:35:05,2.55
17:35:06,2.55
17:35:07,2.55
17:35:08,2.55
17:35:09,2.55
17:35:10,2.55
17:35:11,2.55
17:35:12,2.55
17:35:13,2.55
17:35:14,2.55
17:35:15,2.55
17:35:16,2.55
17:35:17,2.55
17:35:18,2.55
17:35:19,2.55
17:35:20,2.55
17:35:21,2.55
17:35:22,2.55
17:35:23,2.55
17:35:24,2.55
17:35:25,2.55
17:35:26,2.55
17:35:27,2.55
17:35:28,2.55
17:35:29,2.55
17:35:30,2.55
17:35:31,2.55
17:35:32,2.55
17:35:33,2.55
17:35:34,2.55
17:35:35,2.55
17:35:36,2.55
17:35:37,2.55
17:35:38,2.55
17:35:39,2.55
17:35:40,2.55
17:35:41,2.55
17:35:42,2.55
17:35:43,2.55
17:35:44,2.55
17:35:45,2.55
17:35:46,2.55
17:35:47,2.55
17:35:48,2.55
17:35:49,2.55
17:35:50,2.55
17:35:51,2.55
17:35:52,2.55
17:35:53,2.55
17:35:54,2.55
17:35:55,2.55
17:35:56,2.55
17:35:57,2.55
17:35:58,2.55
17:35:59,2.55
17:36:00,2.55
17:36:01,2.55
17:36:02,2.55
17:36:03,2.55
17:36:04,2.55
17:36:05,2.55
17:36:06,2.55
17:36:07,2.55
17:36:08,2.55
17:36:09,2.55
17:36:10,2.55
17:36:11,2.55
17:36:12,2.55
17:36:13,2.55
17:36:14,2.55
17:36:15,2.55
17:36:16,2.55
17:36:17,2.55
17:36:18,2.55
17:36:19,2.55
17:36:20,2.55
17:36:21,2.55
17:36:22,2.55
17:36:23,2.55
17:36:24,2.55
17:36:25,2.55
17:36:26,2.55
17:36:27,2.55
17:36:28,2.55
17:36:29,2.55
17:36:30,2.55
17:36:31,2.55
17:36:32,2.55
17:36:33,2.55
17:36:34,2.55
17:36:35,2.55
17:36:36,2.55
17:36:37,2.55
17:36:38,2.55
17:36:39,2.55
17:36:40,2.55
17:36:41,2.55
17:36:42,2.55
17:36:43,2.55
17:36:44,2.55
17:36:45,2.55
17:36:46,2.55
17:36:47,2.55
17:36:48,2.55
17:36:49,2.55
17:36:50,2.55
17:36:51,2.55
17:36:52,2.55
17:36:53,2.55
17:36:54,2.55
17:36:55,2.55
17:36:56,2.55
17:36:57,2.55
17:36:58,2.55
17:36:59,2.55
17:37:00,2.55
17:37:01,2.55
17:37:02,2.55
17:37:03,2.55
17:37:04,2.55
17:37:05,2.55
17:37:06,2.55
17:37:07,2.55
17:37:08,2.55
17:37:09,2.55
17:37:10,2.55
17:37:11,2.55
17:37:12,2.55
17:37:13,2.55
17:37:14,2.55
17:37:15,2.55
17:37:16,2.55
17:37:17,2.55
17:37:18,2.55
17:37:19,2.55
17:37:20,2.55
17:37:21,2.55
17:37:22,2.55
17:37:23,2.55
17:37:24,2.55
17:37:25,2.55
17:37:26,2.55
17:37:27,2.55
17:37:28,2.55
17:37:29,2.55
17:37:30,2.55
17:37:31,2.55
17:37:32,2.55
17:37:33,2.55
17:37:34,2.55
17:37:35,2.55
17:37:36,2.55
17:37:37,2.55
17:37:38,2.55
17:37:39,2.55
17:37:40,2.55
17:37:41,2.55
17:37:42,2.55
17:37:43,2.55
17:37:44,2.55
17:37:45,2.55
17:37:46,2.55
17:37:47,2.55
17:37:48,2.55
17:37:49,2.55
17:37:50,2.55
17:37:51,2.55
17:37:52,2.55
17:37:53,2.55
17:37:54,2.55
17:37:55,2.55
17:37:56,2.55
17:37:57,2.55
17:37:58,2.55
17:37:59,2.55
17:38:00,2.55
17:38:01,2.55
17:38:02,2.55
17:38:03,2.55
17:38:04,2.55
17:38:05,2.55
17:38:06,2.55
17:38:07,2.55
17:38:08,2.55
17:38:09,2.55
17:38:10,2.55
17:38:11,2.55
17:38:12,2.55
17:38:13,2.55
17:38:14,2.55
17:38:15,2.55
17:38:16,2.55
17:38:17,2.55
17:38:18,2.55
17:38:19,2.55
17:38:20,2.55
17:38:21,2.55
17:38:22,2.55
17:38:23,2.55
17:38:24,2.55
17:38:25,2.55
17:38:26,2.55
17:38:27,2.55
17:38:28,2.55
17:38:29,2.55
17:38:30,2.55
17:38:31,2.55
17:38:32,2.55
17:38:33,2.55
17:38:34,2.55
17:38:35,2.55
17:38:36,2.55
17:38:37,2.55
17:38:38,2.55
17:38:39,2.55
17:38:40,2.55
17:38:41,2.55
17:38:42,2.55
17:38:43,2.55
17:38:44,2.55
17:38:45,2.55
17:38:46,2.55
17:38:47,2.55
17:38:48,2.55
17:38:49,2.55
17:38:50,2.55
17:38:51,2.55
17:38:52,2.55
17:38:53,2.55
17:38:54,2.55
17:38:55,2.55
17:38:56,2.55
17:38:57,2.55
17:38:58,2.55
17:38:59,2.55
17:39:00,2.55
17:39:01,2.55
17:39:02,2.55
17:39:03,2.55
17:39:04,2.55
17:39:05,2.55
17:39:06,2.55
17:39:07,2.55
17:39:08,2.55
17:39:09,2.55
17:39:10,2.55
17:39:11,2.55
17:39:12,2.55
17:39:13,2.55
17:39:14,2.55
17:39:15,2.55
17:39:16,2.55
17:39:17,2.55
17:39:18,2.55
17:39:19,2.55
17:39:20,2.55
17:39:21,2.55
17:39:22,2.55
17:39:23,2.55
17:39:24,2.55
17:39:25,2.55
17:39:26,2.55
17:39:27,2.55
17:39:28,2.55
17:39:29,2.55
17:39:30,2.55
17:39:31,2.55
17:39:32,2.55
17:39:33,2.55
17:39:34,2.55
17:39:35,2.55
17:39:36,2.55
17:39:37,2.55
17:39:38,2.55
17:39:39,2.55
17:39:40,2.55
17:39:41,2.55
17:39:42,2.55
17:39:43,2.55
17:39:44,2.55
17:39:45,2.55
17:39:46,2.55
17:39:47,2.55
17:39:48,2.55
17:39:49,2.55
17:39:50,2.55
17:39:51,2.55
17:39:52,2.55
17:39:53,2.55
17:39:54,2.55
17:39:55,2.55
17:39:56,2.55
17:39:57,2.55
17:39:58,2.55
17:39:59,2.55
17:40:00,2.55
17:40:01,2.55
17:40:02,2.55
17:40:03,2.55
17:40:04,2.55
17:40:05,2.55
17:40:06,2.55
17:40:07,2.55
17:40:08,2.55
17:40:09,2.55
17:40:10,2.55
17:40:11,2.55
17:40:12,2.55
17:40:13,2.55
17:40:14,2.55
17:40:15,2.55
17:40:16,2.55
17:40:17,2.55
17:40:18,2.55
17:40:19,2.55
17:40:20,2.55
17:40:21,2.55
17:40:22,2.55
17:40:23,2.55
17:40:24,2.55
17:40:25,2.55
17:40:26,2.55
17:40:27,2.55
17:40:28,2.55
17:40:29,2.55
17:40:30,2.55
17:40:31,2.55
17:40:32,2.55
17:40:33,2.55
17:40:34,2.55
17:40:35,2.55
17:40:36,2.55
17:40:37,2.55
17:40:38,2.55
17:40:39,2.55
17:40:40,2.55
17:40:41,2.55
17:40:42,2.55
17:40:43,2.55
17:40:44,2.55
17:40:45,2.55
17:40:46,2.55
17:40:47,2.55
17:40:48,2.55
17:40:49,2.55
17:40:50,2.55
17:40:51,2.55
17:40:52,2.55
17:40:53,2.55
17:40:54,2.55
17:40:55,2.55
17:40:56,2.55
17:40:57,2.55
17:40:58,2.55
17:40:59,2.55
17:41:00,2.55
17:41:01,2.55
17:41:02,2.55
17:41:03,2.55
17:41:04,2.55
17:41:05,2.55
17:41:06,2.55
17:41:07,2.55
17:41:08,2.55
17:41:09,2.55
17:41:10,2.55
17:41:11,2.55
17:41:12,2.55
17:41:13,2.55
17:41:14,2.55
17:41:15,2.55
17:41:16,2.55
17:41:17,2.55
17:41:18,2.55
17:41:19,2.55
17:41:20,2.55
17:41:21,2.55
17:41:22,2.55
17:41:23,2.55
17:41:24,2.55
17:41:25,2.55
17:41:26,2.55
17:41:27,2.55
17:41:28,2.55
17:41:29,2.55
17:41:30,2.55
17:41:31,2.55
17:41:32,2.55
17:41:33,2.55
17:41:34,2.55
17:41:35,2.55
17:41:36,2.55
17:41:37,2.55
17:41:38,2.55
17:41:39,2.55
17:41:40,2.55
17:41:41,2.55
17:41:42,2.55
17:41:43,2.55
17:41:44,2.55
17:41:45,2.55
17:41:46,2.55
17:41:47,2.55
17:41:48,2.55
17:41:49,2.55
17:41:50,2.55
17:41:51,2.55
17:41:52,2.55
17:41:53,2.55
17:41:54,2.55
17:41:55,2.55
17:41:56,2.55
17:41:57,2.55
17:41:58,2.55
17:41:59,2.55
17:42:00,2.55
17:42:01,2.55
17:42:02,2.55
17:42:03,2.55
17:42:04,2.55
17:42:05,2.55
17:42:06,2.55
17:42:07,2.55
17:42:08,2.55
17:42:09,2.55
17:42:10,2.55
17:42:11,2.55
17:42:12,2.55
17:42:13,2.55
17:42:14,2.55
17:42:15,2.55
17:42:16,2.55
17:42:17,2.55
17:42:18,2.55
17:42:19,2.55
17:42:20,2.55
17:42:21,2.55
17:42:22,2.55
17:42:23,2.55
17:42:24,2.55
17:42:25,2.55
17:42:26,2.55
17:42:27,2.55
17:42:28,2.55
17:42:29,2.55
17:42:30,2.55
17:42:31,2.55
17:42:32,2.55
17:42:33,2.55
17:42:34,2.55
17:42:35,2.55
17:42:36,2.55
17:42:37,2.55
17:42:38,2.55
17:42:39,2.55
17:42:40,2.55
17:42:41,2.55
17:42:42,2.55
17:42:43,2.55
17:42:44,2.55
17:42:45,2.55
17:42:46,2.55
17:42:47,2.55
17:42:48,2.55
17:42:49,2.55
17:42:50,2.55
17:42:51,2.55
17:42:52,2.55
17:42:53,2.55
17:42:54,2.55
17:42:55,2.55
17:42:56,2.55
17:42:57,2.55
17:42:58,2.55
17:42:59,2.55
17:43:00,2.55
17:43:01,2.55
17:43:02,2.55
17:43:03,2.55
17:43:04,2.55
17:43:05,2.55
17:43:06,2.55
17:43:07,2.55
17:43:08,2.55
17:43:09,2.55
17:43:10,2.55
17:43:11,2.55
17:43:12,2.55
17:43:13,2.55
17:43:14,2.55
17:43:15,2.55
17:43:16,2.55
17:43:17,2.55
17:43:18,2.55
17:43:19,2.55
17:43:20,2.55
17:43:21,2.55
17:43:22,2.55
17:43:23,2.55
17:43:24,2.55
17:43:25,2.55
17:43:26,2.55
17:43:27,2.55
17:43:28,2.55
17:43:29,2.55
17:43:30,2.55
17:43:31,2.55
17:43:32,2.55
17:43:33,2.55
17:43:34,2.55
17:43:35,2.55
17:43:36,2.55
17:43:37,2.55
17:43:38,2.55
17:43:39,2.55
17:43:40,2.55
17:43:41,2.55
17:43:42,2.55
17:43:43,2.55
17:43:44,2.55
17:43:45,2.55
17:43:46,2.55
17:43:47,2.55
17:43:48,2.55
17:43:49,2.55
17:43:50,2.55
17:43:51,2.55
17:43:52,2.55
17:43:53,2.55
17:43:54,2.55
17:43:55,2.55
17:43:56,2.55
17:43:57,2.55
17:43:58,2.55
17:43:59,2.55
17:44:00,2.55
17:44:01,2.55
17:44:02,2.55
17:44:03,2.55
17:44:04,2.55
17:44:05,2.55
17:44:06,2.55
17:44:07,2.55
17:44:08,2.55
17:44:09,2.55
17:44:10,2.55
17:44:11,2.55
17:44:12,2.55
17:44:13,2.55
17:44:14,2.55
17:44:15,2.55
17:44:16,2.55
17:44:17,2.55
17:44:18,2.55
17:44:19,2.55
17:44:20,2.55
17:44:21,2.55
17:44:22,2.55
17:44:23,2.55
17:44:24,2.55
17:44:25,2.55
17:44:26,2.55
17:44:27,2.55
17:44:28,2.55
17:44:29,2.55
17:44:30,2.55
17:44:31,2.55
17:44:32,2.55
17:44:33,2.55
17:44:34,2.55
17:44:35,2.55
17:44:36,2.55
17:44:37,2.55
17:44:38,2.55
17:44:39,2.55
17:44:40,2.55
17:44:41,2.55
17:44:42,2.55
17:44:43,2.55
17:44:44,2.55
17:44:45,2.55
17:44:46,2.55
17:44:47,2.55
17:44:48,2.55
17:44:49,2.55
17:44:50,2.55
17:44:51,2.55
17:44:52,2.55
17:44:53,2.55
17:44:54,2.55
17:44:55,2.55
17:44:56,2.55
17:44:57,2.55
17:44:58,2.55
17:44:59,2.55
17:45:00,2.55
17:45:01,2.55
17:45:02,2.55
17:45:03,2.55
17:45:04,2.55
17:45:05,2.55
17:45:06,2.55
17:45:07,2.55
17:45:08,2.55
17:45:09,2.55
17:45:10,2.55
17:45:11,2.55
17:45:12,2.55
17:45:13,2.55
17:45:14,2.55
17:45:15,2.55
17:45:16,2.55
17:45:17,2.55
17:45:18,2.55
17:45:19,2.55
17:45:20,2.55
17:45:21,2.55
17:45:22,2.55
17:45:23,2.55
17:45:24,2.55
17:45:25,2.55
17:45:26,2.55
17:45:27,2.55
17:45:28,2.55
17:45:29,2.55
17:45:30,2.55
17:45:31,2.55
17:45:32,2.55
17:45:33,2.55
17:45:34,2.55
17:45:35,2.55
17:45:36,2.55
17:45:37,2.55
17:45:38,2.55
17:45:39,2.55
17:45:40,2.55
17:45:41,2.55
17:45:42,2.55
17:45:43,2.55
17:45:44,2.55
17:45:45,2.55
17:45:46,2.55
17:45:47,2.55
17:45:48,2.55
17:45:49,2.55
17:45:50,2.55
17:45:51,2.55
17:45:52,2.55
17:45:53,2.55
17:45:54,2.55
17:45:55,2.55
17:45:56,2.55
17:45:57,2.55
17:45:58,2.55
17:45:59,2.55
17:46:00,2.55
17:46:01,2.55
17:46:02,2.55
17:46:03,2.55
17:46:04,2.55
17:46:05,2.55
17:46:06,2.55
17:46:07,2.55
17:46:08,2.55
17:46:09,2.55
17:46:10,2.55
17:46:11,2.55
17:46:12,2.55
17:46:13,2.55
17:46:14,2.55
17:46:15,2.55
17:46:16,2.55
17:46:17,2.55
17:46:18,2.55
17:46:19,2.55
17:46:20,2.55
17:46:21,2.55
17:46:22,2.55
17:46:23,2.55
17:46:24,2.55
17:46:25,2.55
17:46:26,2.55
17:46:27,2.55
17:46:28,2.55
17:46:29,2.55
17:46:30,2.55
17:46:31,2.55
17:46:32,2.55
17:46:33,2.55
17:46:34,2.55
17:46:35,2.55
17:46:36,2.55
17:46:37,2.55
17:46:38,2.55
17:46:39,2.55
17:46:40,2.55
17:46:41,2.55
17:46:42,2.55
17:46:43,2.55
17:46:44,2.55
17:46:45,2.55
17:46:46,2.55
17:46:47,2.55
17:46:48,2.55
17:46:49,2.55
17:46:50,2.55
17:46:51,2.55
17:46:52,2.55
17:46:53,2.55
17:46:54,2.55
17:46:55,2.55
17:46:56,2.55
17:46:57,2.55
17:46:58,2.55
17:46:59,2.55
17:47:00,2.55
17:47:01,2.55
17:47:02,2.55
17:47:03,2.55
17:47:04,2.55
17:47:05,2.55
17:47:06,2.55
17:47:07,2.55
17:47:08,2.55
17:47:09,2.55
17:47:10,2.55
17:47:11,2.55
17:47:12,2.55
17:47:13,2.55
17:47:14,2.55
17:47:15,2.55
17:47:16,2.55
17:47:17,2.55
17:47:18,2.55
17:47:19,2.55
17:47:20,2.55
17:47:21,2.55
17:47:22,2.55
17:47:23,2.55
17:47:24,2.55
17:47:25,2.55
17:47:26,2.55
17:47:27,2.55
17:47:28,2.55
17:47:29,2.55
17:47:30,2.55
17:47:31,2.55
17:47:32,2.55
17:47:33,2.55
17:47:34,2.55
17:47:35,2.55
17:47:36,2.55
17:47:37,2.55
17:47:38,2.55
17:47:39,2.55
17:47:40,2.55
17:47:41,2.55
17:47:42,2.55
17:47:43,2.55
17:47:44,2.55
17:47:45,2.55
17:47:46,2.55
17:47:47,2.55
17:47:48,2.55
17:47:49,2.55
17:47:50,2.55
17:47:51,2.55
17:47:52,2.55
17:47:53,2.55
17:47:54,2.55
17:47:55,2.55
17:47:56,2.55
17:47:57,2.55
17:47:58,2.55
17:47:59,2.55
17:48:00,2.55
17:48:01,2.55
17:48:02,2.55
17:48:03,2.55
17:48:04,2.55
17:48:05,2.55
17:48:06,2.55
17:48:07,2.55
17:48:08,2.55
17:48:09,2.55
17:48:10,2.55
17:48:11,2.55
17:48:12,2.55
17:48:13,2.55
17:48:14,2.55
17:48:15,2.55
17:48:16,2.55
17:48:17,2.55
17:48:18,2.55
17:48:19,2.55
17:48:20,2.55
17:48:21,2.55
17:48:22,2.55
17:48:23,2.55
17:48:24,2.55
17:48:25,2.55
17:48:26,2.55
17:48:27,2.55
17:48:28,2.55
17:48:29,2.55
17:48:30,2.55
17:48:31,2.55
17:48:32,2.55
17:48:33,2.55
17:48:34,2.55
17:48:35,2.55
17:48:36,2.55
17:48:37,2.55
17:48:38,2.55
17:48:39,2.55
17:48:40,2.55
17:48:41,2.55
17:48:42,2.55
17:48:43,2.55
17:48:44,2.55
17:48:45,2.55
17:48:46,2.55
17:48:47,2.55
17:48:48,2.55
17:48:49,2.55
17:48:50,2.55
17:48:51,2.55
17:48:52,2.55
17:48:53,2.55
17:48:54,2.55
17:48:55,2.55
17:48:56,2.55
17:48:57,2.55
17:48:58,2.55
17:48:59,2.55
17:49:00,2.55
17:49:01,2.55
17:49:02,2.55
17:49:03,2.55
17:49:04,2.55
17:49:05,2.55
17:49:06,2.55
17:49:07,2.55
17:49:08,2.55
17:49:09,2.55
17:49:10,2.55
17:49:11,2.55
17:49:12,2.55
17:49:13,2.55
17:49:14,2.55
17:49:15,2.55
17:49:16,2.55
17:49:17,2.55
17:49:18,2.55
17:49:19,2.55
17:49:20,2.55
17:49:21,2.55
17:49:22,2.55
17:49:23,2.55
17:49:24,2.55
17:49:25,2.55
17:49:26,2.55
17:49:27,2.55
17:49:28,2.55
17:49:29,2.55
17:49:30,2.55
17:49:31,2.55
17:49:32,2.55
17:49:33,2.55
17:49:34,2.55
17:49:35,2.55
17:49:36,2.55
17:49:37,2.55
17:49:38,2.55
17:49:39,2.55
17:49:40,2.55
17:49:41,2.55
17:49:42,2.55
17:49:43,2.55
17:49:44,2.55
17:49:45,2.55
17:49:46,2.55
17:49:47,2.55
17:49:48,2.55
17:49:49,2.55
17:49:50,2.55
17:49:51,2.55
17:49:52,2.55
17:49:53,2.55
17:49:54,2.55
17:49:55,2.55
17:49:56,2.55
17:49:57,2.55
17:49:58,2.55
17:49:59,2.55
17:50:00,2.55
17:50:01,2.55
17:50:02,2.55
17:50:03,2.55
17:50:04,2.55
17:50:05,2.55
17:50:06,2.55
17:50:07,2.55
17:50:08,2.55
17:50:09,2.55
17:50:10,2.55
17:50:11,2.55
17:50:12,2.55
17:50:13,2.55
17:50:14,2.55
17:50:15,2.55
17:50:16,2.55
17:50:17,2.55
17:50:18,2.55
17:50:19,2.55
17:50:20,2.55
17:50:21,2.55
17:50:22,2.55
17:50:23,2.55
17:50:24,2.55
17:50:25,2.55
17:50:26,2.55
17:50:27,2.55
17:50:28,2.55
17:50:29,2.55
17:50:30,2.55
17:50:31,2.55
17:50:32,2.55
17:50:33,2.55
17:50:34,2.55
17:50:35,2.55
17:50:36,2.55
17:50:37,2.55
17:50:38,2.55
17:50:39,2.55
17:50:40,2.55
17:50:41,2.55
17:50:42,2.55
17:50:43,2.55
17:50:44,2.55
17:50:45,2.55
17:50:46,2.55
17:50:47,2.55
17:50:48,2.55
17:50:49,2.55
17:50:50,2.55
17:50:51,2.55
17:50:52,2.55
17:50:53,2.55
17:50:54,2.55
17:50:55,2.55
17:50:56,2.55
17:50:57,2.55
17:50:58,2.55
17:50:59,2.55
17:51:00,2.55
17:51:01,2.55
17:51:02,2.55
17:51:03,2.55
17:51:04,2.55
17:51:05,2.55
17:51:06,2.55
17:51:07,2.55
17:51:08,2.55
17:51:09,2.55
17:51:10,2.55
17:51:11,2.55
17:51:12,2.55
17:51:13,2.55
17:51:14,2.55
17:51:15,2.55
17:51:16,2.55
17:51:17,2.55
17:51:18,2.55
17:51:19,2.55
17:51:20,2.55
17:51:21,2.55
17:51:22,2.55
17:51:23,2.55
17:51:24,2.55
17:51:25,2.55
17:51:26,2.55
17:51:27,2.55
17:51:28,2.55
17:51:29,2.55
17:51:30,2.55
17:51:31,2.55
17:51:32,2.55
17:51:33,2.55
17:51:34,2.55
17:51:35,2.55
17:51:36,2.55
17:51:37,2.55
17:51:38,2.55
17:51:39,2.55
17:51:40,2.55
17:51:41,2.55
17:51:42,2.55
17:51:43,2.55
17:51:44,2.55
17:51:45,2.55
17:51:46,2.55
17:51:47,2.55
17:51:48,2.55
17:51:49,2.55
17:51:50,2.55
17:51:51,2.55
17:51:52,2.55
17:51:53,2.55
17:51:54,2.55
17:51:55,2.55
17:51:56,2.55
17:51:57,2.55
17:51:58,2.55
17:51:59,2.55
17:52:00,2.55
17:52:01,2.55
17:52:02,2.55
17:52:03,2.55
17:52:04,2.55
17:52:05,2.55
17:52:06,2.55
17:52:07,2.55
17:52:08,2.55
17:52:09,2.55
17:52:10,2.55
17:52:11,2.55
17:52:12,2.55
17:52:13,2.55
17:52:14,2.55
17:52:15,2.55
17:52:16,2.55
17:52:17,2.55
17:52:18,2.55
17:52:19,2.55
17:52:20,2.55
17:52:21,2.55
17:52:22,2.55
17:52:23,2.55
17:52:24,2.55
17:52:25,2.55
17:52:26,2.55
17:52:27,2.55
17:52:28,2.55
17:52:29,2.55
17:52:30,2.55
17:52:31,2.55
17:52:32,2.55
17:52:33,2.55
17:52:34,2.55
17:52:35,2.55
17:52:36,2.55
17:52:37,2.55
17:52:38,2.55
17:52:39,2.55
17:52:40,2.55
17:52:41,2.55
17:52:42,2.55
17:52:43,2.55
17:52:44,2.55
17:52:45,2.55
17:52:46,2.55
17:52:47,2.55
17:52:48,2.55
17:52:49,2.55
17:52:50,2.55
17:52:51,2.55
17:52:52,2.55
17:52:53,2.55
17:52:54,2.55
17:52:55,2.55
17:52:56,2.55
17:52:57,2.55
17:52:58,2.55
17:52:59,2.55
17:53:00,2.55
17:53:01,2.55
17:53:02,2.55
17:53:03,2.55
17:53:04,2.55
17:53:05,2.55
17:53:06,2.55
17:53:07,2.55
17:53:08,2.55
17:53:09,2.55
17:53:10,2.55
17:53:11,2.55
17:53:12,2.55
17:53:13,2.55
17:53:14,2.55
17:53:15,2.55
17:53:16,2.55
17:53:17,2.55
17:53:18,2.55
17:53:19,2.55
17:53:20,2.55
17:53:21,2.55
17:53:22,2.55
17:53:23,2.55
17:53:24,2.55
17:53:25,2.55
17:53:26,2.55
17:53:27,2.55
17:53:28,2.55
17:53:29,2.55
17:53:30,2.55
17:53:31,2.55
17:53:32,2.55
17:53:33,2.55
17:53:34,2.55
17:53:35,2.55
17:53:36,2.55
17:53:37,2.55
17:53:38,2.55
17:53:39,2.55
17:53:40,2.55
17:53:41,2.55
17:53:42,2.55
17:53:43,2.55
17:53:44,2.55
17:53:45,2.55
17:53:46,2.55
17:53:47,2.55
17:53:48,2.55
17:53:49,2.55
17:53:50,2.55
17:53:51,2.55
17:53:52,2.55
17:53:53,2.55
17:53:54,2.55
17:53:55,2.55
17:53:56,2.55
17:53:57,2.55
17:53:58,2.55
17:53:59,2.55
17:54:00,2.55
17:54:01,2.55
17:54:02,2.55
17:54:03,2.55
17:54:04,2.55
17:54:05,2.55
17:54:06,2.55
17:54:07,2.55
17:54:08,2.55
17:54:09,2.55
17:54:10,2.55
17:54:11,2.55
17:54:12,2.55
17:54:13,2.55
17:54:14,2.55
17:54:15,2.55
17:54:16,2.55
17:54:17,2.55
17:54:18,2.55
17:54:19,2.55
17:54:20,2.55
17:54:21,2.55
17:54:22,2.55
17:54:23,2.55
17:54:24,2.55
17:54:25,2.55
17:54:26,2.55
17:54:27,2.55
17:54:28,2.55
17:54:29,2.55
17:54:30,2.55
17:54:31,2.55
17:54:32,2.55
17:54:33,2.55
17:54:34,2.55
17:54:35,2.55
17:54:36,2.55
17:54:37,2.55
17:54:38,2.55
17:54:39,2.55
17:54:40,2.55
17:54:41,2.55
17:54:42,2.55
17:54:43,2.55
17:54:44,2.55
17:54:45,2.55
17:54:46,2.55
17:54:47,2.55
17:54:48,2.55
17:54:49,2.55
17:54:50,2.55
17:54:51,2.55
17:54:52,2.55
17:54:53,2.55
17:54:54,2.55
17:54:55,2.55
17:54:56,2.55
17:54:57,2.55
17:54:58,2.55
17:54:59,2.55
17:55:00,2.55
17:55:01,2.55
17:55:02,2.55
17:55:03,2.55
17:55:04,2.55
17:55:05,2.55
17:55:06,2.55
17:55:07,2.55
17:55:08,2.55
17:55:09,2.55
17:55:10,2.55
17:55:11,2.55
17:55:12,2.55
17:55:13,2.55
17:55:14,2.55
17:55:15,2.55
17:55:16,2.55
17:55:17,2.55
17:55:18,2.55
17:55:19,2.55
17:55:20,2.55
17:55:21,2.55
17:55:22,2.55
17:55:23,2.55
17:55:24,2.55
17:55:25,2.55
17:55:26,2.55
17:55:27,2.55
17:55:28,2.55
17:55:29,2.55
17:55:30,2.55
17:55:31,2.55
17:55:32,2.55
17:55:33,2.55
17:55:34,2.55
17:55:35,2.55
17:55:36,2.55
17:55:37,2.55
17:55:38,2.55
17:55:39,2.55
17:55:40,2.55
17:55:41,2.55
17:55:42,2.55
17:55:43,2.55
17:55:44,2.55
17:55:45,2.55
17:55:46,2.55
17:55:47,2.55
17:55:48,2.55
17:55:49,2.55
17:55:50,2.55
17:55:51,2.55
17:55:52,2.55
17:55:53,2.55
17:55:54,2.55
17:55:55,2.55
17:55:56,2.55
17:55:57,2.55
17:55:58,2.55
17:55:59,2.55
17:56:00,2.55
17:56:01,2.55
17:56:02,2.55
17:56:03,2.55
17:56:04,2.55
17:56:05,2.55
17:56:06,2.55
17:56:07,2.55
17:56:08,2.55
17:56:09,2.55
17:56:10,2.55
17:56:11,2.55
17:56:12,2.55
17:56:13,2.55
17:56:14,2.55
17:56:15,2.55
17:56:16,2.55
17:56:17,2.55
17:56:18,2.55
17:56:19,2.55
17:56:20,2.55
17:56:21,2.55
17:56:22,2.55
17:56:23,2.55
17:56:24,2.55
17:56:25,2.55
17:56:26,2.55
17:56:27,2.55
17:56:28,2.55
17:56:29,2.55
17:56:30,2.55
17:56:31,2.55
17:56:32,2.55
17:56:33,2.55
17:56:34,2.55
17:56:35,2.55
17:56:36,2.55
17:56:37,2.55
17:56:38,2.55
17:56:39,2.55
17:56:40,2.55
17:56:41,2.55
17:56:42,2.55
17:56:43,2.55
17:56:44,2.55
17:56:45,2.55
17:56:46,2.55
17:56:47,2.55
17:56:48,2.55
17:56:49,2.55
17:56:50,2.55
17:56:51,2.55
17:56:52,2.55
17:56:53,2.55
17:56:54,2.55
17:56:55,2.55
17:56:56,2.55
17:56:57,2.55
17:56:58,2.55
17:56:59,2.55
17:57:00,2.55
17:57:01,2.55
17:57:02,2.55
17:57:03,2.55
17:57:04,2.55
17:57:05,2.55
17:57:06,2.55
17:57:07,2.55
17:57:08,2.55
17:57:09,2.55
17:57:10,2.55
17:57:11,2.55
17:57:12,2.55
17:57:13,2.55
17:57:14,2.55
17:57:15,2.55
17:57:16,2.55
17:57:17,2.55
17:57:18,2.55
17:57:19,2.55
17:57:20,2.55
17:57:21,2.55
17:57:22,2.55
17:57:23,2.55
17:57:24,2.55
17:57:25,2.55
17:57:26,2.55
17:57:27,2.55
17:57:28,2.55
17:57:29,2.55
17:57:30,2.55
17:57:31,2.55
17:57:32,2.55
17:57:33,2.55
17:57:34,2.55
17:57:35,2.55
17:57:36,2.55
17:57:37,2.55
17:57:38,2.55
17:57:39,2.55
17:57:40,2.55
17:57:41,2.55
17:57:42,2.55
17:57:43,2.55
17:57:44,2.55
17:57:45,2.55
17:57:46,2.55
17:57:47,2.55
17:57:48,2.55
17:57:49,2.55
17:57:50,2.55
17:57:51,2.55
17:57:52,2.55
17:57:53,2.55
17:57:54,2.55
17:57:55,2.55
17:57:56,2.55
17:57:57,2.55
17:57:58,2.55
17:57:59,2.55
17:58:00,2.55
17:58:01,2.55
17:58:02,2.55
17:58:03,2.55
17:58:04,2.55
17:58:05,2.55
17:58:06,2.55
17:58:07,2.55
17:58:08,2.55
17:58:09,2.55
17:58:10,2.55
17:58:11,2.55
17:58:12,2.55
17:58:13,2.55
17:58:14,2.55
17:58:15,2.55
17:58:16,2.55
17:58:17,2.55
17:58:18,2.55
17:58:19,2.55
17:58:20,2.55
17:58:21,2.55
17:58:22,2.55
17:58:23,2.55
17:58:24,2.55
17:58:25,2.55
17:58:26,2.55
17:58:27,2.55
17:58:28,2.55
17:58:29,2.55
17:58:30,2.55
17:58:31,2.55
17:58:32,2.55
17:58:33,2.55
17:58:34,2.55
17:58:35,2.55
17:58:36,2.55
17:58:37,2.55
17:58:38,2.55
17:58:39,2.55
17:58:40,2.55
17:58:41,2.55
17:58:42,2.55
17:58:43,2.55
17:58:44,2.55
17:58:45,2.55
17:58:46,2.55
17:58:47,2.55
17:58:48,2.55
17:58:49,2.55
17:58:50,2.55
17:58:51,2.55
17:58:52,2.55
17:58:53,2.55
17:58:54,2.55
17:58:55,2.55
17:58:56,2.55
17:58:57,2.55
17:58:58,2.55
17:58:59,2.55
17:59:00,2.55
17:59:01,2.55
17:59:02,2.55
17:59:03,2.55
17:59:04,2.55
17:59:05,2.55
17:59:06,2.55
17:59:07,2.55
17:59:08,2.55
17:59:09,2.55
17:59:10,2.55
17:59:11,2.55
17:59:12,2.55
17:59:13,2.55
17:59:14,2.55
17:59:15,2.55
17:59:16,2.55
17:59:17,2.55
17:59:18,2.55
17:59:19,2.55
17:59:20,2.55
17:59:21,2.55
17:59:22,2.55
17:59:23,2.55
17:59:24,2.55
17:59:25,2.55
17:59:26,2.55
17:59:27,2.55
17:59:28,2.55
17:59:29,2.55
17:59:30,2.55
17:59:31,2.55
17:59:32,2.55
17:59:33,2.55
17:59:34,2.55
17:59:35,2.55
17:59:36,2.55
17:59:37,2.55
17:59:38,2.55
17:59:39,2.55
17:59:40,2.55
17:59:41,2.55
17:59:42,2.55
17:59:43,2.55
17:59:44,2.55
17:59:45,2.55
17:59:46,2.55
17:59:47,2.55
17:59:48,2.55
17:59:49,2.55
17:59:50,2.55
17:59:51,2.55
17:59:52,2.55
17:59:53,2.55
17:59:54,2.55
17:59:55,2.55
17:59:56,2.55
17:59:57,2.55
17:59:58,2.55
17:59:59,2.55
18:00:00,2.55
18:00:01,2.55
18:00:02,2.55
18:00:03,2.55
18:00:04,2.55
18:00:05,2.55
18:00:06,2.55
18:00:07,2.55
18:00:08,2.55
18:00:09,2.55
18:00:10,2.55
18:00:11,2.55
18:00:12,2.55
18:00:13,2.55
18:00:14,2.55
18:00:15,2.55
18:00:16,2.55
18:00:17,2.55
18:00:18,2.55
18:00:19,2.55
18:00:20,2.55
18:00:21,2.55
18:00:22,2.55
18:00:23,2.55
18:00:24,2.55
18:00:25,2.55
18:00:26,2.55
18:00:27,2.55
18:00:28,2.55
18:00:29,2.55
18:00:30,2.55
18:00:31,2.55
18:00:32,2.55
18:00:33,2.55
18:00:34,2.55
18:00:35,2.55
18:00:36,2.55
18:00:37,2.55
18:00:38,2.55
18:00:39,2.55
18:00:40,2.55
18:00:41,2.55
18:00:42,2.55
18:00:43,2.55
18:00:44,2.55
18:00:45,2.55
18:00:46,2.55
18:00:47,2.55
18:00:48,2.55
18:00:49,2.55
18:00:50,2.55
18:00:51,2.55
18:00:52,2.55
18:00:53,2.55
18:00:54,2.55
18:00:55,2.55
18:00:56,2.55
18:00:57,2.55
18:00:58,2.55
18:00:59,2.55
18:01:00,2.55
18:01:01,2.55
18:01:02,2.55
18:01:03,2.55
18:01:04,2.55
18:01:05,2.55
18:01:06,2.55
18:01:07,2.55
18:01:08,2.55
18:01:09,2.55
18:01:10,2.55
18:01:11,2.55
18:01:12,2.55
18:01:13,2.55
18:01:14,2.55
18:01:15,2.55
18:01:16,2.55
18:01:17,2.55
18:01:18,2.55
18:01:19,2.55
18:01:20,2.55
18:01:21,2.55
18:01:22,2.55
18:01:23,2.55
18:01:24,2.55
18:01:25,2.55
18:01:26,2.55
18:01:27,2.55
18:01:28,2.55
18:01:29,2.55
18:01:30,2.55
18:01:31,2.55
18:01:32,2.55
18:01:33,2.55
18:01:34,2.55
18:01:35,2.55
18:01:36,2.55
18:01:37,2.55
18:01:38,2.55
18:01:39,2.55
18:01:40,2.55
18:01:41,2.55
18:01:42,2.55
18:01:43,2.55
18:01:44,2.55
18:01:45,2.55
18:01:46,2.55
18:01:47,2.55
18:01:48,2.55
18:01:49,2.55
18:01:50,2.55
18:01:51,2.55
18:01:52,2.55
18:01:53,2.55
18:01:54,2.55
18:01:55,2.55
18:01:56,2.55
18:01:57,2.55
18:01:58,2.55
18:01:59,2.55
18:02:00,2.55
18:02:01,2.55
18:02:02,2.55
18:02:03,2.55
18:02:04,2.55
18:02:05,2.55
18:02:06,2.55
18:02:07,2.55
18:02:08,2.55
18:02:09,2.55
18:02:10,2.55
18:02:11,2.55
18:02:12,2.55
18:02:13,2.55
18:02:14,2.55
18:02:15,2.55
18:02:16,2.55
18:02:17,2.55
18:02:18,2.55
18:02:19,2.55
18:02:20,2.55
18:02:21,2.55
18:02:22,2.55
18:02:23,2.55
18:02:24,2.55
18:02:25,2.55
18:02:26,2.55
18:02:27,2.55
18:02:28,2.55
18:02:29,2.55
18:02:30,2.55
18:02:31,2.55
18:02:32,2.55
18:02:33,2.55
18:02:34,2.55
18:02:35,2.55
18:02:36,2.55
18:02:37,2.55
18:02:38,2.55
18:02:39,2.55
18:02:40,2.55
18:02:41,2.55
18:02:42,2.55
18:02:43,2.55
18:02:44,2.55
18:02:45,2.55
18:02:46,2.55
18:02:47,2.55
18:02:48,2.55
18:02:49,2.55
18:02:50,2.55
18:02:51,2.55
18:02:52,2.55
18:02:53,2.55
18:02:54,2.55
18:02:55,2.55
18:02:56,2.55
18:02:57,2.55
18:02:58,2.55
18:02:59,2.55
18:03:00,2.55
18:03:01,2.55
18:03:02,2.55
18:03:03,2.55
18:03:04,2.55
18:03:05,2.55
18:03:06,2.55
18:03:07,2.55
18:03:08,2.55
18:03:09,2.55
18:03:10,2.55
18:03:11,2.55
18:03:12,2.55
18:03:13,2.55
18:03:14,2.55
18:03:15,2.55
18:03:16,2.55
18:03:17,2.55
18:03:18,2.55
18:03:19,2.55
18:03:20,2.55
18:03:21,2.55
18:03:22,2.55
18:03:23,2.55
18:03:24,2.55
18:03:25,2.55
18:03:26,2.55
18:03:27,2.55
18:03:28,2.55
18:03:29,2.55
18:03:30,2.55
18:03:31,2.55
18:03:32,2.55
18:03:33,2.55
18:03:34,2.55
18:03:35,2.55
18:03:36,2.55
18:03:37,2.55
18:03:38,2.55
18:03:39,2.55
18:03:40,2.55
18:03:41,2.55
18:03:42,2.55
18:03:43,2.55
18:03:44,2.55
18:03:45,2.55
18:03:46,2.55
18:03:47,2.55
18:03:48,2.55
18:03:49,2.55
18:03:50,2.55
18:03:51,2.55
18:03:52,2.55
18:03:53,2.55
18:03:54,2.55
18:03:55,2.55
18:03:56,2.55
18:03:57,2.55
18:03:58,2.55
18:03:59,2.55
18:04:00,2.55
18:04:01,2.55
18:04:02,2.55
18:04:03,2.55
18:04:04,2.55
18:04:05,2.55
18:04:06,2.55
18:04:07,2.55
18:04:08,2.55
18:04:09,2.55
18:04:10,2.55
18:04:11,2.55
18:04:12,2.55
18:04:13,2.55
18:04:14,2.55
18:04:15,2.55
18:04:16,2.55
18:04:17,2.55
18:04:18,2.55
18:04:19,2.55
18:04:20,2.55
18:04:21,2.55
18:04:22,2.55
18:04:23,2.55
18:04:24,2.55
18:04:25,2.55
18:04:26,2.55
18:04:27,2.55
18:04:28,2.55
18:04:29,2.55
18:04:30,2.55
18:04:31,2.55
18:04:32,2.55
18:04:33,2.55
18:04:34,2.55
18:04:35,2.55
18:04:36,2.55
18:04:37,2.55
18:04:38,2.55
18:04:39,2.55
18:04:40,2.55
18:04:41,2.55
18:04:42,2.55
18:04:43,2.55
18:04:44,2.55
18:04:45,2.55
18:04:46,2.55
18:04:47,2.55
18:04:48,2.55
18:04:49,2.55
18:04:50,2.55
18:04:51,2.55
18:04:52,2.55
18:04:53,2.55
18:04:54,2.55
18:04:55,2.55
18:04:56,2.55
18:04:57,2.55
18:04:58,2.55
18:04:59,2.55
18:05:00,2.55
18:05:01,2.55
18:05:02,2.55
18:05:03,2.55
18:05:04,2.55
18:05:05,2.55
18:05:06,2.55
18:05:07,2.55
18:05:08,2.55
18:05:09,2.55
18:05:10,2.55
18:05:11,2.55
18:05:12,2.55
18:05:13,2.55
18:05:14,2.55
18:05:15,2.55
18:05:16,2.55
18:05:17,2.55
18:05:18,2.55
18:05:19,2.55
18:05:20,2.55
18:05:21,2.55
18:05:22,2.55
18:05:23,2.55
18:05:24,2.55
18:05:25,2.55
18:05:26,2.55
18:05:27,2.55
18:05:28,2.55
18:05:29,2.55
18:05:30,2.55
18:05:31,2.55
18:05:32,2.55
18:05:33,2.55
18:05:34,2.55
18:05:35,2.55
18:05:36,2.55
18:05:37,2.55
18:05:38,2.55
18:05:39,2.55
18:05:40,2.55
18:05:41,2.55
18:05:42,2.55
18:05:43,2.55
18:05:44,2.55
18:05:45,2.55
18:05:46,2.55
18:05:47,2.55
18:05:48,2.55
18:05:49,2.55
18:05:50,2.55
18:05:51,2.55
18:05:52,2.55
18:05:53,2.55
18:05:54,2.55
18:05:55,2.55
18:05:56,2.55
18:05:57,2.55
18:05:58,2.55
18:05:59,2.55
18:06:00,2.55
18:06:01,2.55
18:06:02,2.55
18:06:03,2.55
18:06:04,2.55
18:06:05,2.55
18:06:06,2.55
18:06:07,2.55
18:06:08,2.55
18:06:09,2.55
18:06:10,2.55
18:06:11,2.55
18:06:12,2.55
18:06:13,2.55
18:06:14,2.55
18:06:15,2.55
18:06:16,2.55
18:06:17,2.55
18:06:18,2.55
18:06:19,2.55
18:06:20,2.55
18:06:21,2.55
18:06:22,2.55
18:06:23,2.55
18:06:24,2.55
18:06:25,2.55
18:06:26,2.55
18:06:27,2.55
18:06:28,2.55
18:06:29,2.55
18:06:30,2.55
18:06:31,2.55
18:06:32,2.55
18:06:33,2.55
18:06:34,2.55
18:06:35,2.55
18:06:36,2.55
18:06:37,2.55
18:06:38,2.55
18:06:39,2.55
18:06:40,2.55
18:06:41,2.55
18:06:42,2.55
18:06:43,2.55
18:06:44,2.55
18:06:45,2.55
18:06:46,2.55
18:06:47,2.55
18:06:48,2.55
18:06:49,2.55
18:06:50,2.55
18:06:51,2.55
18:06:52,2.55
18:06:53,2.55
18:06:54,2.55
18:06:55,2.55
18:06:56,2.55
18:06:57,2.55
18:06:58,2.55
18:06:59,2.55
18:07:00,2.55
18:07:01,2.55
18:07:02,2.55
18:07:03,2.55
18:07:04,2.55
18:07:05,2.55
18:07:06,2.55
18:07:07,2.55
18:07:08,2.55
18:07:09,2.55
18:07:10,2.55
18:07:11,2.55
18:07:12,2.55
18:07:13,2.55
18:07:14,2.55
18:07:15,2.55
18:07:16,2.55
18:07:17,2.55
18:07:18,2.55
18:07:19,2.55
18:07:20,2.55
18:07:21,2.55
18:07:22,2.55
18:07:23,2.55
18:07:24,2.55
18:07:25,2.55
18:07:26,2.55
18:07:27,2.55
18:07:28,2.55
18:07:29,2.55
18:07:30,2.55
18:07:31,2.55
18:07:32,2.55
18:07:33,2.55
18:07:34,2.55
18:07:35,2.55
18:07:36,2.55
18:07:37,2.55
18:07:38,2.55
18:07:39,2.55
18:07:40,2.55
18:07:41,2.55
18:07:42,2.55
18:07:43,2.55
18:07:44,2.55
18:07:45,2.55
18:07:46,2.55
18:07:47,2.55
18:07:48,2.55
18:07:49,2.55
18:07:50,2.55
18:07:51,2.55
18:07:52,2.55
18:07:53,2.55
18:07:54,2.55
18:07:55,2.55
18:07:56,2.55
18:07:57,2.55
18:07:58,2.55
18:07:59,2.55
18:08:00,2.55
18:08:01,2.55
18:08:02,2.55
18:08:03,2.55
18:08:04,2.55
18:08:05,2.55
18:08:06,2.55
18:08:07,2.55
18:08:08,2.55
18:08:09,2.55
18:08:10,2.55
18:08:11,2.55
18:08:12,2.55
18:08:13,2.55
18:08:14,2.55
18:08:15,2.55
18:08:16,2.55
18:08:17,2.55
18:08:18,2.55
18:08:19,2.55
18:08:20,2.55
18:08:21,2.55
18:08:22,2.55
18:08:23,2.55
18:08:24,2.55
18:08:25,2.55
18:08:26,2.55
18:08:27,2.55
18:08:28,2.55
18:08:29,2.55
18:08:30,2.55
18:08:31,2.55
18:08:32,2.55
18:08:33,2.55
18:08:34,2.55
18:08:35,2.55
18:08:36,2.55
18:08:37,2.55
18:08:38,2.55
18:08:39,2.55
18:08:40,2.55
18:08:41,2.55
18:08:42,2.55
18:08:43,2.55
18:08:44,2.55
18:08:45,2.55
18:08:46,2.55
18:08:47,2.55
18:08:48,2.55
18:08:49,2.55
18:08:50,2.55
18:08:51,2.55
18:08:52,2.55
18:08:53,2.55
18:08:54,2.55
18:08:55,2.55
18:08:56,2.55
18:08:57,2.55
18:08:58,2.55
18:08:59,2.55
18:09:00,2.55
18:09:01,2.55
18:09:02,2.55
18:09:03,2.55
18:09:04,2.55
18:09:05,2.55
18:09:06,2.55
18:09:07,2.55
18:09:08,2.55
18:09:09,2.55
18:09:10,2.55
18:09:11,2.55
18:09:12,2.55
18:09:13,2.55
18:09:14,2.55
18:09:15,2.55
18:09:16,2.55
18:09:17,2.55
18:09:18,2.55
18:09:19,2.55
18:09:20,2.55
18:09:21,2.55
18:09:22,2.55
18:09:23,2.55
18:09:24,2.55
18:09:25,2.55
18:09:26,2.55
18:09:27,2.55
18:09:28,2.55
18:09:29,2.55
18:09:30,2.55
18:09:31,2.55
18:09:32,2.55
18:09:33,2.55
18:09:34,2.55
18:09:35,2.55
18:09:36,2.55
18:09:37,2.55
18:09:38,2.55
18:09:39,2.55
18:09:40,2.55
18:09:41,2.55
18:09:42,2.55
18:09:43,2.55
18:09:44,2.55
18:09:45,2.55
18:09:46,2.55
18:09:47,2.55
18:09:48,2.55
18:09:49,2.55
18:09:50,2.55
18:09:51,2.55
18:09:52,2.55
18:09:53,2.55
18:09:54,2.55
18:09:55,2.55
18:09:56,2.55
18:09:57,2.55
18:09:58,2.55
18:09:59,2.55
18:10:00,2.55
18:10:01,2.55
18:10:02,2.55
18:10:03,2.55
18:10:04,2.55
18:10:05,2.55
18:10:06,2.55
18:10:07,2.55
18:10:08,2.55
18:10:09,2.55
18:10:10,2.55
18:10:11,2.55
18:10:12,2.55
18:10:13,2.55
18:10:14,2.55
18:10:15,2.55
18:10:16,2.55
18:10:17,2.55
18:10:18,2.55
18:10:19,2.55
18:10:20,2.55
18:10:21,2.55
18:10:22,2.55
18:10:23,2.55
18:10:24,2.55
18:10:25,2.55
18:10:26,2.55
18:10:27,2.55
18:10:28,2.55
18:10:29,2.55
18:10:30,2.55
18:10:31,2.55
18:10:32,2.55
18:10:33,2.55
18:10:34,2.55
18:10:35,2.55
18:10:36,2.55
18:10:37,2.55
18:10:38,2.55
18:10:39,2.55
18:10:40,2.55
18:10:41,2.55
18:10:42,2.55
18:10:43,2.55
18:10:44,2.55
18:10:45,2.55
18:10:46,2.55
18:10:47,2.55
18:10:48,2.55
18:10:49,2.55
18:10:50,2.55
18:10:51,2.55
18:10:52,2.55
18:10:53,2.55
18:10:54,2.55
18:10:55,2.55
18:10:56,2.55
18:10:57,2.55
18:10:58,2.55
18:10:59,2.55
18:11:00,2.55
18:11:01,2.55
18:11:02,2.55
18:11:03,2.55
18:11:04,2.55
18:11:05,2.55
18:11:06,2.55
18:11:07,2.55
18:11:08,2.55
18:11:09,2.55
18:11:10,2.55
18:11:11,2.55
18:11:12,2.55
18:11:13,2.55
18:11:14,2.55
18:11:15,2.55
18:11:16,2.55
18:11:17,2.55
18:11:18,2.55
18:11:19,2.55
18:11:20,2.55
18:11:21,2.55
18:11:22,2.55
18:11:23,2.55
18:11:24,2.55
18:11:25,2.55
18:11:26,2.55
18:11:27,2.55
18:11:28,2.55
18:11:29,2.55
18:11:30,2.55
18:11:31,2.55
18:11:32,2.55
18:11:33,2.55
18:11:34,2.55
18:11:35,2.55
18:11:36,2.55
18:11:37,2.55
18:11:38,2.55
18:11:39,2.55
18:11:40,2.55
18:11:41,2.55
18:11:42,2.55
18:11:43,2.55
18:11:44,2.55
18:11:45,2.55
18:11:46,2.55
18:11:47,2.55
18:11:48,2.55
18:11:49,2.55
18:11:50,2.55
18:11:51,2.55
18:11:52,2.55
18:11:53,2.55
18:11:54,2.55
18:11:55,2.55
18:11:56,2.55
18:11:57,2.55
18:11:58,2.55
18:11:59,2.55
18:12:00,2.55
18:12:01,2.55
18:12:02,2.55
18:12:03,2.55
18:12:04,2.55
18:12:05,2.55
18:12:06,2.55
18:12:07,2.55
18:12:08,2.55
18:12:09,2.55
18:12:10,2.55
18:12:11,2.55
18:12:12,2.55
18:12:13,2.55
18:12:14,2.55
18:12:15,2.55
18:12:16,2.55
18:12:17,2.55
18:12:18,2.55
18:12:19,2.55
18:12:20,2.55
18:12:21,2.55
18:12:22,2.55
18:12:23,2.55
18:12:24,2.55
18:12:25,2.55
18:12:26,2.55
18:12:27,2.55
18:12:28,2.55
18:12:29,2.55
18:12:30,2.55
18:12:31,2.55
18:12:32,2.55
18:12:33,2.55
18:12:34,2.55
18:12:35,2.55
18:12:36,2.55
18:12:37,2.55
18:12:38,2.55
18:12:39,2.55
18:12:40,2.55
18:12:41,2.55
18:12:42,2.55
18:12:43,2.55
18:12:44,2.55
18:12:45,2.55
18:12:46,2.55
18:12:47,2.55
18:12:48,2.55
18:12:49,2.55
18:12:50,2.55
18:12:51,2.55
18:12:52,2.55
18:12:53,2.55
18:12:54,2.55
18:12:55,2.55
18:12:56,2.55
18:12:57,2.55
18:12:58,2.55
18:12:59,2.55
18:13:00,2.55
18:13:01,2.55
18:13:02,2.55
18:13:03,2.55
18:13:04,2.55
18:13:05,2.55
18:13:06,2.55
18:13:07,2.55
18:13:08,2.55
18:13:09,2.55
18:13:10,2.55
18:13:11,2.55
18:13:12,2.55
18:13:13,2.55
18:13:14,2.55
18:13:15,2.55
18:13:16,2.55
18:13:17,2.55
18:13:18,2.55
18:13:19,2.55
18:13:20,2.55
18:13:21,2.55
18:13:22,2.55
18:13:23,2.55
18:13:24,2.55
18:13:25,2.55
18:13:26,2.55
18:13:27,2.55
18:13:28,2.55
18:13:29,2.55
18:13:30,2.55
18:13:31,2.55
18:13:32,2.55
18:13:33,2.55
18:13:34,2.55
18:13:35,2.55
18:13:36,2.55
18:13:37,2.55
18:13:38,2.55
18:13:39,2.55
18:13:40,2.55
18:13:41,2.55
18:13:42,2.55
18:13:43,2.55
18:13:44,2.55
18:13:45,2.55
18:13:46,2.55
18:13:47,2.55
18:13:48,2.55
18:13:49,2.55
18:13:50,2.55
18:13:51,2.55
18:13:52,2.55
18:13:53,2.55
18:13:54,2.55
18:13:55,2.55
18:13:56,2.55
18:13:57,2.55
18:13:58,2.55
18:13:59,2.55
18:14:00,2.55
18:14:01,2.55
18:14:02,2.55
18:14:03,2.55
18:14:04,2.55
18:14:05,2.55
18:14:06,2.55
18:14:07,2.55
18:14:08,2.55
18:14:09,2.55
18:14:10,2.55
18:14:11,2.55
18:14:12,2.55
18:14:13,2.55
18:14:14,2.55
18:14:15,2.55
18:14:16,2.55
18:14:17,2.55
18:14:18,2.55
18:14:19,2.55
18:14:20,2.55
18:14:21,2.55
18:14:22,2.55
18:14:23,2.55
18:14:24,2.55
18:14:25,2.55
18:14:26,2.55
18:14:27,2.55
18:14:28,2.55
18:14:29,2.55
18:14:30,2.55
18:14:31,2.55
18:14:32,2.55
18:14:33,2.55
18:14:34,2.55
18:14:35,2.55
18:14:36,2.55
18:14:37,2.55
18:14:38,2.55
18:14:39,2.55
18:14:40,2.55
18:14:41,2.55
18:14:42,2.55
18:14:43,2.55
18:14:44,2.55
18:14:45,2.55
18:14:46,2.55
18:14:47,2.55
18:14:48,2.55
18:14:49,2.55
18:14:50,2.55
18:14:51,2.55
18:14:52,2.55
18:14:53,2.55
18:14:54,2.55
18:14:55,2.55
18:14:56,2.55
18:14:57,2.55
18:14:58,2.55
18:14:59,2.55
18:15:00,2.55
18:15:01,2.55
18:15:02,2.55
18:15:03,2.55
18:15:04,2.55
18:15:05,2.55
18:15:06,2.55
18:15:07,2.55
18:15:08,2.55
18:15:09,2.55
18:15:10,2.55
18:15:11,2.55
18:15:12,2.55
18:15:13,2.55
18:15:14,2.55
18:15:15,2.55
18:15:16,2.55
18:15:17,2.55
18:15:18,2.55
18:15:19,2.55
18:15:20,2.55
18:15:21,2.55
18:15:22,2.55
18:15:23,2.55
18:15:24,2.55
18:15:25,2.55
18:15:26,2.55
18:15:27,2.55
18:15:28,2.55
18:15:29,2.55
18:15:30,2.55
18:15:31,2.55
18:15:32,2.55
18:15:33,2.55
18:15:34,2.55
18:15:35,2.55
18:15:36,2.55
18:15:37,2.55
18:15:38,2.55
18:15:39,2.55
18:15:40,2.55
18:15:41,2.55
18:15:42,2.55
18:15:43,2.55
18:15:44,2.55
18:15:45,2.55
18:15:46,2.55
18:15:47,2.55
18:15:48,2.55
18:15:49,2.55
18:15:50,2.55
18:15:51,2.55
18:15:52,2.55
18:15:53,2.55
18:15:54,2.55
18:15:55,2.55
18:15:56,2.55
18:15:57,2.55
18:15:58,2.55
18:15:59,2.55
18:16:00,2.55
18:16:01,2.55
18:16:02,2.55
18:16:03,2.55
18:16:04,2.55
18:16:05,2.55
18:16:06,2.55
18:16:07,2.55
18:16:08,2.55
18:16:09,2.55
18:16:10,2.55
18:16:11,2.55
18:16:12,2.55
18:16:13,2.55
18:16:14,2.55
18:16:15,2.55
18:16:16,2.55
18:16:17,2.55
18:16:18,2.55
18:16:19,2.55
18:16:20,2.55
18:16:21,2.55
18:16:22,2.55
18:16:23,2.55
18:16:24,2.55
18:16:25,2.55
18:16:26,2.55
18:16:27,2.55
18:16:28,2.55
18:16:29,2.55
18:16:30,2.55
18:16:31,2.55
18:16:32,2.55
18:16:33,2.55
18:16:34,2.55
18:16:35,2.55
18:16:36,2.55
18:16:37,2.55
18:16:38,2.55
18:16:39,2.55
18:16:40,2.55
18:16:41,2.55
18:16:42,2.55
18:16:43,2.55
18:16:44,2.55
18:16:45,2.55
18:16:46,2.55
18:16:47,2.55
18:16:48,2.55
18:16:49,2.55
18:16:50,2.55
18:16:51,2.55
18:16:52,2.55
18:16:53,2.55
18:16:54,2.55
18:16:55,2.55
18:16:56,2.55
18:16:57,2.55
18:16:58,2.55
18:16:59,2.55
18:17:00,2.55
18:17:01,2.55
18:17:02,2.55
18:17:03,2.55
18:17:04,2.55
18:17:05,2.55
18:17:06,2.55
18:17:07,2.55
18:17:08,2.55
18:17:09,2.55
18:17:10,2.55
18:17:11,2.55
18:17:12,2.55
18:17:13,2.55
18:17:14,2.55
18:17:15,2.55
18:17:16,2.55
18:17:17,2.55
18:17:18,2.55
18:17:19,2.55
18:17:20,2.55
18:17:21,2.55
18:17:22,2.55
18:17:23,2.55
18:17:24,2.55
18:17:25,2.55
18:17:26,2.55
18:17:27,2.55
18:17:28,2.55
18:17:29,2.55
18:17:30,2.55
18:17:31,2.55
18:17:32,2.55
18:17:33,2.55
18:17:34,2.55
18:17:35,2.55
18:17:36,2.55
18:17:37,2.55
18:17:38,2.55
18:17:39,2.55
18:17:40,2.55
18:17:41,2.55
18:17:42,2.55
18:17:43,2.55
18:17:44,2.55
18:17:45,2.55
18:17:46,2.55
18:17:47,2.55
18:17:48,2.55
18:17:49,2.55
18:17:50,2.55
18:17:51,2.55
18:17:52,2.55
18:17:53,2.55
18:17:54,2.55
18:17:55,2.55
18:17:56,2.55
18:17:57,2.55
18:17:58,2.55
18:17:59,2.55
18:18:00,2.55
18:18:01,2.55
18:18:02,2.55
18:18:03,2.55
18:18:04,2.55
18:18:05,2.55
18:18:06,2.55
18:18:07,2.55
18:18:08,2.55
18:18:09,2.55
18:18:10,2.55
18:18:11,2.55
18:18:12,2.55
18:18:13,2.55
18:18:14,2.55
18:18:15,2.55
18:18:16,2.55
18:18:17,2.55
18:18:18,2.55
18:18:19,2.55
18:18:20,2.55
18:18:21,2.55
18:18:22,2.55
18:18:23,2.55
18:18:24,2.55
18:18:25,2.55
18:18:26,2.55
18:18:27,2.55
18:18:28,2.55
18:18:29,2.55
18:18:30,2.55
18:18:31,2.55
18:18:32,2.55
18:18:33,2.55
18:18:34,2.55
18:18:35,2.55
18:18:36,2.55
18:18:37,2.55
18:18:38,2.55
18:18:39,2.55
18:18:40,2.55
18:18:41,2.55
18:18:42,2.55
18:18:43,2.55
18:18:44,2.55
18:18:45,2.55
18:18:46,2.55
18:18:47,2.55
18:18:48,2.55
18:18:49,2.55
18:18:50,2.55
18:18:51,2.55
18:18:52,2.55
18:18:53,2.55
18:18:54,2.55
18:18:55,2.55
18:18:56,2.55
18:18:57,2.55
18:18:58,2.55
18:18:59,2.55
18:19:00,2.55
18:19:01,2.55
18:19:02,2.55
18:19:03,2.55
18:19:04,2.55
18:19:05,2.55
18:19:06,2.55
18:19:07,2.55
18:19:08,2.55
18:19:09,2.55
18:19:10,2.55
18:19:11,2.55
18:19:12,2.55
18:19:13,2.55
18:19:14,2.55
18:19:15,2.55
18:19:16,2.55
18:19:17,2.55
18:19:18,2.55
18:19:19,2.55
18:19:20,2.55
18:19:21,2.55
18:19:22,2.55
18:19:23,2.55
18:19:24,2.55
18:19:25,2.55
18:19:26,2.55
18:19:27,2.55
18:19:28,2.55
18:19:29,2.55
18:19:30,2.55
18:19:31,2.55
18:19:32,2.55
18:19:33,2.55
18:19:34,2.55
18:19:35,2.55
18:19:36,2.55
18:19:37,2.55
18:19:38,2.55
18:19:39,2.55
18:19:40,2.55
18:19:41,2.55
18:19:42,2.55
18:19:43,2.55
18:19:44,2.55
18:19:45,2.55
18:19:46,2.55
18:19:47,2.55
18:19:48,2.55
18:19:49,2.55
18:19:50,2.55
18:19:51,2.55
18:19:52,2.55
18:19:53,2.55
18:19:54,2.55
18:19:55,2.55
18:19:56,2.55
18:19:57,2.55
18:19:58,2.55
18:19:59,2.55
18:20:00,2.55
18:20:01,2.55
18:20:02,2.55
18:20:03,2.55
18:20:04,2.55
18:20:05,2.55
18:20:06,2.55
18:20:07,2.55
18:20:08,2.55
18:20:09,2.55
18:20:10,2.55
18:20:11,2.55
18:20:12,2.55
18:20:13,2.55
18:20:14,2.55
18:20:15,2.55
18:20:16,2.55
18:20:17,2.55
18:20:18,2.55
18:20:19,2.55
18:20:20,2.55
18:20:21,2.55
18:20:22,2.55
18:20:23,2.55
18:20:24,2.55
18:20:25,2.55
18:20:26,2.55
18:20:27,2.55
18:20:28,2.55
18:20:29,2.55
18:20:30,2.55
18:20:31,2.55
18:20:32,2.55
18:20:33,2.55
18:20:34,2.55
18:20:35,2.55
18:20:36,2.55
18:20:37,2.55
18:20:38,2.55
18:20:39,2.55
18:20:40,2.55
18:20:41,2.55
18:20:42,2.55
18:20:43,2.55
18:20:44,2.55
18:20:45,2.55
18:20:46,2.55
18:20:47,2.55
18:20:48,2.55
18:20:49,2.55
18:20:50,2.55
18:20:51,2.55
18:20:52,2.55
18:20:53,2.55
18:20:54,2.55
18:20:55,2.55
18:20:56,2.55
18:20:57,2.55
18:20:58,2.55
18:20:59,2.55
18:21:00,2.55
18:21:01,2.55
18:21:02,2.55
18:21:03,2.55
18:21:04,2.55
18:21:05,2.55
18:21:06,2.55
18:21:07,2.55
18:21:08,2.55
18:21:09,2.55
18:21:10,2.55
18:21:11,2.55
18:21:12,2.55
18:21:13,2.55
18:21:14,2.55
18:21:15,2.55
18:21:16,2.55
18:21:17,2.55
18:21:18,2.55
18:21:19,2.55
18:21:20,2.55
18:21:21,2.55
18:21:22,2.55
18:21:23,2.55
18:21:24,2.55
18:21:25,2.55
18:21:26,2.55
18:21:27,2.55
18:21:28,2.55
18:21:29,2.55
18:21:30,2.55
18:21:31,2.55
18:21:32,2.55
18:21:33,2.55
18:21:34,2.55
18:21:35,2.55
18:21:36,2.55
18:21:37,2.55
18:21:38,2.55
18:21:39,2.55
18:21:40,2.55
18:21:41,2.55
18:21:42,2.55
18:21:43,2.55
18:21:44,2.55
18:21:45,2.55
18:21:46,2.55
18:21:47,2.55
18:21:48,2.55
18:21:49,2.55
18:21:50,2.55
18:21:51,2.55
18:21:52,2.55
18:21:53,2.55
18:21:54,2.55
18:21:55,2.55
18:21:56,2.55
18:21:57,2.55
18:21:58,2.55
18:21:59,2.55
18:22:00,2.55
18:22:01,2.55
18:22:02,2.55
18:22:03,2.55
18:22:04,2.55
18:22:05,2.55
18:22:06,2.55
18:22:07,2.55
18:22:08,2.55
18:22:09,2.55
18:22:10,2.55
18:22:11,2.55
18:22:12,2.55
18:22:13,2.55
18:22:14,2.55
18:22:15,2.55
18:22:16,2.55
18:22:17,2.55
18:22:18,2.55
18:22:19,2.55
18:22:20,2.55
18:22:21,2.55
18:22:22,2.55
18:22:23,2.55
18:22:24,2.55
18:22:25,2.55
18:22:26,2.55
18:22:27,2.55
18:22:28,2.55
18:22:29,2.55
18:22:30,2.55
18:22:31,2.55
18:22:32,2.55
18:22:33,2.55
18:22:34,2.55
18:22:35,2.55
18:22:36,2.55
18:22:37,2.55
18:22:38,2.55
18:22:39,2.55
18:22:40,2.55
18:22:41,2.55
18:22:42,2.55
18:22:43,2.55
18:22:44,2.55
18:22:45,2.55
18:22:46,2.55
18:22:47,2.55
18:22:48,2.55
18:22:49,2.55
18:22:50,2.55
18:22:51,2.55
18:22:52,2.55
18:22:53,2.55
18:22:54,2.55
18:22:55,2.55
18:22:56,2.55
18:22:57,2.55
18:22:58,2.55
18:22:59,2.55
18:23:00,2.55
18:23:01,2.55
18:23:02,2.55
18:23:03,2.55
18:23:04,2.55
18:23:05,2.55
18:23:06,2.55
18:23:07,2.55
18:23:08,2.55
18:23:09,2.55
18:23:10,2.55
18:23:11,2.55
18:23:12,2.55
18:23:13,2.55
18:23:14,2.55
18:23:15,2.55
18:23:16,2.55
18:23:17,2.55
18:23:18,2.55
18:23:19,2.55
18:23:20,2.55
18:23:21,2.55
18:23:22,2.55
18:23:23,2.55
18:23:24,2.55
18:23:25,2.55
18:23:26,2.55
18:23:27,2.55
18:23:28,2.55
18:23:29,2.55
18:23:30,2.55
18:23:31,2.55
18:23:32,2.55
18:23:33,2.55
18:23:34,2.55
18:23:35,2.55
18:23:36,2.55
18:23:37,2.55
18:23:38,2.55
18:23:39,2.55
18:23:40,6.86733333333
18:23:41,11.1846666667
18:23:42,15.502
18:23:43,19.8193333333
18:23:44,24.1366666667
18:23:45,28.454
18:23:46,32.7713333333
18:23:47,37.0886666667
18:23:48,41.406
18:23:49,45.7233333333
18:23:50,50.0406666667
18:23:51,54.358
18:23:52,58.6753333333
18:23:53,62.9926666667
18:23:54,67.31
18:23:55,67.4811764706
18:23:56,67.6523529412
18:23:57,67.8235294118
18:23:58,67.9947058824
18:23:59,68.1658823529
18:24:00,68.3370588235
18:24:01,68.5082352941
18:24:02,68.6794117647
18:24:03,68.8505882353
18:24:04,69.0217647059
18:24:05,69.1929411765
18:24:06,69.3641176471
18:24:07,69.5352941176
18:24:08,69.7064705882
18:24:09,69.8776470588
18:24:10,70.0488235294
18:24:11,70.22
18:24:12,70.22
18:24:13,70.22
18:24:14,70.22
18:24:15,70.22
18:24:16,70.22
18:24:17,70.22
18:24:18,70.22
18:24:19,70.22
18:24:20,70.22
18:24:21,70.22
18:24:22,70.22
18:24:23,70.22
18:24:24,70.22
18:24:25,70.22
18:24:26,70.22
18:24:27,69.3386666667
18:24:28,68.4573333333
18:24:29,67.576
18:24:30,66.6946666667
18:24:31,65.8133333333
18:24:32,64.932
18:24:33,64.0506666667
18:24:34,63.1693333333
18:24:35,62.288
18:24:36,61.4066666667
18:24:37,60.5253333333
18:24:38,59.644
18:24:39,58.7626666667
18:24:40,57.8813333333
18:24:41,57.0
18:24:42,53.596875
18:24:43,50.19375
18:24:44,46.790625
18:24:45,43.3875
18:24:46,39.984375
18:24:47,36.58125
18:24:48,33.178125
18:24:49,29.775
18:24:50,26.371875
18:24:51,22.96875
18:24:52,19.565625
18:24:53,16.1625
18:24:54,12.759375
18:24:55,9.35625
18:24:56,5.953125
18:24:57,2.55
18:24:58,2.55
18:24:59,2.55
18:25:00,2.55
18:25:01,2.55
18:25:02,2.55
18:25:03,2.55
18:25:04,2.55
18:25:05,2.55
18:25:06,2.55
18:25:07,2.55
18:25:08,2.55
18:25:09,2.55
18:25:10,2.55
18:25:11,2.55
18:25:12,2.55
18:25:13,2.55
18:25:14,2.55
18:25:15,2.55
18:25:16,2.55
18:25:17,2.55
18:25:18,2.55
18:25:19,2.55
18:25:20,2.55
18:25:21,2.55
18:25:22,2.55
18:25:23,2.55
18:25:24,2.55
18:25:25,2.55
18:25:26,2.55
18:25:27,2.55
18:25:28,2.55
18:25:29,2.55
18:25:30,2.55
18:25:31,2.55
18:25:32,2.55
18:25:33,2.55
18:25:34,2.55
18:25:35,2.55
18:25:36,2.55
18:25:37,2.55
18:25:38,2.55
18:25:39,2.55
18:25:40,2.55
18:25:41,2.55
18:25:42,2.55
18:25:43,2.55
18:25:44,2.55
18:25:45,2.55
18:25:46,2.55
18:25:47,2.55
18:25:48,2.55
18:25:49,2.55
18:25:50,2.55
18:25:51,2.55
18:25:52,2.55
18:25:53,2.55
18:25:54,2.55
18:25:55,2.55
18:25:56,2.55
18:25:57,2.55
18:25:58,5.886875
18:25:59,9.22375
18:26:00,12.560625
18:26:01,15.8975
18:26:02,19.234375
18:26:03,22.57125
18:26:04,25.908125
18:26:05,29.245
18:26:06,32.581875
18:26:07,35.91875
18:26:08,39.255625
18:26:09,42.5925
18:26:10,45.929375
18:26:11,49.26625
18:26:12,52.603125
18:26:13,55.94
18:26:14,55.6925
18:26:15,55.445
18:26:16,55.1975
18:26:17,54.95
18:26:18,54.7025
18:26:19,54.455
18:26:20,54.2075
18:26:21,53.96
18:26:22,53.7125
18:26:23,53.465
18:26:24,53.2175
18:26:25,52.97
18:26:26,52.7225
18:26:27,52.475
18:26:28,52.2275
18:26:29,51.98
18:26:30,48.4492857143
18:26:31,44.9185714286
18:26:32,41.3878571429
18:26:33,37.8571428571
18:26:34,34.3264285714
18:26:35,30.7957142857
18:26:36,27.265
18:26:37,23.7342857143
18:26:38,20.2035714286
18:26:39,16.6728571429
18:26:40,13.1421428571
18:26:41,9.61142857143
18:26:42,6.08071428571
18:26:43,2.55
18:26:44,6.67058823529
18:26:45,10.7911764706
18:26:46,14.9117647059
18:26:47,19.0323529412
18:26:48,23.1529411765
18:26:49,27.2735294118
18:26:50,31.3941176471
18:26:51,35.5147058824
18:26:52,39.6352941176
18:26:53,43.7558823529
18:26:54,47.8764705882
18:26:55,51.9970588235
18:26:56,56.1176470588
18:26:57,60.2382352941
18:26:58,64.3588235294
18:26:59,68.4794117647
18:27:00,72.6
18:27:01,72.0886666667
18:27:02,71.5773333333
18:27:03,71.066
18:27:04,70.5546666667
18:27:05,70.0433333333
18:27:06,69.532
18:27:07,69.0206666667
18:27:08,68.5093333333
18:27:09,67.998
18:27:10,67.4866666667
18:27:11,66.9753333333
18:27:12,66.464
18:27:13,65.9526666667
18:27:14,65.4413333333
18:27:15,64.93
18:27:16,63.2206666667
18:27:17,61.5113333333
18:27:18,59.802
18:27:19,58.0926666667
18:27:20,56.3833333333
18:27:21,54.674
18:27:22,52.9646666667
18:27:23,51.2553333333
18:27:24,49.546
18:27:25,47.8366666667
18:27:26,46.1273333333
18:27:27,44.418
18:27:28,42.7086666667
18:27:29,40.9993333333
18:27:30,39.29
18:27:31,37.1288235294
18:27:32,34.9676470588
18:27:33,32.8064705882
18:27:34,30.6452941176
18:27:35,28.4841176471
18:27:36,26.3229411765
18:27:37,24.1617647059
18:27:38,22.0005882353
18:27:39,19.8394117647
18:27:40,17.6782352941
18:27:41,15.5170588235
18:27:42,13.3558823529
18:27:43,11.1947058824
18:27:44,9.03352941176
18:27:45,6.87235294118
18:27:46,4.71117647059
18:27:47,2.55
18:27:48,2.55
18:27:49,2.55
18:27:50,2.55
18:27:51,2.55
18:27:52,2.55
18:27:53,2.55
18:27:54,2.55
18:27:55,2.55
18:27:56,2.55
18:27:57,2.55
18:27:58,2.55
18:27:59,2.55
18:28:00,2.55
18:28:01,2.55
18:28:02,2.55
18:28:03,2.55
18:28:04,2.55
18:28:05,2.55
18:28:06,2.55
18:28:07,2.55
18:28:08,2.55
18:28:09,2.55
18:28:10,2.55
18:28:11,2.55
18:28:12,2.55
18:28:13,2.55
18:28:14,2.55
18:28:15,2.55
18:28:16,2.55
18:28:17,2.55
18:28:18,2.55
18:28:19,2.55
18:28:20,2.55
18:28:21,2.55
18:28:22,2.55
18:28:23,2.55
18:28:24,2.55
18:28:25,2.55
18:28:26,2.55
18:28:27,2.55
18:28:28,2.55
18:28:29,2.55
18:28:30,2.55
18:28:31,2.55
18:28:32,2.55
18:28:33,2.55
18:28:34,2.55
18:28:35,2.55
18:28:36,2.55
18:28:37,2.55
18:28:38,2.55
18:28:39,2.55
18:28:40,2.55
18:28:41,2.55
18:28:42,2.55
18:28:43,2.55
18:28:44,2.55
18:28:45,2.55
18:28:46,2.55
18:28:47,2.55
18:28:48,2.55
18:28:49,2.55
18:28:50,2.55
18:28:51,2.55
18:28:52,2.55
18:28:53,2.55
18:28:54,2.55
18:28:55,2.55
18:28:56,2.55
18:28:57,2.55
18:28:58,2.55
18:28:59,2.55
18:29:00,2.55
18:29:01,2.55
18:29:02,2.55
18:29:03,2.55
18:29:04,2.55
18:29:05,2.55
18:29:06,2.55
18:29:07,2.55
18:29:08,2.55
18:29:09,2.55
18:29:10,2.55
18:29:11,2.55
18:29:12,2.55
18:29:13,2.55
18:29:14,2.55
18:29:15,2.55
18:29:16,2.55
18:29:17,2.55
18:29:18,2.55
18:29:19,2.55
18:29:20,2.55
18:29:21,2.55
18:29:22,2.55
18:29:23,2.55
18:29:24,2.55
18:29:25,2.55
18:29:26,2.55
18:29:27,2.55
18:29:28,2.55
18:29:29,2.55
18:29:30,2.55
18:29:31,2.55
18:29:32,2.55
18:29:33,2.55
18:29:34,2.55
18:29:35,2.55
18:29:36,2.55
18:29:37,2.55
18:29:38,2.55
18:29:39,2.55
18:29:40,2.55
18:29:41,2.55
18:29:42,2.55
18:29:43,2.55
18:29:44,2.55
18:29:45,2.55
18:29:46,2.55
18:29:47,2.55
18:29:48,2.55
18:29:49,2.55
18:29:50,2.55
18:29:51,2.55
18:29:52,2.55
18:29:53,2.55
18:29:54,2.55
18:29:55,2.55
18:29:56,2.55
18:29:57,2.55
18:29:58,2.55
18:29:59,2.55
18:30:00,2.55
18:30:01,2.55
18:30:02,2.55
18:30:03,2.55
18:30:04,2.55
18:30:05,2.55
18:30:06,2.55
18:30:07,2.55
18:30:08,2.55
18:30:09,2.55
18:30:10,2.55
18:30:11,2.55
18:30:12,2.55
18:30:13,2.55
18:30:14,2.55
18:30:15,2.55
18:30:16,2.55
18:30:17,2.55
18:30:18,2.55
18:30:19,2.55
18:30:20,2.55
18:30:21,2.55
18:30:22,2.55
18:30:23,2.55
18:30:24,2.55
18:30:25,2.55
18:30:26,2.55
18:30:27,2.55
18:30:28,2.55
18:30:29,2.55
18:30:30,2.55
18:30:31,2.55
18:30:32,2.55
18:30:33,2.55
18:30:34,2.55
18:30:35,2.55
18:30:36,2.55
18:30:37,2.55
18:30:38,2.55
18:30:39,2.55
18:30:40,2.55
18:30:41,2.55
18:30:42,2.55
18:30:43,2.55
18:30:44,2.55
18:30:45,2.55
18:30:46,2.55
18:30:47,2.55
18:30:48,2.55
18:30:49,2.55
18:30:50,2.55
18:30:51,2.55
18:30:52,2.55
18:30:53,2.55
18:30:54,2.55
18:30:55,2.55
18:30:56,2.55
18:30:57,2.55
18:30:58,2.55
18:30:59,2.55
18:31:00,2.55
18:31:01,2.55
18:31:02,2.55
18:31:03,2.55
18:31:04,2.55
18:31:05,2.55
18:31:06,2.55
18:31:07,2.55
18:31:08,2.55
18:31:09,2.55
18:31:10,2.55
18:31:11,2.55
18:31:12,2.55
18:31:13,2.55
18:31:14,2.55
18:31:15,2.55
18:31:16,2.55
18:31:17,2.55
18:31:18,2.55
18:31:19,2.55
18:31:20,2.55
18:31:21,2.55
18:31:22,2.55
18:31:23,2.55
18:31:24,2.55
18:31:25,2.55
18:31:26,2.55
18:31:27,2.55
18:31:28,2.55
18:31:29,2.55
18:31:30,2.55
18:31:31,2.55
18:31:32,2.55
18:31:33,2.55
18:31:34,2.55
18:31:35,2.55
18:31:36,2.55
18:31:37,2.55
18:31:38,2.55
18:31:39,2.55
18:31:40,2.55
18:31:41,2.55
18:31:42,2.55
18:31:43,2.55
18:31:44,2.55
18:31:45,2.55
18:31:46,2.55
18:31:47,2.55
18:31:48,2.55
18:31:49,2.55
18:31:50,2.55
18:31:51,2.55
18:31:52,2.55
18:31:53,2.55
18:31:54,2.55
18:31:55,2.55
18:31:56,2.55
18:31:57,2.55
18:31:58,2.55
18:31:59,2.55
18:32:00,2.55
18:32:01,2.55
18:32:02,2.55
18:32:03,2.55
18:32:04,2.55
18:32:05,2.55
18:32:06,2.55
18:32:07,2.55
18:32:08,2.55
18:32:09,2.55
18:32:10,2.55
18:32:11,2.55
18:32:12,2.55
18:32:13,2.55
18:32:14,2.55
18:32:15,2.55
18:32:16,2.55
18:32:17,2.55
18:32:18,2.55
18:32:19,2.55
18:32:20,2.55
18:32:21,2.55
18:32:22,2.55
18:32:23,2.55
18:32:24,2.55
18:32:25,2.55
18:32:26,2.55
18:32:27,2.55
18:32:28,2.55
18:32:29,2.55
18:32:30,2.55
18:32:31,2.55
18:32:32,2.55
18:32:33,2.55
18:32:34,2.55
18:32:35,2.55
18:32:36,2.55
18:32:37,2.55
18:32:38,2.55
18:32:39,2.55
18:32:40,2.55
18:32:41,2.55
18:32:42,2.55
18:32:43,2.55
18:32:44,2.55
18:32:45,2.55
18:32:46,2.55
18:32:47,2.55
18:32:48,2.55
18:32:49,2.55
18:32:50,2.55
18:32:51,2.55
18:32:52,2.55
18:32:53,2.55
18:32:54,2.55
18:32:55,2.55
18:32:56,2.55
18:32:57,2.55
18:32:58,2.55
18:32:59,2.55
18:33:00,2.55
18:33:01,2.55
18:33:02,2.55
18:33:03,2.55
18:33:04,2.55
18:33:05,2.55
18:33:06,2.55
18:33:07,2.55
18:33:08,2.55
18:33:09,2.55
18:33:10,2.55
18:33:11,2.55
18:33:12,2.55
18:33:13,2.55
18:33:14,2.55
18:33:15,2.55
18:33:16,2.55
18:33:17,2.55
18:33:18,2.55
18:33:19,2.55
18:33:20,2.55
18:33:21,2.55
18:33:22,2.55
18:33:23,2.55
18:33:24,2.55
18:33:25,2.55
18:33:26,2.55
18:33:27,2.55
18:33:28,2.55
18:33:29,2.55
18:33:30,2.55
18:33:31,2.55
18:33:32,2.55
18:33:33,2.55
18:33:34,2.55
18:33:35,2.55
18:33:36,2.55
18:33:37,2.55
18:33:38,2.55
18:33:39,2.55
18:33:40,2.55
18:33:41,2.55
18:33:42,2.55
18:33:43,2.55
18:33:44,2.55
18:33:45,2.55
18:33:46,2.55
18:33:47,2.55
18:33:48,2.55
18:33:49,2.55
18:33:50,2.55
18:33:51,2.55
18:33:52,2.55
18:33:53,2.55
18:33:54,2.55
18:33:55,2.55
18:33:56,2.55
18:33:57,2.55
18:33:58,2.55
18:33:59,2.55
18:34:00,2.55
18:34:01,2.55
18:34:02,2.55
18:34:03,2.55
18:34:04,2.55
18:34:05,2.55
18:34:06,2.55
18:34:07,2.55
18:34:08,2.55
18:34:09,2.55
18:34:10,2.55
18:34:11,2.55
18:34:12,2.55
18:34:13,2.55
18:34:14,2.55
18:34:15,2.55
18:34:16,2.55
18:34:17,2.55
18:34:18,2.55
18:34:19,2.55
18:34:20,2.55
18:34:21,2.55
18:34:22,2.55
18:34:23,2.55
18:34:24,2.55
18:34:25,2.55
18:34:26,2.55
18:34:27,2.55
18:34:28,2.55
18:34:29,2.55
18:34:30,2.55
18:34:31,2.55
18:34:32,2.55
18:34:33,2.55
18:34:34,2.55
18:34:35,2.55
18:34:36,2.55
18:34:37,2.55
18:34:38,2.55
18:34:39,2.55
18:34:40,2.55
18:34:41,2.55
18:34:42,2.55
18:34:43,2.55
18:34:44,2.55
18:34:45,2.55
18:34:46,2.55
18:34:47,2.55
18:34:48,2.55
18:34:49,2.55
18:34:50,2.55
18:34:51,2.55
18:34:52,2.55
18:34:53,2.55
18:34:54,2.55
18:34:55,2.55
18:34:56,2.55
18:34:57,2.55
18:34:58,2.55
18:34:59,2.55
18:35:00,2.55
18:35:01,2.55
18:35:02,2.55
18:35:03,2.55
18:35:04,2.55
18:35:05,5.193125
18:35:06,7.83625
18:35:07,10.479375
18:35:08,13.1225
18:35:09,15.765625
18:35:10,18.40875
18:35:11,21.051875
18:35:12,23.695
18:35:13,26.338125
18:35:14,28.98125
18:35:15,31.624375
18:35:16,34.2675
18:35:17,36.910625
18:35:18,39.55375
18:35:19,42.196875
18:35:20,44.84
18:35:21,47.5713333333
18:35:22,50.3026666667
18:35:23,53.034
18:35:24,55.7653333333
18:35:25,58.4966666667
18:35:26,61.228
18:35:27,63.9593333333
18:35:28,66.6906666667
18:35:29,69.422
18:35:30,72.1533333333
18:35:31,74.8846666667
18:35:32,77.616
18:35:33,80.3473333333
18:35:34,83.0786666667
18:35:35,85.81
18:35:36,84.1006666667
18:35:37,82.3913333333
18:35:38,80.682
18:35:39,78.9726666667
18:35:40,77.2633333333
18:35:41,75.554
18:35:42,73.8446666667
18:35:43,72.1353333333
18:35:44,70.426
18:35:45,68.7166666667
18:35:46,67.0073333333
18:35:47,65.298
18:35:48,63.5886666667
18:35:49,61.8793333333
18:35:50,60.17
18:35:51,56.56875
18:35:52,52.9675
18:35:53,49.36625
18:35:54,45.765
18:35:55,42.16375
18:35:56,38.5625
18:35:57,34.96125
18:35:58,31.36
18:35:59,27.75875
18:36:00,24.1575
18:36:01,20.55625
18:36:02,16.955
18:36:03,13.35375
18:36:04,9.7525
18:36:05,6.15125
18:36:06,2.55
18:36:07,2.55
18:36:08,2.55
18:36:09,2.55
18:36:10,2.55
18:36:11,2.55
18:36:12,2.55
18:36:13,2.55
18:36:14,2.55
18:36:15,2.55
18:36:16,2.55
18:36:17,2.55
18:36:18,2.55
18:36:19,2.55
18:36:20,2.55
18:36:21,6.81466666667
18:36:22,11.0793333333
18:36:23,15.344
18:36:24,19.6086666667
18:36:25,23.8733333333
18:36:26,28.138
18:36:27,32.4026666667
18:36:28,36.6673333333
18:36:29,40.932
18:36:30,45.1966666667
18:36:31,49.4613333333
18:36:32,53.726
18:36:33,57.9906666667
18:36:34,62.2553333333
18:36:35,66.52
18:36:36,63.3635294118
18:36:37,60.2070588235
18:36:38,57.0505882353
18:36:39,53.8941176471
18:36:40,50.7376470588
18:36:41,47.5811764706
18:36:42,44.4247058824
18:36:43,41.2682352941
18:36:44,38.1117647059
18:36:45,34.9552941176
18:36:46,31.7988235294
18:36:47,28.6423529412
18:36:48,25.4858823529
18:36:49,22.3294117647
18:36:50,19.1729411765
18:36:51,16.0164705882
18:36:52,12.86
18:36:53,12.1726666667
18:36:54,11.4853333333
18:36:55,10.798
18:36:56,10.1106666667
18:36:57,9.42333333333
18:36:58,8.736
18:36:59,8.04866666667
18:37:00,7.36133333333
18:37:01,6.674
18:37:02,5.98666666667
18:37:03,5.29933333333
18:37:04,4.612
18:37:05,3.92466666667
18:37:06,3.23733333333
18:37:07,2.55
18:37:08,2.55
18:37:09,2.55
18:37:10,2.55
18:37:11,2.55
18:37:12,2.55
18:37:13,2.55
18:37:14,2.55
18:37:15,2.55
18:37:16,2.55
18:37:17,2.55
18:37:18,2.55
18:37:19,2.55
18:37:20,2.55
18:37:21,2.55
18:37:22,2.55
18:37:23,2.55
18:37:24,2.55
18:37:25,2.55
18:37:26,2.55
18:37:27,2.55
18:37:28,2.55
18:37:29,2.55
18:37:30,2.55
18:37:31,2.55
18:37:32,2.55
18:37:33,2.55
18:37:34,2.55
18:37:35,2.55
18:37:36,2.55
18:37:37,2.55
18:37:38,2.55
18:37:39,2.55
18:37:40,2.55
18:37:41,2.55
18:37:42,2.55
18:37:43,2.55
18:37:44,2.55
18:37:45,2.55
18:37:46,2.55
18:37:47,2.55
18:37:48,2.55
18:37:49,2.55
18:37:50,2.55
18:37:51,2.55
18:37:52,2.55
18:37:53,2.55
18:37:54,2.55
18:37:55,2.55
18:37:56,2.55
18:37:57,2.55
18:37:58,2.55
18:37:59,2.55
18:38:00,2.55
18:38:01,2.55
18:38:02,2.55
18:38:03,2.55
18:38:04,2.55
18:38:05,2.55
18:38:06,2.55
18:38:07,2.55
18:38:08,2.55
18:38:09,2.55
18:38:10,2.55
18:38:11,2.55
18:38:12,2.55
18:38:13,2.55
18:38:14,2.55
18:38:15,2.55
18:38:16,2.55
18:38:17,2.55
18:38:18,2.55
18:38:19,2.55
18:38:20,2.55
18:38:21,2.55
18:38:22,2.55
18:38:23,2.55
18:38:24,2.55
18:38:25,2.55
18:38:26,2.55
18:38:27,2.55
18:38:28,2.55
18:38:29,2.55
18:38:30,2.55
18:38:31,2.55
18:38:32,2.55
18:38:33,2.55
18:38:34,2.55
18:38:35,2.55
18:38:36,2.55
18:38:37,2.55
18:38:38,2.55
18:38:39,2.55
18:38:40,2.55
18:38:41,2.55
18:38:42,2.55
18:38:43,2.55
18:38:44,2.55
18:38:45,2.55
18:38:46,2.55
18:38:47,2.55
18:38:48,2.55
18:38:49,2.55
18:38:50,2.55
18:38:51,2.55
18:38:52,2.55
18:38:53,2.55
18:38:54,2.55
18:38:55,2.55
18:38:56,2.55
18:38:57,2.55
18:38:58,2.55
18:38:59,2.55
18:39:00,2.55
18:39:01,2.55
18:39:02,2.55
18:39:03,2.55
18:39:04,2.55
18:39:05,2.55
18:39:06,2.55
18:39:07,2.55
18:39:08,2.55
18:39:09,2.55
18:39:10,2.55
18:39:11,2.55
18:39:12,2.55
18:39:13,2.55
18:39:14,2.55
18:39:15,2.55
18:39:16,2.55
18:39:17,2.55
18:39:18,2.55
18:39:19,2.55
18:39:20,2.55
18:39:21,2.55
18:39:22,2.55
18:39:23,2.55
18:39:24,2.55
18:39:25,2.55
18:39:26,2.55
18:39:27,2.55
18:39:28,2.55
18:39:29,2.55
18:39:30,2.55
18:39:31,2.55
18:39:32,2.55
18:39:33,2.55
18:39:34,2.55
18:39:35,2.55
18:39:36,2.55
18:39:37,2.55
18:39:38,2.55
18:39:39,2.55
18:39:40,2.55
18:39:41,2.55
18:39:42,2.55
18:39:43,2.55
18:39:44,2.55
18:39:45,2.55
18:39:46,2.55
18:39:47,2.55
18:39:48,2.55
18:39:49,2.55
18:39:50,2.55
18:39:51,2.55
18:39:52,2.55
18:39:53,2.55
18:39:54,2.55
18:39:55,2.55
18:39:56,2.55
18:39:57,2.55
18:39:58,2.55
18:39:59,2.55
18:40:00,2.55
18:40:01,2.55
18:40:02,2.55
18:40:03,2.55
18:40:04,2.55
18:40:05,2.55
18:40:06,2.55
18:40:07,2.55
18:40:08,2.55
18:40:09,2.55
18:40:10,2.55
18:40:11,2.55
18:40:12,2.55
18:40:13,2.55
18:40:14,2.55
18:40:15,2.55
18:40:16,2.55
18:40:17,2.55
18:40:18,2.55
18:40:19,2.55
18:40:20,2.55
18:40:21,2.55
18:40:22,2.55
18:40:23,2.55
18:40:24,2.55
18:40:25,2.55
18:40:26,2.55
18:40:27,2.55
18:40:28,2.55
18:40:29,2.55
18:40:30,2.55
18:40:31,2.55
18:40:32,2.55
18:40:33,2.55
18:40:34,2.55
18:40:35,2.55
18:40:36,2.55
18:40:37,2.55
18:40:38,2.55
18:40:39,2.55
18:40:40,2.55
18:40:41,8.15333333333
18:40:42,13.7566666667
18:40:43,19.36
18:40:44,24.9633333333
18:40:45,30.5666666667
18:40:46,36.17
18:40:47,41.7733333333
18:40:48,47.3766666667
18:40:49,52.98
18:40:50,58.5833333333
18:40:51,64.1866666667
18:40:52,69.79
18:40:53,75.3933333333
18:40:54,80.9966666667
18:40:55,86.6
18:40:56,86.4685714286
18:40:57,86.3371428571
18:40:58,86.2057142857
18:40:59,86.0742857143
18:41:00,85.9428571429
18:41:01,85.8114285714
18:41:02,85.68
18:41:03,85.5485714286
18:41:04,85.4171428571
18:41:05,85.2857142857
18:41:06,85.1542857143
18:41:07,85.0228571429
18:41:08,84.8914285714
18:41:09,84.76
18:41:10,82.991875
18:41:11,81.22375
18:41:12,79.455625
18:41:13,77.6875
18:41:14,75.919375
18:41:15,74.15125
18:41:16,72.383125
18:41:17,70.615
18:41:18,68.846875
18:41:19,67.07875
18:41:20,65.310625
18:41:21,63.5425
18:41:22,61.774375
18:41:23,60.00625
18:41:24,58.238125
18:41:25,56.47
18:41:26,53.2982352941
18:41:27,50.1264705882
18:41:28,46.9547058824
18:41:29,43.7829411765
18:41:30,40.6111764706
18:41:31,37.4394117647
18:41:32,34.2676470588
18:41:33,31.0958823529
18:41:34,27.9241176471
18:41:35,24.7523529412
18:41:36,21.5805882353
18:41:37,18.4088235294
18:41:38,15.2370588235
18:41:39,12.0652941176
18:41:40,8.89352941176
18:41:41,5.72176470588
18:41:42,2.55
18:41:43,2.55
18:41:44,2.55
18:41:45,2.55
18:41:46,2.55
18:41:47,2.55
18:41:48,2.55
18:41:49,2.55
18:41:50,2.55
18:41:51,2.55
18:41:52,2.55
18:41:53,2.55
18:41:54,2.55
18:41:55,2.55
18:41:56,2.55
18:41:57,2.55
18:41:58,2.55
18:41:59,2.55
18:42:00,2.55
18:42:01,2.55
18:42:02,2.55
18:42:03,2.55
18:42:04,2.55
18:42:05,2.55
18:42:06,2.55
18:42:07,2.55
18:42:08,2.55
18:42:09,2.55
18:42:10,2.55
18:42:11,2.55
18:42:12,2.55
18:42:13,2.55
18:42:14,2.55
18:42:15,2.55
18:42:16,2.55
18:42:17,2.55
18:42:18,2.55
18:42:19,2.55
18:42:20,2.55
18:42:21,2.55
18:42:22,2.55
18:42:23,2.55
18:42:24,2.55
18:42:25,2.55
18:42:26,2.55
18:42:27,2.55
18:42:28,2.55
18:42:29,2.55
18:42:30,2.55
18:42:31,2.55
18:42:32,2.55
18:42:33,2.55
18:42:34,2.55
18:42:35,2.55
18:42:36,2.55
18:42:37,2.55
18:42:38,2.55
18:42:39,2.55
18:42:40,2.55
18:42:41,2.55
18:42:42,2.55
18:42:43,2.55
18:42:44,2.55
18:42:45,2.55
18:42:46,2.55
18:42:47,2.55
18:42:48,2.55
18:42:49,2.55
18:42:50,2.55
18:42:51,2.55
18:42:52,2.55
18:42:53,2.55
18:42:54,2.55
18:42:55,2.55
18:42:56,2.55
18:42:57,2.55
18:42:58,2.55
18:42:59,2.55
18:43:00,2.55
18:43:01,2.55
18:43:02,2.55
18:43:03,2.55
18:43:04,2.55
18:43:05,2.55
18:43:06,2.55
18:43:07,2.55
18:43:08,2.55
18:43:09,2.55
18:43:10,2.55
18:43:11,2.55
18:43:12,2.55
18:43:13,2.55
18:43:14,2.55
18:43:15,2.55
18:43:16,2.55
18:43:17,2.55
18:43:18,2.55
18:43:19,2.55
18:43:20,2.55
18:43:21,2.55
18:43:22,2.55
18:43:23,2.55
18:43:24,2.55
18:43:25,2.55
18:43:26,2.55
18:43:27,2.55
18:43:28,2.55
18:43:29,2.55
18:43:30,2.55
18:43:31,2.55
18:43:32,2.55
18:43:33,2.55
18:43:34,2.55
18:43:35,2.55
18:43:36,2.55
18:43:37,2.55
18:43:38,2.55
18:43:39,2.55
18:43:40,2.55
18:43:41,2.55
18:43:42,2.55
18:43:43,2.55
18:43:44,2.55
18:43:45,2.55
18:43:46,2.55
18:43:47,2.55
18:43:48,2.55
18:43:49,2.55
18:43:50,2.55
18:43:51,2.55
18:43:52,2.55
18:43:53,2.55
18:43:54,2.55
18:43:55,2.55
18:43:56,2.55
18:43:57,2.55
18:43:58,2.55
18:43:59,2.55
18:44:00,2.55
18:44:01,2.55
18:44:02,2.55
18:44:03,2.55
18:44:04,2.55
18:44:05,2.55
18:44:06,2.55
18:44:07,2.55
18:44:08,2.55
18:44:09,2.55
18:44:10,2.55
18:44:11,2.55
18:44:12,2.55
18:44:13,2.55
18:44:14,2.55
18:44:15,2.55
18:44:16,2.55
18:44:17,2.55
18:44:18,2.55
18:44:19,2.55
18:44:20,2.55
18:44:21,2.55
18:44:22,2.55
18:44:23,2.55
18:44:24,2.55
18:44:25,2.55
18:44:26,2.55
18:44:27,2.55
18:44:28,2.55
18:44:29,2.55
18:44:30,2.55
18:44:31,2.55
18:44:32,2.55
18:44:33,2.55
18:44:34,2.55
18:44:35,2.55
18:44:36,2.55
18:44:37,2.55
18:44:38,2.55
18:44:39,2.55
18:44:40,2.55
18:44:41,2.55
18:44:42,2.55
18:44:43,2.55
18:44:44,2.55
18:44:45,2.55
18:44:46,2.55
18:44:47,2.55
18:44:48,2.55
18:44:49,2.55
18:44:50,2.55
18:44:51,2.55
18:44:52,2.55
18:44:53,2.55
18:44:54,2.55
18:44:55,2.55
18:44:56,2.55
18:44:57,2.55
18:44:58,2.55
18:44:59,2.55
18:45:00,2.55
18:45:01,2.55
18:45:02,2.55
18:45:03,2.55
18:45:04,2.55
18:45:05,2.55
18:45:06,2.55
18:45:07,2.55
18:45:08,2.55
18:45:09,2.55
18:45:10,2.55
18:45:11,2.55
18:45:12,2.55
18:45:13,2.55
18:45:14,2.55
18:45:15,2.55
18:45:16,2.55
18:45:17,2.55
18:45:18,2.55
18:45:19,2.55
18:45:20,2.55
18:45:21,2.55
18:45:22,2.55
18:45:23,2.55
18:45:24,2.55
18:45:25,2.55
18:45:26,2.55
18:45:27,2.55
18:45:28,2.55
18:45:29,2.55
18:45:30,2.55
18:45:31,2.55
18:45:32,2.55
18:45:33,2.55
18:45:34,2.55
18:45:35,2.55
18:45:36,2.55
18:45:37,2.55
18:45:38,2.55
18:45:39,2.55
18:45:40,2.55
18:45:41,2.55
18:45:42,2.55
18:45:43,2.55
18:45:44,2.55
18:45:45,2.55
18:45:46,2.55
18:45:47,2.55
18:45:48,2.55
18:45:49,2.55
18:45:50,2.55
18:45:51,2.55
18:45:52,2.55
18:45:53,2.55
18:45:54,2.55
18:45:55,2.55
18:45:56,2.55
18:45:57,2.55
18:45:58,2.55
18:45:59,2.55
18:46:00,2.55
18:46:01,2.55
18:46:02,2.55
18:46:03,2.55
18:46:04,2.55
18:46:05,2.55
18:46:06,2.55
18:46:07,2.55
18:46:08,2.55
18:46:09,2.55
18:46:10,2.55
18:46:11,2.55
18:46:12,2.55
18:46:13,2.55
18:46:14,2.55
18:46:15,2.55
18:46:16,2.55
18:46:17,2.55
18:46:18,2.55
18:46:19,2.55
18:46:20,2.55
18:46:21,2.55
18:46:22,2.55
18:46:23,2.55
18:46:24,2.55
18:46:25,2.55
18:46:26,2.55
18:46:27,2.55
18:46:28,2.55
18:46:29,2.55
18:46:30,2.55
18:46:31,2.55
18:46:32,2.55
18:46:33,2.55
18:46:34,2.55
18:46:35,2.55
18:46:36,2.55
18:46:37,2.55
18:46:38,2.55
18:46:39,2.55
18:46:40,2.55
18:46:41,2.55
18:46:42,2.55
18:46:43,2.55
18:46:44,2.55
18:46:45,2.55
18:46:46,2.55
18:46:47,2.55
18:46:48,2.55
18:46:49,2.55
18:46:50,2.55
18:46:51,2.55
18:46:52,2.55
18:46:53,2.55
18:46:54,2.55
18:46:55,2.55
18:46:56,2.55
18:46:57,2.55
18:46:58,2.55
18:46:59,2.55
18:47:00,2.55
18:47:01,2.55
18:47:02,2.55
18:47:03,2.55
18:47:04,7.07277777778
18:47:05,11.5955555556
18:47:06,16.1183333333
18:47:07,20.6411111111
18:47:08,25.1638888889
18:47:09,29.6866666667
18:47:10,34.2094444444
18:47:11,38.7322222222
18:47:12,43.255
18:47:13,47.7777777778
18:47:14,52.3005555556
18:47:15,56.8233333333
18:47:16,61.3461111111
18:47:17,65.8688888889
18:47:18,70.3916666667
18:47:19,74.9144444444
18:47:20,79.4372222222
18:47:21,83.96
18:47:22,82.286
18:47:23,80.612
18:47:24,78.938
18:47:25,77.264
18:47:26,75.59
18:47:27,73.916
18:47:28,72.242
18:47:29,70.568
18:47:30,68.894
18:47:31,67.22
18:47:32,65.546
18:47:33,63.872
18:47:34,62.198
18:47:35,60.524
18:47:36,58.85
18:47:37,55.0966666667
18:47:38,51.3433333333
18:47:39,47.59
18:47:40,43.8366666667
18:47:41,40.0833333333
18:47:42,36.33
18:47:43,32.5766666667
18:47:44,28.8233333333
18:47:45,25.07
18:47:46,21.3166666667
18:47:47,17.5633333333
18:47:48,13.81
18:47:49,10.0566666667
18:47:50,6.30333333333
18:47:51,2.55
18:47:52,2.55
18:47:53,2.55
18:47:54,2.55
18:47:55,2.55
18:47:56,2.55
18:47:57,2.55
18:47:58,2.55
18:47:59,2.55
18:48:00,2.55
18:48:01,2.55
18:48:02,2.55
18:48:03,2.55
18:48:04,2.55
18:48:05,2.55
18:48:06,2.55
18:48:07,2.55
18:48:08,2.55
18:48:09,2.55
18:48:10,2.55
18:48:11,2.55
18:48:12,2.55
18:48:13,2.55
18:48:14,2.55
18:48:15,2.55
18:48:16,2.55
18:48:17,2.55
18:48:18,2.55
18:48:19,2.55
18:48:20,2.55
18:48:21,2.55
18:48:22,2.55
18:48:23,2.55
18:48:24,2.55
18:48:25,2.55
18:48:26,2.55
18:48:27,2.55
18:48:28,2.55
18:48:29,2.55
18:48:30,2.55
18:48:31,2.55
18:48:32,2.55
18:48:33,2.55
18:48:34,2.55
18:48:35,2.55
18:48:36,2.55
18:48:37,2.55
18:48:38,2.55
18:48:39,2.55
18:48:40,2.55
18:48:41,2.55
18:48:42,2.55
18:48:43,2.55
18:48:44,2.55
18:48:45,2.55
18:48:46,2.55
18:48:47,2.55
18:48:48,2.55
18:48:49,2.55
18:48:50,2.55
18:48:51,2.55
18:48:52,2.55
18:48:53,2.55
18:48:54,2.55
18:48:55,2.55
18:48:56,2.55
18:48:57,2.55
18:48:58,2.55
18:48:59,2.55
18:49:00,2.55
18:49:01,2.55
18:49:02,2.55
18:49:03,2.55
18:49:04,2.55
18:49:05,2.55
18:49:06,2.55
18:49:07,2.55
18:49:08,2.55
18:49:09,2.55
18:49:10,2.55
18:49:11,2.55
18:49:12,2.55
18:49:13,2.55
18:49:14,2.55
18:49:15,2.55
18:49:16,2.55
18:49:17,2.55
18:49:18,2.55
18:49:19,2.55
18:49:20,2.55
18:49:21,2.55
18:49:22,2.55
18:49:23,2.55
18:49:24,2.55
18:49:25,2.55
18:49:26,2.55
18:49:27,2.55
18:49:28,2.55
18:49:29,2.55
18:49:30,2.55
18:49:31,2.55
18:49:32,2.55
18:49:33,2.55
18:49:34,2.55
18:49:35,2.55
18:49:36,2.55
18:49:37,2.55
18:49:38,2.55
18:49:39,2.55
18:49:40,2.55
18:49:41,2.55
18:49:42,2.55
18:49:43,2.55
18:49:44,2.55
18:49:45,2.55
18:49:46,2.55
18:49:47,2.55
18:49:48,2.55
18:49:49,2.55
18:49:50,2.55
18:49:51,2.55
18:49:52,2.55
18:49:53,2.55
18:49:54,2.55
18:49:55,2.55
18:49:56,2.55
18:49:57,2.55
18:49:58,2.55
18:49:59,2.55
18:50:00,2.55
18:50:01,2.55
18:50:02,2.55
18:50:03,2.55
18:50:04,2.55
18:50:05,2.55
18:50:06,2.55
18:50:07,2.55
18:50:08,2.55
18:50:09,2.55
18:50:10,2.55
18:50:11,2.55
18:50:12,2.55
18:50:13,2.55
18:50:14,2.55
18:50:15,2.55
18:50:16,2.55
18:50:17,2.55
18:50:18,2.55
18:50:19,2.55
18:50:20,2.55
18:50:21,2.55
18:50:22,2.55
18:50:23,2.55
18:50:24,2.55
18:50:25,2.55
18:50:26,2.55
18:50:27,2.55
18:50:28,2.55
18:50:29,2.55
18:50:30,2.55
18:50:31,2.55
18:50:32,2.55
18:50:33,2.55
18:50:34,2.55
18:50:35,2.55
18:50:36,2.55
18:50:37,2.55
18:50:38,2.55
18:50:39,2.55
18:50:40,2.55
18:50:41,2.55
18:50:42,2.55
18:50:43,2.55
18:50:44,2.55
18:50:45,2.55
18:50:46,2.55
18:50:47,2.55
18:50:48,2.55
18:50:49,2.55
18:50:50,2.55
18:50:51,2.55
18:50:52,2.55
18:50:53,2.55
18:50:54,2.55
18:50:55,2.55
18:50:56,2.55
18:50:57,2.55
18:50:58,2.55
18:50:59,2.55
18:51:00,2.55
18:51:01,2.55
18:51:02,2.55
18:51:03,2.55
18:51:04,2.55
18:51:05,2.55
18:51:06,2.55
18:51:07,2.55
18:51:08,2.55
18:51:09,2.55
18:51:10,2.55
18:51:11,2.55
18:51:12,2.55
18:51:13,2.55
18:51:14,2.55
18:51:15,2.55
18:51:16,2.55
18:51:17,2.55
18:51:18,2.55
18:51:19,2.55
18:51:20,2.55
18:51:21,2.55
18:51:22,2.55
18:51:23,2.55
18:51:24,2.55
18:51:25,2.55
18:51:26,2.55
18:51:27,2.55
18:51:28,2.55
18:51:29,2.55
18:51:30,2.55
18:51:31,2.55
18:51:32,2.55
18:51:33,2.55
18:51:34,2.55
18:51:35,2.55
18:51:36,2.55
18:51:37,2.55
18:51:38,2.55
18:51:39,2.55
18:51:40,2.55
18:51:41,2.55
18:51:42,2.55
18:51:43,2.55
18:51:44,2.55
18:51:45,2.55
18:51:46,2.55
18:51:47,2.55
18:51:48,2.55
18:51:49,2.55
18:51:50,2.55
18:51:51,2.55
18:51:52,2.55
18:51:53,2.55
18:51:54,2.55
18:51:55,2.55
18:51:56,2.55
18:51:57,2.55
18:51:58,2.55
18:51:59,2.55
18:52:00,2.55
18:52:01,2.55
18:52:02,2.55
18:52:03,2.55
18:52:04,2.55
18:52:05,2.55
18:52:06,2.55
18:52:07,2.55
18:52:08,2.55
18:52:09,2.55
18:52:10,2.55
18:52:11,2.55
18:52:12,2.55
18:52:13,2.55
18:52:14,2.55
18:52:15,2.55
18:52:16,2.55
18:52:17,2.55
18:52:18,2.55
18:52:19,2.55
18:52:20,2.55
18:52:21,2.55
18:52:22,2.55
18:52:23,2.55
18:52:24,2.55
18:52:25,2.55
18:52:26,2.55
18:52:27,2.55
18:52:28,2.55
18:52:29,2.55
18:52:30,2.55
18:52:31,2.55
18:52:32,2.55
18:52:33,2.55
18:52:34,2.55
18:52:35,2.55
18:52:36,2.55
18:52:37,2.55
18:52:38,2.55
18:52:39,2.55
18:52:40,2.55
18:52:41,2.55
18:52:42,2.55
18:52:43,2.55
18:52:44,2.55
18:52:45,2.55
18:52:46,2.55
18:52:47,2.55
18:52:48,2.55
18:52:49,2.55
18:52:50,2.55
18:52:51,2.55
18:52:52,2.55
18:52:53,2.55
18:52:54,2.55
18:52:55,2.55
18:52:56,2.55
18:52:57,2.55
18:52:58,2.55
18:52:59,2.55
18:53:00,2.55
18:53:01,2.55
18:53:02,2.55
18:53:03,2.55
18:53:04,2.55
18:53:05,2.55
18:53:06,2.55
18:53:07,2.55
18:53:08,2.55
18:53:09,2.55
18:53:10,2.55
18:53:11,2.55
18:53:12,2.55
18:53:13,2.55
18:53:14,2.55
18:53:15,2.55
18:53:16,2.55
18:53:17,2.55
18:53:18,2.55
18:53:19,2.55
18:53:20,2.55
18:53:21,2.55
18:53:22,2.55
18:53:23,2.55
18:53:24,2.55
18:53:25,2.55
18:53:26,2.55
18:53:27,2.55
18:53:28,2.55
18:53:29,2.55
18:53:30,2.55
18:53:31,2.55
18:53:32,2.55
18:53:33,2.55
18:53:34,2.55
18:53:35,2.55
18:53:36,2.55
18:53:37,2.55
18:53:38,2.55
18:53:39,2.55
18:53:40,2.55
18:53:41,2.55
18:53:42,2.55
18:53:43,2.55
18:53:44,2.55
18:53:45,2.55
18:53:46,2.55
18:53:47,2.55
18:53:48,2.55
18:53:49,2.55
18:53:50,2.55
18:53:51,2.55
18:53:52,2.55
18:53:53,2.55
18:53:54,2.55
18:53:55,2.55
18:53:56,2.55
18:53:57,2.55
18:53:58,2.55
18:53:59,2.55
18:54:00,2.55
18:54:01,2.55
18:54:02,2.55
18:54:03,2.55
18:54:04,2.55
18:54:05,2.55
18:54:06,2.55
18:54:07,2.55
18:54:08,2.55
18:54:09,2.55
18:54:10,2.55
18:54:11,2.55
18:54:12,2.55
18:54:13,2.55
18:54:14,2.55
18:54:15,2.55
18:54:16,2.55
18:54:17,2.55
18:54:18,2.55
18:54:19,2.55
18:54:20,2.55
18:54:21,2.55
18:54:22,2.55
18:54:23,2.55
18:54:24,2.55
18:54:25,2.55
18:54:26,2.55
18:54:27,2.55
18:54:28,2.55
18:54:29,2.55
18:54:30,2.55
18:54:31,2.55
18:54:32,2.55
18:54:33,2.55
18:54:34,2.55
18:54:35,2.55
18:54:36,2.55
18:54:37,2.55
18:54:38,2.55
18:54:39,2.55
18:54:40,2.55
18:54:41,2.55
18:54:42,2.55
18:54:43,2.55
18:54:44,2.55
18:54:45,2.55
18:54:46,2.55
18:54:47,2.55
18:54:48,2.55
18:54:49,2.55
18:54:50,2.55
18:54:51,2.55
18:54:52,2.55
18:54:53,2.55
18:54:54,2.55
18:54:55,2.55
18:54:56,2.55
18:54:57,2.55
18:54:58,2.55
18:54:59,2.55
18:55:00,2.55
18:55:01,2.55
18:55:02,2.55
18:55:03,2.55
18:55:04,2.55
18:55:05,2.55
18:55:06,2.55
18:55:07,2.55
18:55:08,2.55
18:55:09,2.55
18:55:10,2.55
18:55:11,2.55
18:55:12,2.55
18:55:13,2.55
18:55:14,2.55
18:55:15,2.55
18:55:16,2.55
18:55:17,2.55
18:55:18,2.55
18:55:19,2.55
18:55:20,2.55
18:55:21,2.55
18:55:22,2.55
18:55:23,2.55
18:55:24,2.55
18:55:25,2.55
18:55:26,2.55
18:55:27,2.55
18:55:28,2.55
18:55:29,2.55
18:55:30,2.55
18:55:31,2.55
18:55:32,2.55
18:55:33,2.55
18:55:34,2.55
18:55:35,2.55
18:55:36,2.55
18:55:37,2.55
18:55:38,2.55
18:55:39,2.55
18:55:40,2.55
18:55:41,2.55
18:55:42,2.55
18:55:43,2.55
18:55:44,2.55
18:55:45,2.55
18:55:46,2.55
18:55:47,2.55
18:55:48,2.55
18:55:49,2.55
18:55:50,2.55
18:55:51,2.55
18:55:52,2.55
18:55:53,2.55
18:55:54,2.55
18:55:55,2.55
18:55:56,2.55
18:55:57,2.55
18:55:58,2.55
18:55:59,2.55
18:56:00,2.55
18:56:01,2.55
18:56:02,2.55
18:56:03,2.55
18:56:04,2.55
18:56:05,2.55
18:56:06,2.55
18:56:07,2.55
18:56:08,2.55
18:56:09,2.55
18:56:10,2.55
18:56:11,2.55
18:56:12,2.55
18:56:13,2.55
18:56:14,2.55
18:56:15,2.55
18:56:16,2.55
18:56:17,2.55
18:56:18,2.55
18:56:19,2.55
18:56:20,2.55
18:56:21,2.55
18:56:22,2.55
18:56:23,2.55
18:56:24,2.55
18:56:25,2.55
18:56:26,2.55
18:56:27,2.55
18:56:28,2.55
18:56:29,2.55
18:56:30,2.55
18:56:31,2.55
18:56:32,2.55
18:56:33,2.55
18:56:34,2.55
18:56:35,2.55
18:56:36,2.55
18:56:37,2.55
18:56:38,2.55
18:56:39,2.55
18:56:40,2.55
18:56:41,2.55
18:56:42,2.55
18:56:43,2.55
18:56:44,2.55
18:56:45,2.55
18:56:46,2.55
18:56:47,2.55
18:56:48,2.55
18:56:49,2.55
18:56:50,2.55
18:56:51,2.55
18:56:52,2.55
18:56:53,2.55
18:56:54,2.55
18:56:55,2.55
18:56:56,2.55
18:56:57,2.55
18:56:58,2.55
18:56:59,2.55
18:57:00,2.55
18:57:01,2.55
18:57:02,2.55
18:57:03,2.55
18:57:04,2.55
18:57:05,2.55
18:57:06,2.55
18:57:07,2.55
18:57:08,2.55
18:57:09,2.55
18:57:10,2.55
18:57:11,2.55
18:57:12,2.55
18:57:13,2.55
18:57:14,2.55
18:57:15,2.55
18:57:16,2.55
18:57:17,2.55
18:57:18,2.55
18:57:19,2.55
18:57:20,2.55
18:57:21,2.55
18:57:22,2.55
18:57:23,2.55
18:57:24,2.55
18:57:25,2.55
18:57:26,2.55
18:57:27,2.55
18:57:28,2.55
18:57:29,2.55
18:57:30,2.55
18:57:31,2.55
18:57:32,2.55
18:57:33,2.55
18:57:34,2.55
18:57:35,2.55
18:57:36,2.55
18:57:37,2.55
18:57:38,2.55
18:57:39,2.55
18:57:40,2.55
18:57:41,2.55
18:57:42,2.55
18:57:43,2.55
18:57:44,2.55
18:57:45,2.55
18:57:46,2.55
18:57:47,2.55
18:57:48,2.55
18:57:49,2.55
18:57:50,2.55
18:57:51,2.55
18:57:52,2.55
18:57:53,2.55
18:57:54,2.55
18:57:55,2.55
18:57:56,2.55
18:57:57,2.55
18:57:58,2.55
18:57:59,2.55
18:58:00,2.55
18:58:01,2.55
18:58:02,2.55
18:58:03,2.55
18:58:04,2.55
18:58:05,2.55
18:58:06,2.55
18:58:07,2.55
18:58:08,2.55
18:58:09,2.55
18:58:10,2.55
18:58:11,2.55
18:58:12,2.55
18:58:13,2.55
18:58:14,2.55
18:58:15,2.55
18:58:16,2.55
18:58:17,2.55
18:58:18,2.55
18:58:19,2.55
18:58:20,2.55
18:58:21,2.55
18:58:22,2.55
18:58:23,2.55
18:58:24,2.55
18:58:25,2.55
18:58:26,2.55
18:58:27,2.55
18:58:28,2.55
18:58:29,2.55
18:58:30,2.55
18:58:31,2.55
18:58:32,2.55
18:58:33,2.55
18:58:34,2.55
18:58:35,2.55
18:58:36,2.55
18:58:37,2.55
18:58:38,2.55
18:58:39,2.55
18:58:40,2.55
18:58:41,2.55
18:58:42,2.55
18:58:43,2.55
18:58:44,2.55
18:58:45,2.55
18:58:46,2.55
18:58:47,2.55
18:58:48,2.55
18:58:49,2.55
18:58:50,2.55
18:58:51,2.55
18:58:52,2.55
18:58:53,2.55
18:58:54,2.55
18:58:55,2.55
18:58:56,2.55
18:58:57,2.55
18:58:58,2.55
18:58:59,2.55
18:59:00,2.55
18:59:01,2.55
18:59:02,2.55
18:59:03,2.55
18:59:04,2.55
18:59:05,2.55
18:59:06,2.55
18:59:07,2.55
18:59:08,2.55
18:59:09,2.55
18:59:10,2.55
18:59:11,2.55
18:59:12,2.55
18:59:13,2.55
18:59:14,2.55
18:59:15,2.55
18:59:16,2.55
18:59:17,2.55
18:59:18,2.55
18:59:19,2.55
18:59:20,2.55
18:59:21,2.55
18:59:22,2.55
18:59:23,2.55
18:59:24,2.55
18:59:25,2.55
18:59:26,2.55
18:59:27,2.55
18:59:28,2.55
18:59:29,2.55
18:59:30,2.55
18:59:31,2.55
18:59:32,2.55
18:59:33,2.55
18:59:34,2.55
18:59:35,2.55
18:59:36,2.55
18:59:37,2.55
18:59:38,2.55
18:59:39,2.55
18:59:40,2.55
18:59:41,2.55
18:59:42,2.55
18:59:43,2.55
18:59:44,2.55
18:59:45,2.55
18:59:46,2.55
18:59:47,2.55
18:59:48,2.55
18:59:49,2.55
18:59:50,2.55
18:59:51,2.55
18:59:52,2.55
18:59:53,2.55
18:59:54,2.55
18:59:55,2.55
18:59:56,2.55
18:59:57,2.55
18:59:58,2.55
18:59:59,2.55
19:00:00,2.55
19:00:01,2.55
19:00:02,2.55
19:00:03,2.55
19:00:04,2.55
19:00:05,2.55
19:00:06,2.55
19:00:07,2.55
19:00:08,2.55
19:00:09,2.55
19:00:10,2.55
19:00:11,2.55
19:00:12,2.55
19:00:13,2.55
19:00:14,2.55
19:00:15,2.55
19:00:16,2.55
19:00:17,2.55
19:00:18,2.55
19:00:19,2.55
19:00:20,2.55
19:00:21,2.55
19:00:22,2.55
19:00:23,2.55
19:00:24,2.55
19:00:25,2.55
19:00:26,2.55
19:00:27,2.55
19:00:28,2.55
19:00:29,2.55
19:00:30,2.55
19:00:31,2.55
19:00:32,2.55
19:00:33,2.55
19:00:34,2.55
19:00:35,2.55
19:00:36,2.55
19:00:37,2.55
19:00:38,2.55
19:00:39,2.55
19:00:40,2.55
19:00:41,2.55
19:00:42,2.55
19:00:43,2.55
19:00:44,2.55
19:00:45,2.55
19:00:46,2.55
19:00:47,2.55
19:00:48,2.55
19:00:49,2.55
19:00:50,2.55
19:00:51,2.55
19:00:52,2.55
19:00:53,2.55
19:00:54,2.55
19:00:55,2.55
19:00:56,2.55
19:00:57,2.55
19:00:58,2.55
19:00:59,2.55
19:01:00,2.55
19:01:01,2.55
19:01:02,2.55
19:01:03,2.55
19:01:04,2.55
19:01:05,2.55
19:01:06,2.55
19:01:07,2.55
19:01:08,2.55
19:01:09,2.55
19:01:10,2.55
19:01:11,2.55
19:01:12,2.55
19:01:13,2.55
19:01:14,2.55
19:01:15,2.55
19:01:16,2.55
19:01:17,2.55
19:01:18,2.55
19:01:19,2.55
19:01:20,2.55
19:01:21,2.55
19:01:22,2.55
19:01:23,2.55
19:01:24,2.55
19:01:25,2.55
19:01:26,2.55
19:01:27,2.55
19:01:28,2.55
19:01:29,2.55
19:01:30,2.55
19:01:31,2.55
19:01:32,2.55
19:01:33,2.55
19:01:34,2.55
19:01:35,2.55
19:01:36,2.55
19:01:37,2.55
19:01:38,2.55
19:01:39,2.55
19:01:40,2.55
19:01:41,2.55
19:01:42,2.55
19:01:43,2.55
19:01:44,2.55
19:01:45,2.55
19:01:46,2.55
19:01:47,2.55
19:01:48,2.55
19:01:49,2.55
19:01:50,2.55
19:01:51,2.55
19:01:52,2.55
19:01:53,2.55
19:01:54,2.55
19:01:55,2.55
19:01:56,2.55
19:01:57,2.55
19:01:58,2.55
19:01:59,2.55
19:02:00,2.55
19:02:01,2.55
19:02:02,2.55
19:02:03,2.55
19:02:04,2.55
19:02:05,2.55
19:02:06,2.55
19:02:07,2.55
19:02:08,2.55
19:02:09,2.55
19:02:10,2.55
19:02:11,2.55
19:02:12,2.55
19:02:13,2.55
19:02:14,2.55
19:02:15,2.55
19:02:16,2.55
19:02:17,2.55
19:02:18,2.55
19:02:19,2.55
19:02:20,2.55
19:02:21,2.55
19:02:22,2.55
19:02:23,2.55
19:02:24,2.55
19:02:25,2.55
19:02:26,2.55
19:02:27,2.55
19:02:28,2.55
19:02:29,2.55
19:02:30,2.55
19:02:31,2.55
19:02:32,2.55
19:02:33,2.55
19:02:34,2.55
19:02:35,2.55
19:02:36,2.55
19:02:37,2.55
19:02:38,2.55
19:02:39,2.55
19:02:40,2.55
19:02:41,2.55
19:02:42,2.55
19:02:43,2.55
19:02:44,2.55
19:02:45,2.55
19:02:46,2.55
19:02:47,2.55
19:02:48,2.55
19:02:49,2.55
19:02:50,2.55
19:02:51,2.55
19:02:52,2.55
19:02:53,2.55
19:02:54,2.55
19:02:55,2.55
19:02:56,2.55
19:02:57,2.55
19:02:58,2.55
19:02:59,2.55
19:03:00,2.55
19:03:01,2.55
19:03:02,2.55
19:03:03,2.55
19:03:04,2.55
19:03:05,2.55
19:03:06,2.55
19:03:07,2.55
19:03:08,2.55
19:03:09,2.55
19:03:10,2.55
19:03:11,2.55
19:03:12,2.55
19:03:13,2.55
19:03:14,2.55
19:03:15,2.55
19:03:16,2.55
19:03:17,2.55
19:03:18,2.55
19:03:19,2.55
19:03:20,2.55
19:03:21,2.55
19:03:22,2.55
19:03:23,2.55
19:03:24,2.55
19:03:25,2.55
19:03:26,2.55
19:03:27,2.55
19:03:28,2.55
19:03:29,2.55
19:03:30,2.55
19:03:31,2.55
19:03:32,2.55
19:03:33,2.55
19:03:34,2.55
19:03:35,2.55
19:03:36,2.55
19:03:37,2.55
19:03:38,2.55
19:03:39,2.55
19:03:40,2.55
19:03:41,2.55
19:03:42,2.55
19:03:43,2.55
19:03:44,2.55
19:03:45,2.55
19:03:46,2.55
19:03:47,2.55
19:03:48,2.55
19:03:49,2.55
19:03:50,2.55
19:03:51,2.55
19:03:52,2.55
19:03:53,2.55
19:03:54,2.55
19:03:55,2.55
19:03:56,2.55
19:03:57,2.55
19:03:58,2.55
19:03:59,2.55
19:04:00,2.55
19:04:01,2.55
19:04:02,2.55
19:04:03,2.55
19:04:04,2.55
19:04:05,2.55
19:04:06,2.55
19:04:07,2.55
19:04:08,2.55
19:04:09,2.55
19:04:10,2.55
19:04:11,2.55
19:04:12,2.55
19:04:13,2.55
19:04:14,2.55
19:04:15,2.55
19:04:16,2.55
19:04:17,2.55
19:04:18,2.55
19:04:19,2.55
19:04:20,2.55
19:04:21,2.55
19:04:22,2.55
19:04:23,2.55
19:04:24,2.55
19:04:25,2.55
19:04:26,2.55
19:04:27,2.55
19:04:28,2.55
19:04:29,2.55
19:04:30,2.55
19:04:31,2.55
19:04:32,2.55
19:04:33,2.55
19:04:34,2.55
19:04:35,2.55
19:04:36,2.55
19:04:37,2.55
19:04:38,2.55
19:04:39,2.55
19:04:40,2.55
19:04:41,2.55
19:04:42,2.55
19:04:43,2.55
19:04:44,2.55
19:04:45,2.55
19:04:46,2.55
19:04:47,2.55
19:04:48,2.55
19:04:49,2.55
19:04:50,2.55
19:04:51,2.55
19:04:52,2.55
19:04:53,2.55
19:04:54,2.55
19:04:55,2.55
19:04:56,2.55
19:04:57,2.55
19:04:58,2.55
19:04:59,2.55
19:05:00,2.55
19:05:01,2.55
19:05:02,2.55
19:05:03,2.55
19:05:04,2.55
19:05:05,2.55
19:05:06,2.55
19:05:07,2.55
19:05:08,2.55
19:05:09,2.55
19:05:10,2.55
19:05:11,2.55
19:05:12,2.55
19:05:13,2.55
19:05:14,2.55
19:05:15,2.55
19:05:16,2.55
19:05:17,2.55
19:05:18,2.55
19:05:19,2.55
19:05:20,2.55
19:05:21,2.55
19:05:22,2.55
19:05:23,2.55
19:05:24,2.55
19:05:25,2.55
19:05:26,2.55
19:05:27,2.55
19:05:28,2.55
19:05:29,2.55
19:05:30,2.55
19:05:31,2.55
19:05:32,2.55
19:05:33,2.55
19:05:34,2.55
19:05:35,2.55
19:05:36,2.55
19:05:37,2.55
19:05:38,2.55
19:05:39,2.55
19:05:40,2.55
19:05:41,2.55
19:05:42,2.55
19:05:43,2.55
19:05:44,2.55
19:05:45,2.55
19:05:46,2.55
19:05:47,2.55
19:05:48,2.55
19:05:49,2.55
19:05:50,2.55
19:05:51,2.55
19:05:52,2.55
19:05:53,2.55
19:05:54,2.55
19:05:55,2.55
19:05:56,2.55
19:05:57,2.55
19:05:58,2.55
19:05:59,2.55
19:06:00,2.55
19:06:01,2.55
19:06:02,2.55
19:06:03,2.55
19:06:04,2.55
19:06:05,2.55
19:06:06,2.55
19:06:07,2.55
19:06:08,2.55
19:06:09,2.55
19:06:10,2.55
19:06:11,2.55
19:06:12,2.55
19:06:13,2.55
19:06:14,2.55
19:06:15,2.55
19:06:16,2.55
19:06:17,2.55
19:06:18,2.55
19:06:19,2.55
19:06:20,2.55
19:06:21,2.55
19:06:22,2.55
19:06:23,2.55
19:06:24,2.55
19:06:25,2.55
19:06:26,2.55
19:06:27,2.55
19:06:28,2.55
19:06:29,2.55
19:06:30,2.55
19:06:31,2.55
19:06:32,2.55
19:06:33,2.55
19:06:34,2.55
19:06:35,2.55
19:06:36,2.55
19:06:37,2.55
19:06:38,2.55
19:06:39,2.55
19:06:40,2.55
19:06:41,2.55
19:06:42,2.55
19:06:43,2.55
19:06:44,2.55
19:06:45,2.55
19:06:46,2.55
19:06:47,2.55
19:06:48,2.55
19:06:49,2.55
19:06:50,2.55
19:06:51,2.55
19:06:52,2.55
19:06:53,2.55
19:06:54,2.55
19:06:55,2.55
19:06:56,2.55
19:06:57,2.55
19:06:58,2.55
19:06:59,2.55
19:07:00,2.55
19:07:01,2.55
19:07:02,2.55
19:07:03,2.55
19:07:04,2.55
19:07:05,2.55
19:07:06,2.55
19:07:07,2.55
19:07:08,2.55
19:07:09,2.55
19:07:10,2.55
19:07:11,2.55
19:07:12,2.55
19:07:13,2.55
19:07:14,2.55
19:07:15,2.55
19:07:16,2.55
19:07:17,2.55
19:07:18,2.55
19:07:19,2.55
19:07:20,2.55
19:07:21,2.55
19:07:22,2.55
19:07:23,2.55
19:07:24,2.55
19:07:25,2.55
19:07:26,2.55
19:07:27,2.55
19:07:28,2.55
19:07:29,2.55
19:07:30,2.55
19:07:31,2.55
19:07:32,2.55
19:07:33,2.55
19:07:34,2.55
19:07:35,2.55
19:07:36,2.55
19:07:37,2.55
19:07:38,2.55
19:07:39,2.55
19:07:40,2.55
19:07:41,2.55
19:07:42,2.55
19:07:43,2.55
19:07:44,2.55
19:07:45,2.55
19:07:46,2.55
19:07:47,2.55
19:07:48,2.55
19:07:49,2.55
19:07:50,2.55
19:07:51,2.55
19:07:52,2.55
19:07:53,2.55
19:07:54,2.55
19:07:55,2.55
19:07:56,2.55
19:07:57,2.55
19:07:58,2.55
19:07:59,2.55
19:08:00,2.55
19:08:01,2.55
19:08:02,2.55
19:08:03,2.55
19:08:04,2.55
19:08:05,2.55
19:08:06,2.55
19:08:07,2.55
19:08:08,2.55
19:08:09,2.55
19:08:10,2.55
19:08:11,2.55
19:08:12,2.55
19:08:13,2.55
19:08:14,2.55
19:08:15,2.55
19:08:16,2.55
19:08:17,2.55
19:08:18,2.55
19:08:19,2.55
19:08:20,2.55
19:08:21,2.55
19:08:22,2.55
19:08:23,2.55
19:08:24,2.55
19:08:25,2.55
19:08:26,2.55
19:08:27,2.55
19:08:28,2.55
19:08:29,2.55
19:08:30,2.55
19:08:31,2.55
19:08:32,2.55
19:08:33,2.55
19:08:34,2.55
19:08:35,2.55
19:08:36,2.55
19:08:37,2.55
19:08:38,2.55
19:08:39,2.55
19:08:40,2.55
19:08:41,2.55
19:08:42,2.55
19:08:43,2.55
19:08:44,2.55
19:08:45,2.55
19:08:46,2.55
19:08:47,2.55
19:08:48,2.55
19:08:49,2.55
19:08:50,2.55
19:08:51,2.55
19:08:52,2.55
19:08:53,2.55
19:08:54,2.55
19:08:55,2.55
19:08:56,2.55
19:08:57,2.55
19:08:58,2.55
19:08:59,2.55
19:09:00,2.55
19:09:01,2.55
19:09:02,2.55
19:09:03,2.55
19:09:04,2.55
19:09:05,2.55
19:09:06,2.55
19:09:07,2.55
19:09:08,2.55
19:09:09,2.55
19:09:10,2.55
19:09:11,2.55
19:09:12,2.55
19:09:13,2.55
19:09:14,2.55
19:09:15,2.55
19:09:16,2.55
19:09:17,2.55
19:09:18,2.55
19:09:19,2.55
19:09:20,2.55
19:09:21,2.55
19:09:22,2.55
19:09:23,2.55
19:09:24,2.55
19:09:25,2.55
19:09:26,2.55
19:09:27,2.55
19:09:28,2.55
19:09:29,2.55
19:09:30,2.55
19:09:31,2.55
19:09:32,2.55
19:09:33,2.55
19:09:34,2.55
19:09:35,2.55
19:09:36,2.55
19:09:37,2.55
19:09:38,2.55
19:09:39,2.55
19:09:40,2.55
19:09:41,2.55
19:09:42,2.55
19:09:43,2.55
19:09:44,2.55
19:09:45,2.55
19:09:46,2.55
19:09:47,2.55
19:09:48,2.55
19:09:49,2.55
19:09:50,2.55
19:09:51,2.55
19:09:52,2.55
19:09:53,2.55
19:09:54,2.55
19:09:55,2.55
19:09:56,2.55
19:09:57,2.55
19:09:58,2.55
19:09:59,2.55
19:10:00,2.55
19:10:01,2.55
19:10:02,2.55
19:10:03,2.55
19:10:04,2.55
19:10:05,2.55
19:10:06,2.55
19:10:07,2.55
19:10:08,2.55
19:10:09,2.55
19:10:10,2.55
19:10:11,2.55
19:10:12,2.55
19:10:13,2.55
19:10:14,2.55
19:10:15,2.55
19:10:16,2.55
19:10:17,2.55
19:10:18,2.55
19:10:19,2.55
19:10:20,2.55
19:10:21,2.55
19:10:22,2.55
19:10:23,2.55
19:10:24,2.55
19:10:25,2.55
19:10:26,2.55
19:10:27,2.55
19:10:28,2.55
19:10:29,2.55
19:10:30,2.55
19:10:31,2.55
19:10:32,2.55
19:10:33,2.55
19:10:34,2.55
19:10:35,2.55
19:10:36,2.55
19:10:37,2.55
19:10:38,2.55
19:10:39,2.55
19:10:40,2.55
19:10:41,2.55
19:10:42,2.55
19:10:43,2.55
19:10:44,2.55
19:10:45,2.55
19:10:46,2.55
19:10:47,2.55
19:10:48,2.55
19:10:49,2.55
19:10:50,2.55
19:10:51,2.55
19:10:52,2.55
19:10:53,2.55
19:10:54,2.55
19:10:55,2.55
19:10:56,2.55
19:10:57,2.55
19:10:58,2.55
19:10:59,2.55
19:11:00,2.55
19:11:01,2.55
19:11:02,2.55
19:11:03,2.55
19:11:04,2.55
19:11:05,2.55
19:11:06,2.55
19:11:07,2.55
19:11:08,2.55
19:11:09,2.55
19:11:10,2.55
19:11:11,2.55
19:11:12,2.55
19:11:13,2.55
19:11:14,2.55
19:11:15,2.55
19:11:16,2.55
19:11:17,2.55
19:11:18,2.55
19:11:19,2.55
19:11:20,2.55
19:11:21,2.55
19:11:22,2.55
19:11:23,2.55
19:11:24,2.55
19:11:25,2.55
19:11:26,2.55
19:11:27,2.55
19:11:28,2.55
19:11:29,2.55
19:11:30,2.55
19:11:31,2.55
19:11:32,2.55
19:11:33,2.55
19:11:34,2.55
19:11:35,2.55
19:11:36,2.55
19:11:37,2.55
19:11:38,2.55
19:11:39,2.55
19:11:40,2.55
19:11:41,2.55
19:11:42,2.55
19:11:43,2.55
19:11:44,2.55
19:11:45,2.55
19:11:46,2.55
19:11:47,2.55
19:11:48,2.55
19:11:49,2.55
19:11:50,2.55
19:11:51,2.55
19:11:52,2.55
19:11:53,2.55
19:11:54,2.55
19:11:55,2.55
19:11:56,2.55
19:11:57,2.55
19:11:58,2.55
19:11:59,2.55
19:12:00,2.55
19:12:01,2.55
19:12:02,2.55
19:12:03,2.55
19:12:04,2.55
19:12:05,2.55
19:12:06,2.55
19:12:07,2.55
19:12:08,2.55
19:12:09,2.55
19:12:10,2.55
19:12:11,2.55
19:12:12,2.55
19:12:13,2.55
19:12:14,2.55
19:12:15,2.55
19:12:16,2.55
19:12:17,2.55
19:12:18,2.55
19:12:19,2.55
19:12:20,2.55
19:12:21,2.55
19:12:22,2.55
19:12:23,2.55
19:12:24,2.55
19:12:25,2.55
19:12:26,2.55
19:12:27,2.55
19:12:28,2.55
19:12:29,2.55
19:12:30,2.55
19:12:31,2.55
19:12:32,2.55
19:12:33,2.55
19:12:34,2.55
19:12:35,2.55
19:12:36,2.55
19:12:37,2.55
19:12:38,2.55
19:12:39,2.55
19:12:40,2.55
19:12:41,2.55
19:12:42,2.55
19:12:43,2.55
19:12:44,2.55
19:12:45,2.55
19:12:46,2.55
19:12:47,2.55
19:12:48,2.55
19:12:49,2.55
19:12:50,2.55
19:12:51,2.55
19:12:52,2.55
19:12:53,2.55
19:12:54,2.55
19:12:55,2.55
19:12:56,2.55
19:12:57,2.55
19:12:58,2.55
19:12:59,2.55
19:13:00,2.55
19:13:01,2.55
19:13:02,2.55
19:13:03,2.55
19:13:04,2.55
19:13:05,2.55
19:13:06,2.55
19:13:07,2.55
19:13:08,2.55
19:13:09,2.55
19:13:10,2.55
19:13:11,2.55
19:13:12,2.55
19:13:13,2.55
19:13:14,2.55
19:13:15,2.55
19:13:16,2.55
19:13:17,2.55
19:13:18,2.55
19:13:19,2.55
19:13:20,2.55
19:13:21,2.55
19:13:22,2.55
19:13:23,2.55
19:13:24,2.55
19:13:25,2.55
19:13:26,2.55
19:13:27,2.55
19:13:28,2.55
19:13:29,2.55
19:13:30,2.55
19:13:31,2.55
19:13:32,2.55
19:13:33,2.55
19:13:34,2.55
19:13:35,2.55
19:13:36,2.55
19:13:37,2.55
19:13:38,2.55
19:13:39,2.55
19:13:40,2.55
19:13:41,2.55
19:13:42,2.55
19:13:43,2.55
19:13:44,2.55
19:13:45,2.55
19:13:46,2.55
19:13:47,2.55
19:13:48,2.55
19:13:49,2.55
19:13:50,2.55
19:13:51,2.55
19:13:52,2.55
19:13:53,2.55
19:13:54,2.55
19:13:55,2.55
19:13:56,2.55
19:13:57,2.55
19:13:58,2.55
19:13:59,2.55
19:14:00,2.55
19:14:01,2.55
19:14:02,2.55
19:14:03,2.55
19:14:04,2.55
19:14:05,2.55
19:14:06,2.55
19:14:07,2.55
19:14:08,2.55
19:14:09,2.55
19:14:10,2.55
19:14:11,2.55
19:14:12,2.55
19:14:13,2.55
19:14:14,2.55
19:14:15,2.55
19:14:16,2.55
19:14:17,2.55
19:14:18,2.55
19:14:19,2.55
19:14:20,2.55
19:14:21,2.55
19:14:22,2.55
19:14:23,2.55
19:14:24,2.55
19:14:25,2.55
19:14:26,2.55
19:14:27,2.55
19:14:28,2.55
19:14:29,2.55
19:14:30,2.55
19:14:31,2.55
19:14:32,2.55
19:14:33,2.55
19:14:34,2.55
19:14:35,2.55
19:14:36,2.55
19:14:37,2.55
19:14:38,2.55
19:14:39,2.55
19:14:40,2.55
19:14:41,2.55
19:14:42,2.55
19:14:43,2.55
19:14:44,2.55
19:14:45,2.55
19:14:46,2.55
19:14:47,2.55
19:14:48,2.55
19:14:49,2.55
19:14:50,2.55
19:14:51,2.55
19:14:52,2.55
19:14:53,2.55
19:14:54,2.55
19:14:55,2.55
19:14:56,2.55
19:14:57,2.55
19:14:58,2.55
19:14:59,2.55
19:15:00,2.55
19:15:01,2.55
19:15:02,2.55
19:15:03,2.55
19:15:04,2.55
19:15:05,2.55
19:15:06,2.55
19:15:07,2.55
19:15:08,2.55
19:15:09,2.55
19:15:10,2.55
19:15:11,2.55
19:15:12,2.55
19:15:13,2.55
19:15:14,2.55
19:15:15,2.55
19:15:16,2.55
19:15:17,2.55
19:15:18,2.55
19:15:19,2.55
19:15:20,2.55
19:15:21,2.55
19:15:22,2.55
19:15:23,2.55
19:15:24,2.55
19:15:25,2.55
19:15:26,2.55
19:15:27,2.55
19:15:28,2.55
19:15:29,2.55
19:15:30,2.55
19:15:31,2.55
19:15:32,2.55
19:15:33,2.55
19:15:34,2.55
19:15:35,2.55
19:15:36,2.55
19:15:37,2.55
19:15:38,2.55
19:15:39,2.55
19:15:40,2.55
19:15:41,2.55
19:15:42,2.55
19:15:43,2.55
19:15:44,2.55
19:15:45,2.55
19:15:46,2.55
19:15:47,2.55
19:15:48,2.55
19:15:49,2.55
19:15:50,2.55
19:15:51,2.55
19:15:52,2.55
19:15:53,2.55
19:15:54,2.55
19:15:55,2.55
19:15:56,2.55
19:15:57,2.55
19:15:58,2.55
19:15:59,2.55
19:16:00,2.55
19:16:01,2.55
19:16:02,2.55
19:16:03,2.55
19:16:04,2.55
19:16:05,2.55
19:16:06,2.55
19:16:07,2.55
19:16:08,2.55
19:16:09,2.55
19:16:10,2.55
19:16:11,2.55
19:16:12,2.55
19:16:13,2.55
19:16:14,2.55
19:16:15,2.55
19:16:16,2.55
19:16:17,2.55
19:16:18,2.55
19:16:19,2.55
19:16:20,2.55
19:16:21,2.55
19:16:22,2.55
19:16:23,2.55
19:16:24,2.55
19:16:25,2.55
19:16:26,2.55
19:16:27,2.55
19:16:28,2.55
19:16:29,2.55
19:16:30,2.55
19:16:31,2.55
19:16:32,2.55
19:16:33,2.55
19:16:34,2.55
19:16:35,2.55
19:16:36,2.55
19:16:37,2.55
19:16:38,2.55
19:16:39,2.55
19:16:40,2.55
19:16:41,2.55
19:16:42,2.55
19:16:43,2.55
19:16:44,2.55
19:16:45,2.55
19:16:46,2.55
19:16:47,2.55
19:16:48,2.55
19:16:49,2.55
19:16:50,2.55
19:16:51,2.55
19:16:52,2.55
19:16:53,2.55
19:16:54,2.55
19:16:55,2.55
19:16:56,2.55
19:16:57,2.55
19:16:58,2.55
19:16:59,2.55
19:17:00,2.55
19:17:01,2.55
19:17:02,2.55
19:17:03,2.55
19:17:04,2.55
19:17:05,2.55
19:17:06,2.55
19:17:07,2.55
19:17:08,2.55
19:17:09,2.55
19:17:10,2.55
19:17:11,2.55
19:17:12,2.55
19:17:13,2.55
19:17:14,2.55
19:17:15,2.55
19:17:16,2.55
19:17:17,2.55
19:17:18,2.55
19:17:19,2.55
19:17:20,2.55
19:17:21,2.55
19:17:22,2.55
19:17:23,2.55
19:17:24,2.55
19:17:25,2.55
19:17:26,2.55
19:17:27,2.55
19:17:28,2.55
19:17:29,2.55
19:17:30,2.55
19:17:31,2.55
19:17:32,2.55
19:17:33,2.55
19:17:34,2.55
19:17:35,2.55
19:17:36,2.55
19:17:37,2.55
19:17:38,2.55
19:17:39,2.55
19:17:40,2.55
19:17:41,2.55
19:17:42,2.55
19:17:43,2.55
19:17:44,2.55
19:17:45,2.55
19:17:46,2.55
19:17:47,2.55
19:17:48,2.55
19:17:49,2.55
19:17:50,2.55
19:17:51,2.55
19:17:52,2.55
19:17:53,2.55
19:17:54,2.55
19:17:55,2.55
19:17:56,2.55
19:17:57,2.55
19:17:58,2.55
19:17:59,2.55
19:18:00,2.55
19:18:01,2.55
19:18:02,2.55
19:18:03,2.55
19:18:04,2.55
19:18:05,2.55
19:18:06,2.55
19:18:07,2.55
19:18:08,2.55
19:18:09,2.55
19:18:10,2.55
19:18:11,2.55
19:18:12,2.55
19:18:13,2.55
19:18:14,2.55
19:18:15,2.55
19:18:16,2.55
19:18:17,2.55
19:18:18,2.55
19:18:19,2.55
19:18:20,2.55
19:18:21,2.55
19:18:22,2.55
19:18:23,2.55
19:18:24,2.55
19:18:25,2.55
19:18:26,2.55
19:18:27,2.55
19:18:28,2.55
19:18:29,2.55
19:18:30,2.55
19:18:31,2.55
19:18:32,2.55
19:18:33,2.55
19:18:34,2.55
19:18:35,2.55
19:18:36,2.55
19:18:37,2.55
19:18:38,2.55
19:18:39,2.55
19:18:40,2.55
19:18:41,2.55
19:18:42,2.55
19:18:43,2.55
19:18:44,2.55
19:18:45,2.55
19:18:46,2.55
19:18:47,2.55
19:18:48,2.55
19:18:49,2.55
19:18:50,2.55
19:18:51,2.55
19:18:52,2.55
19:18:53,2.55
19:18:54,2.55
19:18:55,2.55
19:18:56,2.55
19:18:57,2.55
19:18:58,2.55
19:18:59,2.55
19:19:00,2.55
19:19:01,2.55
19:19:02,2.55
19:19:03,2.55
19:19:04,2.55
19:19:05,2.55
19:19:06,2.55
19:19:07,2.55
19:19:08,2.55
19:19:09,2.55
19:19:10,2.55
19:19:11,2.55
19:19:12,2.55
19:19:13,2.55
19:19:14,2.55
19:19:15,2.55
19:19:16,2.55
19:19:17,2.55
19:19:18,2.55
19:19:19,2.55
19:19:20,2.55
19:19:21,2.55
19:19:22,2.55
19:19:23,2.55
19:19:24,2.55
19:19:25,2.55
19:19:26,2.55
19:19:27,2.55
19:19:28,2.55
19:19:29,2.55
19:19:30,2.55
19:19:31,2.55
19:19:32,2.55
19:19:33,2.55
19:19:34,2.55
19:19:35,2.55
19:19:36,2.55
19:19:37,2.55
19:19:38,2.55
19:19:39,2.55
19:19:40,2.55
19:19:41,2.55
19:19:42,2.55
19:19:43,2.55
19:19:44,2.55
19:19:45,2.55
19:19:46,2.55
19:19:47,2.55
19:19:48,2.55
19:19:49,2.55
19:19:50,2.55
19:19:51,2.55
19:19:52,2.55
19:19:53,2.55
19:19:54,2.55
19:19:55,2.55
19:19:56,2.55
19:19:57,2.55
19:19:58,2.55
19:19:59,2.55
19:20:00,2.55
19:20:01,2.55
19:20:02,2.55
19:20:03,2.55
19:20:04,2.55
19:20:05,2.55
19:20:06,2.55
19:20:07,2.55
19:20:08,2.55
19:20:09,2.55
19:20:10,2.55
19:20:11,2.55
19:20:12,2.55
19:20:13,2.55
19:20:14,2.55
19:20:15,2.55
19:20:16,2.55
19:20:17,2.55
19:20:18,2.55
19:20:19,2.55
19:20:20,2.55
19:20:21,2.55
19:20:22,2.55
19:20:23,2.55
19:20:24,2.55
19:20:25,2.55
19:20:26,2.55
19:20:27,2.55
19:20:28,2.55
19:20:29,2.55
19:20:30,2.55
19:20:31,2.55
19:20:32,2.55
19:20:33,2.55
19:20:34,2.55
19:20:35,2.55
19:20:36,2.55
19:20:37,2.55
19:20:38,2.55
19:20:39,2.55
19:20:40,2.55
19:20:41,2.55
19:20:42,2.55
19:20:43,2.55
19:20:44,2.55
19:20:45,2.55
19:20:46,2.55
19:20:47,2.55
19:20:48,2.55
19:20:49,2.55
19:20:50,2.55
19:20:51,2.55
19:20:52,2.55
19:20:53,2.55
19:20:54,2.55
19:20:55,2.55
19:20:56,2.55
19:20:57,2.55
19:20:58,2.55
19:20:59,2.55
19:21:00,2.55
19:21:01,2.55
19:21:02,2.55
19:21:03,2.55
19:21:04,2.55
19:21:05,7.638125
19:21:06,12.72625
19:21:07,17.814375
19:21:08,22.9025
19:21:09,27.990625
19:21:10,33.07875
19:21:11,38.166875
19:21:12,43.255
19:21:13,48.343125
19:21:14,53.43125
19:21:15,58.519375
19:21:16,63.6075
19:21:17,68.695625
19:21:18,73.78375
19:21:19,78.871875
19:21:20,83.96
19:21:21,83.1846666667
19:21:22,82.4093333333
19:21:23,81.634
19:21:24,80.8586666667
19:21:25,80.0833333333
19:21:26,79.308
19:21:27,78.5326666667
19:21:28,77.7573333333
19:21:29,76.982
19:21:30,76.2066666667
19:21:31,75.4313333333
19:21:32,74.656
19:21:33,73.8806666667
19:21:34,73.1053333333
19:21:35,72.33
19:21:36,70.022
19:21:37,67.714
19:21:38,65.406
19:21:39,63.098
19:21:40,60.79
19:21:41,58.482
19:21:42,56.174
19:21:43,53.866
19:21:44,51.558
19:21:45,49.25
19:21:46,46.942
19:21:47,44.634
19:21:48,42.326
19:21:49,40.018
19:21:50,37.71
19:21:51,35.366
19:21:52,33.022
19:21:53,30.678
19:21:54,28.334
19:21:55,25.99
19:21:56,23.646
19:21:57,21.302
19:21:58,18.958
19:21:59,16.614
19:22:00,14.27
19:22:01,11.926
19:22:02,9.582
19:22:03,7.238
19:22:04,4.894
19:22:05,2.55
19:22:06,2.55
19:22:07,2.55
19:22:08,2.55
19:22:09,2.55
19:22:10,2.55
19:22:11,2.55
19:22:12,2.55
19:22:13,2.55
19:22:14,2.55
19:22:15,2.55
19:22:16,2.55
19:22:17,2.55
19:22:18,2.55
19:22:19,2.55
19:22:20,2.55
19:22:21,2.55
19:22:22,2.55
19:22:23,2.55
19:22:24,2.55
19:22:25,2.55
19:22:26,2.55
19:22:27,2.55
19:22:28,2.55
19:22:29,2.55
19:22:30,2.55
19:22:31,2.55
19:22:32,2.55
19:22:33,2.55
19:22:34,2.55
19:22:35,2.55
19:22:36,2.55
19:22:37,2.55
19:22:38,2.55
19:22:39,2.55
19:22:40,2.55
19:22:41,2.55
19:22:42,2.55
19:22:43,2.55
19:22:44,2.55
19:22:45,2.55
19:22:46,2.55
19:22:47,2.55
19:22:48,2.55
19:22:49,2.55
19:22:50,2.55
19:22:51,2.55
19:22:52,2.55
19:22:53,2.55
19:22:54,2.55
19:22:55,2.55
19:22:56,2.55
19:22:57,2.55
19:22:58,2.55
19:22:59,2.55
19:23:00,2.55
19:23:01,2.55
19:23:02,2.55
19:23:03,2.55
19:23:04,2.55
19:23:05,2.55
19:23:06,2.55
19:23:07,2.55
19:23:08,2.55
19:23:09,2.55
19:23:10,2.55
19:23:11,2.55
19:23:12,2.55
19:23:13,2.55
19:23:14,2.55
19:23:15,2.55
19:23:16,2.55
19:23:17,2.55
19:23:18,2.55
19:23:19,2.55
19:23:20,2.55
19:23:21,2.55
19:23:22,2.55
19:23:23,2.55
19:23:24,2.55
19:23:25,2.55
19:23:26,2.55
19:23:27,2.55
19:23:28,2.55
19:23:29,2.55
19:23:30,2.55
19:23:31,2.55
19:23:32,2.55
19:23:33,2.55
19:23:34,2.55
19:23:35,2.55
19:23:36,2.55
19:23:37,2.55
19:23:38,2.55
19:23:39,2.55
19:23:40,2.55
19:23:41,2.55
19:23:42,2.55
19:23:43,2.55
19:23:44,2.55
19:23:45,2.55
19:23:46,2.55
19:23:47,2.55
19:23:48,2.55
19:23:49,2.55
19:23:50,2.55
19:23:51,2.55
19:23:52,2.55
19:23:53,2.55
19:23:54,2.55
19:23:55,2.55
19:23:56,2.55
19:23:57,2.55
19:23:58,2.55
19:23:59,2.55
19:24:00,2.55
19:24:01,2.55
19:24:02,2.55
19:24:03,2.55
19:24:04,2.55
19:24:05,2.55
19:24:06,2.55
19:24:07,2.55
19:24:08,2.55
19:24:09,2.55
19:24:10,2.55
19:24:11,2.55
19:24:12,2.55
19:24:13,2.55
19:24:14,2.55
19:24:15,2.55
19:24:16,2.55
19:24:17,2.55
19:24:18,2.55
19:24:19,2.55
19:24:20,2.55
19:24:21,2.55
19:24:22,2.55
19:24:23,2.55
19:24:24,2.55
19:24:25,2.55
19:24:26,2.55
19:24:27,2.55
19:24:28,2.55
19:24:29,2.55
19:24:30,2.55
19:24:31,2.55
19:24:32,2.55
19:24:33,2.55
19:24:34,2.55
19:24:35,2.55
19:24:36,2.55
19:24:37,2.55
19:24:38,2.55
19:24:39,2.55
19:24:40,2.55
19:24:41,2.55
19:24:42,2.55
19:24:43,2.55
19:24:44,2.55
19:24:45,2.55
19:24:46,2.55
19:24:47,2.55
19:24:48,2.55
19:24:49,2.55
19:24:50,2.55
19:24:51,2.55
19:24:52,2.55
19:24:53,2.55
19:24:54,2.55
19:24:55,2.55
19:24:56,2.55
19:24:57,2.55
19:24:58,2.55
19:24:59,2.55
19:25:00,2.55
19:25:01,2.55
19:25:02,2.55
19:25:03,2.55
19:25:04,2.55
19:25:05,2.55
19:25:06,2.55
19:25:07,2.55
19:25:08,2.55
19:25:09,2.55
19:25:10,2.55
19:25:11,2.55
19:25:12,2.55
19:25:13,2.55
19:25:14,2.55
19:25:15,2.55
19:25:16,2.55
19:25:17,2.55
19:25:18,2.55
19:25:19,2.55
19:25:20,2.55
19:25:21,2.55
19:25:22,2.55
19:25:23,2.55
19:25:24,2.55
19:25:25,2.55
19:25:26,2.55
19:25:27,2.55
19:25:28,2.55
19:25:29,2.55
19:25:30,2.55
19:25:31,2.55
19:25:32,2.55
19:25:33,2.55
19:25:34,2.55
19:25:35,2.55
19:25:36,2.55
19:25:37,2.55
19:25:38,2.55
19:25:39,2.55
19:25:40,2.55
19:25:41,2.55
19:25:42,2.55
19:25:43,2.55
19:25:44,2.55
19:25:45,2.55
19:25:46,2.55
19:25:47,2.55
19:25:48,2.55
19:25:49,2.55
19:25:50,2.55
19:25:51,2.55
19:25:52,2.55
19:25:53,2.55
19:25:54,2.55
19:25:55,2.55
19:25:56,2.55
19:25:57,2.55
19:25:58,2.55
19:25:59,2.55
19:26:00,2.55
19:26:01,2.55
19:26:02,2.55
19:26:03,2.55
19:26:04,2.55
19:26:05,2.55
19:26:06,2.55
19:26:07,2.55
19:26:08,2.55
19:26:09,2.55
19:26:10,2.55
19:26:11,2.55
19:26:12,2.55
19:26:13,2.55
19:26:14,2.55
19:26:15,2.55
19:26:16,2.55
19:26:17,2.55
19:26:18,2.55
19:26:19,2.55
19:26:20,2.55
19:26:21,2.55
19:26:22,2.55
19:26:23,2.55
19:26:24,2.55
19:26:25,2.55
19:26:26,2.55
19:26:27,2.55
19:26:28,2.55
19:26:29,2.55
19:26:30,2.55
19:26:31,2.55
19:26:32,2.55
19:26:33,2.55
19:26:34,2.55
19:26:35,2.55
19:26:36,2.55
19:26:37,2.55
19:26:38,2.55
19:26:39,2.55
19:26:40,2.55
19:26:41,2.55
19:26:42,2.55
19:26:43,2.55
19:26:44,2.55
19:26:45,2.55
19:26:46,2.55
19:26:47,2.55
19:26:48,2.55
19:26:49,2.55
19:26:50,2.55
19:26:51,2.55
19:26:52,2.55
19:26:53,2.55
19:26:54,2.55
19:26:55,2.55
19:26:56,2.55
19:26:57,2.55
19:26:58,2.55
19:26:59,2.55
19:27:00,2.55
19:27:01,2.55
19:27:02,2.55
19:27:03,2.55
19:27:04,2.55
19:27:05,2.55
19:27:06,2.55
19:27:07,2.55
19:27:08,2.55
19:27:09,2.55
19:27:10,2.55
19:27:11,2.55
19:27:12,2.55
19:27:13,2.55
19:27:14,2.55
19:27:15,2.55
19:27:16,2.55
19:27:17,2.55
19:27:18,2.55
19:27:19,2.55
19:27:20,2.55
19:27:21,2.55
19:27:22,2.55
19:27:23,2.55
19:27:24,2.55
19:27:25,2.55
19:27:26,2.55
19:27:27,2.55
19:27:28,2.55
19:27:29,2.55
19:27:30,2.55
19:27:31,2.55
19:27:32,2.55
19:27:33,2.55
19:27:34,2.55
19:27:35,2.55
19:27:36,2.55
19:27:37,2.55
19:27:38,2.55
19:27:39,2.55
19:27:40,2.55
19:27:41,2.55
19:27:42,2.55
19:27:43,2.55
19:27:44,2.55
19:27:45,2.55
19:27:46,2.55
19:27:47,2.55
19:27:48,2.55
19:27:49,2.55
19:27:50,2.55
19:27:51,2.55
19:27:52,2.55
19:27:53,2.55
19:27:54,2.55
19:27:55,2.55
19:27:56,2.55
19:27:57,2.55
19:27:58,2.55
19:27:59,2.55
19:28:00,2.55
19:28:01,2.55
19:28:02,2.55
19:28:03,2.55
19:28:04,2.55
19:28:05,2.55
19:28:06,2.55
19:28:07,2.55
19:28:08,2.55
19:28:09,2.55
19:28:10,2.55
19:28:11,2.55
19:28:12,2.55
19:28:13,2.55
19:28:14,2.55
19:28:15,2.55
19:28:16,2.55
19:28:17,2.55
19:28:18,2.55
19:28:19,2.55
19:28:20,2.55
19:28:21,2.55
19:28:22,2.55
19:28:23,2.55
19:28:24,2.55
19:28:25,2.55
19:28:26,2.55
19:28:27,2.55
19:28:28,2.55
19:28:29,2.55
19:28:30,2.55
19:28:31,2.55
19:28:32,2.55
19:28:33,2.55
19:28:34,2.55
19:28:35,2.55
19:28:36,2.55
19:28:37,2.55
19:28:38,2.55
19:28:39,2.55
19:28:40,2.55
19:28:41,2.55
19:28:42,2.55
19:28:43,2.55
19:28:44,2.55
19:28:45,2.55
19:28:46,2.55
19:28:47,2.55
19:28:48,2.55
19:28:49,2.55
19:28:50,2.55
19:28:51,2.55
19:28:52,2.55
19:28:53,2.55
19:28:54,2.55
19:28:55,2.55
19:28:56,2.55
19:28:57,2.55
19:28:58,2.55
19:28:59,2.55
19:29:00,2.55
19:29:01,2.55
19:29:02,2.55
19:29:03,2.55
19:29:04,2.55
19:29:05,2.55
19:29:06,2.55
19:29:07,2.55
19:29:08,2.55
19:29:09,2.55
19:29:10,2.55
19:29:11,2.55
19:29:12,2.55
19:29:13,2.55
19:29:14,2.55
19:29:15,2.55
19:29:16,2.55
19:29:17,2.55
19:29:18,2.55
19:29:19,2.55
19:29:20,2.55
19:29:21,2.55
19:29:22,2.55
19:29:23,2.55
19:29:24,2.55
19:29:25,2.55
19:29:26,2.55
19:29:27,2.55
19:29:28,2.55
19:29:29,2.55
19:29:30,2.55
19:29:31,2.55
19:29:32,2.55
19:29:33,2.55
19:29:34,2.55
19:29:35,2.55
19:29:36,2.55
19:29:37,2.55
19:29:38,2.55
19:29:39,2.55
19:29:40,2.55
19:29:41,2.55
19:29:42,2.55
19:29:43,2.55
19:29:44,2.55
19:29:45,2.55
19:29:46,2.55
19:29:47,2.55
19:29:48,2.55
19:29:49,2.55
19:29:50,2.55
19:29:51,2.55
19:29:52,2.55
19:29:53,2.55
19:29:54,2.55
19:29:55,2.55
19:29:56,2.55
19:29:57,2.55
19:29:58,2.55
19:29:59,2.55
19:30:00,2.55
19:30:01,2.55
19:30:02,2.55
19:30:03,2.55
19:30:04,2.55
19:30:05,2.55
19:30:06,2.55
19:30:07,2.55
19:30:08,2.55
19:30:09,2.55
19:30:10,2.55
19:30:11,2.55
19:30:12,2.55
19:30:13,2.55
19:30:14,2.55
19:30:15,2.55
19:30:16,2.55
19:30:17,2.55
19:30:18,2.55
19:30:19,2.55
19:30:20,2.55
19:30:21,2.55
19:30:22,2.55
19:30:23,2.55
19:30:24,2.55
19:30:25,2.55
19:30:26,2.55
19:30:27,2.55
19:30:28,2.55
19:30:29,2.55
19:30:30,2.55
19:30:31,2.55
19:30:32,2.55
19:30:33,2.55
19:30:34,2.55
19:30:35,2.55
19:30:36,2.55
19:30:37,2.55
19:30:38,2.55
19:30:39,2.55
19:30:40,2.55
19:30:41,2.55
19:30:42,2.55
19:30:43,2.55
19:30:44,2.55
19:30:45,2.55
19:30:46,2.55
19:30:47,2.55
19:30:48,2.55
19:30:49,2.55
19:30:50,2.55
19:30:51,2.55
19:30:52,2.55
19:30:53,2.55
19:30:54,2.55
19:30:55,2.55
19:30:56,2.55
19:30:57,2.55
19:30:58,2.55
19:30:59,2.55
19:31:00,2.55
19:31:01,2.55
19:31:02,2.55
19:31:03,2.55
19:31:04,2.55
19:31:05,2.55
19:31:06,2.55
19:31:07,2.55
19:31:08,2.55
19:31:09,2.55
19:31:10,2.55
19:31:11,2.55
19:31:12,2.55
19:31:13,2.55
19:31:14,2.55
19:31:15,2.55
19:31:16,2.55
19:31:17,2.55
19:31:18,2.55
19:31:19,2.55
19:31:20,2.55
19:31:21,2.55
19:31:22,2.55
19:31:23,2.55
19:31:24,2.55
19:31:25,2.55
19:31:26,2.55
19:31:27,2.55
19:31:28,2.55
19:31:29,2.55
19:31:30,2.55
19:31:31,2.55
19:31:32,2.55
19:31:33,2.55
19:31:34,2.55
19:31:35,2.55
19:31:36,2.55
19:31:37,2.55
19:31:38,2.55
19:31:39,2.55
19:31:40,2.55
19:31:41,2.55
19:31:42,2.55
19:31:43,2.55
19:31:44,2.55
19:31:45,2.55
19:31:46,2.55
19:31:47,2.55
19:31:48,2.55
19:31:49,2.55
19:31:50,2.55
19:31:51,2.55
19:31:52,2.55
19:31:53,2.55
19:31:54,2.55
19:31:55,2.55
19:31:56,2.55
19:31:57,2.55
19:31:58,2.55
19:31:59,2.55
19:32:00,2.55
19:32:01,2.55
19:32:02,2.55
19:32:03,2.55
19:32:04,2.55
19:32:05,2.55
19:32:06,2.55
19:32:07,2.55
19:32:08,2.55
19:32:09,2.55
19:32:10,2.55
19:32:11,2.55
19:32:12,2.55
19:32:13,2.55
19:32:14,2.55
19:32:15,2.55
19:32:16,2.55
19:32:17,2.55
19:32:18,2.55
19:32:19,2.55
19:32:20,2.55
19:32:21,2.55
19:32:22,2.55
19:32:23,2.55
19:32:24,2.55
19:32:25,2.55
19:32:26,2.55
19:32:27,2.55
19:32:28,2.55
19:32:29,2.55
19:32:30,2.55
19:32:31,2.55
19:32:32,2.55
19:32:33,2.55
19:32:34,2.55
19:32:35,2.55
19:32:36,2.55
19:32:37,2.55
19:32:38,2.55
19:32:39,2.55
19:32:40,2.55
19:32:41,2.55
19:32:42,2.55
19:32:43,2.55
19:32:44,2.55
19:32:45,2.55
19:32:46,2.55
19:32:47,2.55
19:32:48,2.55
19:32:49,2.55
19:32:50,2.55
19:32:51,2.55
19:32:52,2.55
19:32:53,2.55
19:32:54,2.55
19:32:55,2.55
19:32:56,2.55
19:32:57,2.55
19:32:58,2.55
19:32:59,2.55
19:33:00,2.55
19:33:01,2.55
19:33:02,2.55
19:33:03,2.55
19:33:04,2.55
19:33:05,2.55
19:33:06,2.55
19:33:07,2.55
19:33:08,2.55
19:33:09,2.55
19:33:10,2.55
19:33:11,2.55
19:33:12,2.55
19:33:13,2.55
19:33:14,2.55
19:33:15,2.55
19:33:16,2.55
19:33:17,2.55
19:33:18,2.55
19:33:19,2.55
19:33:20,2.55
19:33:21,2.55
19:33:22,2.55
19:33:23,2.55
19:33:24,2.55
19:33:25,2.55
19:33:26,2.55
19:33:27,2.55
19:33:28,2.55
19:33:29,2.55
19:33:30,2.55
19:33:31,2.55
19:33:32,2.55
19:33:33,2.55
19:33:34,2.55
19:33:35,2.55
19:33:36,2.55
19:33:37,2.55
19:33:38,2.55
19:33:39,2.55
19:33:40,2.55
19:33:41,2.55
19:33:42,2.55
19:33:43,2.55
19:33:44,2.55
19:33:45,2.55
19:33:46,2.55
19:33:47,2.55
19:33:48,2.55
19:33:49,2.55
19:33:50,2.55
19:33:51,2.55
19:33:52,2.55
19:33:53,2.55
19:33:54,2.55
19:33:55,2.55
19:33:56,2.55
19:33:57,2.55
19:33:58,2.55
19:33:59,2.55
19:34:00,2.55
19:34:01,2.55
19:34:02,2.55
19:34:03,2.55
19:34:04,2.55
19:34:05,2.55
19:34:06,2.55
19:34:07,2.55
19:34:08,2.55
19:34:09,2.55
19:34:10,2.55
19:34:11,2.55
19:34:12,2.55
19:34:13,2.55
19:34:14,2.55
19:34:15,2.55
19:34:16,2.55
19:34:17,2.55
19:34:18,2.55
19:34:19,2.55
19:34:20,2.55
19:34:21,2.55
19:34:22,2.55
19:34:23,2.55
19:34:24,2.55
19:34:25,2.55
19:34:26,2.55
19:34:27,2.55
19:34:28,2.55
19:34:29,2.55
19:34:30,2.55
19:34:31,2.55
19:34:32,2.55
19:34:33,2.55
19:34:34,2.55
19:34:35,2.55
19:34:36,2.55
19:34:37,2.55
19:34:38,2.55
19:34:39,2.55
19:34:40,2.55
19:34:41,2.55
19:34:42,2.55
19:34:43,2.55
19:34:44,2.55
19:34:45,2.55
19:34:46,2.55
19:34:47,2.55
19:34:48,2.55
19:34:49,2.55
19:34:50,2.55
19:34:51,2.55
19:34:52,2.55
19:34:53,2.55
19:34:54,2.55
19:34:55,2.55
19:34:56,2.55
19:34:57,2.55
19:34:58,2.55
19:34:59,2.55
19:35:00,2.55
19:35:01,2.55
19:35:02,2.55
19:35:03,2.55
19:35:04,2.55
19:35:05,2.55
19:35:06,2.55
19:35:07,2.55
19:35:08,2.55
19:35:09,2.55
19:35:10,2.55
19:35:11,2.55
19:35:12,2.55
19:35:13,2.55
19:35:14,2.55
19:35:15,2.55
19:35:16,2.55
19:35:17,2.55
19:35:18,2.55
19:35:19,2.55
19:35:20,2.55
19:35:21,2.55
19:35:22,2.55
19:35:23,2.55
19:35:24,2.55
19:35:25,2.55
19:35:26,2.55
19:35:27,2.55
19:35:28,2.55
19:35:29,2.55
19:35:30,2.55
19:35:31,2.55
19:35:32,2.55
19:35:33,2.55
19:35:34,2.55
19:35:35,2.55
19:35:36,2.55
19:35:37,2.55
19:35:38,2.55
19:35:39,2.55
19:35:40,2.55
19:35:41,2.55
19:35:42,2.55
19:35:43,2.55
19:35:44,2.55
19:35:45,2.55
19:35:46,2.55
19:35:47,2.55
19:35:48,2.55
19:35:49,2.55
19:35:50,2.55
19:35:51,2.55
19:35:52,2.55
19:35:53,2.55
19:35:54,2.55
19:35:55,2.55
19:35:56,2.55
19:35:57,2.55
19:35:58,2.55
19:35:59,2.55
19:36:00,2.55
19:36:01,2.55
19:36:02,2.55
19:36:03,2.55
19:36:04,2.55
19:36:05,2.55
19:36:06,2.55
19:36:07,2.55
19:36:08,2.55
19:36:09,2.55
19:36:10,2.55
19:36:11,2.55
19:36:12,2.55
19:36:13,2.55
19:36:14,2.55
19:36:15,2.55
19:36:16,2.55
19:36:17,2.55
19:36:18,2.55
19:36:19,2.55
19:36:20,2.55
19:36:21,2.55
19:36:22,2.55
19:36:23,2.55
19:36:24,2.55
19:36:25,2.55
19:36:26,2.55
19:36:27,2.55
19:36:28,2.55
19:36:29,2.55
19:36:30,2.55
19:36:31,2.55
19:36:32,2.55
19:36:33,2.55
19:36:34,2.55
19:36:35,2.55
19:36:36,2.55
19:36:37,2.55
19:36:38,2.55
19:36:39,2.55
19:36:40,2.55
19:36:41,2.55
19:36:42,2.55
19:36:43,2.55
19:36:44,2.55
19:36:45,2.55
19:36:46,2.55
19:36:47,2.55
19:36:48,2.55
19:36:49,2.55
19:36:50,2.55
19:36:51,2.55
19:36:52,2.55
19:36:53,2.55
19:36:54,2.55
19:36:55,2.55
19:36:56,2.55
19:36:57,2.55
19:36:58,2.55
19:36:59,2.55
19:37:00,2.55
19:37:01,2.55
19:37:02,2.55
19:37:03,2.55
19:37:04,2.55
19:37:05,2.55
19:37:06,2.55
19:37:07,2.55
19:37:08,2.55
19:37:09,2.55
19:37:10,2.55
19:37:11,2.55
19:37:12,2.55
19:37:13,2.55
19:37:14,2.55
19:37:15,2.55
19:37:16,2.55
19:37:17,2.55
19:37:18,2.55
19:37:19,2.55
19:37:20,2.55
19:37:21,2.55
19:37:22,2.55
19:37:23,2.55
19:37:24,2.55
19:37:25,2.55
19:37:26,2.55
19:37:27,2.55
19:37:28,2.55
19:37:29,2.55
19:37:30,2.55
19:37:31,2.55
19:37:32,2.55
19:37:33,2.55
19:37:34,2.55
19:37:35,2.55
19:37:36,2.55
19:37:37,2.55
19:37:38,2.55
19:37:39,2.55
19:37:40,2.55
19:37:41,2.55
19:37:42,2.55
19:37:43,2.55
19:37:44,2.55
19:37:45,2.55
19:37:46,2.55
19:37:47,2.55
19:37:48,2.55
19:37:49,2.55
19:37:50,2.55
19:37:51,2.55
19:37:52,2.55
19:37:53,2.55
19:37:54,2.55
19:37:55,2.55
19:37:56,2.55
19:37:57,2.55
19:37:58,2.55
19:37:59,2.55
19:38:00,2.55
19:38:01,2.55
19:38:02,2.55
19:38:03,2.55
19:38:04,2.55
19:38:05,2.55
19:38:06,2.55
19:38:07,2.55
19:38:08,2.55
19:38:09,2.55
19:38:10,2.55
19:38:11,2.55
19:38:12,2.55
19:38:13,2.55
19:38:14,2.55
19:38:15,2.55
19:38:16,2.55
19:38:17,2.55
19:38:18,2.55
19:38:19,2.55
19:38:20,2.55
19:38:21,2.55
19:38:22,2.55
19:38:23,2.55
19:38:24,2.55
19:38:25,2.55
19:38:26,2.55
19:38:27,2.55
19:38:28,2.55
19:38:29,2.55
19:38:30,2.55
19:38:31,2.55
19:38:32,2.55
19:38:33,2.55
19:38:34,2.55
19:38:35,2.55
19:38:36,2.55
19:38:37,2.55
19:38:38,2.55
19:38:39,2.55
19:38:40,2.55
19:38:41,2.55
19:38:42,2.55
19:38:43,2.55
19:38:44,2.55
19:38:45,2.55
19:38:46,2.55
19:38:47,2.55
19:38:48,2.55
19:38:49,2.55
19:38:50,2.55
19:38:51,2.55
19:38:52,2.55
19:38:53,2.55
19:38:54,2.55
19:38:55,2.55
19:38:56,2.55
19:38:57,2.55
19:38:58,2.55
19:38:59,2.55
19:39:00,2.55
19:39:01,2.55
19:39:02,2.55
19:39:03,2.55
19:39:04,2.55
19:39:05,2.55
19:39:06,2.55
19:39:07,2.55
19:39:08,2.55
19:39:09,2.55
19:39:10,2.55
19:39:11,2.55
19:39:12,2.55
19:39:13,2.55
19:39:14,2.55
19:39:15,2.55
19:39:16,2.55
19:39:17,2.55
19:39:18,2.55
19:39:19,2.55
19:39:20,2.55
19:39:21,2.55
19:39:22,2.55
19:39:23,2.55
19:39:24,2.55
19:39:25,2.55
19:39:26,2.55
19:39:27,2.55
19:39:28,2.55
19:39:29,2.55
19:39:30,2.55
19:39:31,2.55
19:39:32,2.55
19:39:33,2.55
19:39:34,2.55
19:39:35,2.55
19:39:36,2.55
19:39:37,2.55
19:39:38,2.55
19:39:39,2.55
19:39:40,2.55
19:39:41,2.55
19:39:42,2.55
19:39:43,2.55
19:39:44,2.55
19:39:45,2.55
19:39:46,2.55
19:39:47,2.55
19:39:48,2.55
19:39:49,2.55
19:39:50,2.55
19:39:51,2.55
19:39:52,2.55
19:39:53,2.55
19:39:54,2.55
19:39:55,2.55
19:39:56,2.55
19:39:57,2.55
19:39:58,2.55
19:39:59,2.55
19:40:00,2.55
19:40:01,2.55
19:40:02,2.55
19:40:03,2.55
19:40:04,2.55
19:40:05,2.55
19:40:06,2.55
19:40:07,2.55
19:40:08,2.55
19:40:09,2.55
19:40:10,2.55
19:40:11,2.55
19:40:12,2.55
19:40:13,2.55
19:40:14,2.55
19:40:15,2.55
19:40:16,2.55
19:40:17,2.55
19:40:18,2.55
19:40:19,2.55
19:40:20,2.55
19:40:21,2.55
19:40:22,2.55
19:40:23,2.55
19:40:24,2.55
19:40:25,2.55
19:40:26,2.55
19:40:27,2.55
19:40:28,2.55
19:40:29,2.55
19:40:30,2.55
19:40:31,2.55
19:40:32,2.55
19:40:33,2.55
19:40:34,2.55
19:40:35,2.55
19:40:36,2.55
19:40:37,2.55
19:40:38,2.55
19:40:39,2.55
19:40:40,2.55
19:40:41,2.55
19:40:42,2.55
19:40:43,2.55
19:40:44,2.55
19:40:45,2.55
19:40:46,2.55
19:40:47,2.55
19:40:48,2.55
19:40:49,2.55
19:40:50,2.55
19:40:51,2.55
19:40:52,2.55
19:40:53,2.55
19:40:54,2.55
19:40:55,2.55
19:40:56,2.55
19:40:57,2.55
19:40:58,2.55
19:40:59,2.55
19:41:00,2.55
19:41:01,2.55
19:41:02,2.55
19:41:03,2.55
19:41:04,2.55
19:41:05,2.55
19:41:06,2.55
19:41:07,2.55
19:41:08,2.55
19:41:09,2.55
19:41:10,2.55
19:41:11,2.55
19:41:12,2.55
19:41:13,2.55
19:41:14,2.55
19:41:15,2.55
19:41:16,2.55
19:41:17,2.55
19:41:18,2.55
19:41:19,2.55
19:41:20,2.55
19:41:21,2.55
19:41:22,2.55
19:41:23,2.55
19:41:24,2.55
19:41:25,2.55
19:41:26,2.55
19:41:27,2.55
19:41:28,2.55
19:41:29,2.55
19:41:30,2.55
19:41:31,2.55
19:41:32,2.55
19:41:33,2.55
19:41:34,2.55
19:41:35,2.55
19:41:36,2.55
19:41:37,2.55
19:41:38,2.55
19:41:39,2.55
19:41:40,2.55
19:41:41,2.55
19:41:42,2.55
19:41:43,2.55
19:41:44,2.55
19:41:45,2.55
19:41:46,2.55
19:41:47,2.55
19:41:48,2.55
19:41:49,2.55
19:41:50,2.55
19:41:51,2.55
19:41:52,2.55
19:41:53,2.55
19:41:54,2.55
19:41:55,2.55
19:41:56,2.55
19:41:57,2.55
19:41:58,2.55
19:41:59,2.55
19:42:00,2.55
19:42:01,2.55
19:42:02,2.55
19:42:03,2.55
19:42:04,2.55
19:42:05,2.55
19:42:06,2.55
19:42:07,2.55
19:42:08,2.55
19:42:09,2.55
19:42:10,2.55
19:42:11,2.55
19:42:12,2.55
19:42:13,2.55
19:42:14,2.55
19:42:15,2.55
19:42:16,2.55
19:42:17,2.55
19:42:18,2.55
19:42:19,2.55
19:42:20,2.55
19:42:21,2.55
19:42:22,2.55
19:42:23,2.55
19:42:24,2.55
19:42:25,2.55
19:42:26,2.55
19:42:27,2.55
19:42:28,2.55
19:42:29,2.55
19:42:30,2.55
19:42:31,2.55
19:42:32,2.55
19:42:33,2.55
19:42:34,2.55
19:42:35,2.55
19:42:36,2.55
19:42:37,2.55
19:42:38,2.55
19:42:39,2.55
19:42:40,2.55
19:42:41,2.55
19:42:42,2.55
19:42:43,2.55
19:42:44,2.55
19:42:45,2.55
19:42:46,2.55
19:42:47,2.55
19:42:48,2.55
19:42:49,2.55
19:42:50,2.55
19:42:51,2.55
19:42:52,2.55
19:42:53,2.55
19:42:54,2.55
19:42:55,2.55
19:42:56,2.55
19:42:57,2.55
19:42:58,2.55
19:42:59,2.55
19:43:00,2.55
19:43:01,2.55
19:43:02,2.55
19:43:03,2.55
19:43:04,2.55
19:43:05,2.55
19:43:06,2.55
19:43:07,2.55
19:43:08,2.55
19:43:09,2.55
19:43:10,2.55
19:43:11,2.55
19:43:12,2.55
19:43:13,2.55
19:43:14,2.55
19:43:15,2.55
19:43:16,2.55
19:43:17,2.55
19:43:18,2.55
19:43:19,2.55
19:43:20,2.55
19:43:21,2.55
19:43:22,2.55
19:43:23,2.55
19:43:24,2.55
19:43:25,2.55
19:43:26,2.55
19:43:27,2.55
19:43:28,2.55
19:43:29,2.55
19:43:30,2.55
19:43:31,2.55
19:43:32,2.55
19:43:33,2.55
19:43:34,2.55
19:43:35,2.55
19:43:36,2.55
19:43:37,2.55
19:43:38,2.55
19:43:39,2.55
19:43:40,2.55
19:43:41,2.55
19:43:42,2.55
19:43:43,2.55
19:43:44,2.55
19:43:45,2.55
19:43:46,2.55
19:43:47,2.55
19:43:48,2.55
19:43:49,2.55
19:43:50,2.55
19:43:51,2.55
19:43:52,2.55
19:43:53,2.55
19:43:54,2.55
19:43:55,2.55
19:43:56,2.55
19:43:57,2.55
19:43:58,2.55
19:43:59,2.55
19:44:00,2.55
19:44:01,2.55
19:44:02,2.55
19:44:03,2.55
19:44:04,2.55
19:44:05,2.55
19:44:06,2.55
19:44:07,2.55
19:44:08,2.55
19:44:09,2.55
19:44:10,2.55
19:44:11,2.55
19:44:12,2.55
19:44:13,2.55
19:44:14,2.55
19:44:15,2.55
19:44:16,2.55
19:44:17,2.55
19:44:18,2.55
19:44:19,2.55
19:44:20,2.55
19:44:21,2.55
19:44:22,2.55
19:44:23,2.55
19:44:24,2.55
19:44:25,2.55
19:44:26,2.55
19:44:27,2.55
19:44:28,2.55
19:44:29,2.55
19:44:30,2.55
19:44:31,2.55
19:44:32,2.55
19:44:33,2.55
19:44:34,2.55
19:44:35,2.55
19:44:36,2.55
19:44:37,2.55
19:44:38,2.55
19:44:39,2.55
19:44:40,2.55
19:44:41,2.55
19:44:42,2.55
19:44:43,2.55
19:44:44,2.55
19:44:45,2.55
19:44:46,2.55
19:44:47,2.55
19:44:48,2.55
19:44:49,2.55
19:44:50,2.55
19:44:51,2.55
19:44:52,2.55
19:44:53,2.55
19:44:54,2.55
19:44:55,2.55
19:44:56,2.55
19:44:57,2.55
19:44:58,2.55
19:44:59,2.55
19:45:00,2.55
19:45:01,2.55
19:45:02,2.55
19:45:03,2.55
19:45:04,2.55
19:45:05,2.55
19:45:06,2.55
19:45:07,2.55
19:45:08,2.55
19:45:09,2.55
19:45:10,2.55
19:45:11,2.55
19:45:12,2.55
19:45:13,2.55
19:45:14,2.55
19:45:15,2.55
19:45:16,2.55
19:45:17,2.55
19:45:18,2.55
19:45:19,2.55
19:45:20,2.55
19:45:21,2.55
19:45:22,2.55
19:45:23,2.55
19:45:24,2.55
19:45:25,2.55
19:45:26,2.55
19:45:27,2.55
19:45:28,2.55
19:45:29,2.55
19:45:30,2.55
19:45:31,2.55
19:45:32,2.55
19:45:33,2.55
19:45:34,2.55
19:45:35,2.55
19:45:36,2.55
19:45:37,2.55
19:45:38,2.55
19:45:39,2.55
19:45:40,2.55
19:45:41,2.55
19:45:42,2.55
19:45:43,2.55
19:45:44,2.55
19:45:45,2.55
19:45:46,2.55
19:45:47,2.55
19:45:48,2.55
19:45:49,2.55
19:45:50,2.55
19:45:51,2.55
19:45:52,2.55
19:45:53,2.55
19:45:54,2.55
19:45:55,2.55
19:45:56,2.55
19:45:57,2.55
19:45:58,2.55
19:45:59,2.55
19:46:00,2.55
19:46:01,2.55
19:46:02,2.55
19:46:03,2.55
19:46:04,2.55
19:46:05,2.55
19:46:06,2.55
19:46:07,2.55
19:46:08,2.55
19:46:09,2.55
19:46:10,2.55
19:46:11,2.55
19:46:12,2.55
19:46:13,2.55
19:46:14,2.55
19:46:15,2.55
19:46:16,2.55
19:46:17,2.55
19:46:18,2.55
19:46:19,2.55
19:46:20,2.55
19:46:21,2.55
19:46:22,2.55
19:46:23,2.55
19:46:24,2.55
19:46:25,2.55
19:46:26,2.55
19:46:27,2.55
19:46:28,2.55
19:46:29,2.55
19:46:30,2.55
19:46:31,2.55
19:46:32,2.55
19:46:33,2.55
19:46:34,2.55
19:46:35,2.55
19:46:36,2.55
19:46:37,2.55
19:46:38,2.55
19:46:39,2.55
19:46:40,2.55
19:46:41,2.55
19:46:42,2.55
19:46:43,2.55
19:46:44,2.55
19:46:45,2.55
19:46:46,2.55
19:46:47,2.55
19:46:48,2.55
19:46:49,2.55
19:46:50,2.55
19:46:51,2.55
19:46:52,2.55
19:46:53,2.55
19:46:54,2.55
19:46:55,2.55
19:46:56,2.55
19:46:57,2.55
19:46:58,2.55
19:46:59,2.55
19:47:00,2.55
19:47:01,2.55
19:47:02,2.55
19:47:03,2.55
19:47:04,2.55
19:47:05,2.55
19:47:06,2.55
19:47:07,2.55
19:47:08,2.55
19:47:09,2.55
19:47:10,2.55
19:47:11,2.55
19:47:12,2.55
19:47:13,2.55
19:47:14,2.55
19:47:15,2.55
19:47:16,2.55
19:47:17,2.55
19:47:18,2.55
19:47:19,2.55
19:47:20,2.55
19:47:21,2.55
19:47:22,2.55
19:47:23,2.55
19:47:24,2.55
19:47:25,2.55
19:47:26,2.55
19:47:27,2.55
19:47:28,2.55
19:47:29,2.55
19:47:30,2.55
19:47:31,2.55
19:47:32,2.55
19:47:33,2.55
19:47:34,2.55
19:47:35,2.55
19:47:36,2.55
19:47:37,2.55
19:47:38,2.55
19:47:39,2.55
19:47:40,2.55
19:47:41,2.55
19:47:42,2.55
19:47:43,2.55
19:47:44,2.55
19:47:45,2.55
19:47:46,2.55
19:47:47,2.55
19:47:48,2.55
19:47:49,2.55
19:47:50,2.55
19:47:51,2.55
19:47:52,2.55
19:47:53,2.55
19:47:54,2.55
19:47:55,2.55
19:47:56,2.55
19:47:57,2.55
19:47:58,2.55
19:47:59,2.55
19:48:00,2.55
19:48:01,2.55
19:48:02,2.55
19:48:03,2.55
19:48:04,2.55
19:48:05,2.55
19:48:06,2.55
19:48:07,2.55
19:48:08,2.55
19:48:09,2.55
19:48:10,2.55
19:48:11,2.55
19:48:12,2.55
19:48:13,2.55
19:48:14,2.55
19:48:15,2.55
19:48:16,2.55
19:48:17,2.55
19:48:18,2.55
19:48:19,2.55
19:48:20,2.55
19:48:21,2.55
19:48:22,2.55
19:48:23,2.55
19:48:24,2.55
19:48:25,2.55
19:48:26,2.55
19:48:27,2.55
19:48:28,2.55
19:48:29,2.55
19:48:30,2.55
19:48:31,2.55
19:48:32,2.55
19:48:33,2.55
19:48:34,2.55
19:48:35,2.55
19:48:36,2.55
19:48:37,2.55
19:48:38,2.55
19:48:39,2.55
19:48:40,2.55
19:48:41,2.55
19:48:42,2.55
19:48:43,2.55
19:48:44,2.55
19:48:45,2.55
19:48:46,2.55
19:48:47,2.55
19:48:48,2.55
19:48:49,2.55
19:48:50,2.55
19:48:51,2.55
19:48:52,2.55
19:48:53,2.55
19:48:54,2.55
19:48:55,2.55
19:48:56,2.55
19:48:57,2.55
19:48:58,2.55
19:48:59,2.55
19:49:00,2.55
19:49:01,2.55
19:49:02,2.55
19:49:03,2.55
19:49:04,2.55
19:49:05,2.55
19:49:06,2.55
19:49:07,2.55
19:49:08,2.55
19:49:09,2.55
19:49:10,2.55
19:49:11,2.55
19:49:12,2.55
19:49:13,2.55
19:49:14,2.55
19:49:15,2.55
19:49:16,2.55
19:49:17,2.55
19:49:18,2.55
19:49:19,2.55
19:49:20,2.55
19:49:21,2.55
19:49:22,2.55
19:49:23,2.55
19:49:24,2.55
19:49:25,2.55
19:49:26,2.55
19:49:27,2.55
19:49:28,2.55
19:49:29,2.55
19:49:30,2.55
19:49:31,2.55
19:49:32,2.55
19:49:33,2.55
19:49:34,2.55
19:49:35,2.55
19:49:36,2.55
19:49:37,2.55
19:49:38,2.55
19:49:39,2.55
19:49:40,2.55
19:49:41,2.55
19:49:42,2.55
19:49:43,2.55
19:49:44,2.55
19:49:45,2.55
19:49:46,2.55
19:49:47,2.55
19:49:48,2.55
19:49:49,2.55
19:49:50,2.55
19:49:51,2.55
19:49:52,2.55
19:49:53,2.55
19:49:54,2.55
19:49:55,2.55
19:49:56,2.55
19:49:57,2.55
19:49:58,2.55
19:49:59,2.55
19:50:00,2.55
19:50:01,2.55
19:50:02,2.55
19:50:03,2.55
19:50:04,2.55
19:50:05,2.55
19:50:06,2.55
19:50:07,2.55
19:50:08,2.55
19:50:09,2.55
19:50:10,2.55
19:50:11,2.55
19:50:12,2.55
19:50:13,2.55
19:50:14,2.55
19:50:15,2.55
19:50:16,2.55
19:50:17,2.55
19:50:18,2.55
19:50:19,2.55
19:50:20,2.55
19:50:21,2.55
19:50:22,2.55
19:50:23,2.55
19:50:24,2.55
19:50:25,2.55
19:50:26,2.55
19:50:27,2.55
19:50:28,2.55
19:50:29,2.55
19:50:30,2.55
19:50:31,2.55
19:50:32,2.55
19:50:33,2.55
19:50:34,2.55
19:50:35,2.55
19:50:36,2.55
19:50:37,2.55
19:50:38,2.55
19:50:39,2.55
19:50:40,2.55
19:50:41,2.55
19:50:42,2.55
19:50:43,2.55
19:50:44,2.55
19:50:45,2.55
19:50:46,2.55
19:50:47,2.55
19:50:48,2.55
19:50:49,2.55
19:50:50,2.55
19:50:51,2.55
19:50:52,2.55
19:50:53,2.55
19:50:54,2.55
19:50:55,2.55
19:50:56,2.55
19:50:57,2.55
19:50:58,2.55
19:50:59,2.55
19:51:00,2.55
19:51:01,2.55
19:51:02,2.55
19:51:03,2.55
19:51:04,2.55
19:51:05,2.55
19:51:06,2.55
19:51:07,2.55
19:51:08,2.55
19:51:09,2.55
19:51:10,2.55
19:51:11,2.55
19:51:12,2.55
19:51:13,2.55
19:51:14,2.55
19:51:15,2.55
19:51:16,2.55
19:51:17,2.55
19:51:18,2.55
19:51:19,2.55
19:51:20,2.55
19:51:21,2.55
19:51:22,2.55
19:51:23,2.55
19:51:24,2.55
19:51:25,2.55
19:51:26,2.55
19:51:27,2.55
19:51:28,2.55
19:51:29,2.55
19:51:30,2.55
19:51:31,2.55
19:51:32,2.55
19:51:33,2.55
19:51:34,2.55
19:51:35,2.55
19:51:36,2.55
19:51:37,2.55
19:51:38,2.55
19:51:39,2.55
19:51:40,2.55
19:51:41,2.55
19:51:42,2.55
19:51:43,2.55
19:51:44,2.55
19:51:45,2.55
19:51:46,2.55
19:51:47,2.55
19:51:48,2.55
19:51:49,2.55
19:51:50,2.55
19:51:51,2.55
19:51:52,2.55
19:51:53,2.55
19:51:54,2.55
19:51:55,2.55
19:51:56,2.55
19:51:57,2.55
19:51:58,2.55
19:51:59,2.55
19:52:00,2.55
19:52:01,2.55
19:52:02,2.55
19:52:03,2.55
19:52:04,2.55
19:52:05,2.55
19:52:06,2.55
19:52:07,2.55
19:52:08,2.55
19:52:09,2.55
19:52:10,2.55
19:52:11,2.55
19:52:12,2.55
19:52:13,2.55
19:52:14,2.55
19:52:15,2.55
19:52:16,2.55
19:52:17,2.55
19:52:18,2.55
19:52:19,2.55
19:52:20,2.55
19:52:21,2.55
19:52:22,2.55
19:52:23,2.55
19:52:24,2.55
19:52:25,2.55
19:52:26,2.55
19:52:27,2.55
19:52:28,2.55
19:52:29,2.55
19:52:30,2.55
19:52:31,2.55
19:52:32,2.55
19:52:33,2.55
19:52:34,2.55
19:52:35,2.55
19:52:36,2.55
19:52:37,2.55
19:52:38,2.55
19:52:39,2.55
19:52:40,2.55
19:52:41,2.55
19:52:42,2.55
19:52:43,2.55
19:52:44,2.55
19:52:45,2.55
19:52:46,2.55
19:52:47,2.55
19:52:48,2.55
19:52:49,2.55
19:52:50,2.55
19:52:51,2.55
19:52:52,2.55
19:52:53,2.55
19:52:54,2.55
19:52:55,2.55
19:52:56,2.55
19:52:57,2.55
19:52:58,2.55
19:52:59,2.55
19:53:00,2.55
19:53:01,2.55
19:53:02,2.55
19:53:03,2.55
19:53:04,2.55
19:53:05,2.55
19:53:06,2.55
19:53:07,2.55
19:53:08,2.55
19:53:09,2.55
19:53:10,2.55
19:53:11,2.55
19:53:12,2.55
19:53:13,2.55
19:53:14,2.55
19:53:15,2.55
19:53:16,2.55
19:53:17,2.55
19:53:18,2.55
19:53:19,2.55
19:53:20,2.55
19:53:21,2.55
19:53:22,2.55
19:53:23,2.55
19:53:24,2.55
19:53:25,2.55
19:53:26,2.55
19:53:27,2.55
19:53:28,2.55
19:53:29,2.55
19:53:30,2.55
19:53:31,2.55
19:53:32,2.55
19:53:33,2.55
19:53:34,2.55
19:53:35,2.55
19:53:36,2.55
19:53:37,2.55
19:53:38,2.55
19:53:39,2.55
19:53:40,2.55
19:53:41,2.55
19:53:42,2.55
19:53:43,2.55
19:53:44,2.55
19:53:45,2.55
19:53:46,2.55
19:53:47,2.55
19:53:48,2.55
19:53:49,2.55
19:53:50,2.55
19:53:51,2.55
19:53:52,2.55
19:53:53,2.55
19:53:54,2.55
19:53:55,2.55
19:53:56,2.55
19:53:57,2.55
19:53:58,2.55
19:53:59,2.55
19:54:00,2.55
19:54:01,2.55
19:54:02,2.55
19:54:03,2.55
19:54:04,2.55
19:54:05,2.55
19:54:06,2.55
19:54:07,2.55
19:54:08,2.55
19:54:09,2.55
19:54:10,2.55
19:54:11,2.55
19:54:12,2.55
19:54:13,2.55
19:54:14,2.55
19:54:15,2.55
19:54:16,2.55
19:54:17,2.55
19:54:18,2.55
19:54:19,2.55
19:54:20,2.55
19:54:21,2.55
19:54:22,2.55
19:54:23,2.55
19:54:24,2.55
19:54:25,2.55
19:54:26,2.55
19:54:27,2.55
19:54:28,2.55
19:54:29,2.55
19:54:30,2.55
19:54:31,2.55
19:54:32,2.55
19:54:33,2.55
19:54:34,2.55
19:54:35,2.55
19:54:36,2.55
19:54:37,2.55
19:54:38,2.55
19:54:39,2.55
19:54:40,2.55
19:54:41,2.55
19:54:42,2.55
19:54:43,2.55
19:54:44,2.55
19:54:45,2.55
19:54:46,2.55
19:54:47,2.55
19:54:48,2.55
19:54:49,2.55
19:54:50,2.55
19:54:51,2.55
19:54:52,2.55
19:54:53,2.55
19:54:54,2.55
19:54:55,2.55
19:54:56,2.55
19:54:57,2.55
19:54:58,2.55
19:54:59,2.55
19:55:00,2.55
19:55:01,2.55
19:55:02,2.55
19:55:03,2.55
19:55:04,2.55
19:55:05,2.55
19:55:06,2.55
19:55:07,2.55
19:55:08,2.55
19:55:09,2.55
19:55:10,2.55
19:55:11,2.55
19:55:12,2.55
19:55:13,2.55
19:55:14,2.55
19:55:15,2.55
19:55:16,2.55
19:55:17,2.55
19:55:18,2.55
19:55:19,2.55
19:55:20,2.55
19:55:21,2.55
19:55:22,2.55
19:55:23,2.55
19:55:24,2.55
19:55:25,2.55
19:55:26,2.55
19:55:27,2.55
19:55:28,2.55
19:55:29,2.55
19:55:30,2.55
19:55:31,2.55
19:55:32,2.55
19:55:33,2.55
19:55:34,2.55
19:55:35,2.55
19:55:36,2.55
19:55:37,2.55
19:55:38,2.55
19:55:39,2.55
19:55:40,2.55
19:55:41,2.55
19:55:42,2.55
19:55:43,2.55
19:55:44,2.55
19:55:45,2.55
19:55:46,2.55
19:55:47,2.55
19:55:48,2.55
19:55:49,2.55
19:55:50,2.55
19:55:51,2.55
19:55:52,2.55
19:55:53,2.55
19:55:54,2.55
19:55:55,2.55
19:55:56,2.55
19:55:57,2.55
19:55:58,2.55
19:55:59,2.55
19:56:00,2.55
19:56:01,2.55
19:56:02,2.55
19:56:03,2.55
19:56:04,2.55
19:56:05,2.55
19:56:06,2.55
19:56:07,2.55
19:56:08,2.55
19:56:09,2.55
19:56:10,2.55
19:56:11,2.55
19:56:12,2.55
19:56:13,2.55
19:56:14,2.55
19:56:15,2.55
19:56:16,2.55
19:56:17,2.55
19:56:18,2.55
19:56:19,2.55
19:56:20,2.55
19:56:21,2.55
19:56:22,2.55
19:56:23,2.55
19:56:24,2.55
19:56:25,2.55
19:56:26,2.55
19:56:27,2.55
19:56:28,2.55
19:56:29,2.55
19:56:30,2.55
19:56:31,2.55
19:56:32,2.55
19:56:33,2.55
19:56:34,2.55
19:56:35,2.55
19:56:36,2.55
19:56:37,2.55
19:56:38,2.55
19:56:39,2.55
19:56:40,2.55
19:56:41,2.55
19:56:42,2.55
19:56:43,2.55
19:56:44,2.55
19:56:45,2.55
19:56:46,2.55
19:56:47,2.55
19:56:48,2.55
19:56:49,2.55
19:56:50,2.55
19:56:51,2.55
19:56:52,2.55
19:56:53,2.55
19:56:54,2.55
19:56:55,2.55
19:56:56,2.55
19:56:57,2.55
19:56:58,2.55
19:56:59,2.55
19:57:00,2.55
19:57:01,2.55
19:57:02,2.55
19:57:03,2.55
19:57:04,2.55
19:57:05,2.55
19:57:06,2.55
19:57:07,2.55
19:57:08,2.55
19:57:09,2.55
19:57:10,2.55
19:57:11,2.55
19:57:12,2.55
19:57:13,2.55
19:57:14,2.55
19:57:15,2.55
19:57:16,2.55
19:57:17,2.55
19:57:18,2.55
19:57:19,2.55
19:57:20,2.55
19:57:21,2.55
19:57:22,2.55
19:57:23,2.55
19:57:24,2.55
19:57:25,2.55
19:57:26,2.55
19:57:27,2.55
19:57:28,2.55
19:57:29,2.55
19:57:30,2.55
19:57:31,2.55
19:57:32,2.55
19:57:33,2.55
19:57:34,2.55
19:57:35,2.55
19:57:36,2.55
19:57:37,2.55
19:57:38,2.55
19:57:39,2.55
19:57:40,2.55
19:57:41,2.55
19:57:42,2.55
19:57:43,2.55
19:57:44,2.55
19:57:45,2.55
19:57:46,2.55
19:57:47,2.55
19:57:48,2.55
19:57:49,2.55
19:57:50,2.55
19:57:51,2.55
19:57:52,2.55
19:57:53,2.55
19:57:54,2.55
19:57:55,2.55
19:57:56,2.55
19:57:57,2.55
19:57:58,2.55
19:57:59,2.55
19:58:00,2.55
19:58:01,2.55
19:58:02,2.55
19:58:03,2.55
19:58:04,2.55
19:58:05,2.55
19:58:06,2.55
19:58:07,2.55
19:58:08,2.55
19:58:09,2.55
19:58:10,2.55
19:58:11,2.55
19:58:12,2.55
19:58:13,2.55
19:58:14,2.55
19:58:15,2.55
19:58:16,2.55
19:58:17,2.55
19:58:18,2.55
19:58:19,2.55
19:58:20,2.55
19:58:21,2.55
19:58:22,2.55
19:58:23,2.55
19:58:24,2.55
19:58:25,2.55
19:58:26,2.55
19:58:27,2.55
19:58:28,2.55
19:58:29,2.55
19:58:30,2.55
19:58:31,2.55
19:58:32,2.55
19:58:33,2.55
19:58:34,2.55
19:58:35,2.55
19:58:36,2.55
19:58:37,2.55
19:58:38,2.55
19:58:39,2.55
19:58:40,2.55
19:58:41,2.55
19:58:42,2.55
19:58:43,2.55
19:58:44,2.55
19:58:45,2.55
19:58:46,2.55
19:58:47,2.55
19:58:48,2.55
19:58:49,2.55
19:58:50,2.55
19:58:51,2.55
19:58:52,2.55
19:58:53,2.55
19:58:54,2.55
19:58:55,2.55
19:58:56,2.55
19:58:57,2.55
19:58:58,2.55
19:58:59,2.55
19:59:00,2.55
19:59:01,2.55
19:59:02,2.55
19:59:03,2.55
19:59:04,2.55
19:59:05,2.55
19:59:06,2.55
19:59:07,2.55
19:59:08,2.55
19:59:09,2.55
19:59:10,2.55
19:59:11,2.55
19:59:12,2.55
19:59:13,2.55
19:59:14,2.55
19:59:15,2.55
19:59:16,2.55
19:59:17,2.55
19:59:18,2.55
19:59:19,2.55
19:59:20,2.55
19:59:21,2.55
19:59:22,2.55
19:59:23,2.55
19:59:24,2.55
19:59:25,2.55
19:59:26,2.55
19:59:27,2.55
19:59:28,2.55
19:59:29,2.55
19:59:30,2.55
19:59:31,2.55
19:59:32,2.55
19:59:33,2.55
19:59:34,2.55
19:59:35,2.55
19:59:36,2.55
19:59:37,2.55
19:59:38,2.55
19:59:39,2.55
19:59:40,2.55
19:59:41,2.55
19:59:42,2.55
19:59:43,2.55
19:59:44,2.55
19:59:45,2.55
19:59:46,2.55
19:59:47,2.55
19:59:48,2.55
19:59:49,2.55
19:59:50,2.55
19:59:51,2.55
19:59:52,2.55
19:59:53,2.55
19:59:54,2.55
19:59:55,2.55
19:59:56,2.55
19:59:57,2.55
19:59:58,2.55
19:59:59,2.55
20:00:00,2.55
20:00:01,2.55
20:00:02,2.55
20:00:03,2.55
20:00:04,2.55
20:00:05,2.55
20:00:06,2.55
20:00:07,2.55
20:00:08,2.55
20:00:09,2.55
20:00:10,2.55
20:00:11,2.55
20:00:12,2.55
20:00:13,2.55
20:00:14,2.55
20:00:15,2.55
20:00:16,2.55
20:00:17,2.55
20:00:18,2.55
20:00:19,2.55
20:00:20,2.55
20:00:21,2.55
20:00:22,2.55
20:00:23,2.55
20:00:24,2.55
20:00:25,2.55
20:00:26,2.55
20:00:27,2.55
20:00:28,2.55
20:00:29,2.55
20:00:30,2.55
20:00:31,2.55
20:00:32,2.55
20:00:33,2.55
20:00:34,2.55
20:00:35,2.55
20:00:36,2.55
20:00:37,2.55
20:00:38,2.55
20:00:39,2.55
20:00:40,2.55
20:00:41,2.55
20:00:42,2.55
20:00:43,2.55
20:00:44,2.55
20:00:45,2.55
20:00:46,2.55
20:00:47,2.55
20:00:48,2.55
20:00:49,2.55
20:00:50,2.55
20:00:51,2.55
20:00:52,2.55
20:00:53,2.55
20:00:54,2.55
20:00:55,2.55
20:00:56,2.55
20:00:57,2.55
20:00:58,2.55
20:00:59,2.55
20:01:00,2.55
20:01:01,2.55
20:01:02,2.55
20:01:03,2.55
20:01:04,2.55
20:01:05,2.55
20:01:06,2.55
20:01:07,2.55
20:01:08,2.55
20:01:09,2.55
20:01:10,2.55
20:01:11,2.55
20:01:12,2.55
20:01:13,2.55
20:01:14,2.55
20:01:15,2.55
20:01:16,2.55
20:01:17,2.55
20:01:18,2.55
20:01:19,2.55
20:01:20,2.55
20:01:21,2.55
20:01:22,2.55
20:01:23,2.55
20:01:24,2.55
20:01:25,2.55
20:01:26,2.55
20:01:27,2.55
20:01:28,2.55
20:01:29,2.55
20:01:30,2.55
20:01:31,2.55
20:01:32,2.55
20:01:33,2.55
20:01:34,2.55
20:01:35,2.55
20:01:36,2.55
20:01:37,2.55
20:01:38,2.55
20:01:39,2.55
20:01:40,2.55
20:01:41,2.55
20:01:42,2.55
20:01:43,2.55
20:01:44,2.55
20:01:45,2.55
20:01:46,2.55
20:01:47,2.55
20:01:48,2.55
20:01:49,2.55
20:01:50,2.55
20:01:51,2.55
20:01:52,2.55
20:01:53,2.55
20:01:54,2.55
20:01:55,2.55
20:01:56,2.55
20:01:57,2.55
20:01:58,2.55
20:01:59,2.55
20:02:00,2.55
20:02:01,2.55
20:02:02,2.55
20:02:03,2.55
20:02:04,2.55
20:02:05,2.55
20:02:06,2.55
20:02:07,2.55
20:02:08,2.55
20:02:09,2.55
20:02:10,2.55
20:02:11,2.55
20:02:12,2.55
20:02:13,2.55
20:02:14,2.55
20:02:15,2.55
20:02:16,2.55
20:02:17,2.55
20:02:18,2.55
20:02:19,2.55
20:02:20,2.55
20:02:21,2.55
20:02:22,2.55
20:02:23,2.55
20:02:24,2.55
20:02:25,2.55
20:02:26,2.55
20:02:27,2.55
20:02:28,2.55
20:02:29,2.55
20:02:30,2.55
20:02:31,2.55
20:02:32,2.55
20:02:33,2.55
20:02:34,2.55
20:02:35,2.55
20:02:36,2.55
20:02:37,2.55
20:02:38,2.55
20:02:39,2.55
20:02:40,2.55
20:02:41,2.55
20:02:42,2.55
20:02:43,2.55
20:02:44,2.55
20:02:45,2.55
20:02:46,2.55
20:02:47,2.55
20:02:48,2.55
20:02:49,2.55
20:02:50,2.55
20:02:51,2.55
20:02:52,2.55
20:02:53,2.55
20:02:54,2.55
20:02:55,2.55
20:02:56,2.55
20:02:57,2.55
20:02:58,2.55
20:02:59,2.55
20:03:00,2.55
20:03:01,2.55
20:03:02,2.55
20:03:03,2.55
20:03:04,2.55
20:03:05,2.55
20:03:06,2.55
20:03:07,2.55
20:03:08,2.55
20:03:09,2.55
20:03:10,2.55
20:03:11,2.55
20:03:12,2.55
20:03:13,2.55
20:03:14,2.55
20:03:15,2.55
20:03:16,2.55
20:03:17,2.55
20:03:18,2.55
20:03:19,2.55
20:03:20,2.55
20:03:21,2.55
20:03:22,2.55
20:03:23,2.55
20:03:24,2.55
20:03:25,2.55
20:03:26,2.55
20:03:27,2.55
20:03:28,2.55
20:03:29,2.55
20:03:30,2.55
20:03:31,2.55
20:03:32,2.55
20:03:33,2.55
20:03:34,2.55
20:03:35,2.55
20:03:36,2.55
20:03:37,2.55
20:03:38,2.55
20:03:39,2.55
20:03:40,2.55
20:03:41,2.55
20:03:42,2.55
20:03:43,2.55
20:03:44,2.55
20:03:45,2.55
20:03:46,2.55
20:03:47,2.55
20:03:48,2.55
20:03:49,2.55
20:03:50,2.55
20:03:51,2.55
20:03:52,2.55
20:03:53,2.55
20:03:54,2.55
20:03:55,2.55
20:03:56,2.55
20:03:57,2.55
20:03:58,2.55
20:03:59,2.55
20:04:00,2.55
20:04:01,2.55
20:04:02,2.55
20:04:03,2.55
20:04:04,2.55
20:04:05,2.55
20:04:06,2.55
20:04:07,2.55
20:04:08,2.55
20:04:09,2.55
20:04:10,2.55
20:04:11,2.55
20:04:12,2.55
20:04:13,2.55
20:04:14,2.55
20:04:15,2.55
20:04:16,2.55
20:04:17,2.55
20:04:18,2.55
20:04:19,2.55
20:04:20,2.55
20:04:21,2.55
20:04:22,2.55
20:04:23,2.55
20:04:24,2.55
20:04:25,2.55
20:04:26,2.55
20:04:27,2.55
20:04:28,2.55
20:04:29,2.55
20:04:30,2.55
20:04:31,2.55
20:04:32,2.55
20:04:33,2.55
20:04:34,2.55
20:04:35,2.55
20:04:36,2.55
20:04:37,2.55
20:04:38,2.55
20:04:39,2.55
20:04:40,2.55
20:04:41,2.55
20:04:42,2.55
20:04:43,2.55
20:04:44,2.55
20:04:45,2.55
20:04:46,2.55
20:04:47,2.55
20:04:48,2.55
20:04:49,2.55
20:04:50,2.55
20:04:51,2.55
20:04:52,2.55
20:04:53,2.55
20:04:54,2.55
20:04:55,2.55
20:04:56,2.55
20:04:57,2.55
20:04:58,2.55
20:04:59,2.55
20:05:00,2.55
20:05:01,2.55
20:05:02,2.55
20:05:03,2.55
20:05:04,2.55
20:05:05,2.55
20:05:06,2.55
20:05:07,2.55
20:05:08,2.55
20:05:09,2.55
20:05:10,2.55
20:05:11,2.55
20:05:12,2.55
20:05:13,2.55
20:05:14,2.55
20:05:15,2.55
20:05:16,2.55
20:05:17,2.55
20:05:18,2.55
20:05:19,2.55
20:05:20,2.55
20:05:21,2.55
20:05:22,2.55
20:05:23,2.55
20:05:24,2.55
20:05:25,2.55
20:05:26,2.55
20:05:27,2.55
20:05:28,2.55
20:05:29,2.55
20:05:30,2.55
20:05:31,2.55
20:05:32,2.55
20:05:33,2.55
20:05:34,2.55
20:05:35,2.55
20:05:36,2.55
20:05:37,2.55
20:05:38,2.55
20:05:39,2.55
20:05:40,2.55
20:05:41,2.55
20:05:42,2.55
20:05:43,2.55
20:05:44,2.55
20:05:45,2.55
20:05:46,2.55
20:05:47,2.55
20:05:48,2.55
20:05:49,2.55
20:05:50,2.55
20:05:51,2.55
20:05:52,2.55
20:05:53,2.55
20:05:54,2.55
20:05:55,2.55
20:05:56,2.55
20:05:57,2.55
20:05:58,2.55
20:05:59,2.55
20:06:00,2.55
20:06:01,2.55
20:06:02,2.55
20:06:03,2.55
20:06:04,2.55
20:06:05,2.55
20:06:06,2.55
20:06:07,2.55
20:06:08,2.55
20:06:09,2.55
20:06:10,2.55
20:06:11,2.55
20:06:12,2.55
20:06:13,2.55
20:06:14,2.55
20:06:15,2.55
20:06:16,2.55
20:06:17,2.55
20:06:18,2.55
20:06:19,2.55
20:06:20,2.55
20:06:21,2.55
20:06:22,2.55
20:06:23,2.55
20:06:24,2.55
20:06:25,2.55
20:06:26,2.55
20:06:27,2.55
20:06:28,2.55
20:06:29,2.55
20:06:30,2.55
20:06:31,2.55
20:06:32,2.55
20:06:33,2.55
20:06:34,2.55
20:06:35,2.55
20:06:36,2.55
20:06:37,2.55
20:06:38,2.55
20:06:39,2.55
20:06:40,2.55
20:06:41,2.55
20:06:42,2.55
20:06:43,2.55
20:06:44,2.55
20:06:45,2.55
20:06:46,2.55
20:06:47,2.55
20:06:48,2.55
20:06:49,2.55
20:06:50,2.55
20:06:51,2.55
20:06:52,2.55
20:06:53,2.55
20:06:54,2.55
20:06:55,2.55
20:06:56,2.55
20:06:57,2.55
20:06:58,2.55
20:06:59,2.55
20:07:00,2.55
20:07:01,2.55
20:07:02,2.55
20:07:03,2.55
20:07:04,2.55
20:07:05,2.55
20:07:06,2.55
20:07:07,2.55
20:07:08,2.55
20:07:09,2.55
20:07:10,2.55
20:07:11,2.55
20:07:12,2.55
20:07:13,2.55
20:07:14,2.55
20:07:15,2.55
20:07:16,2.55
20:07:17,2.55
20:07:18,2.55
20:07:19,2.55
20:07:20,2.55
20:07:21,2.55
20:07:22,2.55
20:07:23,2.55
20:07:24,2.55
20:07:25,2.55
20:07:26,2.55
20:07:27,2.55
20:07:28,2.55
20:07:29,2.55
20:07:30,2.55
20:07:31,2.55
20:07:32,2.55
20:07:33,2.55
20:07:34,2.55
20:07:35,2.55
20:07:36,2.55
20:07:37,2.55
20:07:38,2.55
20:07:39,2.55
20:07:40,2.55
20:07:41,2.55
20:07:42,2.55
20:07:43,2.55
20:07:44,2.55
20:07:45,2.55
20:07:46,2.55
20:07:47,2.55
20:07:48,2.55
20:07:49,2.55
20:07:50,2.55
20:07:51,2.55
20:07:52,2.55
20:07:53,2.55
20:07:54,2.55
20:07:55,2.55
20:07:56,2.55
20:07:57,2.55
20:07:58,2.55
20:07:59,2.55
20:08:00,2.55
20:08:01,2.55
20:08:02,2.55
20:08:03,2.55
20:08:04,2.55
20:08:05,2.55
20:08:06,2.55
20:08:07,2.55
20:08:08,2.55
20:08:09,2.55
20:08:10,2.55
20:08:11,2.55
20:08:12,2.55
20:08:13,2.55
20:08:14,2.55
20:08:15,2.55
20:08:16,2.55
20:08:17,2.55
20:08:18,2.55
20:08:19,2.55
20:08:20,2.55
20:08:21,2.55
20:08:22,2.55
20:08:23,2.55
20:08:24,2.55
20:08:25,2.55
20:08:26,2.55
20:08:27,2.55
20:08:28,2.55
20:08:29,2.55
20:08:30,2.55
20:08:31,2.55
20:08:32,2.55
20:08:33,2.55
20:08:34,2.55
20:08:35,2.55
20:08:36,2.55
20:08:37,2.55
20:08:38,2.55
20:08:39,2.55
20:08:40,2.55
20:08:41,2.55
20:08:42,2.55
20:08:43,2.55
20:08:44,2.55
20:08:45,2.55
20:08:46,2.55
20:08:47,2.55
20:08:48,2.55
20:08:49,2.55
20:08:50,2.55
20:08:51,2.55
20:08:52,2.55
20:08:53,2.55
20:08:54,2.55
20:08:55,2.55
20:08:56,2.55
20:08:57,2.55
20:08:58,2.55
20:08:59,2.55
20:09:00,2.55
20:09:01,2.55
20:09:02,2.55
20:09:03,2.55
20:09:04,2.55
20:09:05,2.55
20:09:06,2.55
20:09:07,2.55
20:09:08,2.55
20:09:09,2.55
20:09:10,2.55
20:09:11,2.55
20:09:12,2.55
20:09:13,2.55
20:09:14,2.55
20:09:15,2.55
20:09:16,2.55
20:09:17,2.55
20:09:18,2.55
20:09:19,2.55
20:09:20,2.55
20:09:21,2.55
20:09:22,2.55
20:09:23,2.55
20:09:24,2.55
20:09:25,2.55
20:09:26,2.55
20:09:27,2.55
20:09:28,2.55
20:09:29,2.55
20:09:30,2.55
20:09:31,2.55
20:09:32,2.55
20:09:33,2.55
20:09:34,2.55
20:09:35,2.55
20:09:36,2.55
20:09:37,2.55
20:09:38,2.55
20:09:39,2.55
20:09:40,2.55
20:09:41,2.55
20:09:42,2.55
20:09:43,2.55
20:09:44,2.55
20:09:45,2.55
20:09:46,2.55
20:09:47,2.55
20:09:48,2.55
20:09:49,2.55
20:09:50,2.55
20:09:51,2.55
20:09:52,2.55
20:09:53,2.55
20:09:54,2.55
20:09:55,2.55
20:09:56,2.55
20:09:57,2.55
20:09:58,2.55
20:09:59,2.55
20:10:00,2.55
20:10:01,2.55
20:10:02,2.55
20:10:03,2.55
20:10:04,2.55
20:10:05,2.55
20:10:06,2.55
20:10:07,2.55
20:10:08,2.55
20:10:09,2.55
20:10:10,2.55
20:10:11,2.55
20:10:12,2.55
20:10:13,2.55
20:10:14,2.55
20:10:15,2.55
20:10:16,2.55
20:10:17,2.55
20:10:18,2.55
20:10:19,2.55
20:10:20,2.55
20:10:21,2.55
20:10:22,2.55
20:10:23,2.55
20:10:24,2.55
20:10:25,2.55
20:10:26,2.55
20:10:27,2.55
20:10:28,2.55
20:10:29,2.55
20:10:30,2.55
20:10:31,2.55
20:10:32,2.55
20:10:33,2.55
20:10:34,2.55
20:10:35,2.55
20:10:36,2.55
20:10:37,2.55
20:10:38,2.55
20:10:39,2.55
20:10:40,2.55
20:10:41,2.55
20:10:42,2.55
20:10:43,2.55
20:10:44,2.55
20:10:45,2.55
20:10:46,2.55
20:10:47,2.55
20:10:48,2.55
20:10:49,2.55
20:10:50,2.55
20:10:51,2.55
20:10:52,2.55
20:10:53,2.55
20:10:54,2.55
20:10:55,2.55
20:10:56,2.55
20:10:57,2.55
20:10:58,2.55
20:10:59,2.55
20:11:00,2.55
20:11:01,2.55
20:11:02,2.55
20:11:03,2.55
20:11:04,2.55
20:11:05,2.55
20:11:06,2.55
20:11:07,2.55
20:11:08,2.55
20:11:09,2.55
20:11:10,2.55
20:11:11,2.55
20:11:12,2.55
20:11:13,2.55
20:11:14,2.55
20:11:15,2.55
20:11:16,2.55
20:11:17,2.55
20:11:18,2.55
20:11:19,2.55
20:11:20,2.55
20:11:21,2.55
20:11:22,2.55
20:11:23,2.55
20:11:24,2.55
20:11:25,2.55
20:11:26,2.55
20:11:27,2.55
20:11:28,2.55
20:11:29,2.55
20:11:30,2.55
20:11:31,2.55
20:11:32,2.55
20:11:33,2.55
20:11:34,2.55
20:11:35,2.55
20:11:36,2.55
20:11:37,2.55
20:11:38,2.55
20:11:39,2.55
20:11:40,2.55
20:11:41,2.55
20:11:42,2.55
20:11:43,2.55
20:11:44,2.55
20:11:45,2.55
20:11:46,2.55
20:11:47,2.55
20:11:48,2.55
20:11:49,2.55
20:11:50,2.55
20:11:51,2.55
20:11:52,2.55
20:11:53,2.55
20:11:54,2.55
20:11:55,2.55
20:11:56,2.55
20:11:57,2.55
20:11:58,2.55
20:11:59,2.55
20:12:00,2.55
20:12:01,2.55
20:12:02,2.55
20:12:03,2.55
20:12:04,2.55
20:12:05,2.55
20:12:06,2.55
20:12:07,2.55
20:12:08,2.55
20:12:09,2.55
20:12:10,2.55
20:12:11,2.55
20:12:12,2.55
20:12:13,2.55
20:12:14,2.55
20:12:15,2.55
20:12:16,2.55
20:12:17,2.55
20:12:18,2.55
20:12:19,2.55
20:12:20,2.55
20:12:21,2.55
20:12:22,2.55
20:12:23,2.55
20:12:24,2.55
20:12:25,2.55
20:12:26,2.55
20:12:27,2.55
20:12:28,2.55
20:12:29,2.55
20:12:30,2.55
20:12:31,2.55
20:12:32,2.55
20:12:33,2.55
20:12:34,2.55
20:12:35,2.55
20:12:36,2.55
20:12:37,2.55
20:12:38,2.55
20:12:39,2.55
20:12:40,2.55
20:12:41,2.55
20:12:42,2.55
20:12:43,2.55
20:12:44,2.55
20:12:45,2.55
20:12:46,2.55
20:12:47,2.55
20:12:48,2.55
20:12:49,2.55
20:12:50,2.55
20:12:51,2.55
20:12:52,2.55
20:12:53,2.55
20:12:54,2.55
20:12:55,2.55
20:12:56,2.55
20:12:57,2.55
20:12:58,2.55
20:12:59,2.55
20:13:00,2.55
20:13:01,2.55
20:13:02,2.55
20:13:03,2.55
20:13:04,2.55
20:13:05,2.55
20:13:06,2.55
20:13:07,2.55
20:13:08,2.55
20:13:09,2.55
20:13:10,2.55
20:13:11,2.55
20:13:12,2.55
20:13:13,2.55
20:13:14,2.55
20:13:15,2.55
20:13:16,2.55
20:13:17,2.55
20:13:18,2.55
20:13:19,2.55
20:13:20,2.55
20:13:21,2.55
20:13:22,2.55
20:13:23,2.55
20:13:24,2.55
20:13:25,2.55
20:13:26,2.55
20:13:27,2.55
20:13:28,2.55
20:13:29,2.55
20:13:30,2.55
20:13:31,2.55
20:13:32,2.55
20:13:33,2.55
20:13:34,2.55
20:13:35,2.55
20:13:36,2.55
20:13:37,2.55
20:13:38,2.55
20:13:39,2.55
20:13:40,2.55
20:13:41,2.55
20:13:42,2.55
20:13:43,2.55
20:13:44,2.55
20:13:45,2.55
20:13:46,2.55
20:13:47,2.55
20:13:48,2.55
20:13:49,2.55
20:13:50,2.55
20:13:51,2.55
20:13:52,2.55
20:13:53,2.55
20:13:54,2.55
20:13:55,2.55
20:13:56,2.55
20:13:57,2.55
20:13:58,2.55
20:13:59,2.55
20:14:00,2.55
20:14:01,2.55
20:14:02,2.55
20:14:03,2.55
20:14:04,2.55
20:14:05,2.55
20:14:06,2.55
20:14:07,2.55
20:14:08,2.55
20:14:09,2.55
20:14:10,2.55
20:14:11,2.55
20:14:12,2.55
20:14:13,2.55
20:14:14,2.55
20:14:15,2.55
20:14:16,2.55
20:14:17,2.55
20:14:18,2.55
20:14:19,2.55
20:14:20,2.55
20:14:21,2.55
20:14:22,2.55
20:14:23,2.55
20:14:24,2.55
20:14:25,2.55
20:14:26,2.55
20:14:27,2.55
20:14:28,2.55
20:14:29,2.55
20:14:30,2.55
20:14:31,2.55
20:14:32,2.55
20:14:33,2.55
20:14:34,2.55
20:14:35,2.55
20:14:36,2.55
20:14:37,2.55
20:14:38,2.55
20:14:39,2.55
20:14:40,2.55
20:14:41,2.55
20:14:42,2.55
20:14:43,2.55
20:14:44,2.55
20:14:45,2.55
20:14:46,2.55
20:14:47,2.55
20:14:48,2.55
20:14:49,2.55
20:14:50,2.55
20:14:51,2.55
20:14:52,2.55
20:14:53,2.55
20:14:54,2.55
20:14:55,2.55
20:14:56,2.55
20:14:57,2.55
20:14:58,2.55
20:14:59,2.55
20:15:00,2.55
20:15:01,2.55
20:15:02,2.55
20:15:03,2.55
20:15:04,2.55
20:15:05,2.55
20:15:06,2.55
20:15:07,2.55
20:15:08,2.55
20:15:09,2.55
20:15:10,2.55
20:15:11,2.55
20:15:12,2.55
20:15:13,2.55
20:15:14,2.55
20:15:15,2.55
20:15:16,2.55
20:15:17,2.55
20:15:18,2.55
20:15:19,2.55
20:15:20,2.55
20:15:21,2.55
20:15:22,2.55
20:15:23,2.55
20:15:24,2.55
20:15:25,2.55
20:15:26,2.55
20:15:27,2.55
20:15:28,2.55
20:15:29,2.55
20:15:30,2.55
20:15:31,2.55
20:15:32,2.55
20:15:33,2.55
20:15:34,2.55
20:15:35,2.55
20:15:36,2.55
20:15:37,2.55
20:15:38,2.55
20:15:39,2.55
20:15:40,2.55
20:15:41,2.55
20:15:42,2.55
20:15:43,2.55
20:15:44,2.55
20:15:45,2.55
20:15:46,2.55
20:15:47,2.55
20:15:48,2.55
20:15:49,2.55
20:15:50,2.55
20:15:51,2.55
20:15:52,2.55
20:15:53,2.55
20:15:54,2.55
20:15:55,2.55
20:15:56,2.55
20:15:57,2.55
20:15:58,2.55
20:15:59,2.55
20:16:00,2.55
20:16:01,2.55
20:16:02,2.55
20:16:03,2.55
20:16:04,2.55
20:16:05,2.55
20:16:06,2.55
20:16:07,2.55
20:16:08,2.55
20:16:09,2.55
20:16:10,2.55
20:16:11,2.55
20:16:12,2.55
20:16:13,2.55
20:16:14,2.55
20:16:15,2.55
20:16:16,2.55
20:16:17,2.55
20:16:18,2.55
20:16:19,2.55
20:16:20,2.55
20:16:21,2.55
20:16:22,2.55
20:16:23,2.55
20:16:24,2.55
20:16:25,2.55
20:16:26,2.55
20:16:27,2.55
20:16:28,2.55
20:16:29,2.55
20:16:30,2.55
20:16:31,2.55
20:16:32,2.55
20:16:33,2.55
20:16:34,2.55
20:16:35,2.55
20:16:36,2.55
20:16:37,2.55
20:16:38,2.55
20:16:39,2.55
20:16:40,2.55
20:16:41,2.55
20:16:42,2.55
20:16:43,2.55
20:16:44,2.55
20:16:45,2.55
20:16:46,2.55
20:16:47,2.55
20:16:48,2.55
20:16:49,2.55
20:16:50,2.55
20:16:51,2.55
20:16:52,2.55
20:16:53,2.55
20:16:54,2.55
20:16:55,2.55
20:16:56,2.55
20:16:57,2.55
20:16:58,2.55
20:16:59,2.55
20:17:00,2.55
20:17:01,2.55
20:17:02,2.55
20:17:03,2.55
20:17:04,2.55
20:17:05,2.55
20:17:06,2.55
20:17:07,2.55
20:17:08,2.55
20:17:09,2.55
20:17:10,2.55
20:17:11,2.55
20:17:12,2.55
20:17:13,2.55
20:17:14,2.55
20:17:15,2.55
20:17:16,2.55
20:17:17,2.55
20:17:18,2.55
20:17:19,2.55
20:17:20,2.55
20:17:21,2.55
20:17:22,2.55
20:17:23,2.55
20:17:24,2.55
20:17:25,2.55
20:17:26,2.55
20:17:27,2.55
20:17:28,2.55
20:17:29,2.55
20:17:30,2.55
20:17:31,2.55
20:17:32,2.55
20:17:33,2.55
20:17:34,2.55
20:17:35,2.55
20:17:36,2.55
20:17:37,2.55
20:17:38,2.55
20:17:39,2.55
20:17:40,2.55
20:17:41,2.55
20:17:42,2.55
20:17:43,2.55
20:17:44,2.55
20:17:45,2.55
20:17:46,2.55
20:17:47,2.55
20:17:48,2.55
20:17:49,2.55
20:17:50,2.55
20:17:51,2.55
20:17:52,2.55
20:17:53,2.55
20:17:54,2.55
20:17:55,2.55
20:17:56,2.55
20:17:57,2.55
20:17:58,2.55
20:17:59,2.55
20:18:00,2.55
20:18:01,2.55
20:18:02,2.55
20:18:03,2.55
20:18:04,2.55
20:18:05,2.55
20:18:06,2.55
20:18:07,2.55
20:18:08,2.55
20:18:09,2.55
20:18:10,2.55
20:18:11,2.55
20:18:12,2.55
20:18:13,2.55
20:18:14,2.55
20:18:15,2.55
20:18:16,2.55
20:18:17,2.55
20:18:18,2.55
20:18:19,2.55
20:18:20,2.55
20:18:21,2.55
20:18:22,2.55
20:18:23,2.55
20:18:24,2.55
20:18:25,2.55
20:18:26,2.55
20:18:27,2.55
20:18:28,2.55
20:18:29,2.55
20:18:30,2.55
20:18:31,2.55
20:18:32,2.55
20:18:33,2.55
20:18:34,2.55
20:18:35,2.55
20:18:36,2.55
20:18:37,2.55
20:18:38,2.55
20:18:39,2.55
20:18:40,2.55
20:18:41,2.55
20:18:42,2.55
20:18:43,2.55
20:18:44,2.55
20:18:45,2.55
20:18:46,2.55
20:18:47,2.55
20:18:48,2.55
20:18:49,2.55
20:18:50,2.55
20:18:51,2.55
20:18:52,2.55
20:18:53,2.55
20:18:54,2.55
20:18:55,2.55
20:18:56,2.55
20:18:57,2.55
20:18:58,2.55
20:18:59,2.55
20:19:00,2.55
20:19:01,2.55
20:19:02,2.55
20:19:03,2.55
20:19:04,2.55
20:19:05,2.55
20:19:06,2.55
20:19:07,2.55
20:19:08,2.55
20:19:09,2.55
20:19:10,2.55
20:19:11,2.55
20:19:12,2.55
20:19:13,2.55
20:19:14,2.55
20:19:15,2.55
20:19:16,2.55
20:19:17,2.55
20:19:18,2.55
20:19:19,2.55
20:19:20,2.55
20:19:21,2.55
20:19:22,2.55
20:19:23,2.55
20:19:24,2.55
20:19:25,2.55
20:19:26,2.55
20:19:27,2.55
20:19:28,2.55
20:19:29,2.55
20:19:30,2.55
20:19:31,2.55
20:19:32,2.55
20:19:33,2.55
20:19:34,2.55
20:19:35,2.55
20:19:36,2.55
20:19:37,2.55
20:19:38,2.55
20:19:39,2.55
20:19:40,2.55
20:19:41,2.55
20:19:42,2.55
20:19:43,2.55
20:19:44,2.55
20:19:45,2.55
20:19:46,2.55
20:19:47,2.55
20:19:48,2.55
20:19:49,2.55
20:19:50,2.55
20:19:51,2.55
20:19:52,2.55
20:19:53,2.55
20:19:54,2.55
20:19:55,2.55
20:19:56,2.55
20:19:57,2.55
20:19:58,2.55
20:19:59,2.55
20:20:00,2.55
20:20:01,2.55
20:20:02,8.15333333333
20:20:03,13.7566666667
20:20:04,19.36
20:20:05,24.9633333333
20:20:06,30.5666666667
20:20:07,36.17
20:20:08,41.7733333333
20:20:09,47.3766666667
20:20:10,52.98
20:20:11,58.5833333333
20:20:12,64.1866666667
20:20:13,69.79
20:20:14,75.3933333333
20:20:15,80.9966666667
20:20:16,86.6
20:20:17,86.6
20:20:18,86.6
20:20:19,86.6
20:20:20,86.6
20:20:21,86.6
20:20:22,86.6
20:20:23,86.6
20:20:24,86.6
20:20:25,86.6
20:20:26,86.6
20:20:27,86.6
20:20:28,86.6
20:20:29,86.6
20:20:30,86.6
20:20:31,86.6
20:20:32,86.6
20:20:33,86.6
20:20:34,86.6
20:20:35,86.6
20:20:36,86.6
20:20:37,86.6
20:20:38,86.6
20:20:39,86.6
20:20:40,86.6
20:20:41,86.6
20:20:42,86.6
20:20:43,86.6
20:20:44,86.6
20:20:45,86.6
20:20:46,86.6
20:20:47,86.6
20:20:48,86.6
20:20:49,84.865625
20:20:50,83.13125
20:20:51,81.396875
20:20:52,79.6625
20:20:53,77.928125
20:20:54,76.19375
20:20:55,74.459375
20:20:56,72.725
20:20:57,70.990625
20:20:58,69.25625
20:20:59,67.521875
20:21:00,65.7875
20:21:01,64.053125
20:21:02,62.31875
20:21:03,60.584375
20:21:04,58.85
20:21:05,55.5382352941
20:21:06,52.2264705882
20:21:07,48.9147058824
20:21:08,45.6029411765
20:21:09,42.2911764706
20:21:10,38.9794117647
20:21:11,35.6676470588
20:21:12,32.3558823529
20:21:13,29.0441176471
20:21:14,25.7323529412
20:21:15,22.4205882353
20:21:16,19.1088235294
20:21:17,15.7970588235
20:21:18,12.4852941176
20:21:19,9.17352941176
20:21:20,5.86176470588
20:21:21,2.55
20:21:22,2.55
20:21:23,2.55
20:21:24,2.55
20:21:25,2.55
20:21:26,2.55
20:21:27,2.55
20:21:28,2.55
20:21:29,2.55
20:21:30,2.55
20:21:31,2.55
20:21:32,2.55
20:21:33,2.55
20:21:34,2.55
20:21:35,2.55
20:21:36,2.55
20:21:37,2.55
20:21:38,2.55
20:21:39,2.55
20:21:40,2.55
20:21:41,2.55
20:21:42,2.55
20:21:43,2.55
20:21:44,2.55
20:21:45,2.55
20:21:46,2.55
20:21:47,2.55
20:21:48,2.55
20:21:49,2.55
20:21:50,2.55
20:21:51,2.55
20:21:52,2.55
20:21:53,2.55
20:21:54,2.55
20:21:55,2.55
20:21:56,2.55
20:21:57,2.55
20:21:58,2.55
20:21:59,2.55
20:22:00,2.55
20:22:01,2.55
20:22:02,2.55
20:22:03,2.55
20:22:04,2.55
20:22:05,2.55
20:22:06,2.55
20:22:07,2.55
20:22:08,2.55
20:22:09,2.55
20:22:10,2.55
20:22:11,2.55
20:22:12,2.55
20:22:13,2.55
20:22:14,2.55
20:22:15,2.55
20:22:16,2.55
20:22:17,2.55
20:22:18,2.55
20:22:19,2.55
20:22:20,2.55
20:22:21,2.55
20:22:22,2.55
20:22:23,2.55
20:22:24,2.55
20:22:25,2.55
20:22:26,2.55
20:22:27,2.55
20:22:28,2.55
20:22:29,2.55
20:22:30,2.55
20:22:31,2.55
20:22:32,2.55
20:22:33,2.55
20:22:34,2.55
20:22:35,2.55
20:22:36,2.55
20:22:37,2.55
20:22:38,2.55
20:22:39,2.55
20:22:40,2.55
20:22:41,2.55
20:22:42,2.55
20:22:43,2.55
20:22:44,2.55
20:22:45,2.55
20:22:46,2.55
20:22:47,2.55
20:22:48,2.55
20:22:49,2.55
20:22:50,2.55
20:22:51,2.55
20:22:52,2.55
20:22:53,2.55
20:22:54,2.55
20:22:55,2.55
20:22:56,2.55
20:22:57,2.55
20:22:58,2.55
20:22:59,2.55
20:23:00,2.55
20:23:01,2.55
20:23:02,2.55
20:23:03,2.55
20:23:04,2.55
20:23:05,2.55
20:23:06,2.55
20:23:07,2.55
20:23:08,2.55
20:23:09,2.55
20:23:10,2.55
20:23:11,2.55
20:23:12,2.55
20:23:13,2.55
20:23:14,2.55
20:23:15,2.55
20:23:16,2.55
20:23:17,2.55
20:23:18,2.55
20:23:19,2.55
20:23:20,2.55
20:23:21,2.55
20:23:22,2.55
20:23:23,2.55
20:23:24,3.34285714286
20:23:25,4.13571428571
20:23:26,4.92857142857
20:23:27,5.72142857143
20:23:28,6.51428571429
20:23:29,7.30714285714
20:23:30,8.1
20:23:31,8.89285714286
20:23:32,9.68571428571
20:23:33,10.4785714286
20:23:34,11.2714285714
20:23:35,12.0642857143
20:23:36,12.8571428571
20:23:37,13.65
20:23:38,16.7513333333
20:23:39,19.8526666667
20:23:40,22.954
20:23:41,26.0553333333
20:23:42,29.1566666667
20:23:43,32.258
20:23:44,35.3593333333
20:23:45,38.4606666667
20:23:46,41.562
20:23:47,44.6633333333
20:23:48,47.7646666667
20:23:49,50.866
20:23:50,53.9673333333
20:23:51,57.0686666667
20:23:52,60.17
20:23:53,58.881875
20:23:54,57.59375
20:23:55,56.305625
20:23:56,55.0175
20:23:57,53.729375
20:23:58,52.44125
20:23:59,51.153125
20:24:00,49.865
20:24:01,48.576875
20:24:02,47.28875
20:24:03,46.000625
20:24:04,44.7125
20:24:05,43.424375
20:24:06,42.13625
20:24:07,40.848125
20:24:08,39.56
20:24:09,39.366
20:24:10,39.172
20:24:11,38.978
20:24:12,38.784
20:24:13,38.59
20:24:14,38.396
20:24:15,38.202
20:24:16,38.008
20:24:17,37.814
20:24:18,37.62
20:24:19,37.426
20:24:20,37.232
20:24:21,37.038
20:24:22,36.844
20:24:23,36.65
20:24:24,39.309375
20:24:25,41.96875
20:24:26,44.628125
20:24:27,47.2875
20:24:28,49.946875
20:24:29,52.60625
20:24:30,55.265625
20:24:31,57.925
20:24:32,60.584375
20:24:33,63.24375
20:24:34,65.903125
20:24:35,68.5625
20:24:36,71.221875
20:24:37,73.88125
20:24:38,76.540625
20:24:39,79.2
20:24:40,79.39875
20:24:41,79.5975
20:24:42,79.79625
20:24:43,79.995
20:24:44,80.19375
20:24:45,80.3925
20:24:46,80.59125
20:24:47,80.79
20:24:48,80.98875
20:24:49,81.1875
20:24:50,81.38625
20:24:51,81.585
20:24:52,81.78375
20:24:53,81.9825
20:24:54,82.18125
20:24:55,82.38
20:24:56,80.86
20:24:57,79.34
20:24:58,77.82
20:24:59,76.3
20:25:00,74.78
20:25:01,73.26
20:25:02,71.74
20:25:03,70.22
20:25:04,68.7
20:25:05,67.18
20:25:06,65.66
20:25:07,64.14
20:25:08,62.62
20:25:09,61.1
20:25:10,59.58
20:25:11,58.06
20:25:12,54.3593333333
20:25:13,50.6586666667
20:25:14,46.958
20:25:15,43.2573333333
20:25:16,39.5566666667
20:25:17,35.856
20:25:18,32.1553333333
20:25:19,28.4546666667
20:25:20,24.754
20:25:21,21.0533333333
20:25:22,17.3526666667
20:25:23,13.652
20:25:24,9.95133333333
20:25:25,6.25066666667
20:25:26,2.55
20:25:27,2.55
20:25:28,2.55
20:25:29,2.55
20:25:30,2.55
20:25:31,2.55
20:25:32,2.55
20:25:33,2.55
20:25:34,2.55
20:25:35,2.55
20:25:36,2.55
20:25:37,2.55
20:25:38,2.55
20:25:39,2.55
20:25:40,2.55
20:25:41,2.55
20:25:42,2.55
20:25:43,2.55
20:25:44,2.55
20:25:45,2.55
20:25:46,2.55
20:25:47,2.55
20:25:48,2.55
20:25:49,2.55
20:25:50,2.55
20:25:51,2.55
20:25:52,2.55
20:25:53,2.55
20:25:54,2.55
20:25:55,2.55
20:25:56,2.55
20:25:57,2.55
20:25:58,2.55
20:25:59,2.55
20:26:00,2.55
20:26:01,2.55
20:26:02,2.55
20:26:03,2.55
20:26:04,2.55
20:26:05,2.55
20:26:06,2.55
20:26:07,2.55
20:26:08,2.55
20:26:09,2.55
20:26:10,2.55
20:26:11,2.55
20:26:12,2.55
20:26:13,2.55
20:26:14,2.55
20:26:15,2.55
20:26:16,2.55
20:26:17,2.55
20:26:18,2.55
20:26:19,2.55
20:26:20,2.55
20:26:21,2.55
20:26:22,2.55
20:26:23,2.55
20:26:24,2.55
20:26:25,2.55
20:26:26,2.55
20:26:27,2.55
20:26:28,2.55
20:26:29,2.55
20:26:30,2.55
20:26:31,2.55
20:26:32,2.55
20:26:33,2.55
20:26:34,2.55
20:26:35,2.55
20:26:36,2.55
20:26:37,2.55
20:26:38,2.55
20:26:39,2.55
20:26:40,2.55
20:26:41,2.55
20:26:42,2.55
20:26:43,2.55
20:26:44,2.55
20:26:45,2.55
20:26:46,2.55
20:26:47,2.55
20:26:48,2.55
20:26:49,2.55
20:26:50,2.55
20:26:51,2.55
20:26:52,2.55
20:26:53,2.55
20:26:54,2.55
20:26:55,2.55
20:26:56,2.55
20:26:57,2.55
20:26:58,2.55
20:26:59,2.55
20:27:00,2.55
20:27:01,2.55
20:27:02,2.55
20:27:03,2.55
20:27:04,2.55
20:27:05,2.55
20:27:06,2.55
20:27:07,2.55
20:27:08,2.55
20:27:09,2.55
20:27:10,2.55
20:27:11,2.55
20:27:12,2.55
20:27:13,2.55
20:27:14,2.55
20:27:15,2.55
20:27:16,2.55
20:27:17,2.55
20:27:18,2.55
20:27:19,2.55
20:27:20,2.55
20:27:21,2.55
20:27:22,2.55
20:27:23,2.55
20:27:24,2.55
20:27:25,2.55
20:27:26,2.55
20:27:27,2.55
20:27:28,2.55
20:27:29,2.55
20:27:30,2.55
20:27:31,2.55
20:27:32,2.55
20:27:33,2.55
20:27:34,2.55
20:27:35,2.55
20:27:36,2.55
20:27:37,2.55
20:27:38,2.55
20:27:39,2.55
20:27:40,2.55
20:27:41,2.55
20:27:42,2.55
20:27:43,2.55
20:27:44,2.55
20:27:45,2.55
20:27:46,2.55
20:27:47,2.55
20:27:48,2.55
20:27:49,2.55
20:27:50,2.55
20:27:51,2.55
20:27:52,2.55
20:27:53,2.55
20:27:54,2.55
20:27:55,2.55
20:27:56,2.55
20:27:57,2.55
20:27:58,2.55
20:27:59,2.55
20:28:00,2.55
20:28:01,2.55
20:28:02,2.55
20:28:03,2.55
20:28:04,2.55
20:28:05,2.55
20:28:06,2.55
20:28:07,2.55
20:28:08,2.55
20:28:09,2.55
20:28:10,2.55
20:28:11,2.55
20:28:12,2.55
20:28:13,2.55
20:28:14,2.55
20:28:15,2.55
20:28:16,2.55
20:28:17,2.55
20:28:18,2.55
20:28:19,2.55
20:28:20,2.55
20:28:21,2.55
20:28:22,2.55
20:28:23,2.55
20:28:24,2.55
20:28:25,2.55
20:28:26,2.55
20:28:27,2.55
20:28:28,2.55
20:28:29,2.55
20:28:30,2.55
20:28:31,2.55
20:28:32,2.55
20:28:33,2.55
20:28:34,2.55
20:28:35,2.55
20:28:36,2.55
20:28:37,2.55
20:28:38,2.55
20:28:39,2.55
20:28:40,2.55
20:28:41,2.55
20:28:42,2.55
20:28:43,2.55
20:28:44,2.55
20:28:45,2.55
20:28:46,2.55
20:28:47,2.55
20:28:48,2.55
20:28:49,2.55
20:28:50,2.55
20:28:51,2.55
20:28:52,2.55
20:28:53,2.55
20:28:54,2.55
20:28:55,2.55
20:28:56,2.55
20:28:57,2.55
20:28:58,2.55
20:28:59,2.55
20:29:00,2.55
20:29:01,2.55
20:29:02,2.55
20:29:03,2.55
20:29:04,2.55
20:29:05,2.55
20:29:06,2.55
20:29:07,2.55
20:29:08,2.55
20:29:09,2.55
20:29:10,2.55
20:29:11,2.55
20:29:12,2.55
20:29:13,2.55
20:29:14,2.55
20:29:15,2.55
20:29:16,2.55
20:29:17,2.55
20:29:18,2.55
20:29:19,2.55
20:29:20,2.55
20:29:21,2.55
20:29:22,2.55
20:29:23,2.55
20:29:24,2.55
20:29:25,2.55
20:29:26,2.55
20:29:27,2.55
20:29:28,2.55
20:29:29,2.55
20:29:30,2.55
20:29:31,2.55
20:29:32,2.55
20:29:33,2.55
20:29:34,2.6325
20:29:35,2.715
20:29:36,2.7975
20:29:37,2.88
20:29:38,2.9625
20:29:39,3.045
20:29:40,3.1275
20:29:41,3.21
20:29:42,3.2925
20:29:43,3.375
20:29:44,3.4575
20:29:45,3.54
20:29:46,3.6225
20:29:47,3.705
20:29:48,3.7875
20:29:49,3.87
20:29:50,8.033125
20:29:51,12.19625
20:29:52,16.359375
20:29:53,20.5225
20:29:54,24.685625
20:29:55,28.84875
20:29:56,33.011875
20:29:57,37.175
20:29:58,41.338125
20:29:59,45.50125
20:30:00,49.664375
20:30:01,53.8275
20:30:02,57.990625
20:30:03,62.15375
20:30:04,66.316875
20:30:05,70.48
20:30:06,69.564
20:30:07,68.648
20:30:08,67.732
20:30:09,66.816
20:30:10,65.9
20:30:11,64.984
20:30:12,64.068
20:30:13,63.152
20:30:14,62.236
20:30:15,61.32
20:30:16,60.404
20:30:17,59.488
20:30:18,58.572
20:30:19,57.656
20:30:20,56.74
20:30:21,53.5523529412
20:30:22,50.3647058824
20:30:23,47.1770588235
20:30:24,43.9894117647
20:30:25,40.8017647059
20:30:26,37.6141176471
20:30:27,34.4264705882
20:30:28,31.2388235294
20:30:29,28.0511764706
20:30:30,24.8635294118
20:30:31,21.6758823529
20:30:32,18.4882352941
20:30:33,15.3005882353
20:30:34,12.1129411765
20:30:35,8.92529411765
20:30:36,5.73764705882
20:30:37,2.55
20:30:38,2.55
20:30:39,2.55
20:30:40,2.55
20:30:41,2.55
20:30:42,2.55
20:30:43,2.55
20:30:44,2.55
20:30:45,2.55
20:30:46,2.55
20:30:47,2.55
20:30:48,2.55
20:30:49,2.55
20:30:50,2.55
20:30:51,2.55
20:30:52,2.55
20:30:53,2.55
20:30:54,2.55
20:30:55,2.55
20:30:56,2.55
20:30:57,2.55
20:30:58,2.55
20:30:59,2.55
20:31:00,2.55
20:31:01,2.55
20:31:02,2.55
20:31:03,2.55
20:31:04,2.55
20:31:05,2.55
20:31:06,2.55
20:31:07,2.55
20:31:08,2.55
20:31:09,2.55
20:31:10,2.55
20:31:11,6.286
20:31:12,10.022
20:31:13,13.758
20:31:14,17.494
20:31:15,21.23
20:31:16,24.966
20:31:17,28.702
20:31:18,32.438
20:31:19,36.174
20:31:20,39.91
20:31:21,43.646
20:31:22,47.382
20:31:23,51.118
20:31:24,54.854
20:31:25,58.59
20:31:26,57.4093333333
20:31:27,56.2286666667
20:31:28,55.048
20:31:29,53.8673333333
20:31:30,52.6866666667
20:31:31,51.506
20:31:32,50.3253333333
20:31:33,49.1446666667
20:31:34,47.964
20:31:35,46.7833333333
20:31:36,45.6026666667
20:31:37,44.422
20:31:38,43.2413333333
20:31:39,42.0606666667
20:31:40,40.88
20:31:41,38.3246666667
20:31:42,35.7693333333
20:31:43,33.214
20:31:44,30.6586666667
20:31:45,28.1033333333
20:31:46,25.548
20:31:47,22.9926666667
20:31:48,20.4373333333
20:31:49,17.882
20:31:50,15.3266666667
20:31:51,12.7713333333
20:31:52,10.216
20:31:53,7.66066666667
20:31:54,5.10533333333
20:31:55,2.55
20:31:56,2.55
20:31:57,2.55
20:31:58,2.55
20:31:59,2.55
20:32:00,2.55
20:32:01,2.55
20:32:02,2.55
20:32:03,2.55
20:32:04,2.55
20:32:05,2.55
20:32:06,2.55
20:32:07,2.55
20:32:08,2.55
20:32:09,2.55
20:32:10,2.55
20:32:11,2.55
20:32:12,2.55
20:32:13,2.55
20:32:14,2.55
20:32:15,2.55
20:32:16,2.55
20:32:17,2.55
20:32:18,2.55
20:32:19,2.55
20:32:20,2.55
20:32:21,2.55
20:32:22,2.55
20:32:23,2.55
20:32:24,2.55
20:32:25,2.55
20:32:26,2.55
20:32:27,2.55
20:32:28,2.55
20:32:29,2.55
20:32:30,2.55
20:32:31,2.55
20:32:32,2.55
20:32:33,2.55
20:32:34,2.55
20:32:35,2.55
20:32:36,2.55
20:32:37,2.55
20:32:38,2.55
20:32:39,2.55
20:32:40,2.55
20:32:41,2.55
20:32:42,2.55
20:32:43,2.55
20:32:44,2.55
20:32:45,2.55
20:32:46,2.55
20:32:47,2.55
20:32:48,2.55
20:32:49,2.55
20:32:50,2.55
20:32:51,2.55
20:32:52,2.55
20:32:53,2.55
20:32:54,2.55
20:32:55,2.55
20:32:56,2.55
20:32:57,2.55
20:32:58,2.55
20:32:59,2.55
20:33:00,2.55
20:33:01,2.55
20:33:02,2.55
20:33:03,2.55
20:33:04,2.55
20:33:05,2.55
20:33:06,2.55
20:33:07,2.55
20:33:08,2.55
20:33:09,2.55
20:33:10,2.55
20:33:11,2.55
20:33:12,2.55
20:33:13,2.55
20:33:14,2.55
20:33:15,2.55
20:33:16,2.55
20:33:17,2.55
20:33:18,2.55
20:33:19,2.55
20:33:20,2.55
20:33:21,2.55
20:33:22,2.55
20:33:23,2.55
20:33:24,2.55
20:33:25,2.55
20:33:26,2.55
20:33:27,2.55
20:33:28,2.55
20:33:29,2.55
20:33:30,2.55
20:33:31,2.55
20:33:32,2.55
20:33:33,2.55
20:33:34,2.55
20:33:35,2.55
20:33:36,2.55
20:33:37,2.55
20:33:38,2.55
20:33:39,2.55
20:33:40,2.55
20:33:41,2.55
20:33:42,2.55
20:33:43,2.55
20:33:44,2.55
20:33:45,2.55
20:33:46,2.55
20:33:47,2.55
20:33:48,2.55
20:33:49,2.55
20:33:50,2.55
20:33:51,2.55
20:33:52,2.55
20:33:53,2.55
20:33:54,2.55
20:33:55,2.55
20:33:56,2.55
20:33:57,2.55
20:33:58,2.55
20:33:59,2.55
20:34:00,2.55
20:34:01,2.55
20:34:02,2.55
20:34:03,2.55
20:34:04,2.55
20:34:05,2.55
20:34:06,2.55
20:34:07,2.55
20:34:08,2.55
20:34:09,2.55
20:34:10,2.55
20:34:11,2.55
20:34:12,2.55
20:34:13,2.55
20:34:14,2.55
20:34:15,2.55
20:34:16,2.55
20:34:17,2.55
20:34:18,2.55
20:34:19,2.55
20:34:20,2.55
20:34:21,2.55
20:34:22,2.55
20:34:23,2.55
20:34:24,2.55
20:34:25,2.55
20:34:26,2.55
20:34:27,2.55
20:34:28,2.55
20:34:29,2.55
20:34:30,2.55
20:34:31,2.55
20:34:32,2.55
20:34:33,2.55
20:34:34,2.55
20:34:35,2.55
20:34:36,2.55
20:34:37,2.55
20:34:38,2.55
20:34:39,2.55
20:34:40,2.55
20:34:41,2.55
20:34:42,2.55
20:34:43,2.55
20:34:44,2.55
20:34:45,2.55
20:34:46,2.55
20:34:47,2.55
20:34:48,2.55
20:34:49,2.55
20:34:50,2.55
20:34:51,2.55
20:34:52,2.55
20:34:53,2.55
20:34:54,2.55
20:34:55,2.55
20:34:56,2.55
20:34:57,2.55
20:34:58,2.55
20:34:59,2.55
20:35:00,2.55
20:35:01,2.55
20:35:02,2.55
20:35:03,2.55
20:35:04,2.55
20:35:05,2.55
20:35:06,2.55
20:35:07,2.55
20:35:08,2.55
20:35:09,2.55
20:35:10,2.55
20:35:11,2.55
20:35:12,2.55
20:35:13,2.55
20:35:14,2.55
20:35:15,2.55
20:35:16,2.55
20:35:17,2.55
20:35:18,2.55
20:35:19,2.55
20:35:20,2.55
20:35:21,2.55
20:35:22,2.55
20:35:23,2.55
20:35:24,2.55
20:35:25,2.55
20:35:26,2.55
20:35:27,2.55
20:35:28,2.55
20:35:29,2.55
20:35:30,2.55
20:35:31,2.55
20:35:32,2.55
20:35:33,2.55
20:35:34,2.55
20:35:35,2.55
20:35:36,2.55
20:35:37,2.55
20:35:38,2.55
20:35:39,2.55
20:35:40,2.55
20:35:41,2.55
20:35:42,2.55
20:35:43,2.55
20:35:44,2.55
20:35:45,2.55
20:35:46,2.55
20:35:47,2.55
20:35:48,2.55
20:35:49,2.55
20:35:50,2.55
20:35:51,2.55
20:35:52,2.55
20:35:53,2.55
20:35:54,2.55
20:35:55,2.55
20:35:56,2.55
20:35:57,2.55
20:35:58,2.55
20:35:59,2.55
20:36:00,2.55
20:36:01,2.55
20:36:02,2.55
20:36:03,2.55
20:36:04,2.55
20:36:05,2.55
20:36:06,2.55
20:36:07,2.55
20:36:08,2.55
20:36:09,2.55
20:36:10,2.55
20:36:11,2.55
20:36:12,2.55
20:36:13,2.55
20:36:14,2.55
20:36:15,2.55
20:36:16,2.55
20:36:17,2.55
20:36:18,2.55
20:36:19,2.55
20:36:20,2.55
20:36:21,2.55
20:36:22,2.55
20:36:23,2.55
20:36:24,2.55
20:36:25,2.55
20:36:26,2.55
20:36:27,2.55
20:36:28,2.55
20:36:29,2.55
20:36:30,2.55
20:36:31,2.55
20:36:32,2.55
20:36:33,2.55
20:36:34,2.55
20:36:35,2.55
20:36:36,2.55
20:36:37,2.55
20:36:38,2.55
20:36:39,2.55
20:36:40,2.55
20:36:41,2.55
20:36:42,2.55
20:36:43,2.55
20:36:44,2.55
20:36:45,2.55
20:36:46,2.55
20:36:47,2.55
20:36:48,2.55
20:36:49,2.55
20:36:50,2.55
20:36:51,2.55
20:36:52,2.55
20:36:53,2.55
20:36:54,2.55
20:36:55,2.55
20:36:56,2.55
20:36:57,2.55
20:36:58,2.55
20:36:59,2.55
20:37:00,2.55
20:37:01,2.55
20:37:02,2.55
20:37:03,2.55
20:37:04,2.55
20:37:05,2.55
20:37:06,2.55
20:37:07,2.55
20:37:08,2.55
20:37:09,2.55
20:37:10,2.55
20:37:11,2.55
20:37:12,2.55
20:37:13,2.55
20:37:14,2.55
20:37:15,2.55
20:37:16,2.55
20:37:17,2.55
20:37:18,2.55
20:37:19,2.55
20:37:20,2.55
20:37:21,2.55
20:37:22,2.55
20:37:23,2.55
20:37:24,2.55
20:37:25,2.55
20:37:26,2.55
20:37:27,2.55
20:37:28,2.55
20:37:29,2.55
20:37:30,2.55
20:37:31,2.55
20:37:32,2.55
20:37:33,2.55
20:37:34,2.55
20:37:35,2.55
20:37:36,2.55
20:37:37,2.55
20:37:38,2.55
20:37:39,2.55
20:37:40,2.55
20:37:41,2.55
20:37:42,2.55
20:37:43,2.55
20:37:44,2.55
20:37:45,2.55
20:37:46,2.55
20:37:47,2.55
20:37:48,2.55
20:37:49,2.55
20:37:50,2.55
20:37:51,2.55
20:37:52,2.55
20:37:53,2.55
20:37:54,2.55
20:37:55,2.55
20:37:56,2.55
20:37:57,2.55
20:37:58,2.55
20:37:59,2.55
20:38:00,2.55
20:38:01,2.55
20:38:02,2.55
20:38:03,2.55
20:38:04,2.55
20:38:05,2.55
20:38:06,2.55
20:38:07,2.55
20:38:08,2.55
20:38:09,2.55
20:38:10,2.55
20:38:11,2.55
20:38:12,2.55
20:38:13,2.55
20:38:14,2.55
20:38:15,2.55
20:38:16,2.55
20:38:17,2.55
20:38:18,2.55
20:38:19,2.55
20:38:20,2.55
20:38:21,2.55
20:38:22,2.55
20:38:23,2.55
20:38:24,2.55
20:38:25,2.55
20:38:26,2.55
20:38:27,2.55
20:38:28,2.55
20:38:29,2.55
20:38:30,2.55
20:38:31,2.55
20:38:32,2.55
20:38:33,2.55
20:38:34,2.55
20:38:35,2.55
20:38:36,2.55
20:38:37,2.55
20:38:38,2.55
20:38:39,2.55
20:38:40,2.55
20:38:41,2.55
20:38:42,2.55
20:38:43,2.55
20:38:44,2.55
20:38:45,2.55
20:38:46,2.55
20:38:47,2.55
20:38:48,2.55
20:38:49,2.55
20:38:50,2.55
20:38:51,2.55
20:38:52,2.55
20:38:53,2.55
20:38:54,2.55
20:38:55,2.55
20:38:56,2.55
20:38:57,2.55
20:38:58,2.55
20:38:59,2.55
20:39:00,2.55
20:39:01,2.55
20:39:02,2.55
20:39:03,2.55
20:39:04,2.55
20:39:05,2.55
20:39:06,2.55
20:39:07,2.55
20:39:08,2.55
20:39:09,2.55
20:39:10,2.55
20:39:11,2.55
20:39:12,2.55
20:39:13,2.55
20:39:14,2.55
20:39:15,2.55
20:39:16,2.55
20:39:17,2.55
20:39:18,2.55
20:39:19,2.55
20:39:20,2.55
20:39:21,2.55
20:39:22,2.55
20:39:23,2.55
20:39:24,2.55
20:39:25,2.55
20:39:26,2.55
20:39:27,2.55
20:39:28,2.55
20:39:29,2.55
20:39:30,2.55
20:39:31,2.55
20:39:32,2.55
20:39:33,2.55
20:39:34,2.55
20:39:35,2.55
20:39:36,2.55
20:39:37,2.55
20:39:38,2.55
20:39:39,2.55
20:39:40,2.55
20:39:41,2.55
20:39:42,2.55
20:39:43,2.55
20:39:44,2.55
20:39:45,2.55
20:39:46,2.55
20:39:47,2.55
20:39:48,2.55
20:39:49,2.55
20:39:50,2.55
20:39:51,2.55
20:39:52,2.55
20:39:53,2.55
20:39:54,2.55
20:39:55,2.55
20:39:56,2.55
20:39:57,2.55
20:39:58,2.55
20:39:59,2.55
20:40:00,2.55
20:40:01,2.55
20:40:02,2.55
20:40:03,2.55
20:40:04,2.55
20:40:05,2.55
20:40:06,2.55
20:40:07,2.55
20:40:08,2.55
20:40:09,2.55
20:40:10,2.55
20:40:11,2.55
20:40:12,2.55
20:40:13,2.55
20:40:14,2.55
20:40:15,2.55
20:40:16,2.55
20:40:17,2.55
20:40:18,2.55
20:40:19,2.55
20:40:20,2.55
20:40:21,2.55
20:40:22,2.55
20:40:23,2.55
20:40:24,2.55
20:40:25,2.55
20:40:26,2.55
20:40:27,2.55
20:40:28,2.55
20:40:29,2.55
20:40:30,2.55
20:40:31,2.55
20:40:32,2.55
20:40:33,2.55
20:40:34,2.55
20:40:35,2.55
20:40:36,2.55
20:40:37,2.55
20:40:38,2.55
20:40:39,2.55
20:40:40,2.55
20:40:41,2.55
20:40:42,2.55
20:40:43,2.55
20:40:44,2.55
20:40:45,2.55
20:40:46,2.55
20:40:47,2.55
20:40:48,2.55
20:40:49,2.55
20:40:50,2.55
20:40:51,2.55
20:40:52,2.55
20:40:53,2.55
20:40:54,2.55
20:40:55,2.55
20:40:56,2.55
20:40:57,2.55
20:40:58,2.55
20:40:59,2.55
20:41:00,2.55
20:41:01,2.55
20:41:02,2.55
20:41:03,2.55
20:41:04,2.55
20:41:05,2.55
20:41:06,2.55
20:41:07,2.55
20:41:08,2.55
20:41:09,2.55
20:41:10,2.55
20:41:11,2.55
20:41:12,2.55
20:41:13,2.55
20:41:14,2.55
20:41:15,2.55
20:41:16,2.55
20:41:17,2.55
20:41:18,2.55
20:41:19,2.55
20:41:20,2.55
20:41:21,2.55
20:41:22,2.55
20:41:23,2.55
20:41:24,2.55
20:41:25,2.55
20:41:26,2.55
20:41:27,2.55
20:41:28,2.55
20:41:29,2.55
20:41:30,2.55
20:41:31,2.55
20:41:32,2.55
20:41:33,2.55
20:41:34,2.55
20:41:35,2.55
20:41:36,2.55
20:41:37,2.55
20:41:38,2.55
20:41:39,2.55
20:41:40,2.55
20:41:41,2.55
20:41:42,2.55
20:41:43,2.55
20:41:44,2.55
20:41:45,2.55
20:41:46,2.55
20:41:47,2.55
20:41:48,2.55
20:41:49,2.55
20:41:50,2.55
20:41:51,2.55
20:41:52,2.55
20:41:53,2.55
20:41:54,2.55
20:41:55,2.55
20:41:56,2.55
20:41:57,2.55
20:41:58,2.55
20:41:59,2.55
20:42:00,2.55
20:42:01,2.55
20:42:02,2.55
20:42:03,2.55
20:42:04,2.55
20:42:05,2.55
20:42:06,2.55
20:42:07,2.55
20:42:08,2.55
20:42:09,2.55
20:42:10,2.55
20:42:11,2.55
20:42:12,2.55
20:42:13,2.55
20:42:14,2.55
20:42:15,2.55
20:42:16,2.55
20:42:17,2.55
20:42:18,2.55
20:42:19,2.55
20:42:20,2.55
20:42:21,2.55
20:42:22,2.55
20:42:23,2.55
20:42:24,2.55
20:42:25,2.55
20:42:26,2.55
20:42:27,2.55
20:42:28,2.55
20:42:29,2.55
20:42:30,2.55
20:42:31,2.55
20:42:32,2.55
20:42:33,2.55
20:42:34,2.55
20:42:35,2.55
20:42:36,2.55
20:42:37,2.55
20:42:38,2.55
20:42:39,2.55
20:42:40,2.55
20:42:41,2.55
20:42:42,2.55
20:42:43,2.55
20:42:44,2.55
20:42:45,2.55
20:42:46,2.55
20:42:47,2.55
20:42:48,2.55
20:42:49,2.55
20:42:50,2.55
20:42:51,2.55
20:42:52,2.55
20:42:53,2.55
20:42:54,2.55
20:42:55,2.55
20:42:56,2.55
20:42:57,2.55
20:42:58,2.55
20:42:59,2.55
20:43:00,2.55
20:43:01,2.55
20:43:02,2.55
20:43:03,2.55
20:43:04,2.55
20:43:05,2.55
20:43:06,2.55
20:43:07,2.55
20:43:08,2.55
20:43:09,2.55
20:43:10,2.55
20:43:11,2.55
20:43:12,2.55
20:43:13,2.55
20:43:14,2.55
20:43:15,2.55
20:43:16,2.55
20:43:17,2.55
20:43:18,2.55
20:43:19,2.55
20:43:20,2.55
20:43:21,2.55
20:43:22,2.55
20:43:23,2.55
20:43:24,2.55
20:43:25,2.55
20:43:26,2.55
20:43:27,2.55
20:43:28,2.55
20:43:29,2.55
20:43:30,2.55
20:43:31,2.55
20:43:32,2.55
20:43:33,2.55
20:43:34,2.55
20:43:35,2.55
20:43:36,2.55
20:43:37,2.55
20:43:38,2.55
20:43:39,2.55
20:43:40,2.55
20:43:41,2.55
20:43:42,2.55
20:43:43,2.55
20:43:44,2.55
20:43:45,2.55
20:43:46,2.55
20:43:47,2.55
20:43:48,2.55
20:43:49,2.55
20:43:50,2.55
20:43:51,2.55
20:43:52,2.55
20:43:53,2.55
20:43:54,2.55
20:43:55,2.55
20:43:56,2.55
20:43:57,2.55
20:43:58,2.55
20:43:59,2.55
20:44:00,2.55
20:44:01,2.55
20:44:02,2.55
20:44:03,2.55
20:44:04,2.55
20:44:05,2.55
20:44:06,2.55
20:44:07,2.55
20:44:08,2.55
20:44:09,2.55
20:44:10,2.55
20:44:11,2.55
20:44:12,2.55
20:44:13,2.55
20:44:14,2.55
20:44:15,2.55
20:44:16,2.55
20:44:17,2.55
20:44:18,2.55
20:44:19,2.55
20:44:20,2.55
20:44:21,2.55
20:44:22,2.55
20:44:23,2.55
20:44:24,2.55
20:44:25,2.55
20:44:26,2.55
20:44:27,2.55
20:44:28,2.55
20:44:29,2.55
20:44:30,2.55
20:44:31,2.55
20:44:32,2.55
20:44:33,2.55
20:44:34,2.55
20:44:35,2.55
20:44:36,2.55
20:44:37,2.55
20:44:38,2.55
20:44:39,2.55
20:44:40,2.55
20:44:41,2.55
20:44:42,2.55
20:44:43,2.55
20:44:44,2.55
20:44:45,2.55
20:44:46,2.55
20:44:47,2.55
20:44:48,2.55
20:44:49,2.55
20:44:50,2.55
20:44:51,2.55
20:44:52,2.55
20:44:53,2.55
20:44:54,2.55
20:44:55,2.55
20:44:56,2.55
20:44:57,2.55
20:44:58,2.55
20:44:59,2.55
20:45:00,2.55
20:45:01,2.55
20:45:02,2.55
20:45:03,2.55
20:45:04,2.55
20:45:05,2.55
20:45:06,2.55
20:45:07,2.55
20:45:08,2.55
20:45:09,2.55
20:45:10,2.55
20:45:11,2.55
20:45:12,2.55
20:45:13,2.55
20:45:14,2.55
20:45:15,2.55
20:45:16,2.55
20:45:17,2.55
20:45:18,2.55
20:45:19,2.55
20:45:20,2.55
20:45:21,2.55
20:45:22,2.55
20:45:23,2.55
20:45:24,2.55
20:45:25,2.55
20:45:26,2.55
20:45:27,2.55
20:45:28,2.55
20:45:29,2.55
20:45:30,2.55
20:45:31,2.55
20:45:32,2.55
20:45:33,2.55
20:45:34,2.55
20:45:35,2.55
20:45:36,2.55
20:45:37,2.55
20:45:38,2.55
20:45:39,2.55
20:45:40,2.55
20:45:41,2.55
20:45:42,2.55
20:45:43,2.55
20:45:44,2.55
20:45:45,2.55
20:45:46,2.55
20:45:47,2.55
20:45:48,2.55
20:45:49,2.55
20:45:50,2.55
20:45:51,2.55
20:45:52,2.55
20:45:53,2.55
20:45:54,2.55
20:45:55,2.55
20:45:56,2.55
20:45:57,2.55
20:45:58,2.55
20:45:59,2.55
20:46:00,2.55
20:46:01,2.55
20:46:02,2.55
20:46:03,2.55
20:46:04,2.55
20:46:05,2.55
20:46:06,2.55
20:46:07,2.55
20:46:08,2.55
20:46:09,2.55
20:46:10,2.55
20:46:11,2.55
20:46:12,2.55
20:46:13,2.55
20:46:14,2.55
20:46:15,2.55
20:46:16,2.55
20:46:17,2.55
20:46:18,2.55
20:46:19,2.55
20:46:20,2.55
20:46:21,2.55
20:46:22,2.55
20:46:23,2.55
20:46:24,2.55
20:46:25,2.55
20:46:26,2.55
20:46:27,2.55
20:46:28,2.55
20:46:29,2.55
20:46:30,2.55
20:46:31,2.55
20:46:32,2.55
20:46:33,2.55
20:46:34,2.55
20:46:35,2.55
20:46:36,2.55
20:46:37,2.55
20:46:38,2.55
20:46:39,2.55
20:46:40,2.55
20:46:41,2.55
20:46:42,2.55
20:46:43,2.55
20:46:44,2.55
20:46:45,2.55
20:46:46,2.55
20:46:47,2.55
20:46:48,2.55
20:46:49,2.55
20:46:50,2.55
20:46:51,2.55
20:46:52,2.55
20:46:53,2.55
20:46:54,2.55
20:46:55,2.55
20:46:56,2.55
20:46:57,2.55
20:46:58,2.55
20:46:59,2.55
20:47:00,2.55
20:47:01,2.55
20:47:02,2.55
20:47:03,2.55
20:47:04,2.55
20:47:05,2.55
20:47:06,2.55
20:47:07,2.55
20:47:08,2.55
20:47:09,2.55
20:47:10,2.55
20:47:11,2.55
20:47:12,2.55
20:47:13,2.55
20:47:14,2.55
20:47:15,2.55
20:47:16,2.55
20:47:17,2.55
20:47:18,2.55
20:47:19,2.55
20:47:20,2.55
20:47:21,2.55
20:47:22,2.55
20:47:23,2.55
20:47:24,2.55
20:47:25,2.55
20:47:26,2.55
20:47:27,2.55
20:47:28,2.55
20:47:29,2.55
20:47:30,2.55
20:47:31,2.55
20:47:32,2.55
20:47:33,2.55
20:47:34,2.55
20:47:35,2.55
20:47:36,2.55
20:47:37,2.55
20:47:38,2.55
20:47:39,2.55
20:47:40,2.55
20:47:41,2.55
20:47:42,2.55
20:47:43,2.55
20:47:44,2.55
20:47:45,2.55
20:47:46,2.55
20:47:47,2.55
20:47:48,2.55
20:47:49,2.55
20:47:50,2.55
20:47:51,2.55
20:47:52,2.55
20:47:53,2.55
20:47:54,2.55
20:47:55,2.55
20:47:56,2.55
20:47:57,2.55
20:47:58,2.55
20:47:59,2.55
20:48:00,2.55
20:48:01,2.55
20:48:02,2.55
20:48:03,2.55
20:48:04,2.55
20:48:05,2.55
20:48:06,2.55
20:48:07,2.55
20:48:08,2.55
20:48:09,2.55
20:48:10,2.55
20:48:11,2.55
20:48:12,2.55
20:48:13,2.55
20:48:14,2.55
20:48:15,2.55
20:48:16,2.55
20:48:17,2.55
20:48:18,2.55
20:48:19,2.55
20:48:20,2.55
20:48:21,2.55
20:48:22,2.55
20:48:23,2.55
20:48:24,2.55
20:48:25,2.55
20:48:26,2.55
20:48:27,2.55
20:48:28,2.55
20:48:29,2.55
20:48:30,2.55
20:48:31,2.55
20:48:32,2.55
20:48:33,2.55
20:48:34,2.55
20:48:35,2.55
20:48:36,2.55
20:48:37,2.55
20:48:38,2.55
20:48:39,2.55
20:48:40,2.55
20:48:41,2.55
20:48:42,2.55
20:48:43,2.55
20:48:44,2.55
20:48:45,2.55
20:48:46,2.55
20:48:47,2.55
20:48:48,2.55
20:48:49,2.55
20:48:50,2.55
20:48:51,2.55
20:48:52,2.55
20:48:53,2.55
20:48:54,2.55
20:48:55,2.55
20:48:56,2.55
20:48:57,2.55
20:48:58,2.55
20:48:59,2.55
20:49:00,2.55
20:49:01,2.55
20:49:02,2.55
20:49:03,2.55
20:49:04,2.55
20:49:05,2.55
20:49:06,2.55
20:49:07,2.55
20:49:08,2.55
20:49:09,2.55
20:49:10,2.55
20:49:11,2.55
20:49:12,2.55
20:49:13,2.55
20:49:14,2.55
20:49:15,2.55
20:49:16,2.55
20:49:17,2.55
20:49:18,2.55
20:49:19,2.55
20:49:20,2.55
20:49:21,2.55
20:49:22,2.55
20:49:23,2.55
20:49:24,2.55
20:49:25,2.55
20:49:26,2.55
20:49:27,2.55
20:49:28,2.55
20:49:29,2.55
20:49:30,2.55
20:49:31,2.55
20:49:32,2.55
20:49:33,2.55
20:49:34,2.55
20:49:35,2.55
20:49:36,2.55
20:49:37,2.55
20:49:38,2.55
20:49:39,2.55
20:49:40,2.55
20:49:41,2.55
20:49:42,2.55
20:49:43,2.55
20:49:44,2.55
20:49:45,2.55
20:49:46,2.55
20:49:47,2.55
20:49:48,2.55
20:49:49,2.55
20:49:50,2.55
20:49:51,2.55
20:49:52,2.55
20:49:53,2.55
20:49:54,2.55
20:49:55,2.55
20:49:56,2.55
20:49:57,2.55
20:49:58,2.55
20:49:59,2.55
20:50:00,2.55
20:50:01,2.55
20:50:02,2.55
20:50:03,2.55
20:50:04,2.55
20:50:05,2.55
20:50:06,2.55
20:50:07,2.55
20:50:08,2.55
20:50:09,2.55
20:50:10,2.55
20:50:11,2.55
20:50:12,2.55
20:50:13,2.55
20:50:14,2.55
20:50:15,2.55
20:50:16,2.55
20:50:17,2.55
20:50:18,2.55
20:50:19,2.55
20:50:20,2.55
20:50:21,2.55
20:50:22,2.55
20:50:23,2.55
20:50:24,2.55
20:50:25,2.55
20:50:26,2.55
20:50:27,2.55
20:50:28,2.55
20:50:29,2.55
20:50:30,2.55
20:50:31,2.55
20:50:32,2.55
20:50:33,2.55
20:50:34,2.55
20:50:35,2.55
20:50:36,2.55
20:50:37,2.55
20:50:38,2.55
20:50:39,2.55
20:50:40,2.55
20:50:41,2.55
20:50:42,2.55
20:50:43,2.55
20:50:44,2.55
20:50:45,2.55
20:50:46,2.55
20:50:47,2.55
20:50:48,2.55
20:50:49,2.55
20:50:50,2.55
20:50:51,2.55
20:50:52,2.55
20:50:53,2.55
20:50:54,2.55
20:50:55,2.55
20:50:56,2.55
20:50:57,2.55
20:50:58,2.55
20:50:59,2.55
20:51:00,2.55
20:51:01,2.55
20:51:02,2.55
20:51:03,2.55
20:51:04,2.55
20:51:05,2.55
20:51:06,2.55
20:51:07,2.55
20:51:08,2.55
20:51:09,2.55
20:51:10,2.55
20:51:11,2.55
20:51:12,2.55
20:51:13,2.55
20:51:14,2.55
20:51:15,2.55
20:51:16,2.55
20:51:17,2.55
20:51:18,2.55
20:51:19,2.55
20:51:20,2.55
20:51:21,2.55
20:51:22,2.55
20:51:23,2.55
20:51:24,2.55
20:51:25,2.55
20:51:26,2.55
20:51:27,2.55
20:51:28,2.55
20:51:29,2.55
20:51:30,2.55
20:51:31,2.55
20:51:32,2.55
20:51:33,2.55
20:51:34,2.55
20:51:35,2.55
20:51:36,2.55
20:51:37,2.55
20:51:38,2.55
20:51:39,2.55
20:51:40,2.55
20:51:41,2.55
20:51:42,2.55
20:51:43,2.55
20:51:44,2.55
20:51:45,2.55
20:51:46,2.55
20:51:47,2.55
20:51:48,2.55
20:51:49,2.55
20:51:50,2.55
20:51:51,2.55
20:51:52,2.55
20:51:53,2.55
20:51:54,2.55
20:51:55,2.55
20:51:56,2.55
20:51:57,2.55
20:51:58,2.55
20:51:59,2.55
20:52:00,2.55
20:52:01,2.55
20:52:02,2.55
20:52:03,2.55
20:52:04,2.55
20:52:05,2.55
20:52:06,2.55
20:52:07,2.55
20:52:08,2.55
20:52:09,2.55
20:52:10,2.55
20:52:11,2.55
20:52:12,2.55
20:52:13,2.55
20:52:14,2.55
20:52:15,2.55
20:52:16,2.55
20:52:17,2.55
20:52:18,2.55
20:52:19,2.55
20:52:20,2.55
20:52:21,2.55
20:52:22,2.55
20:52:23,2.55
20:52:24,2.55
20:52:25,2.55
20:52:26,2.55
20:52:27,2.55
20:52:28,2.55
20:52:29,2.55
20:52:30,2.55
20:52:31,2.55
20:52:32,2.55
20:52:33,2.55
20:52:34,2.55
20:52:35,2.55
20:52:36,2.55
20:52:37,2.55
20:52:38,2.55
20:52:39,2.55
20:52:40,2.55
20:52:41,2.55
20:52:42,2.55
20:52:43,2.55
20:52:44,2.55
20:52:45,2.55
20:52:46,2.55
20:52:47,2.55
20:52:48,2.55
20:52:49,2.55
20:52:50,2.55
20:52:51,2.55
20:52:52,2.55
20:52:53,2.55
20:52:54,2.55
20:52:55,2.55
20:52:56,2.55
20:52:57,2.55
20:52:58,2.55
20:52:59,2.55
20:53:00,2.55
20:53:01,2.55
20:53:02,2.55
20:53:03,2.55
20:53:04,2.55
20:53:05,2.55
20:53:06,2.55
20:53:07,2.55
20:53:08,2.55
20:53:09,2.55
20:53:10,2.55
20:53:11,2.55
20:53:12,2.55
20:53:13,2.55
20:53:14,2.55
20:53:15,2.55
20:53:16,2.55
20:53:17,2.55
20:53:18,2.55
20:53:19,2.55
20:53:20,2.55
20:53:21,2.55
20:53:22,2.55
20:53:23,2.55
20:53:24,2.55
20:53:25,2.55
20:53:26,2.55
20:53:27,2.55
20:53:28,2.55
20:53:29,2.55
20:53:30,2.55
20:53:31,2.55
20:53:32,2.55
20:53:33,2.55
20:53:34,2.55
20:53:35,2.55
20:53:36,2.55
20:53:37,2.55
20:53:38,2.55
20:53:39,2.55
20:53:40,2.55
20:53:41,2.55
20:53:42,2.55
20:53:43,2.55
20:53:44,2.55
20:53:45,2.55
20:53:46,2.55
20:53:47,2.55
20:53:48,2.55
20:53:49,2.55
20:53:50,2.55
20:53:51,2.55
20:53:52,2.55
20:53:53,2.55
20:53:54,2.55
20:53:55,2.55
20:53:56,2.55
20:53:57,2.55
20:53:58,2.55
20:53:59,2.55
20:54:00,2.55
20:54:01,2.55
20:54:02,2.55
20:54:03,2.55
20:54:04,2.55
20:54:05,2.55
20:54:06,2.55
20:54:07,2.55
20:54:08,2.55
20:54:09,2.55
20:54:10,2.55
20:54:11,2.55
20:54:12,2.55
20:54:13,2.55
20:54:14,2.55
20:54:15,2.55
20:54:16,2.55
20:54:17,2.55
20:54:18,2.55
20:54:19,2.55
20:54:20,2.55
20:54:21,2.55
20:54:22,2.55
20:54:23,2.55
20:54:24,2.55
20:54:25,2.55
20:54:26,2.55
20:54:27,2.55
20:54:28,2.55
20:54:29,2.55
20:54:30,2.55
20:54:31,2.55
20:54:32,2.55
20:54:33,2.55
20:54:34,2.55
20:54:35,2.55
20:54:36,2.55
20:54:37,4.64733333333
20:54:38,6.74466666667
20:54:39,8.842
20:54:40,10.9393333333
20:54:41,13.0366666667
20:54:42,15.134
20:54:43,17.2313333333
20:54:44,19.3286666667
20:54:45,21.426
20:54:46,23.5233333333
20:54:47,25.6206666667
20:54:48,27.718
20:54:49,29.8153333333
20:54:50,31.9126666667
20:54:51,34.01
20:54:52,37.280625
20:54:53,40.55125
20:54:54,43.821875
20:54:55,47.0925
20:54:56,50.363125
20:54:57,53.63375
20:54:58,56.904375
20:54:59,60.175
20:55:00,63.445625
20:55:01,66.71625
20:55:02,69.986875
20:55:03,73.2575
20:55:04,76.528125
20:55:05,79.79875
20:55:06,83.069375
20:55:07,86.34
20:55:08,84.555625
20:55:09,82.77125
20:55:10,80.986875
20:55:11,79.2025
20:55:12,77.418125
20:55:13,75.63375
20:55:14,73.849375
20:55:15,72.065
20:55:16,70.280625
20:55:17,68.49625
20:55:18,66.711875
20:55:19,64.9275
20:55:20,63.143125
20:55:21,61.35875
20:55:22,59.574375
20:55:23,57.79
20:55:24,58.351875
20:55:25,58.91375
20:55:26,59.475625
20:55:27,60.0375
20:55:28,60.599375
20:55:29,61.16125
20:55:30,61.723125
20:55:31,62.285
20:55:32,62.846875
20:55:33,63.40875
20:55:34,63.970625
20:55:35,64.5325
20:55:36,65.094375
20:55:37,65.65625
20:55:38,66.218125
20:55:39,66.78
20:55:40,68.2426666667
20:55:41,69.7053333333
20:55:42,71.168
20:55:43,72.6306666667
20:55:44,74.0933333333
20:55:45,75.556
20:55:46,77.0186666667
20:55:47,78.4813333333
20:55:48,79.944
20:55:49,81.4066666667
20:55:50,82.8693333333
20:55:51,84.332
20:55:52,85.7946666667
20:55:53,87.2573333333
20:55:54,88.72
20:55:55,88.27375
20:55:56,87.8275
20:55:57,87.38125
20:55:58,86.935
20:55:59,86.48875
20:56:00,86.0425
20:56:01,85.59625
20:56:02,85.15
20:56:03,84.70375
20:56:04,84.2575
20:56:05,83.81125
20:56:06,83.365
20:56:07,82.91875
20:56:08,82.4725
20:56:09,82.02625
20:56:10,81.58
20:56:11,80.9106666667
20:56:12,80.2413333333
20:56:13,79.572
20:56:14,78.9026666667
20:56:15,78.2333333333
20:56:16,77.564
20:56:17,76.8946666667
20:56:18,76.2253333333
20:56:19,75.556
20:56:20,74.8866666667
20:56:21,74.2173333333
20:56:22,73.548
20:56:23,72.8786666667
20:56:24,72.2093333333
20:56:25,71.54
20:56:26,71.7264705882
20:56:27,71.9129411765
20:56:28,72.0994117647
20:56:29,72.2858823529
20:56:30,72.4723529412
20:56:31,72.6588235294
20:56:32,72.8452941176
20:56:33,73.0317647059
20:56:34,73.2182352941
20:56:35,73.4047058824
20:56:36,73.5911764706
20:56:37,73.7776470588
20:56:38,73.9641176471
20:56:39,74.1505882353
20:56:40,74.3370588235
20:56:41,74.5235294118
20:56:42,74.71
20:56:43,71.3266666667
20:56:44,67.9433333333
20:56:45,64.56
20:56:46,61.1766666667
20:56:47,57.7933333333
20:56:48,54.41
20:56:49,51.0266666667
20:56:50,47.6433333333
20:56:51,44.26
20:56:52,40.8766666667
20:56:53,37.4933333333
20:56:54,34.11
20:56:55,30.7266666667
20:56:56,27.3433333333
20:56:57,23.96
20:56:58,22.7005882353
20:56:59,21.4411764706
20:57:00,20.1817647059
20:57:01,18.9223529412
20:57:02,17.6629411765
20:57:03,16.4035294118
20:57:04,15.1441176471
20:57:05,13.8847058824
20:57:06,12.6252941176
20:57:07,11.3658823529
20:57:08,10.1064705882
20:57:09,8.84705882353
20:57:10,7.58764705882
20:57:11,6.32823529412
20:57:12,5.06882352941
20:57:13,3.80941176471
20:57:14,2.55
20:57:15,2.55
20:57:16,2.55
20:57:17,2.55
20:57:18,2.55
20:57:19,2.55
20:57:20,2.55
20:57:21,2.55
20:57:22,2.55
20:57:23,2.55
20:57:24,2.55
20:57:25,2.55
20:57:26,2.55
20:57:27,2.55
20:57:28,2.55
20:57:29,2.55
20:57:30,2.55
20:57:31,2.55
20:57:32,2.55
20:57:33,2.55
20:57:34,2.55
20:57:35,2.55
20:57:36,2.55
20:57:37,2.55
20:57:38,2.55
20:57:39,2.55
20:57:40,2.55
20:57:41,2.55
20:57:42,2.55
20:57:43,2.55
20:57:44,2.55
20:57:45,2.55
20:57:46,2.55
20:57:47,2.55
20:57:48,2.55
20:57:49,2.55
20:57:50,2.55
20:57:51,2.55
20:57:52,2.55
20:57:53,2.55
20:57:54,2.55
20:57:55,2.55
20:57:56,2.55
20:57:57,2.55
20:57:58,2.55
20:57:59,2.55
20:58:00,2.55
20:58:01,2.55
20:58:02,2.55
20:58:03,2.55
20:58:04,2.55
20:58:05,2.55
20:58:06,2.55
20:58:07,2.55
20:58:08,2.55
20:58:09,2.55
20:58:10,2.55
20:58:11,2.55
20:58:12,2.55
20:58:13,2.55
20:58:14,2.55
20:58:15,2.55
20:58:16,2.55
20:58:17,2.55
20:58:18,2.55
20:58:19,2.55
20:58:20,2.55
20:58:21,2.55
20:58:22,2.55
20:58:23,2.55
20:58:24,2.55
20:58:25,2.55
20:58:26,2.55
20:58:27,2.55
20:58:28,2.55
20:58:29,2.55
20:58:30,2.55
20:58:31,2.55
20:58:32,2.55
20:58:33,2.55
20:58:34,2.55
20:58:35,2.55
20:58:36,2.55
20:58:37,2.55
20:58:38,2.55
20:58:39,2.55
20:58:40,2.55
20:58:41,2.55
20:58:42,2.55
20:58:43,2.55
20:58:44,2.55
20:58:45,2.55
20:58:46,2.55
20:58:47,7.396
20:58:48,12.242
20:58:49,17.088
20:58:50,21.934
20:58:51,26.78
20:58:52,31.626
20:58:53,36.472
20:58:54,41.318
20:58:55,46.164
20:58:56,51.01
20:58:57,55.856
20:58:58,60.702
20:58:59,65.548
20:59:00,70.394
20:59:01,75.24
20:59:02,75.751875
20:59:03,76.26375
20:59:04,76.775625
20:59:05,77.2875
20:59:06,77.799375
20:59:07,78.31125
20:59:08,78.823125
20:59:09,79.335
20:59:10,79.846875
20:59:11,80.35875
20:59:12,80.870625
20:59:13,81.3825
20:59:14,81.894375
20:59:15,82.40625
20:59:16,82.918125
20:59:17,83.43
20:59:18,82.306875
20:59:19,81.18375
20:59:20,80.060625
20:59:21,78.9375
20:59:22,77.814375
20:59:23,76.69125
20:59:24,75.568125
20:59:25,74.445
20:59:26,73.321875
20:59:27,72.19875
20:59:28,71.075625
20:59:29,69.9525
20:59:30,68.829375
20:59:31,67.70625
20:59:32,66.583125
20:59:33,65.46
20:59:34,61.266
20:59:35,57.072
20:59:36,52.878
20:59:37,48.684
20:59:38,44.49
20:59:39,40.296
20:59:40,36.102
20:59:41,31.908
20:59:42,27.714
20:59:43,23.52
20:59:44,19.326
20:59:45,15.132
20:59:46,10.938
20:59:47,6.744
20:59:48,2.55
20:59:49,2.55
20:59:50,2.55
20:59:51,2.55
20:59:52,2.55
20:59:53,2.55
20:59:54,2.55
20:59:55,2.55
20:59:56,2.55
20:59:57,2.55
20:59:58,2.55
20:59:59,2.55
21:00:00,2.55
21:00:01,2.55
21:00:02,2.55
21:00:03,2.55
21:00:04,2.55
21:00:05,2.55
21:00:06,2.55
21:00:07,2.55
21:00:08,2.55
21:00:09,2.55
21:00:10,2.55
21:00:11,2.55
21:00:12,2.55
21:00:13,2.55
21:00:14,2.55
21:00:15,2.55
21:00:16,2.55
21:00:17,2.55
21:00:18,2.55
21:00:19,2.55
21:00:20,2.55
21:00:21,2.55
21:00:22,2.55
21:00:23,2.55
21:00:24,2.55
21:00:25,2.55
21:00:26,2.55
21:00:27,2.55
21:00:28,2.55
21:00:29,2.55
21:00:30,2.55
21:00:31,2.55
21:00:32,2.55
21:00:33,2.55
21:00:34,2.55
21:00:35,2.55
21:00:36,2.55
21:00:37,2.55
21:00:38,2.55
21:00:39,2.55
21:00:40,2.55
21:00:41,2.55
21:00:42,2.55
21:00:43,2.55
21:00:44,2.55
21:00:45,2.55
21:00:46,2.55
21:00:47,2.55
21:00:48,2.55
21:00:49,2.55
21:00:50,2.55
21:00:51,2.55
21:00:52,2.55
21:00:53,2.55
21:00:54,2.55
21:00:55,2.55
21:00:56,2.55
21:00:57,2.55
21:00:58,2.55
21:00:59,2.55
21:01:00,2.55
21:01:01,2.55
21:01:02,2.55
21:01:03,2.55
21:01:04,2.55
21:01:05,2.55
21:01:06,2.55
21:01:07,2.55
21:01:08,2.55
21:01:09,2.55
21:01:10,2.55
21:01:11,2.55
21:01:12,2.55
21:01:13,2.55
21:01:14,2.55
21:01:15,2.55
21:01:16,2.55
21:01:17,2.55
21:01:18,2.55
21:01:19,2.55
21:01:20,2.55
21:01:21,2.55
21:01:22,6.085625
21:01:23,9.62125
21:01:24,13.156875
21:01:25,16.6925
21:01:26,20.228125
21:01:27,23.76375
21:01:28,27.299375
21:01:29,30.835
21:01:30,34.370625
21:01:31,37.90625
21:01:32,41.441875
21:01:33,44.9775
21:01:34,48.513125
21:01:35,52.04875
21:01:36,55.584375
21:01:37,59.12
21:01:38,58.9307142857
21:01:39,58.7414285714
21:01:40,58.5521428571
21:01:41,58.3628571429
21:01:42,58.1735714286
21:01:43,57.9842857143
21:01:44,57.795
21:01:45,57.6057142857
21:01:46,57.4164285714
21:01:47,57.2271428571
21:01:48,57.0378571429
21:01:49,56.8485714286
21:01:50,56.6592857143
21:01:51,56.47
21:01:52,52.858
21:01:53,49.246
21:01:54,45.634
21:01:55,42.022
21:01:56,38.41
21:01:57,34.798
21:01:58,31.186
21:01:59,27.574
21:02:00,23.962
21:02:01,20.35
21:02:02,16.738
21:02:03,13.126
21:02:04,9.514
21:02:05,5.902
21:02:06,2.29
21:02:07,2.29
21:02:08,2.29
21:02:09,2.29
21:02:10,2.29
21:02:11,2.29
21:02:12,2.29
21:02:13,2.29
21:02:14,2.29
21:02:15,2.29
21:02:16,2.29
21:02:17,2.29
21:02:18,2.29
21:02:19,2.29
21:02:20,2.29
21:02:21,2.29
21:02:22,2.29
21:02:23,2.29
21:02:24,2.29
21:02:25,2.29
21:02:26,2.29
21:02:27,2.29
21:02:28,2.29
21:02:29,2.29
21:02:30,2.29
21:02:31,2.29
21:02:32,2.29
21:02:33,2.29
21:02:34,2.29
21:02:35,2.29
21:02:36,2.29
21:02:37,2.29
21:02:38,2.29
21:02:39,2.29
21:02:40,2.29
21:02:41,2.29
21:02:42,2.29
21:02:43,2.29
21:02:44,2.29
21:02:45,2.29
21:02:46,2.29
21:02:47,2.29
21:02:48,2.29
21:02:49,2.29
21:02:50,2.29
21:02:51,2.29
21:02:52,2.29
21:02:53,2.29
21:02:54,2.29
21:02:55,2.29
21:02:56,2.29
21:02:57,2.29
21:02:58,2.29
21:02:59,2.29
21:03:00,2.29
21:03:01,2.29
21:03:02,2.29
21:03:03,2.29
21:03:04,2.29
21:03:05,2.29
21:03:06,2.29
21:03:07,2.29
21:03:08,2.29
21:03:09,2.29
21:03:10,2.29
21:03:11,2.29
21:03:12,2.29
21:03:13,2.29
21:03:14,2.29
21:03:15,2.29
21:03:16,2.29
21:03:17,2.29
21:03:18,2.29
21:03:19,2.29
21:03:20,2.29
21:03:21,2.29
21:03:22,2.29
21:03:23,2.29
21:03:24,2.29
21:03:25,2.29
21:03:26,2.29
21:03:27,2.29
21:03:28,2.29
21:03:29,2.29
21:03:30,2.29
21:03:31,2.29
21:03:32,2.29
21:03:33,2.29
21:03:34,2.29
21:03:35,2.29
21:03:36,2.29
21:03:37,2.29
21:03:38,2.29
21:03:39,2.29
21:03:40,2.29
21:03:41,2.29
21:03:42,2.29
21:03:43,2.29
21:03:44,2.29
21:03:45,2.29
21:03:46,2.29
21:03:47,2.29
21:03:48,2.29
21:03:49,2.29
21:03:50,2.29
21:03:51,2.29
21:03:52,2.29
21:03:53,2.29
21:03:54,2.29
21:03:55,2.29
21:03:56,2.29
21:03:57,2.29
21:03:58,2.29
21:03:59,2.29
21:04:00,2.29
21:04:01,2.29
21:04:02,2.29
21:04:03,2.29
21:04:04,2.29
21:04:05,2.29
21:04:06,2.29
21:04:07,2.29
21:04:08,2.29
21:04:09,2.29
21:04:10,2.29
21:04:11,2.29
21:04:12,2.29
21:04:13,2.29
21:04:14,2.29
21:04:15,2.29
21:04:16,2.29
21:04:17,2.29
21:04:18,2.29
21:04:19,2.29
21:04:20,2.29
21:04:21,2.29
21:04:22,2.29
21:04:23,2.29
21:04:24,2.29
21:04:25,2.29
21:04:26,2.29
21:04:27,2.29
21:04:28,2.29
21:04:29,2.29
21:04:30,2.29
21:04:31,2.29
21:04:32,2.29
21:04:33,2.29
21:04:34,2.29
21:04:35,2.29
21:04:36,2.29
21:04:37,2.29
21:04:38,2.29
21:04:39,2.29
21:04:40,2.29
21:04:41,2.29
21:04:42,2.29
21:04:43,2.29
21:04:44,2.29
21:04:45,2.29
21:04:46,2.29
21:04:47,2.29
21:04:48,2.29
21:04:49,2.29
21:04:50,2.29
21:04:51,2.29
21:04:52,2.29
21:04:53,2.29
21:04:54,2.29
21:04:55,2.29
21:04:56,2.29
21:04:57,2.29
21:04:58,2.29
21:04:59,2.29
21:05:00,2.29
21:05:01,2.29
21:05:02,2.29
21:05:03,2.29
21:05:04,2.29
21:05:05,2.29
21:05:06,2.29
21:05:07,2.29
21:05:08,2.29
21:05:09,2.29
21:05:10,2.29
21:05:11,2.29
21:05:12,2.29
21:05:13,2.29
21:05:14,2.29
21:05:15,2.29
21:05:16,2.29
21:05:17,2.29
21:05:18,2.29
21:05:19,2.29
21:05:20,2.29
21:05:21,2.29
21:05:22,2.29
21:05:23,2.29
21:05:24,2.29
21:05:25,2.29
21:05:26,2.29
21:05:27,2.29
21:05:28,2.29
21:05:29,2.29
21:05:30,2.29
21:05:31,2.29
21:05:32,2.29
21:05:33,2.29
21:05:34,2.29
21:05:35,2.29
21:05:36,2.29
21:05:37,2.29
21:05:38,2.29
21:05:39,2.29
21:05:40,2.29
21:05:41,2.29
21:05:42,2.29
21:05:43,2.29
21:05:44,2.29
21:05:45,2.29
21:05:46,2.29
21:05:47,2.29
21:05:48,2.29
21:05:49,2.29
21:05:50,2.29
21:05:51,2.29
21:05:52,2.29
21:05:53,2.29
21:05:54,2.29
21:05:55,2.29
21:05:56,2.29
21:05:57,2.29
21:05:58,2.29
21:05:59,2.29
21:06:00,2.29
21:06:01,2.29
21:06:02,2.29
21:06:03,2.29
21:06:04,2.29
21:06:05,2.29
21:06:06,2.29
21:06:07,2.29
21:06:08,2.29
21:06:09,2.29
21:06:10,2.29
21:06:11,2.29
21:06:12,2.29
21:06:13,2.29
21:06:14,2.29
21:06:15,2.29
21:06:16,2.29
21:06:17,2.29
21:06:18,2.29
21:06:19,2.29
21:06:20,2.29
21:06:21,2.29
21:06:22,2.29
21:06:23,2.29
21:06:24,2.29
21:06:25,2.29
21:06:26,2.29
21:06:27,2.29
21:06:28,2.29
21:06:29,2.29
21:06:30,2.29
21:06:31,2.29
21:06:32,2.29
21:06:33,2.29
21:06:34,2.29
21:06:35,2.29
21:06:36,2.29
21:06:37,2.29
21:06:38,2.29
21:06:39,2.29
21:06:40,2.29
21:06:41,2.29
21:06:42,2.29
21:06:43,2.29
21:06:44,2.29
21:06:45,2.29
21:06:46,2.29
21:06:47,2.29
21:06:48,2.29
21:06:49,2.29
21:06:50,2.29
21:06:51,2.29
21:06:52,2.29
21:06:53,2.29
21:06:54,2.29
21:06:55,2.29
21:06:56,2.29
21:06:57,2.29
21:06:58,2.29
21:06:59,2.29
21:07:00,2.29
21:07:01,2.29
21:07:02,2.29
21:07:03,2.29
21:07:04,2.29
21:07:05,2.29
21:07:06,2.29
21:07:07,2.29
21:07:08,2.29
21:07:09,2.29
21:07:10,2.29
21:07:11,2.29
21:07:12,2.29
21:07:13,2.29
21:07:14,2.29
21:07:15,2.29
21:07:16,2.29
21:07:17,2.29
21:07:18,2.29
21:07:19,2.29
21:07:20,2.29
21:07:21,2.29
21:07:22,2.29
21:07:23,2.29
21:07:24,2.29
21:07:25,2.29
21:07:26,2.29
21:07:27,2.29
21:07:28,2.29
21:07:29,2.29
21:07:30,2.29
21:07:31,2.29
21:07:32,2.29
21:07:33,2.29
21:07:34,2.29
21:07:35,2.29
21:07:36,2.29
21:07:37,2.29
21:07:38,2.29
21:07:39,2.29
21:07:40,2.29
21:07:41,2.29
21:07:42,2.29
21:07:43,2.29
21:07:44,2.29
21:07:45,2.29
21:07:46,2.29
21:07:47,2.29
21:07:48,2.29
21:07:49,2.29
21:07:50,2.29
21:07:51,2.29
21:07:52,2.29
21:07:53,2.29
21:07:54,2.29
21:07:55,2.29
21:07:56,2.29
21:07:57,2.29
21:07:58,2.29
21:07:59,2.29
21:08:00,2.29
21:08:01,2.29
21:08:02,2.29
21:08:03,2.29
21:08:04,2.29
21:08:05,2.29
21:08:06,2.29
21:08:07,2.29
21:08:08,2.29
21:08:09,2.29
21:08:10,2.29
21:08:11,2.29
21:08:12,2.29
21:08:13,2.29
21:08:14,2.29
21:08:15,2.29
21:08:16,2.29
21:08:17,2.29
21:08:18,2.29
21:08:19,2.29
21:08:20,2.29
21:08:21,2.29
21:08:22,2.29
21:08:23,2.29
21:08:24,2.29
21:08:25,2.29
21:08:26,2.29
21:08:27,2.29
21:08:28,2.29
21:08:29,2.29
21:08:30,2.29
21:08:31,2.29
21:08:32,2.29
21:08:33,2.29
21:08:34,2.29
21:08:35,2.29
21:08:36,2.29
21:08:37,2.29
21:08:38,2.29
21:08:39,2.29
21:08:40,2.29
21:08:41,2.29
21:08:42,2.29
21:08:43,2.29
21:08:44,2.29
21:08:45,2.29
21:08:46,2.29
21:08:47,2.29
21:08:48,2.29
21:08:49,2.29
21:08:50,2.29
21:08:51,2.29
21:08:52,2.29
21:08:53,2.29
21:08:54,2.29
21:08:55,2.29
21:08:56,2.29
21:08:57,2.29
21:08:58,2.29
21:08:59,2.29
21:09:00,2.29
21:09:01,2.29
21:09:02,2.29
21:09:03,2.29
21:09:04,2.29
21:09:05,2.29
21:09:06,2.29
21:09:07,2.29
21:09:08,2.29
21:09:09,2.29
21:09:10,2.29
21:09:11,2.29
21:09:12,2.29
21:09:13,2.29
21:09:14,2.29
21:09:15,2.29
21:09:16,2.29
21:09:17,2.29
21:09:18,2.29
21:09:19,2.29
21:09:20,2.29
21:09:21,2.29
21:09:22,2.29
21:09:23,2.29
21:09:24,2.29
21:09:25,2.29
21:09:26,2.29
21:09:27,2.29
21:09:28,2.29
21:09:29,2.29
21:09:30,2.29
21:09:31,2.29
21:09:32,2.29
21:09:33,2.29
21:09:34,2.29
21:09:35,2.29
21:09:36,2.29
21:09:37,2.29
21:09:38,2.29
21:09:39,2.29
21:09:40,2.29
21:09:41,2.29
21:09:42,2.29
21:09:43,2.29
21:09:44,2.29
21:09:45,2.29
21:09:46,2.29
21:09:47,2.29
21:09:48,2.29
21:09:49,2.29
21:09:50,2.29
21:09:51,2.29
21:09:52,2.29
21:09:53,2.29
21:09:54,2.29
21:09:55,2.29
21:09:56,2.29
21:09:57,2.29
21:09:58,2.29
21:09:59,2.29
21:10:00,2.29
21:10:01,2.29
21:10:02,2.29
21:10:03,2.29
21:10:04,2.29
21:10:05,2.29
21:10:06,2.29
21:10:07,2.29
21:10:08,2.29
21:10:09,2.29
21:10:10,2.29
21:10:11,2.29
21:10:12,2.29
21:10:13,2.29
21:10:14,2.29
21:10:15,2.29
21:10:16,2.29
21:10:17,2.29
21:10:18,2.29
21:10:19,2.29
21:10:20,2.29
21:10:21,2.29
21:10:22,2.29
21:10:23,2.29
21:10:24,2.29
21:10:25,2.29
21:10:26,2.29
21:10:27,2.29
21:10:28,2.29
21:10:29,2.29
21:10:30,2.29
21:10:31,2.29
21:10:32,2.29
21:10:33,2.29
21:10:34,2.29
21:10:35,2.29
21:10:36,2.29
21:10:37,2.29
21:10:38,2.29
21:10:39,2.29
21:10:40,2.29
21:10:41,2.29
21:10:42,2.29
21:10:43,2.29
21:10:44,2.29
21:10:45,2.29
21:10:46,2.29
21:10:47,2.29
21:10:48,2.29
21:10:49,2.29
21:10:50,2.29
21:10:51,2.29
21:10:52,2.29
21:10:53,2.29
21:10:54,2.29
21:10:55,2.29
21:10:56,2.29
21:10:57,2.29
21:10:58,2.29
21:10:59,2.29
21:11:00,2.29
21:11:01,2.29
21:11:02,2.29
21:11:03,2.29
21:11:04,2.29
21:11:05,2.29
21:11:06,2.29
21:11:07,2.29
21:11:08,2.29
21:11:09,2.29
21:11:10,2.29
21:11:11,2.29
21:11:12,2.29
21:11:13,2.29
21:11:14,2.29
21:11:15,2.29
21:11:16,2.29
21:11:17,2.29
21:11:18,2.29
21:11:19,2.29
21:11:20,2.29
21:11:21,2.29
21:11:22,2.29
21:11:23,2.29
21:11:24,2.29
21:11:25,2.29
21:11:26,2.29
21:11:27,2.29
21:11:28,2.29
21:11:29,2.29
21:11:30,2.29
21:11:31,2.29
21:11:32,2.29
21:11:33,2.29
21:11:34,2.29
21:11:35,2.29
21:11:36,2.29
21:11:37,2.29
21:11:38,2.29
21:11:39,2.29
21:11:40,2.29
21:11:41,2.29
21:11:42,2.29
21:11:43,2.29
21:11:44,2.29
21:11:45,2.29
21:11:46,2.29
21:11:47,2.29
21:11:48,2.29
21:11:49,2.29
21:11:50,2.29
21:11:51,2.29
21:11:52,7.89333333333
21:11:53,13.4966666667
21:11:54,19.1
21:11:55,24.7033333333
21:11:56,30.3066666667
21:11:57,35.91
21:11:58,41.5133333333
21:11:59,47.1166666667
21:12:00,52.72
21:12:01,58.3233333333
21:12:02,63.9266666667
21:12:03,69.53
21:12:04,75.1333333333
21:12:05,80.7366666667
21:12:06,86.34
21:12:07,86.2166666667
21:12:08,86.0933333333
21:12:09,85.97
21:12:10,85.8466666667
21:12:11,85.7233333333
21:12:12,85.6
21:12:13,85.4766666667
21:12:14,85.3533333333
21:12:15,85.23
21:12:16,85.1066666667
21:12:17,84.9833333333
21:12:18,84.86
21:12:19,84.7366666667
21:12:20,84.6133333333
21:12:21,84.49
21:12:22,82.446
21:12:23,80.402
21:12:24,78.358
21:12:25,76.314
21:12:26,74.27
21:12:27,72.226
21:12:28,70.182
21:12:29,68.138
21:12:30,66.094
21:12:31,64.05
21:12:32,62.006
21:12:33,59.962
21:12:34,57.918
21:12:35,55.874
21:12:36,53.83
21:12:37,50.8135294118
21:12:38,47.7970588235
21:12:39,44.7805882353
21:12:40,41.7641176471
21:12:41,38.7476470588
21:12:42,35.7311764706
21:12:43,32.7147058824
21:12:44,29.6982352941
21:12:45,26.6817647059
21:12:46,23.6652941176
21:12:47,20.6488235294
21:12:48,17.6323529412
21:12:49,14.6158823529
21:12:50,11.5994117647
21:12:51,8.58294117647
21:12:52,5.56647058824
21:12:53,2.55
21:12:54,2.55
21:12:55,2.55
21:12:56,2.55
21:12:57,2.55
21:12:58,2.55
21:12:59,2.55
21:13:00,2.55
21:13:01,2.55
21:13:02,2.55
21:13:03,2.55
21:13:04,2.55
21:13:05,2.55
21:13:06,2.55
21:13:07,2.55
21:13:08,2.55
21:13:09,2.55
21:13:10,2.55
21:13:11,2.55
21:13:12,2.55
21:13:13,2.55
21:13:14,2.55
21:13:15,2.55
21:13:16,2.55
21:13:17,2.55
21:13:18,2.55
21:13:19,2.55
21:13:20,2.55
21:13:21,2.55
21:13:22,2.55
21:13:23,2.55
21:13:24,2.55
21:13:25,2.55
21:13:26,2.55
21:13:27,2.55
21:13:28,2.55
21:13:29,2.55
21:13:30,2.55
21:13:31,2.55
21:13:32,2.55
21:13:33,2.55
21:13:34,2.55
21:13:35,2.55
21:13:36,2.55
21:13:37,2.55
21:13:38,2.55
21:13:39,2.55
21:13:40,2.55
21:13:41,2.55
21:13:42,2.55
21:13:43,2.55
21:13:44,2.55
21:13:45,2.55
21:13:46,2.55
21:13:47,2.55
21:13:48,2.55
21:13:49,2.55
21:13:50,2.55
21:13:51,2.55
21:13:52,2.55
21:13:53,2.55
21:13:54,2.55
21:13:55,2.55
21:13:56,2.55
21:13:57,2.55
21:13:58,2.55
21:13:59,2.55
21:14:00,2.55
21:14:01,2.55
21:14:02,2.55
21:14:03,2.55
21:14:04,2.55
21:14:05,2.55
21:14:06,2.55
21:14:07,2.55
21:14:08,2.55
21:14:09,2.55
21:14:10,2.55
21:14:11,2.55
21:14:12,2.55
21:14:13,2.55
21:14:14,2.55
21:14:15,2.55
21:14:16,2.55
21:14:17,2.55
21:14:18,2.55
21:14:19,2.55
21:14:20,2.55
21:14:21,2.55
21:14:22,2.55
21:14:23,2.55
21:14:24,2.55
21:14:25,2.55
21:14:26,2.55
21:14:27,2.55
21:14:28,2.55
21:14:29,2.55
21:14:30,2.55
21:14:31,2.55
21:14:32,2.55
21:14:33,2.55
21:14:34,2.55
21:14:35,2.55
21:14:36,2.55
21:14:37,2.55
21:14:38,2.55
21:14:39,2.55
21:14:40,2.55
21:14:41,2.55
21:14:42,2.55
21:14:43,2.55
21:14:44,2.55
21:14:45,2.55
21:14:46,2.55
21:14:47,2.55
21:14:48,2.55
21:14:49,2.55
21:14:50,2.55
21:14:51,2.55
21:14:52,2.55
21:14:53,2.55
21:14:54,2.55
21:14:55,2.55
21:14:56,2.55
21:14:57,2.55
21:14:58,2.55
21:14:59,2.55
21:15:00,2.55
21:15:01,2.55
21:15:02,2.55
21:15:03,2.55
21:15:04,2.55
21:15:05,2.55
21:15:06,2.55
21:15:07,2.55
21:15:08,2.55
21:15:09,2.55
21:15:10,2.55
21:15:11,2.55
21:15:12,2.55
21:15:13,2.55
21:15:14,2.55
21:15:15,2.55
21:15:16,2.55
21:15:17,2.55
21:15:18,2.55
21:15:19,2.55
21:15:20,2.55
21:15:21,2.55
21:15:22,2.55
21:15:23,2.55
21:15:24,2.55
21:15:25,2.55
21:15:26,2.55
21:15:27,2.55
21:15:28,2.55
21:15:29,2.55
21:15:30,2.55
21:15:31,2.55
21:15:32,2.55
21:15:33,2.55
21:15:34,2.55
21:15:35,2.55
21:15:36,2.55
21:15:37,2.55
21:15:38,2.55
21:15:39,2.55
21:15:40,2.55
21:15:41,2.55
21:15:42,2.55
21:15:43,2.55
21:15:44,2.55
21:15:45,2.55
21:15:46,2.55
21:15:47,2.55
21:15:48,2.55
21:15:49,2.55
21:15:50,2.55
21:15:51,2.55
21:15:52,2.55
21:15:53,2.55
21:15:54,2.55
21:15:55,2.55
21:15:56,2.55
21:15:57,2.55
21:15:58,2.55
21:15:59,2.55
21:16:00,2.55
21:16:01,2.55
21:16:02,2.55
21:16:03,2.55
21:16:04,2.55
21:16:05,2.55
21:16:06,2.55
21:16:07,2.55
21:16:08,2.55
21:16:09,2.55
21:16:10,2.55
21:16:11,2.55
21:16:12,2.55
21:16:13,2.55
21:16:14,2.55
21:16:15,2.55
21:16:16,2.55
21:16:17,2.55
21:16:18,2.55
21:16:19,2.55
21:16:20,2.55
21:16:21,2.55
21:16:22,2.55
21:16:23,2.55
21:16:24,2.55
21:16:25,2.55
21:16:26,2.55
21:16:27,2.55
21:16:28,2.55
21:16:29,2.55
21:16:30,2.55
21:16:31,2.55
21:16:32,2.55
21:16:33,2.55
21:16:34,2.55
21:16:35,2.55
21:16:36,2.55
21:16:37,2.55
21:16:38,2.55
21:16:39,2.55
21:16:40,2.55
21:16:41,2.55
21:16:42,2.55
21:16:43,2.55
21:16:44,2.55
21:16:45,2.55
21:16:46,2.55
21:16:47,2.55
21:16:48,2.55
21:16:49,2.55
21:16:50,2.55
21:16:51,2.55
21:16:52,2.55
21:16:53,2.55
21:16:54,2.55
21:16:55,2.55
21:16:56,2.55
21:16:57,2.55
21:16:58,2.55
21:16:59,2.55
21:17:00,2.55
21:17:01,2.55
21:17:02,2.55
21:17:03,2.55
21:17:04,2.55
21:17:05,2.55
21:17:06,2.55
21:17:07,2.55
21:17:08,2.55
21:17:09,2.55
21:17:10,2.55
21:17:11,2.55
21:17:12,2.55
21:17:13,2.55
21:17:14,2.55
21:17:15,2.55
21:17:16,2.55
21:17:17,2.55
21:17:18,2.55
21:17:19,2.55
21:17:20,2.55
21:17:21,2.55
21:17:22,2.55
21:17:23,2.55
21:17:24,2.55
21:17:25,2.55
21:17:26,2.55
21:17:27,2.55
21:17:28,2.55
21:17:29,2.55
21:17:30,2.55
21:17:31,2.55
21:17:32,2.55
21:17:33,2.55
21:17:34,2.55
21:17:35,2.55
21:17:36,2.55
21:17:37,2.55
21:17:38,2.55
21:17:39,2.55
21:17:40,2.55
21:17:41,2.55
21:17:42,2.55
21:17:43,2.55
21:17:44,2.55
21:17:45,2.55
21:17:46,2.55
21:17:47,2.55
21:17:48,2.55
21:17:49,2.55
21:17:50,2.55
21:17:51,2.55
21:17:52,2.55
21:17:53,2.55
21:17:54,2.55
21:17:55,2.55
21:17:56,2.55
21:17:57,2.55
21:17:58,2.55
21:17:59,2.55
21:18:00,2.55
21:18:01,2.55
21:18:02,2.55
21:18:03,2.55
21:18:04,2.55
21:18:05,2.55
21:18:06,2.55
21:18:07,2.55
21:18:08,2.55
21:18:09,2.55
21:18:10,2.55
21:18:11,2.55
21:18:12,2.55
21:18:13,2.55
21:18:14,2.55
21:18:15,2.55
21:18:16,2.55
21:18:17,2.55
21:18:18,2.55
21:18:19,2.55
21:18:20,2.55
21:18:21,2.55
21:18:22,2.55
21:18:23,2.55
21:18:24,2.55
21:18:25,2.55
21:18:26,2.55
21:18:27,2.55
21:18:28,2.55
21:18:29,2.55
21:18:30,2.55
21:18:31,2.55
21:18:32,2.55
21:18:33,2.55
21:18:34,2.55
21:18:35,2.55
21:18:36,2.55
21:18:37,2.55
21:18:38,2.55
21:18:39,2.55
21:18:40,2.55
21:18:41,2.55
21:18:42,2.55
21:18:43,2.55
21:18:44,2.55
21:18:45,2.55
21:18:46,2.55
21:18:47,2.55
21:18:48,2.55
21:18:49,2.55
21:18:50,2.55
21:18:51,2.55
21:18:52,2.55
21:18:53,2.55
21:18:54,2.55
21:18:55,2.55
21:18:56,2.55
21:18:57,2.55
21:18:58,2.55
21:18:59,2.55
21:19:00,2.55
21:19:01,2.55
21:19:02,2.55
21:19:03,2.55
21:19:04,2.55
21:19:05,2.55
21:19:06,2.55
21:19:07,2.55
21:19:08,2.55
21:19:09,2.55
21:19:10,2.55
21:19:11,2.55
21:19:12,2.55
21:19:13,2.55
21:19:14,2.55
21:19:15,2.55
21:19:16,2.55
21:19:17,2.55
21:19:18,2.55
21:19:19,2.55
21:19:20,2.55
21:19:21,2.55
21:19:22,2.55
21:19:23,2.55
21:19:24,2.55
21:19:25,2.55
21:19:26,2.55
21:19:27,2.55
21:19:28,2.55
21:19:29,2.55
21:19:30,2.55
21:19:31,2.55
21:19:32,2.55
21:19:33,2.55
21:19:34,2.55
21:19:35,2.55
21:19:36,2.55
21:19:37,2.55
21:19:38,2.55
21:19:39,2.55
21:19:40,2.55
21:19:41,2.55
21:19:42,2.55
21:19:43,2.55
21:19:44,2.55
21:19:45,2.55
21:19:46,2.55
21:19:47,2.55
21:19:48,2.55
21:19:49,2.55
21:19:50,2.55
21:19:51,2.55
21:19:52,2.55
21:19:53,2.55
21:19:54,2.55
21:19:55,2.55
21:19:56,2.55
21:19:57,2.55
21:19:58,2.55
21:19:59,2.55
21:20:00,2.55
21:20:01,2.55
21:20:02,2.55
21:20:03,2.55
21:20:04,2.55
21:20:05,2.55
21:20:06,2.55
21:20:07,2.55
21:20:08,2.55
21:20:09,2.55
21:20:10,2.55
21:20:11,2.55
21:20:12,2.55
21:20:13,2.55
21:20:14,2.55
21:20:15,2.55
21:20:16,2.55
21:20:17,2.55
21:20:18,2.55
21:20:19,2.55
21:20:20,2.55
21:20:21,2.55
21:20:22,2.55
21:20:23,2.55
21:20:24,2.55
21:20:25,2.55
21:20:26,2.55
21:20:27,2.55
21:20:28,2.55
21:20:29,2.55
21:20:30,2.55
21:20:31,2.55
21:20:32,2.55
21:20:33,2.55
21:20:34,2.55
21:20:35,2.55
21:20:36,2.55
21:20:37,2.55
21:20:38,2.55
21:20:39,2.55
21:20:40,2.55
21:20:41,2.55
21:20:42,2.55
21:20:43,2.55
21:20:44,2.55
21:20:45,2.55
21:20:46,2.55
21:20:47,2.55
21:20:48,2.55
21:20:49,2.55
21:20:50,2.55
21:20:51,2.55
21:20:52,2.55
21:20:53,2.55
21:20:54,2.55
21:20:55,2.55
21:20:56,2.55
21:20:57,2.55
21:20:58,2.55
21:20:59,2.55
21:21:00,2.55
21:21:01,2.55
21:21:02,2.55
21:21:03,2.55
21:21:04,2.55
21:21:05,2.55
21:21:06,2.55
21:21:07,2.55
21:21:08,2.55
21:21:09,2.55
21:21:10,2.55
21:21:11,2.55
21:21:12,2.55
21:21:13,2.55
21:21:14,2.55
21:21:15,2.55
21:21:16,2.55
21:21:17,2.55
21:21:18,2.55
21:21:19,2.55
21:21:20,2.55
21:21:21,2.55
21:21:22,2.55
21:21:23,2.55
21:21:24,2.55
21:21:25,2.55
21:21:26,2.55
21:21:27,2.55
21:21:28,2.55
21:21:29,2.55
21:21:30,2.55
21:21:31,2.55
21:21:32,2.55
21:21:33,2.55
21:21:34,2.55
21:21:35,2.55
21:21:36,2.55
21:21:37,2.55
21:21:38,2.55
21:21:39,2.55
21:21:40,2.55
21:21:41,2.55
21:21:42,2.55
21:21:43,2.55
21:21:44,2.55
21:21:45,2.55
21:21:46,2.55
21:21:47,2.55
21:21:48,2.55
21:21:49,2.55
21:21:50,2.55
21:21:51,2.55
21:21:52,2.55
21:21:53,2.55
21:21:54,2.55
21:21:55,2.55
21:21:56,2.55
21:21:57,2.55
21:21:58,2.55
21:21:59,2.55
21:22:00,2.55
21:22:01,2.55
21:22:02,2.55
21:22:03,2.55
21:22:04,2.55
21:22:05,2.55
21:22:06,2.55
21:22:07,2.55
21:22:08,2.55
21:22:09,2.55
21:22:10,2.55
21:22:11,2.55
21:22:12,2.55
21:22:13,2.55
21:22:14,2.55
21:22:15,2.55
21:22:16,2.55
21:22:17,2.55
21:22:18,2.55
21:22:19,2.55
21:22:20,2.55
21:22:21,2.55
21:22:22,2.55
21:22:23,2.55
21:22:24,2.55
21:22:25,2.55
21:22:26,2.55
21:22:27,2.55
21:22:28,2.55
21:22:29,2.55
21:22:30,2.55
21:22:31,2.55
21:22:32,2.55
21:22:33,2.55
21:22:34,2.55
21:22:35,2.55
21:22:36,2.55
21:22:37,2.55
21:22:38,2.55
21:22:39,2.55
21:22:40,2.55
21:22:41,2.55
21:22:42,2.55
21:22:43,2.55
21:22:44,2.55
21:22:45,2.55
21:22:46,2.55
21:22:47,2.55
21:22:48,2.55
21:22:49,2.55
21:22:50,2.55
21:22:51,2.55
21:22:52,2.55
21:22:53,2.55
21:22:54,2.55
21:22:55,2.55
21:22:56,2.55
21:22:57,2.55
21:22:58,2.55
21:22:59,2.55
21:23:00,2.55
21:23:01,2.55
21:23:02,2.55
21:23:03,2.55
21:23:04,2.55
21:23:05,2.55
21:23:06,2.55
21:23:07,2.55
21:23:08,2.55
21:23:09,2.55
21:23:10,2.55
21:23:11,2.55
21:23:12,2.55
21:23:13,2.55
21:23:14,2.55
21:23:15,2.55
21:23:16,2.55
21:23:17,2.55
21:23:18,2.55
21:23:19,2.55
21:23:20,2.55
21:23:21,2.55
21:23:22,2.55
21:23:23,2.55
21:23:24,2.55
21:23:25,2.55
21:23:26,2.55
21:23:27,2.55
21:23:28,2.55
21:23:29,2.55
21:23:30,2.55
21:23:31,2.55
21:23:32,2.55
21:23:33,2.55
21:23:34,2.55
21:23:35,2.55
21:23:36,2.55
21:23:37,2.55
21:23:38,2.55
21:23:39,2.55
21:23:40,2.55
21:23:41,2.55
21:23:42,2.55
21:23:43,2.55
21:23:44,2.55
21:23:45,2.55
21:23:46,2.55
21:23:47,2.55
21:23:48,2.55
21:23:49,2.55
21:23:50,2.55
21:23:51,2.55
21:23:52,2.55
21:23:53,2.55
21:23:54,2.55
21:23:55,2.55
21:23:56,2.55
21:23:57,2.55
21:23:58,2.55
21:23:59,2.55
21:24:00,2.55
21:24:01,2.55
21:24:02,2.55
21:24:03,2.55
21:24:04,2.55
21:24:05,2.55
21:24:06,2.55
21:24:07,2.55
21:24:08,2.55
21:24:09,2.55
21:24:10,2.55
21:24:11,2.55
21:24:12,2.55
21:24:13,2.55
21:24:14,2.55
21:24:15,2.55
21:24:16,2.55
21:24:17,2.55
21:24:18,2.55
21:24:19,2.55
21:24:20,2.55
21:24:21,2.55
21:24:22,2.55
21:24:23,2.55
21:24:24,2.55
21:24:25,2.55
21:24:26,2.55
21:24:27,2.55
21:24:28,2.55
21:24:29,2.55
21:24:30,2.55
21:24:31,2.55
21:24:32,2.55
21:24:33,2.55
21:24:34,2.55
21:24:35,2.55
21:24:36,2.55
21:24:37,2.55
21:24:38,2.55
21:24:39,2.55
21:24:40,2.55
21:24:41,2.55
21:24:42,2.55
21:24:43,2.55
21:24:44,2.55
21:24:45,2.55
21:24:46,2.55
21:24:47,2.55
21:24:48,2.55
21:24:49,2.55
21:24:50,2.55
21:24:51,2.55
21:24:52,2.55
21:24:53,2.55
21:24:54,2.55
21:24:55,2.55
21:24:56,2.55
21:24:57,2.55
21:24:58,2.55
21:24:59,2.55
21:25:00,2.55
21:25:01,2.55
21:25:02,2.55
21:25:03,2.55
21:25:04,2.55
21:25:05,2.55
21:25:06,2.55
21:25:07,2.55
21:25:08,2.55
21:25:09,2.55
21:25:10,2.55
21:25:11,2.55
21:25:12,2.55
21:25:13,2.55
21:25:14,2.55
21:25:15,2.55
21:25:16,2.55
21:25:17,2.55
21:25:18,2.55
21:25:19,2.55
21:25:20,2.55
21:25:21,2.55
21:25:22,2.55
21:25:23,2.55
21:25:24,2.55
21:25:25,2.55
21:25:26,2.55
21:25:27,2.55
21:25:28,2.55
21:25:29,2.55
21:25:30,2.55
21:25:31,2.55
21:25:32,2.55
21:25:33,2.55
21:25:34,2.55
21:25:35,2.55
21:25:36,2.55
21:25:37,2.55
21:25:38,2.55
21:25:39,2.55
21:25:40,2.55
21:25:41,2.55
21:25:42,2.55
21:25:43,2.55
21:25:44,2.55
21:25:45,2.55
21:25:46,2.55
21:25:47,2.55
21:25:48,2.55
21:25:49,2.55
21:25:50,2.55
21:25:51,2.55
21:25:52,2.55
21:25:53,2.55
21:25:54,2.55
21:25:55,2.55
21:25:56,2.55
21:25:57,2.55
21:25:58,2.55
21:25:59,2.55
21:26:00,2.55
21:26:01,2.55
21:26:02,2.55
21:26:03,2.55
21:26:04,2.55
21:26:05,2.55
21:26:06,2.55
21:26:07,2.55
21:26:08,2.55
21:26:09,2.55
21:26:10,2.55
21:26:11,2.55
21:26:12,2.55
21:26:13,2.55
21:26:14,2.55
21:26:15,2.55
21:26:16,2.55
21:26:17,2.55
21:26:18,2.55
21:26:19,2.55
21:26:20,2.55
21:26:21,2.55
21:26:22,2.55
21:26:23,2.55
21:26:24,2.55
21:26:25,2.55
21:26:26,2.55
21:26:27,2.55
21:26:28,2.55
21:26:29,2.55
21:26:30,2.55
21:26:31,2.55
21:26:32,2.55
21:26:33,2.55
21:26:34,2.55
21:26:35,2.55
21:26:36,2.55
21:26:37,2.55
21:26:38,2.55
21:26:39,2.55
21:26:40,2.55
21:26:41,2.55
21:26:42,2.55
21:26:43,2.55
21:26:44,2.55
21:26:45,2.55
21:26:46,2.55
21:26:47,2.55
21:26:48,2.55
21:26:49,2.55
21:26:50,2.55
21:26:51,2.55
21:26:52,2.55
21:26:53,2.55
21:26:54,2.55
21:26:55,2.55
21:26:56,2.55
21:26:57,2.55
21:26:58,2.55
21:26:59,2.55
21:27:00,2.55
21:27:01,2.55
21:27:02,2.55
21:27:03,2.55
21:27:04,2.55
21:27:05,2.55
21:27:06,2.55
21:27:07,2.55
21:27:08,2.55
21:27:09,2.55
21:27:10,2.55
21:27:11,2.55
21:27:12,2.55
21:27:13,2.55
21:27:14,2.55
21:27:15,2.55
21:27:16,2.55
21:27:17,2.55
21:27:18,2.55
21:27:19,2.55
21:27:20,2.55
21:27:21,2.55
21:27:22,2.55
21:27:23,2.55
21:27:24,2.55
21:27:25,2.55
21:27:26,2.55
21:27:27,2.55
21:27:28,2.55
21:27:29,2.55
21:27:30,2.55
21:27:31,2.55
21:27:32,2.55
21:27:33,2.55
21:27:34,2.55
21:27:35,2.55
21:27:36,2.55
21:27:37,2.55
21:27:38,2.55
21:27:39,2.55
21:27:40,2.55
21:27:41,2.55
21:27:42,2.55
21:27:43,2.55
21:27:44,2.55
21:27:45,2.55
21:27:46,2.55
21:27:47,2.55
21:27:48,2.55
21:27:49,2.55
21:27:50,2.55
21:27:51,2.55
21:27:52,2.55
21:27:53,2.55
21:27:54,2.55
21:27:55,2.55
21:27:56,2.55
21:27:57,2.55
21:27:58,2.55
21:27:59,2.55
21:28:00,2.55
21:28:01,2.55
21:28:02,2.55
21:28:03,2.55
21:28:04,2.55
21:28:05,2.55
21:28:06,2.55
21:28:07,2.55
21:28:08,2.55
21:28:09,2.55
21:28:10,2.55
21:28:11,2.55
21:28:12,2.55
21:28:13,2.55
21:28:14,2.55
21:28:15,2.55
21:28:16,2.55
21:28:17,2.55
21:28:18,2.55
21:28:19,2.55
21:28:20,2.55
21:28:21,2.55
21:28:22,2.55
21:28:23,2.55
21:28:24,2.55
21:28:25,2.55
21:28:26,2.55
21:28:27,2.55
21:28:28,2.55
21:28:29,2.55
21:28:30,2.55
21:28:31,2.55
21:28:32,2.55
21:28:33,2.55
21:28:34,2.55
21:28:35,2.55
21:28:36,2.55
21:28:37,2.55
21:28:38,2.55
21:28:39,2.55
21:28:40,2.55
21:28:41,2.55
21:28:42,2.55
21:28:43,2.55
21:28:44,2.55
21:28:45,2.55
21:28:46,2.55
21:28:47,2.55
21:28:48,2.55
21:28:49,2.55
21:28:50,2.55
21:28:51,2.55
21:28:52,2.55
21:28:53,2.55
21:28:54,2.55
21:28:55,2.55
21:28:56,2.55
21:28:57,2.55
21:28:58,2.55
21:28:59,2.55
21:29:00,2.55
21:29:01,2.55
21:29:02,2.55
21:29:03,2.55
21:29:04,2.55
21:29:05,2.55
21:29:06,2.55
21:29:07,2.55
21:29:08,2.55
21:29:09,2.55
21:29:10,2.55
21:29:11,2.55
21:29:12,2.55
21:29:13,2.55
21:29:14,2.55
21:29:15,2.55
21:29:16,2.55
21:29:17,2.55
21:29:18,2.55
21:29:19,2.55
21:29:20,2.55
21:29:21,2.55
21:29:22,2.55
21:29:23,2.55
21:29:24,2.55
21:29:25,2.55
21:29:26,2.55
21:29:27,2.55
21:29:28,2.55
21:29:29,2.55
21:29:30,2.55
21:29:31,2.55
21:29:32,2.55
21:29:33,2.55
21:29:34,2.55
21:29:35,2.55
21:29:36,2.55
21:29:37,2.55
21:29:38,2.55
21:29:39,2.55
21:29:40,2.55
21:29:41,2.55
21:29:42,2.55
21:29:43,2.55
21:29:44,2.55
21:29:45,2.55
21:29:46,2.55
21:29:47,2.55
21:29:48,2.55
21:29:49,2.55
21:29:50,2.55
21:29:51,2.55
21:29:52,2.55
21:29:53,2.55
21:29:54,2.55
21:29:55,2.55
21:29:56,2.55
21:29:57,2.55
21:29:58,2.55
21:29:59,2.55
21:30:00,2.55
21:30:01,2.55
21:30:02,2.55
21:30:03,2.55
21:30:04,2.55
21:30:05,2.55
21:30:06,2.55
21:30:07,2.55
21:30:08,2.55
21:30:09,2.55
21:30:10,2.55
21:30:11,2.55
21:30:12,2.55
21:30:13,2.55
21:30:14,2.55
21:30:15,2.55
21:30:16,2.55
21:30:17,2.55
21:30:18,2.55
21:30:19,2.55
21:30:20,2.55
21:30:21,2.55
21:30:22,2.55
21:30:23,2.55
21:30:24,2.55
21:30:25,2.55
21:30:26,2.55
21:30:27,2.55
21:30:28,2.55
21:30:29,2.55
21:30:30,2.55
21:30:31,2.55
21:30:32,2.55
21:30:33,2.55
21:30:34,2.55
21:30:35,2.55
21:30:36,2.55
21:30:37,2.55
21:30:38,2.55
21:30:39,2.55
21:30:40,2.55
21:30:41,2.55
21:30:42,2.55
21:30:43,2.55
21:30:44,2.55
21:30:45,2.55
21:30:46,2.55
21:30:47,2.55
21:30:48,2.55
21:30:49,2.55
21:30:50,2.55
21:30:51,2.55
21:30:52,2.55
21:30:53,2.55
21:30:54,2.55
21:30:55,2.55
21:30:56,2.55
21:30:57,2.55
21:30:58,2.55
21:30:59,2.55
21:31:00,2.55
21:31:01,2.55
21:31:02,2.55
21:31:03,2.55
21:31:04,2.55
21:31:05,2.55
21:31:06,2.55
21:31:07,2.55
21:31:08,2.55
21:31:09,2.55
21:31:10,2.55
21:31:11,2.55
21:31:12,2.55
21:31:13,2.55
21:31:14,2.55
21:31:15,2.55
21:31:16,2.55
21:31:17,2.55
21:31:18,2.55
21:31:19,2.55
21:31:20,2.55
21:31:21,2.55
21:31:22,2.55
21:31:23,2.55
21:31:24,2.55
21:31:25,2.55
21:31:26,2.55
21:31:27,2.55
21:31:28,2.55
21:31:29,2.55
21:31:30,2.55
21:31:31,2.55
21:31:32,2.55
21:31:33,2.55
21:31:34,2.55
21:31:35,2.55
21:31:36,2.55
21:31:37,2.55
21:31:38,2.55
21:31:39,2.55
21:31:40,2.55
21:31:41,2.55
21:31:42,2.55
21:31:43,2.55
21:31:44,2.55
21:31:45,2.55
21:31:46,2.55
21:31:47,2.55
21:31:48,2.55
21:31:49,2.55
21:31:50,2.55
21:31:51,2.55
21:31:52,2.55
21:31:53,2.55
21:31:54,2.55
21:31:55,2.55
21:31:56,2.55
21:31:57,2.55
21:31:58,2.55
21:31:59,2.55
21:32:00,2.55
21:32:01,2.55
21:32:02,2.55
21:32:03,2.55
21:32:04,2.55
21:32:05,2.55
21:32:06,2.55
21:32:07,2.55
21:32:08,2.55
21:32:09,2.55
21:32:10,2.55
21:32:11,2.55
21:32:12,2.55
21:32:13,2.55
21:32:14,2.55
21:32:15,2.55
21:32:16,2.55
21:32:17,2.55
21:32:18,2.55
21:32:19,2.55
21:32:20,2.55
21:32:21,2.55
21:32:22,2.55
21:32:23,2.55
21:32:24,2.55
21:32:25,2.55
21:32:26,2.55
21:32:27,2.55
21:32:28,2.55
21:32:29,2.55
21:32:30,2.55
21:32:31,2.55
21:32:32,2.55
21:32:33,2.55
21:32:34,2.55
21:32:35,2.55
21:32:36,2.55
21:32:37,2.55
21:32:38,2.55
21:32:39,2.55
21:32:40,2.55
21:32:41,2.55
21:32:42,2.55
21:32:43,2.55
21:32:44,2.55
21:32:45,2.55
21:32:46,2.55
21:32:47,2.55
21:32:48,2.55
21:32:49,2.55
21:32:50,2.55
21:32:51,2.55
21:32:52,2.55
21:32:53,2.55
21:32:54,2.55
21:32:55,2.55
21:32:56,2.55
21:32:57,2.55
21:32:58,2.55
21:32:59,2.55
21:33:00,2.55
21:33:01,2.55
21:33:02,2.55
21:33:03,2.55
21:33:04,2.55
21:33:05,2.55
21:33:06,2.55
21:33:07,2.55
21:33:08,2.55
21:33:09,2.55
21:33:10,2.55
21:33:11,2.55
21:33:12,2.55
21:33:13,2.55
21:33:14,2.55
21:33:15,2.55
21:33:16,2.55
21:33:17,2.55
21:33:18,2.55
21:33:19,2.55
21:33:20,2.55
21:33:21,2.55
21:33:22,2.55
21:33:23,2.55
21:33:24,2.55
21:33:25,2.55
21:33:26,2.55
21:33:27,2.55
21:33:28,2.55
21:33:29,2.55
21:33:30,2.55
21:33:31,2.55
21:33:32,2.55
21:33:33,2.55
21:33:34,2.55
21:33:35,2.55
21:33:36,2.55
21:33:37,2.55
21:33:38,2.55
21:33:39,2.55
21:33:40,2.55
21:33:41,2.55
21:33:42,2.55
21:33:43,2.55
21:33:44,2.55
21:33:45,2.55
21:33:46,2.55
21:33:47,2.55
21:33:48,2.55
21:33:49,2.55
21:33:50,2.55
21:33:51,2.55
21:33:52,2.55
21:33:53,2.55
21:33:54,2.55
21:33:55,2.55
21:33:56,2.55
21:33:57,2.55
21:33:58,2.55
21:33:59,2.55
21:34:00,2.55
21:34:01,2.55
21:34:02,2.55
21:34:03,2.55
21:34:04,2.55
21:34:05,2.55
21:34:06,2.55
21:34:07,2.55
21:34:08,2.55
21:34:09,2.55
21:34:10,2.55
21:34:11,2.55
21:34:12,2.55
21:34:13,2.55
21:34:14,2.55
21:34:15,2.55
21:34:16,2.55
21:34:17,2.55
21:34:18,2.55
21:34:19,2.55
21:34:20,2.55
21:34:21,2.55
21:34:22,2.55
21:34:23,2.55
21:34:24,2.55
21:34:25,2.55
21:34:26,2.55
21:34:27,2.55
21:34:28,2.55
21:34:29,2.55
21:34:30,2.55
21:34:31,2.55
21:34:32,2.55
21:34:33,2.55
21:34:34,2.55
21:34:35,2.55
21:34:36,2.55
21:34:37,2.55
21:34:38,2.55
21:34:39,2.55
21:34:40,2.55
21:34:41,2.55
21:34:42,2.55
21:34:43,2.55
21:34:44,2.55
21:34:45,2.55
21:34:46,2.55
21:34:47,2.55
21:34:48,2.55
21:34:49,2.55
21:34:50,2.55
21:34:51,2.55
21:34:52,2.55
21:34:53,2.55
21:34:54,2.55
21:34:55,2.55
21:34:56,2.55
21:34:57,2.55
21:34:58,2.55
21:34:59,2.55
21:35:00,2.55
21:35:01,2.55
21:35:02,2.55
21:35:03,2.55
21:35:04,2.55
21:35:05,2.55
21:35:06,2.55
21:35:07,2.55
21:35:08,2.55
21:35:09,2.55
21:35:10,2.55
21:35:11,2.55
21:35:12,2.55
21:35:13,2.55
21:35:14,2.55
21:35:15,2.55
21:35:16,2.55
21:35:17,2.55
21:35:18,2.55
21:35:19,2.55
21:35:20,2.55
21:35:21,2.55
21:35:22,2.55
21:35:23,2.55
21:35:24,2.55
21:35:25,2.55
21:35:26,2.55
21:35:27,2.55
21:35:28,2.55
21:35:29,2.55
21:35:30,2.55
21:35:31,2.55
21:35:32,2.55
21:35:33,2.55
21:35:34,2.55
21:35:35,2.55
21:35:36,2.55
21:35:37,2.55
21:35:38,2.55
21:35:39,2.55
21:35:40,2.55
21:35:41,2.55
21:35:42,2.55
21:35:43,2.55
21:35:44,2.55
21:35:45,2.55
21:35:46,2.55
21:35:47,2.55
21:35:48,2.55
21:35:49,2.55
21:35:50,2.55
21:35:51,2.55
21:35:52,2.55
21:35:53,2.55
21:35:54,2.55
21:35:55,2.55
21:35:56,2.55
21:35:57,2.55
21:35:58,2.55
21:35:59,2.55
21:36:00,2.55
21:36:01,2.55
21:36:02,2.55
21:36:03,2.55
21:36:04,2.55
21:36:05,2.55
21:36:06,2.55
21:36:07,2.55
21:36:08,2.55
21:36:09,2.55
21:36:10,2.55
21:36:11,2.55
21:36:12,2.55
21:36:13,2.55
21:36:14,2.55
21:36:15,2.55
21:36:16,2.55
21:36:17,2.55
21:36:18,2.55
21:36:19,2.55
21:36:20,2.55
21:36:21,2.55
21:36:22,2.55
21:36:23,2.55
21:36:24,2.55
21:36:25,2.55
21:36:26,2.55
21:36:27,2.55
21:36:28,2.55
21:36:29,2.55
21:36:30,2.55
21:36:31,2.55
21:36:32,2.55
21:36:33,2.55
21:36:34,2.55
21:36:35,2.55
21:36:36,2.55
21:36:37,2.55
21:36:38,2.55
21:36:39,2.55
21:36:40,2.55
21:36:41,2.55
21:36:42,2.55
21:36:43,2.55
21:36:44,2.55
21:36:45,2.55
21:36:46,2.55
21:36:47,2.55
21:36:48,2.55
21:36:49,2.55
21:36:50,2.55
21:36:51,2.55
21:36:52,2.55
21:36:53,2.55
21:36:54,2.55
21:36:55,2.55
21:36:56,2.55
21:36:57,2.55
21:36:58,2.55
21:36:59,2.55
21:37:00,2.55
21:37:01,2.55
21:37:02,2.55
21:37:03,2.55
21:37:04,2.55
21:37:05,2.55
21:37:06,2.55
21:37:07,2.55
21:37:08,2.55
21:37:09,2.55
21:37:10,2.55
21:37:11,2.55
21:37:12,2.55
21:37:13,2.55
21:37:14,2.55
21:37:15,2.55
21:37:16,2.55
21:37:17,2.55
21:37:18,2.55
21:37:19,2.55
21:37:20,2.55
21:37:21,2.55
21:37:22,2.55
21:37:23,2.55
21:37:24,2.55
21:37:25,2.55
21:37:26,2.55
21:37:27,2.55
21:37:28,2.55
21:37:29,2.55
21:37:30,2.55
21:37:31,2.55
21:37:32,2.55
21:37:33,2.55
21:37:34,2.55
21:37:35,2.55
21:37:36,2.55
21:37:37,2.55
21:37:38,2.55
21:37:39,2.55
21:37:40,2.55
21:37:41,2.55
21:37:42,2.55
21:37:43,2.55
21:37:44,2.55
21:37:45,2.55
21:37:46,2.55
21:37:47,2.55
21:37:48,2.55
21:37:49,2.55
21:37:50,2.55
21:37:51,2.55
21:37:52,2.55
21:37:53,2.55
21:37:54,2.55
21:37:55,2.55
21:37:56,2.55
21:37:57,2.55
21:37:58,2.55
21:37:59,2.55
21:38:00,2.55
21:38:01,2.55
21:38:02,2.55
21:38:03,2.55
21:38:04,2.55
21:38:05,2.55
21:38:06,2.55
21:38:07,2.55
21:38:08,2.55
21:38:09,2.55
21:38:10,2.55
21:38:11,2.55
21:38:12,2.55
21:38:13,2.55
21:38:14,2.55
21:38:15,2.55
21:38:16,2.55
21:38:17,2.55
21:38:18,2.55
21:38:19,2.55
21:38:20,2.55
21:38:21,2.55
21:38:22,2.55
21:38:23,2.55
21:38:24,2.55
21:38:25,2.55
21:38:26,2.55
21:38:27,2.55
21:38:28,2.55
21:38:29,2.55
21:38:30,2.55
21:38:31,2.55
21:38:32,2.55
21:38:33,2.55
21:38:34,2.55
21:38:35,2.55
21:38:36,2.55
21:38:37,2.55
21:38:38,2.55
21:38:39,2.55
21:38:40,2.55
21:38:41,2.55
21:38:42,2.55
21:38:43,2.55
21:38:44,2.55
21:38:45,2.55
21:38:46,2.55
21:38:47,2.55
21:38:48,2.55
21:38:49,2.55
21:38:50,2.55
21:38:51,2.55
21:38:52,2.55
21:38:53,2.55
21:38:54,2.55
21:38:55,2.55
21:38:56,2.55
21:38:57,2.55
21:38:58,2.55
21:38:59,2.55
21:39:00,2.55
21:39:01,2.55
21:39:02,2.55
21:39:03,2.55
21:39:04,2.55
21:39:05,2.55
21:39:06,2.55
21:39:07,2.55
21:39:08,2.55
21:39:09,2.55
21:39:10,2.55
21:39:11,2.55
21:39:12,2.55
21:39:13,2.55
21:39:14,2.55
21:39:15,2.55
21:39:16,2.55
21:39:17,2.55
21:39:18,2.55
21:39:19,2.55
21:39:20,2.55
21:39:21,2.55
21:39:22,2.55
21:39:23,2.55
21:39:24,2.55
21:39:25,2.55
21:39:26,2.55
21:39:27,2.55
21:39:28,2.55
21:39:29,2.55
21:39:30,2.55
21:39:31,2.55
21:39:32,2.55
21:39:33,2.55
21:39:34,2.55
21:39:35,2.55
21:39:36,2.55
21:39:37,2.55
21:39:38,2.55
21:39:39,2.55
21:39:40,2.55
21:39:41,2.55
21:39:42,2.55
21:39:43,2.55
21:39:44,2.55
21:39:45,2.55
21:39:46,2.55
21:39:47,2.55
21:39:48,2.55
21:39:49,2.55
21:39:50,2.55
21:39:51,2.55
21:39:52,2.55
21:39:53,2.55
21:39:54,2.55
21:39:55,2.55
21:39:56,2.55
21:39:57,2.55
21:39:58,2.55
21:39:59,2.55
21:40:00,2.55
21:40:01,2.55
21:40:02,2.55
21:40:03,2.55
21:40:04,2.55
21:40:05,2.55
21:40:06,2.55
21:40:07,2.55
21:40:08,2.55
21:40:09,2.55
21:40:10,2.55
21:40:11,2.55
21:40:12,2.55
21:40:13,2.55
21:40:14,2.55
21:40:15,2.55
21:40:16,2.55
21:40:17,2.55
21:40:18,2.55
21:40:19,2.55
21:40:20,2.55
21:40:21,2.55
21:40:22,2.55
21:40:23,2.55
21:40:24,2.55
21:40:25,2.55
21:40:26,2.55
21:40:27,2.55
21:40:28,2.55
21:40:29,2.55
21:40:30,2.55
21:40:31,2.55
21:40:32,2.55
21:40:33,2.55
21:40:34,2.55
21:40:35,2.55
21:40:36,2.55
21:40:37,2.55
21:40:38,2.55
21:40:39,2.55
21:40:40,2.55
21:40:41,2.55
21:40:42,2.55
21:40:43,2.55
21:40:44,2.55
21:40:45,2.55
21:40:46,2.55
21:40:47,2.55
21:40:48,2.55
21:40:49,2.55
21:40:50,2.55
21:40:51,2.55
21:40:52,2.55
21:40:53,2.55
21:40:54,2.55
21:40:55,2.55
21:40:56,2.55
21:40:57,2.55
21:40:58,2.55
21:40:59,2.55
21:41:00,2.55
21:41:01,2.55
21:41:02,2.55
21:41:03,2.55
21:41:04,2.55
21:41:05,2.55
21:41:06,2.55
21:41:07,2.55
21:41:08,2.55
21:41:09,2.55
21:41:10,2.55
21:41:11,2.55
21:41:12,2.55
21:41:13,2.55
21:41:14,2.55
21:41:15,2.55
21:41:16,2.55
21:41:17,2.55
21:41:18,2.55
21:41:19,2.55
21:41:20,2.55
21:41:21,2.55
21:41:22,2.55
21:41:23,2.55
21:41:24,2.55
21:41:25,2.55
21:41:26,2.55
21:41:27,2.55
21:41:28,2.55
21:41:29,2.55
21:41:30,2.55
21:41:31,2.55
21:41:32,2.55
21:41:33,2.55
21:41:34,2.55
21:41:35,2.55
21:41:36,2.55
21:41:37,2.55
21:41:38,2.55
21:41:39,2.55
21:41:40,2.55
21:41:41,2.55
21:41:42,2.55
21:41:43,2.55
21:41:44,2.55
21:41:45,2.55
21:41:46,2.55
21:41:47,2.55
21:41:48,2.55
21:41:49,2.55
21:41:50,2.55
21:41:51,2.55
21:41:52,2.55
21:41:53,2.55
21:41:54,2.55
21:41:55,2.55
21:41:56,2.55
21:41:57,2.55
21:41:58,2.55
21:41:59,2.55
21:42:00,2.55
21:42:01,2.55
21:42:02,2.55
21:42:03,2.55
21:42:04,2.55
21:42:05,2.55
21:42:06,2.55
21:42:07,2.55
21:42:08,2.55
21:42:09,2.55
21:42:10,2.55
21:42:11,2.55
21:42:12,2.55
21:42:13,2.55
21:42:14,2.55
21:42:15,2.55
21:42:16,2.55
21:42:17,2.55
21:42:18,2.55
21:42:19,2.55
21:42:20,2.55
21:42:21,2.55
21:42:22,2.55
21:42:23,2.55
21:42:24,2.55
21:42:25,2.55
21:42:26,2.55
21:42:27,2.55
21:42:28,2.55
21:42:29,2.55
21:42:30,2.55
21:42:31,2.55
21:42:32,2.55
21:42:33,2.55
21:42:34,2.55
21:42:35,2.55
21:42:36,2.55
21:42:37,2.55
21:42:38,2.55
21:42:39,2.55
21:42:40,2.55
21:42:41,2.55
21:42:42,2.55
21:42:43,2.55
21:42:44,2.55
21:42:45,2.55
21:42:46,2.55
21:42:47,2.55
21:42:48,2.55
21:42:49,2.55
21:42:50,2.55
21:42:51,2.55
21:42:52,2.55
21:42:53,2.55
21:42:54,2.55
21:42:55,2.55
21:42:56,2.55
21:42:57,2.55
21:42:58,2.55
21:42:59,2.55
21:43:00,2.55
21:43:01,2.55
21:43:02,2.55
21:43:03,2.55
21:43:04,2.55
21:43:05,2.55
21:43:06,2.55
21:43:07,2.55
21:43:08,2.55
21:43:09,2.55
21:43:10,2.55
21:43:11,2.55
21:43:12,2.55
21:43:13,2.55
21:43:14,2.55
21:43:15,2.55
21:43:16,2.55
21:43:17,2.55
21:43:18,2.55
21:43:19,2.55
21:43:20,2.55
21:43:21,2.55
21:43:22,2.55
21:43:23,2.55
21:43:24,2.55
21:43:25,2.55
21:43:26,2.55
21:43:27,2.55
21:43:28,2.55
21:43:29,2.55
21:43:30,2.55
21:43:31,2.55
21:43:32,2.55
21:43:33,2.55
21:43:34,2.55
21:43:35,2.55
21:43:36,2.55
21:43:37,2.55
21:43:38,2.55
21:43:39,2.55
21:43:40,2.55
21:43:41,2.55
21:43:42,2.55
21:43:43,2.55
21:43:44,2.55
21:43:45,2.55
21:43:46,2.55
21:43:47,2.55
21:43:48,2.55
21:43:49,2.55
21:43:50,2.55
21:43:51,2.55
21:43:52,2.55
21:43:53,2.55
21:43:54,2.55
21:43:55,2.55
21:43:56,2.55
21:43:57,2.55
21:43:58,2.55
21:43:59,2.55
21:44:00,2.55
21:44:01,2.55
21:44:02,2.55
21:44:03,2.55
21:44:04,2.55
21:44:05,2.55
21:44:06,2.55
21:44:07,2.55
21:44:08,2.55
21:44:09,2.55
21:44:10,2.55
21:44:11,2.55
21:44:12,2.55
21:44:13,2.55
21:44:14,2.55
21:44:15,2.55
21:44:16,2.55
21:44:17,2.55
21:44:18,2.55
21:44:19,2.55
21:44:20,2.55
21:44:21,2.55
21:44:22,2.55
21:44:23,2.55
21:44:24,2.55
21:44:25,2.55
21:44:26,2.55
21:44:27,2.55
21:44:28,2.55
21:44:29,2.55
21:44:30,2.55
21:44:31,2.55
21:44:32,2.55
21:44:33,2.55
21:44:34,2.55
21:44:35,2.55
21:44:36,2.55
21:44:37,2.55
21:44:38,2.55
21:44:39,2.55
21:44:40,2.55
21:44:41,2.55
21:44:42,2.55
21:44:43,2.55
21:44:44,2.55
21:44:45,2.55
21:44:46,2.55
21:44:47,2.55
21:44:48,2.55
21:44:49,2.55
21:44:50,2.55
21:44:51,2.55
21:44:52,2.55
21:44:53,2.55
21:44:54,2.55
21:44:55,2.55
21:44:56,2.55
21:44:57,2.55
21:44:58,2.55
21:44:59,2.55
21:45:00,2.55
21:45:01,2.55
21:45:02,2.55
21:45:03,2.55
21:45:04,2.55
21:45:05,2.55
21:45:06,2.55
21:45:07,2.55
21:45:08,2.55
21:45:09,2.55
21:45:10,2.55
21:45:11,2.55
21:45:12,2.55
21:45:13,2.55
21:45:14,2.55
21:45:15,2.55
21:45:16,2.55
21:45:17,2.55
21:45:18,2.55
21:45:19,2.55
21:45:20,2.55
21:45:21,2.55
21:45:22,2.55
21:45:23,2.55
21:45:24,2.55
21:45:25,2.55
21:45:26,2.55
21:45:27,2.55
21:45:28,2.55
21:45:29,2.55
21:45:30,2.55
21:45:31,2.55
21:45:32,2.55
21:45:33,2.55
21:45:34,2.55
21:45:35,2.55
21:45:36,2.55
21:45:37,2.55
21:45:38,2.55
21:45:39,2.55
21:45:40,2.55
21:45:41,2.55
21:45:42,2.55
21:45:43,2.55
21:45:44,2.55
21:45:45,2.55
21:45:46,2.55
21:45:47,2.55
21:45:48,2.55
21:45:49,2.55
21:45:50,2.55
21:45:51,2.55
21:45:52,2.55
21:45:53,2.55
21:45:54,2.55
21:45:55,2.55
21:45:56,2.55
21:45:57,2.55
21:45:58,2.55
21:45:59,2.55
21:46:00,2.55
21:46:01,2.55
21:46:02,2.55
21:46:03,2.55
21:46:04,2.55
21:46:05,2.55
21:46:06,2.55
21:46:07,2.55
21:46:08,2.55
21:46:09,2.55
21:46:10,2.55
21:46:11,2.55
21:46:12,2.55
21:46:13,2.55
21:46:14,2.55
21:46:15,2.55
21:46:16,2.55
21:46:17,2.55
21:46:18,2.55
21:46:19,2.55
21:46:20,2.55
21:46:21,2.55
21:46:22,2.55
21:46:23,2.55
21:46:24,2.55
21:46:25,2.55
21:46:26,2.55
21:46:27,2.55
21:46:28,2.55
21:46:29,2.55
21:46:30,2.55
21:46:31,2.55
21:46:32,2.55
21:46:33,2.55
21:46:34,2.55
21:46:35,2.55
21:46:36,2.55
21:46:37,2.55
21:46:38,2.55
21:46:39,2.55
21:46:40,2.55
21:46:41,2.55
21:46:42,2.55
21:46:43,2.55
21:46:44,2.55
21:46:45,2.55
21:46:46,2.55
21:46:47,2.55
21:46:48,2.55
21:46:49,2.55
21:46:50,2.55
21:46:51,2.55
21:46:52,2.55
21:46:53,2.55
21:46:54,2.55
21:46:55,2.55
21:46:56,2.55
21:46:57,2.55
21:46:58,2.55
21:46:59,2.55
21:47:00,2.55
21:47:01,2.55
21:47:02,2.55
21:47:03,2.55
21:47:04,2.55
21:47:05,2.55
21:47:06,2.55
21:47:07,2.55
21:47:08,2.55
21:47:09,2.55
21:47:10,2.55
21:47:11,2.55
21:47:12,2.55
21:47:13,2.55
21:47:14,2.55
21:47:15,2.55
21:47:16,2.55
21:47:17,2.55
21:47:18,2.55
21:47:19,2.55
21:47:20,2.55
21:47:21,2.55
21:47:22,2.55
21:47:23,2.55
21:47:24,2.55
21:47:25,2.55
21:47:26,2.55
21:47:27,2.55
21:47:28,2.55
21:47:29,2.55
21:47:30,2.55
21:47:31,2.55
21:47:32,2.55
21:47:33,2.55
21:47:34,2.55
21:47:35,2.55
21:47:36,2.55
21:47:37,2.55
21:47:38,2.55
21:47:39,2.55
21:47:40,2.55
21:47:41,2.55
21:47:42,2.55
21:47:43,2.55
21:47:44,2.55
21:47:45,2.55
21:47:46,2.55
21:47:47,2.55
21:47:48,2.55
21:47:49,2.55
21:47:50,2.55
21:47:51,2.55
21:47:52,2.55
21:47:53,2.55
21:47:54,2.55
21:47:55,2.55
21:47:56,2.55
21:47:57,2.55
21:47:58,2.55
21:47:59,2.55
21:48:00,2.55
21:48:01,2.55
21:48:02,2.55
21:48:03,2.55
21:48:04,2.55
21:48:05,2.55
21:48:06,2.55
21:48:07,2.55
21:48:08,2.55
21:48:09,2.55
21:48:10,2.55
21:48:11,2.55
21:48:12,2.55
21:48:13,2.55
21:48:14,2.55
21:48:15,2.55
21:48:16,2.55
21:48:17,2.55
21:48:18,2.55
21:48:19,2.55
21:48:20,2.55
21:48:21,2.55
21:48:22,2.55
21:48:23,2.55
21:48:24,2.55
21:48:25,2.55
21:48:26,2.55
21:48:27,2.55
21:48:28,2.55
21:48:29,2.55
21:48:30,2.55
21:48:31,2.55
21:48:32,2.55
21:48:33,2.55
21:48:34,2.55
21:48:35,2.55
21:48:36,2.55
21:48:37,2.55
21:48:38,2.55
21:48:39,2.55
21:48:40,2.55
21:48:41,2.55
21:48:42,2.55
21:48:43,2.55
21:48:44,2.55
21:48:45,2.55
21:48:46,2.55
21:48:47,2.55
21:48:48,2.55
21:48:49,2.55
21:48:50,2.55
21:48:51,2.55
21:48:52,2.55
21:48:53,2.55
21:48:54,2.55
21:48:55,2.55
21:48:56,2.55
21:48:57,2.55
21:48:58,2.55
21:48:59,2.55
21:49:00,2.55
21:49:01,2.55
21:49:02,2.55
21:49:03,2.55
21:49:04,2.55
21:49:05,2.55
21:49:06,2.55
21:49:07,2.55
21:49:08,2.55
21:49:09,2.55
21:49:10,2.55
21:49:11,2.55
21:49:12,2.55
21:49:13,2.55
21:49:14,2.55
21:49:15,2.55
21:49:16,2.55
21:49:17,2.55
21:49:18,2.55
21:49:19,2.55
21:49:20,2.55
21:49:21,2.55
21:49:22,2.55
21:49:23,2.55
21:49:24,2.55
21:49:25,2.55
21:49:26,2.55
21:49:27,2.55
21:49:28,2.55
21:49:29,2.55
21:49:30,2.55
21:49:31,2.55
21:49:32,2.55
21:49:33,2.55
21:49:34,2.55
21:49:35,2.55
21:49:36,2.55
21:49:37,2.55
21:49:38,2.55
21:49:39,2.55
21:49:40,2.55
21:49:41,2.55
21:49:42,2.55
21:49:43,2.55
21:49:44,2.55
21:49:45,2.55
21:49:46,2.55
21:49:47,2.55
21:49:48,2.55
21:49:49,2.55
21:49:50,2.55
21:49:51,2.55
21:49:52,2.55
21:49:53,2.55
21:49:54,2.55
21:49:55,2.55
21:49:56,2.55
21:49:57,2.55
21:49:58,2.55
21:49:59,2.55
21:50:00,2.55
21:50:01,2.55
21:50:02,2.55
21:50:03,2.55
21:50:04,2.55
21:50:05,2.55
21:50:06,2.55
21:50:07,2.55
21:50:08,2.55
21:50:09,2.55
21:50:10,2.55
21:50:11,2.55
21:50:12,2.55
21:50:13,2.55
21:50:14,2.55
21:50:15,2.55
21:50:16,2.55
21:50:17,2.55
21:50:18,2.55
21:50:19,2.55
21:50:20,2.55
21:50:21,2.55
21:50:22,2.55
21:50:23,2.55
21:50:24,2.55
21:50:25,2.55
21:50:26,2.55
21:50:27,2.55
21:50:28,2.55
21:50:29,2.55
21:50:30,2.55
21:50:31,2.55
21:50:32,2.55
21:50:33,2.55
21:50:34,2.55
21:50:35,2.55
21:50:36,2.55
21:50:37,2.55
21:50:38,2.55
21:50:39,2.55
21:50:40,2.55
21:50:41,2.55
21:50:42,2.55
21:50:43,2.55
21:50:44,2.55
21:50:45,2.55
21:50:46,2.55
21:50:47,2.55
21:50:48,2.55
21:50:49,2.55
21:50:50,2.55
21:50:51,2.55
21:50:52,2.55
21:50:53,2.55
21:50:54,2.55
21:50:55,2.55
21:50:56,2.55
21:50:57,2.55
21:50:58,2.55
21:50:59,2.55
21:51:00,2.55
21:51:01,2.55
21:51:02,2.55
21:51:03,2.55
21:51:04,2.55
21:51:05,2.55
21:51:06,2.55
21:51:07,2.55
21:51:08,2.55
21:51:09,2.55
21:51:10,2.55
21:51:11,2.55
21:51:12,2.55
21:51:13,2.55
21:51:14,2.55
21:51:15,2.55
21:51:16,2.55
21:51:17,2.55
21:51:18,2.55
21:51:19,2.55
21:51:20,2.55
21:51:21,2.55
21:51:22,2.55
21:51:23,2.55
21:51:24,2.55
21:51:25,2.55
21:51:26,2.55
21:51:27,2.55
21:51:28,2.55
21:51:29,2.55
21:51:30,2.55
21:51:31,2.55
21:51:32,2.55
21:51:33,2.55
21:51:34,2.55
21:51:35,2.55
21:51:36,2.55
21:51:37,2.55
21:51:38,2.55
21:51:39,2.55
21:51:40,2.55
21:51:41,2.55
21:51:42,2.55
21:51:43,2.55
21:51:44,2.55
21:51:45,2.55
21:51:46,2.55
21:51:47,2.55
21:51:48,2.55
21:51:49,2.55
21:51:50,2.55
21:51:51,2.55
21:51:52,2.55
21:51:53,2.55
21:51:54,2.55
21:51:55,2.55
21:51:56,2.55
21:51:57,2.55
21:51:58,2.55
21:51:59,2.55
21:52:00,2.55
21:52:01,2.55
21:52:02,2.55
21:52:03,2.55
21:52:04,2.55
21:52:05,2.55
21:52:06,2.55
21:52:07,2.55
21:52:08,2.55
21:52:09,2.55
21:52:10,2.55
21:52:11,2.55
21:52:12,2.55
21:52:13,2.55
21:52:14,2.55
21:52:15,2.55
21:52:16,2.55
21:52:17,2.55
21:52:18,2.55
21:52:19,2.55
21:52:20,2.55
21:52:21,2.55
21:52:22,2.55
21:52:23,2.55
21:52:24,2.55
21:52:25,2.55
21:52:26,2.55
21:52:27,2.55
21:52:28,2.55
21:52:29,2.55
21:52:30,2.55
21:52:31,2.55
21:52:32,2.55
21:52:33,2.55
21:52:34,2.55
21:52:35,2.55
21:52:36,2.55
21:52:37,2.55
21:52:38,2.55
21:52:39,2.55
21:52:40,2.55
21:52:41,2.55
21:52:42,2.55
21:52:43,2.55
21:52:44,2.55
21:52:45,2.55
21:52:46,2.55
21:52:47,2.55
21:52:48,2.55
21:52:49,2.55
21:52:50,2.55
21:52:51,2.55
21:52:52,2.55
21:52:53,2.55
21:52:54,2.55
21:52:55,2.55
21:52:56,2.55
21:52:57,2.55
21:52:58,2.55
21:52:59,2.55
21:53:00,2.55
21:53:01,2.55
21:53:02,2.55
21:53:03,2.55
21:53:04,2.55
21:53:05,2.55
21:53:06,2.55
21:53:07,2.55
21:53:08,2.55
21:53:09,2.55
21:53:10,2.55
21:53:11,2.55
21:53:12,2.55
21:53:13,2.55
21:53:14,2.55
21:53:15,2.55
21:53:16,2.55
21:53:17,2.55
21:53:18,2.55
21:53:19,2.55
21:53:20,2.55
21:53:21,2.55
21:53:22,2.55
21:53:23,2.55
21:53:24,2.55
21:53:25,2.55
21:53:26,2.55
21:53:27,2.55
21:53:28,2.55
21:53:29,2.55
21:53:30,2.55
21:53:31,2.55
21:53:32,2.55
21:53:33,2.55
21:53:34,2.55
21:53:35,2.55
21:53:36,2.55
21:53:37,2.55
21:53:38,2.55
21:53:39,2.55
21:53:40,2.55
21:53:41,2.55
21:53:42,2.55
21:53:43,2.55
21:53:44,2.55
21:53:45,2.55
21:53:46,2.55
21:53:47,2.55
21:53:48,2.55
21:53:49,2.55
21:53:50,2.55
21:53:51,2.55
21:53:52,2.55
21:53:53,2.55
21:53:54,2.55
21:53:55,2.55
21:53:56,2.55
21:53:57,2.55
21:53:58,2.55
21:53:59,2.55
21:54:00,2.55
21:54:01,2.55
21:54:02,2.55
21:54:03,2.55
21:54:04,2.55
21:54:05,2.55
21:54:06,2.55
21:54:07,2.55
21:54:08,2.55
21:54:09,2.55
21:54:10,2.55
21:54:11,2.55
21:54:12,2.55
21:54:13,2.55
21:54:14,2.55
21:54:15,2.55
21:54:16,2.55
21:54:17,2.55
21:54:18,2.55
21:54:19,2.55
21:54:20,2.55
21:54:21,2.55
21:54:22,2.55
21:54:23,2.55
21:54:24,2.55
21:54:25,2.55
21:54:26,2.55
21:54:27,2.55
21:54:28,2.55
21:54:29,2.55
21:54:30,2.55
21:54:31,2.55
21:54:32,2.55
21:54:33,2.55
21:54:34,2.55
21:54:35,2.55
21:54:36,2.55
21:54:37,2.55
21:54:38,2.55
21:54:39,2.55
21:54:40,2.55
21:54:41,2.55
21:54:42,2.55
21:54:43,2.55
21:54:44,2.55
21:54:45,2.55
21:54:46,2.55
21:54:47,2.55
21:54:48,2.55
21:54:49,2.55
21:54:50,2.55
21:54:51,2.55
21:54:52,2.55
21:54:53,2.55
21:54:54,2.55
21:54:55,2.55
21:54:56,2.55
21:54:57,2.55
21:54:58,2.55
21:54:59,2.55
21:55:00,2.55
21:55:01,2.55
21:55:02,2.55
21:55:03,2.55
21:55:04,2.55
21:55:05,2.55
21:55:06,2.55
21:55:07,2.55
21:55:08,2.55
21:55:09,2.55
21:55:10,2.55
21:55:11,2.55
21:55:12,2.55
21:55:13,2.55
21:55:14,2.55
21:55:15,2.55
21:55:16,2.55
21:55:17,2.55
21:55:18,2.55
21:55:19,2.55
21:55:20,2.55
21:55:21,2.55
21:55:22,2.55
21:55:23,2.55
21:55:24,2.55
21:55:25,2.55
21:55:26,2.55
21:55:27,2.55
21:55:28,2.55
21:55:29,2.55
21:55:30,2.55
21:55:31,2.55
21:55:32,2.55
21:55:33,2.55
21:55:34,2.55
21:55:35,2.55
21:55:36,2.55
21:55:37,2.55
21:55:38,2.55
21:55:39,2.55
21:55:40,2.55
21:55:41,2.55
21:55:42,2.55
21:55:43,2.55
21:55:44,2.55
21:55:45,2.55
21:55:46,2.55
21:55:47,2.55
21:55:48,2.55
21:55:49,2.55
21:55:50,2.55
21:55:51,2.55
21:55:52,2.55
21:55:53,2.55
21:55:54,2.55
21:55:55,2.55
21:55:56,2.55
21:55:57,2.55
21:55:58,2.55
21:55:59,2.55
21:56:00,2.55
21:56:01,2.55
21:56:02,2.55
21:56:03,2.55
21:56:04,2.55
21:56:05,2.55
21:56:06,2.55
21:56:07,2.55
21:56:08,2.55
21:56:09,2.55
21:56:10,2.55
21:56:11,2.55
21:56:12,2.55
21:56:13,2.55
21:56:14,2.55
21:56:15,2.55
21:56:16,2.55
21:56:17,2.55
21:56:18,2.55
21:56:19,2.55
21:56:20,2.55
21:56:21,2.55
21:56:22,2.55
21:56:23,2.55
21:56:24,2.55
21:56:25,2.55
21:56:26,2.55
21:56:27,2.55
21:56:28,2.55
21:56:29,2.55
21:56:30,2.55
21:56:31,2.55
21:56:32,2.55
21:56:33,2.55
21:56:34,2.55
21:56:35,2.55
21:56:36,2.55
21:56:37,2.55
21:56:38,2.55
21:56:39,2.55
21:56:40,2.55
21:56:41,2.55
21:56:42,2.55
21:56:43,2.55
21:56:44,2.55
21:56:45,2.55
21:56:46,2.55
21:56:47,2.55
21:56:48,2.55
21:56:49,2.55
21:56:50,2.55
21:56:51,2.55
21:56:52,2.55
21:56:53,2.55
21:56:54,2.55
21:56:55,2.55
21:56:56,2.55
21:56:57,2.55
21:56:58,2.55
21:56:59,2.55
21:57:00,2.55
21:57:01,2.55
21:57:02,2.55
21:57:03,2.55
21:57:04,2.55
21:57:05,2.55
21:57:06,2.55
21:57:07,2.55
21:57:08,2.55
21:57:09,2.55
21:57:10,2.55
21:57:11,2.55
21:57:12,2.55
21:57:13,2.55
21:57:14,2.55
21:57:15,2.55
21:57:16,2.55
21:57:17,2.55
21:57:18,2.55
21:57:19,2.55
21:57:20,2.55
21:57:21,2.55
21:57:22,2.55
21:57:23,2.55
21:57:24,2.55
21:57:25,2.55
21:57:26,2.55
21:57:27,2.55
21:57:28,2.55
21:57:29,2.55
21:57:30,2.55
21:57:31,2.55
21:57:32,2.55
21:57:33,2.55
21:57:34,2.55
21:57:35,2.55
21:57:36,2.55
21:57:37,2.55
21:57:38,2.55
21:57:39,2.55
21:57:40,2.55
21:57:41,2.55
21:57:42,2.55
21:57:43,2.55
21:57:44,2.55
21:57:45,2.55
21:57:46,2.55
21:57:47,2.55
21:57:48,2.55
21:57:49,2.55
21:57:50,2.55
21:57:51,2.55
21:57:52,2.55
21:57:53,2.55
21:57:54,2.55
21:57:55,2.55
21:57:56,2.55
21:57:57,2.55
21:57:58,2.55
21:57:59,2.55
21:58:00,2.55
21:58:01,2.55
21:58:02,2.55
21:58:03,2.55
21:58:04,2.55
21:58:05,2.55
21:58:06,2.55
21:58:07,2.55
21:58:08,2.55
21:58:09,2.55
21:58:10,2.55
21:58:11,2.55
21:58:12,2.55
21:58:13,2.55
21:58:14,2.55
21:58:15,2.55
21:58:16,2.55
21:58:17,2.55
21:58:18,2.55
21:58:19,2.55
21:58:20,2.55
21:58:21,2.55
21:58:22,2.55
21:58:23,2.55
21:58:24,2.55
21:58:25,2.55
21:58:26,2.55
21:58:27,2.55
21:58:28,2.55
21:58:29,2.55
21:58:30,2.55
21:58:31,2.55
21:58:32,2.55
21:58:33,2.55
21:58:34,2.55
21:58:35,2.55
21:58:36,2.55
21:58:37,2.55
21:58:38,2.55
21:58:39,2.55
21:58:40,2.55
21:58:41,2.55
21:58:42,2.55
21:58:43,2.55
21:58:44,2.55
21:58:45,2.55
21:58:46,2.55
21:58:47,2.55
21:58:48,2.55
21:58:49,2.55
21:58:50,2.55
21:58:51,2.55
21:58:52,2.55
21:58:53,2.55
21:58:54,2.55
21:58:55,2.55
21:58:56,2.55
21:58:57,2.55
21:58:58,2.55
21:58:59,2.55
21:59:00,2.55
21:59:01,2.55
21:59:02,2.55
21:59:03,2.55
21:59:04,2.55
21:59:05,2.55
21:59:06,2.55
21:59:07,2.55
21:59:08,2.55
21:59:09,2.55
21:59:10,2.55
21:59:11,2.55
21:59:12,2.55
21:59:13,2.55
21:59:14,2.55
21:59:15,2.55
21:59:16,2.55
21:59:17,2.55
21:59:18,2.55
21:59:19,2.55
21:59:20,2.55
21:59:21,2.55
21:59:22,2.55
21:59:23,2.55
21:59:24,2.55
21:59:25,2.55
21:59:26,2.55
21:59:27,2.55
21:59:28,2.55
21:59:29,2.55
21:59:30,2.55
21:59:31,2.55
21:59:32,2.55
21:59:33,2.55
21:59:34,2.55
21:59:35,2.55
21:59:36,7.770625
21:59:37,12.99125
21:59:38,18.211875
21:59:39,23.4325
21:59:40,28.653125
21:59:41,33.87375
21:59:42,39.094375
21:59:43,44.315
21:59:44,49.535625
21:59:45,54.75625
21:59:46,59.976875
21:59:47,65.1975
21:59:48,70.418125
21:59:49,75.63875
21:59:50,80.859375
21:59:51,86.08
21:59:52,86.08
21:59:53,86.08
21:59:54,86.08
21:59:55,86.08
21:59:56,86.08
21:59:57,86.08
21:59:58,86.08
21:59:59,86.08
22:00:00,86.08
22:00:01,86.08
22:00:02,86.08
22:00:03,86.08
22:00:04,86.08
22:00:05,86.08
22:00:06,86.08
22:00:07,86.08
22:00:08,86.08
22:00:09,84.194
22:00:10,82.308
22:00:11,80.422
22:00:12,78.536
22:00:13,76.65
22:00:14,74.764
22:00:15,72.878
22:00:16,70.992
22:00:17,69.106
22:00:18,67.22
22:00:19,65.334
22:00:20,63.448
22:00:21,61.562
22:00:22,59.676
22:00:23,57.79
22:00:24,54.5405882353
22:00:25,51.2911764706
22:00:26,48.0417647059
22:00:27,44.7923529412
22:00:28,41.5429411765
22:00:29,38.2935294118
22:00:30,35.0441176471
22:00:31,31.7947058824
22:00:32,28.5452941176
22:00:33,25.2958823529
22:00:34,22.0464705882
22:00:35,18.7970588235
22:00:36,15.5476470588
22:00:37,12.2982352941
22:00:38,9.04882352941
22:00:39,5.79941176471
22:00:40,2.55
22:00:41,2.55
22:00:42,2.55
22:00:43,2.55
22:00:44,2.55
22:00:45,2.55
22:00:46,2.55
22:00:47,2.55
22:00:48,2.55
22:00:49,2.55
22:00:50,2.55
22:00:51,2.55
22:00:52,2.55
22:00:53,2.55
22:00:54,2.55
22:00:55,2.55
22:00:56,2.55
22:00:57,2.55
22:00:58,2.55
22:00:59,2.55
22:01:00,2.55
22:01:01,2.55
22:01:02,2.55
22:01:03,2.55
22:01:04,2.55
22:01:05,2.55
22:01:06,2.55
22:01:07,2.55
22:01:08,2.55
22:01:09,2.55
22:01:10,2.55
22:01:11,2.55
22:01:12,2.55
22:01:13,2.55
22:01:14,2.55
22:01:15,2.55
22:01:16,2.55
22:01:17,2.55
22:01:18,2.55
22:01:19,2.55
22:01:20,2.55
22:01:21,2.55
22:01:22,2.55
22:01:23,2.55
22:01:24,2.55
22:01:25,2.55
22:01:26,2.55
22:01:27,2.55
22:01:28,2.55
22:01:29,2.55
22:01:30,2.55
22:01:31,2.55
22:01:32,2.55
22:01:33,2.55
22:01:34,2.55
22:01:35,2.55
22:01:36,2.55
22:01:37,2.55
22:01:38,2.55
22:01:39,2.55
22:01:40,2.55
22:01:41,2.55
22:01:42,2.55
22:01:43,2.55
22:01:44,2.55
22:01:45,2.55
22:01:46,2.55
22:01:47,2.55
22:01:48,2.55
22:01:49,2.55
22:01:50,2.55
22:01:51,2.55
22:01:52,2.55
22:01:53,2.55
22:01:54,2.55
22:01:55,2.55
22:01:56,2.55
22:01:57,2.55
22:01:58,2.55
22:01:59,2.55
22:02:00,2.55
22:02:01,2.55
22:02:02,2.55
22:02:03,2.55
22:02:04,2.55
22:02:05,2.55
22:02:06,2.55
22:02:07,2.55
22:02:08,2.55
22:02:09,2.55
22:02:10,2.55
22:02:11,2.55
22:02:12,2.55
22:02:13,2.55
22:02:14,2.55
22:02:15,2.55
22:02:16,2.55
22:02:17,2.55
22:02:18,2.55
22:02:19,2.55
22:02:20,2.55
22:02:21,2.55
22:02:22,2.55
22:02:23,2.55
22:02:24,2.55
22:02:25,2.55
22:02:26,2.55
22:02:27,2.55
22:02:28,2.55
22:02:29,2.55
22:02:30,2.55
22:02:31,2.55
22:02:32,2.55
22:02:33,2.55
22:02:34,2.55
22:02:35,2.55
22:02:36,2.55
22:02:37,2.55
22:02:38,2.55
22:02:39,2.55
22:02:40,2.55
22:02:41,2.55
22:02:42,2.55
22:02:43,2.55
22:02:44,2.55
22:02:45,2.55
22:02:46,2.55
22:02:47,2.55
22:02:48,2.55
22:02:49,2.55
22:02:50,2.55
22:02:51,2.55
22:02:52,2.55
22:02:53,2.55
22:02:54,2.55
22:02:55,2.55
22:02:56,2.55
22:02:57,2.55
22:02:58,2.55
22:02:59,2.55
22:03:00,2.55
22:03:01,2.55
22:03:02,2.55
22:03:03,2.55
22:03:04,2.55
22:03:05,3.3925
22:03:06,4.235
22:03:07,5.0775
22:03:08,5.92
22:03:09,6.7625
22:03:10,7.605
22:03:11,8.4475
22:03:12,9.29
22:03:13,10.1325
22:03:14,10.975
22:03:15,11.8175
22:03:16,12.66
22:03:17,13.5025
22:03:18,14.345
22:03:19,15.1875
22:03:20,16.03
22:03:21,18.726
22:03:22,21.422
22:03:23,24.118
22:03:24,26.814
22:03:25,29.51
22:03:26,32.206
22:03:27,34.902
22:03:28,37.598
22:03:29,40.294
22:03:30,42.99
22:03:31,45.686
22:03:32,48.382
22:03:33,51.078
22:03:34,53.774
22:03:35,56.47
22:03:36,53.46
22:03:37,50.45
22:03:38,47.44
22:03:39,44.43
22:03:40,41.42
22:03:41,38.41
22:03:42,35.4
22:03:43,32.39
22:03:44,29.38
22:03:45,26.37
22:03:46,23.36
22:03:47,20.35
22:03:48,17.34
22:03:49,14.33
22:03:50,11.32
22:03:51,8.31
22:03:52,5.3
22:03:53,2.29
22:03:54,2.29
22:03:55,2.29
22:03:56,2.29
22:03:57,2.29
22:03:58,2.29
22:03:59,2.29
22:04:00,2.29
22:04:01,2.29
22:04:02,2.29
22:04:03,2.29
22:04:04,2.29
22:04:05,2.29
22:04:06,2.29
22:04:07,2.29
22:04:08,2.29
22:04:09,2.29
22:04:10,2.29
22:04:11,2.29
22:04:12,2.29
22:04:13,2.29
22:04:14,2.29
22:04:15,2.29
22:04:16,2.29
22:04:17,2.29
22:04:18,2.29
22:04:19,2.29
22:04:20,2.29
22:04:21,2.29
22:04:22,2.29
22:04:23,2.29
22:04:24,2.29
22:04:25,2.29
22:04:26,2.29
22:04:27,2.29
22:04:28,2.29
22:04:29,2.29
22:04:30,2.29
22:04:31,2.29
22:04:32,2.29
22:04:33,2.29
22:04:34,2.29
22:04:35,2.29
22:04:36,2.29
22:04:37,2.29
22:04:38,2.29
22:04:39,2.29
22:04:40,2.29
22:04:41,2.29
22:04:42,2.29
22:04:43,2.29
22:04:44,2.29
22:04:45,2.29
22:04:46,2.29
22:04:47,2.29
22:04:48,2.29
22:04:49,2.29
22:04:50,2.29
22:04:51,2.29
22:04:52,2.29
22:04:53,2.29
22:04:54,2.29
22:04:55,2.29
22:04:56,2.29
22:04:57,2.29
22:04:58,2.29
22:04:59,2.29
22:05:00,2.29
22:05:01,2.29
22:05:02,2.29
22:05:03,2.29
22:05:04,2.29
22:05:05,2.29
22:05:06,2.29
22:05:07,2.29
22:05:08,2.29
22:05:09,2.29
22:05:10,2.29
22:05:11,2.29
22:05:12,2.29
22:05:13,2.29
22:05:14,2.29
22:05:15,2.29
22:05:16,2.29
22:05:17,2.29
22:05:18,2.29
22:05:19,2.29
22:05:20,2.29
22:05:21,2.29
22:05:22,2.29
22:05:23,2.29
22:05:24,2.29
22:05:25,2.29
22:05:26,2.29
22:05:27,2.29
22:05:28,2.29
22:05:29,2.29
22:05:30,2.29
22:05:31,2.29
22:05:32,2.29
22:05:33,2.29
22:05:34,2.29
22:05:35,2.29
22:05:36,2.29
22:05:37,2.29
22:05:38,2.29
22:05:39,2.29
22:05:40,2.29
22:05:41,2.29
22:05:42,2.29
22:05:43,2.29
22:05:44,2.29
22:05:45,2.29
22:05:46,2.29
22:05:47,2.29
22:05:48,2.29
22:05:49,2.29
22:05:50,2.29
22:05:51,2.29
22:05:52,2.29
22:05:53,2.29
22:05:54,2.29
22:05:55,2.29
22:05:56,2.29
22:05:57,2.29
22:05:58,2.29
22:05:59,2.29
22:06:00,2.29
22:06:01,2.29
22:06:02,2.29
22:06:03,2.29
22:06:04,2.29
22:06:05,2.29
22:06:06,2.29
22:06:07,2.29
22:06:08,2.29
22:06:09,2.29
22:06:10,2.29
22:06:11,2.29
22:06:12,2.29
22:06:13,2.29
22:06:14,2.29
22:06:15,2.29
22:06:16,2.29
22:06:17,2.29
22:06:18,2.29
22:06:19,2.29
22:06:20,2.29
22:06:21,2.29
22:06:22,2.29
22:06:23,2.29
22:06:24,2.29
22:06:25,2.29
22:06:26,2.29
22:06:27,2.29
22:06:28,2.29
22:06:29,2.29
22:06:30,2.29
22:06:31,2.29
22:06:32,2.29
22:06:33,2.29
22:06:34,2.29
22:06:35,2.29
22:06:36,2.29
22:06:37,2.29
22:06:38,2.29
22:06:39,2.29
22:06:40,2.29
22:06:41,2.29
22:06:42,2.29
22:06:43,2.29
22:06:44,2.29
22:06:45,2.29
22:06:46,2.29
22:06:47,2.29
22:06:48,2.29
22:06:49,2.29
22:06:50,2.29
22:06:51,2.29
22:06:52,2.29
22:06:53,2.29
22:06:54,2.29
22:06:55,2.29
22:06:56,2.29
22:06:57,2.29
22:06:58,2.29
22:06:59,2.29
22:07:00,2.29
22:07:01,2.29
22:07:02,2.29
22:07:03,2.29
22:07:04,2.29
22:07:05,2.29
22:07:06,2.29
22:07:07,2.29
22:07:08,2.29
22:07:09,2.29
22:07:10,2.29
22:07:11,2.29
22:07:12,2.29
22:07:13,2.29
22:07:14,2.29
22:07:15,2.29
22:07:16,2.29
22:07:17,2.29
22:07:18,2.29
22:07:19,2.29
22:07:20,2.29
22:07:21,2.29
22:07:22,2.29
22:07:23,2.29
22:07:24,2.29
22:07:25,2.29
22:07:26,2.29
22:07:27,2.29
22:07:28,2.29
22:07:29,2.29
22:07:30,2.29
22:07:31,2.29
22:07:32,2.29
22:07:33,2.29
22:07:34,2.29
22:07:35,2.29
22:07:36,2.29
22:07:37,2.29
22:07:38,2.29
22:07:39,2.29
22:07:40,2.29
22:07:41,2.29
22:07:42,2.29
22:07:43,2.29
22:07:44,2.29
22:07:45,2.29
22:07:46,2.29
22:07:47,2.29
22:07:48,2.29
22:07:49,2.29
22:07:50,2.29
22:07:51,2.29
22:07:52,2.29
22:07:53,2.29
22:07:54,2.29
22:07:55,2.29
22:07:56,2.29
22:07:57,2.29
22:07:58,2.29
22:07:59,2.29
22:08:00,2.29
22:08:01,2.29
22:08:02,2.29
22:08:03,2.29
22:08:04,2.29
22:08:05,2.29
22:08:06,2.29
22:08:07,2.29
22:08:08,2.29
22:08:09,2.29
22:08:10,2.29
22:08:11,2.29
22:08:12,2.29
22:08:13,2.29
22:08:14,2.29
22:08:15,2.29
22:08:16,2.29
22:08:17,2.29
22:08:18,2.29
22:08:19,2.29
22:08:20,2.29
22:08:21,2.29
22:08:22,2.29
22:08:23,2.29
22:08:24,2.29
22:08:25,2.29
22:08:26,2.29
22:08:27,2.29
22:08:28,2.29
22:08:29,2.29
22:08:30,2.29
22:08:31,2.29
22:08:32,2.29
22:08:33,2.29
22:08:34,2.29
22:08:35,2.29
22:08:36,2.29
22:08:37,2.29
22:08:38,2.29
22:08:39,2.29
22:08:40,2.29
22:08:41,2.29
22:08:42,2.29
22:08:43,2.29
22:08:44,2.29
22:08:45,2.29
22:08:46,2.29
22:08:47,2.29
22:08:48,2.29
22:08:49,2.29
22:08:50,2.29
22:08:51,2.29
22:08:52,2.29
22:08:53,2.29
22:08:54,2.29
22:08:55,2.29
22:08:56,2.29
22:08:57,2.29
22:08:58,2.29
22:08:59,2.29
22:09:00,2.29
22:09:01,2.29
22:09:02,2.29
22:09:03,2.29
22:09:04,2.29
22:09:05,2.29
22:09:06,2.29
22:09:07,2.29
22:09:08,2.29
22:09:09,2.29
22:09:10,2.29
22:09:11,2.29
22:09:12,2.29
22:09:13,2.29
22:09:14,2.29
22:09:15,2.29
22:09:16,2.29
22:09:17,2.29
22:09:18,2.29
22:09:19,2.29
22:09:20,2.29
22:09:21,2.29
22:09:22,2.29
22:09:23,2.29
22:09:24,2.29
22:09:25,2.29
22:09:26,2.29
22:09:27,2.29
22:09:28,2.29
22:09:29,2.29
22:09:30,2.29
22:09:31,2.29
22:09:32,2.29
22:09:33,2.29
22:09:34,2.29
22:09:35,2.29
22:09:36,2.29
22:09:37,2.29
22:09:38,2.29
22:09:39,2.29
22:09:40,2.29
22:09:41,2.29
22:09:42,2.29
22:09:43,2.29
22:09:44,2.29
22:09:45,2.29
22:09:46,2.29
22:09:47,2.29
22:09:48,2.29
22:09:49,2.29
22:09:50,2.29
22:09:51,2.29
22:09:52,2.29
22:09:53,2.29
22:09:54,2.29
22:09:55,2.29
22:09:56,2.29
22:09:57,2.29
22:09:58,2.29
22:09:59,2.29
22:10:00,2.29
22:10:01,2.29
22:10:02,2.29
22:10:03,2.29
22:10:04,2.29
22:10:05,2.29
22:10:06,2.29
22:10:07,2.29
22:10:08,2.29
22:10:09,2.29
22:10:10,2.29
22:10:11,2.29
22:10:12,2.29
22:10:13,2.29
22:10:14,2.29
22:10:15,2.29
22:10:16,2.29
22:10:17,2.29
22:10:18,2.29
22:10:19,2.29
22:10:20,2.29
22:10:21,2.29
22:10:22,2.29
22:10:23,2.29
22:10:24,2.29
22:10:25,2.29
22:10:26,2.29
22:10:27,2.29
22:10:28,2.29
22:10:29,2.29
22:10:30,2.29
22:10:31,2.29
22:10:32,2.29
22:10:33,2.29
22:10:34,2.29
22:10:35,2.29
22:10:36,2.29
22:10:37,2.29
22:10:38,2.29
22:10:39,2.29
22:10:40,2.29
22:10:41,2.29
22:10:42,2.29
22:10:43,2.29
22:10:44,2.29
22:10:45,2.29
22:10:46,2.29
22:10:47,2.29
22:10:48,2.29
22:10:49,2.29
22:10:50,2.29
22:10:51,2.29
22:10:52,2.29
22:10:53,2.29
22:10:54,2.29
22:10:55,2.29
22:10:56,2.29
22:10:57,2.29
22:10:58,2.29
22:10:59,2.29
22:11:00,2.29
22:11:01,2.29
22:11:02,2.29
22:11:03,2.29
22:11:04,2.29
22:11:05,2.29
22:11:06,2.29
22:11:07,2.29
22:11:08,2.29
22:11:09,2.29
22:11:10,2.29
22:11:11,2.29
22:11:12,2.29
22:11:13,2.29
22:11:14,2.29
22:11:15,2.29
22:11:16,2.29
22:11:17,2.29
22:11:18,2.29
22:11:19,2.29
22:11:20,2.29
22:11:21,2.29
22:11:22,2.29
22:11:23,2.29
22:11:24,2.29
22:11:25,2.29
22:11:26,2.29
22:11:27,2.29
22:11:28,2.29
22:11:29,2.29
22:11:30,2.29
22:11:31,2.29
22:11:32,2.29
22:11:33,2.29
22:11:34,2.29
22:11:35,2.29
22:11:36,2.29
22:11:37,2.29
22:11:38,2.29
22:11:39,2.29
22:11:40,2.29
22:11:41,2.29
22:11:42,2.29
22:11:43,2.29
22:11:44,2.29
22:11:45,2.29
22:11:46,2.29
22:11:47,2.29
22:11:48,2.29
22:11:49,2.29
22:11:50,2.29
22:11:51,2.29
22:11:52,2.29
22:11:53,2.29
22:11:54,2.29
22:11:55,2.29
22:11:56,2.29
22:11:57,2.29
22:11:58,2.29
22:11:59,2.29
22:12:00,2.29
22:12:01,2.29
22:12:02,2.29
22:12:03,2.29
22:12:04,2.29
22:12:05,2.29
22:12:06,2.29
22:12:07,2.29
22:12:08,2.29
22:12:09,2.29
22:12:10,2.29
22:12:11,2.29
22:12:12,2.29
22:12:13,2.29
22:12:14,2.29
22:12:15,2.29
22:12:16,2.29
22:12:17,2.29
22:12:18,2.29
22:12:19,2.29
22:12:20,2.29
22:12:21,2.29
22:12:22,2.29
22:12:23,2.29
22:12:24,2.29
22:12:25,2.29
22:12:26,2.29
22:12:27,2.29
22:12:28,2.29
22:12:29,2.29
22:12:30,2.29
22:12:31,2.29
22:12:32,2.29
22:12:33,2.29
22:12:34,2.29
22:12:35,2.29
22:12:36,2.29
22:12:37,2.29
22:12:38,2.29
22:12:39,2.29
22:12:40,2.29
22:12:41,2.29
22:12:42,2.29
22:12:43,2.29
22:12:44,2.29
22:12:45,2.29
22:12:46,2.29
22:12:47,2.29
22:12:48,2.29
22:12:49,2.29
22:12:50,2.29
22:12:51,2.29
22:12:52,2.29
22:12:53,2.29
22:12:54,2.29
22:12:55,2.29
22:12:56,2.29
22:12:57,2.29
22:12:58,2.29
22:12:59,2.29
22:13:00,2.29
22:13:01,2.29
22:13:02,2.29
22:13:03,2.29
22:13:04,2.29
22:13:05,2.29
22:13:06,2.29
22:13:07,2.29
22:13:08,2.29
22:13:09,2.29
22:13:10,2.29
22:13:11,2.29
22:13:12,2.29
22:13:13,2.29
22:13:14,2.29
22:13:15,2.29
22:13:16,2.29
22:13:17,2.29
22:13:18,2.29
22:13:19,2.29
22:13:20,2.29
22:13:21,2.29
22:13:22,2.29
22:13:23,2.29
22:13:24,2.29
22:13:25,2.29
22:13:26,2.29
22:13:27,2.29
22:13:28,2.29
22:13:29,2.29
22:13:30,2.29
22:13:31,2.29
22:13:32,2.29
22:13:33,2.29
22:13:34,2.29
22:13:35,2.29
22:13:36,2.29
22:13:37,2.29
22:13:38,2.29
22:13:39,2.29
22:13:40,2.29
22:13:41,2.29
22:13:42,2.29
22:13:43,2.29
22:13:44,2.29
22:13:45,2.29
22:13:46,2.29
22:13:47,2.29
22:13:48,2.29
22:13:49,2.29
22:13:50,2.29
22:13:51,2.29
22:13:52,2.29
22:13:53,2.29
22:13:54,2.29
22:13:55,2.29
22:13:56,2.29
22:13:57,2.29
22:13:58,2.29
22:13:59,2.29
22:14:00,2.29
22:14:01,2.29
22:14:02,2.29
22:14:03,2.29
22:14:04,2.29
22:14:05,2.29
22:14:06,2.29
22:14:07,2.29
22:14:08,2.29
22:14:09,2.29
22:14:10,2.29
22:14:11,2.29
22:14:12,2.29
22:14:13,2.29
22:14:14,2.29
22:14:15,2.29
22:14:16,2.29
22:14:17,2.29
22:14:18,2.29
22:14:19,2.29
22:14:20,2.29
22:14:21,2.29
22:14:22,2.29
22:14:23,2.29
22:14:24,2.29
22:14:25,2.29
22:14:26,2.29
22:14:27,2.29
22:14:28,2.29
22:14:29,2.29
22:14:30,2.29
22:14:31,2.29
22:14:32,2.29
22:14:33,2.29
22:14:34,2.29
22:14:35,2.29
22:14:36,2.29
22:14:37,2.29
22:14:38,2.29
22:14:39,2.29
22:14:40,2.29
22:14:41,2.29
22:14:42,2.29
22:14:43,2.29
22:14:44,2.29
22:14:45,2.29
22:14:46,2.29
22:14:47,2.29
22:14:48,2.29
22:14:49,2.29
22:14:50,2.29
22:14:51,2.29
22:14:52,2.29
22:14:53,2.29
22:14:54,2.29
22:14:55,2.29
22:14:56,2.29
22:14:57,2.29
22:14:58,2.29
22:14:59,2.29
22:15:00,2.29
22:15:01,2.29
22:15:02,2.29
22:15:03,2.29
22:15:04,2.29
22:15:05,2.29
22:15:06,2.29
22:15:07,2.29
22:15:08,2.29
22:15:09,2.29
22:15:10,2.29
22:15:11,2.29
22:15:12,2.29
22:15:13,2.29
22:15:14,2.29
22:15:15,2.29
22:15:16,2.29
22:15:17,2.29
22:15:18,2.29
22:15:19,2.29
22:15:20,2.29
22:15:21,2.29
22:15:22,2.29
22:15:23,2.29
22:15:24,2.29
22:15:25,2.29
22:15:26,2.29
22:15:27,2.29
22:15:28,2.29
22:15:29,2.29
22:15:30,2.29
22:15:31,2.29
22:15:32,2.29
22:15:33,2.29
22:15:34,2.29
22:15:35,2.29
22:15:36,2.29
22:15:37,2.29
22:15:38,2.29
22:15:39,2.29
22:15:40,2.29
22:15:41,2.29
22:15:42,2.29
22:15:43,2.29
22:15:44,2.29
22:15:45,2.29
22:15:46,2.29
22:15:47,2.29
22:15:48,2.29
22:15:49,2.29
22:15:50,2.29
22:15:51,2.29
22:15:52,2.29
22:15:53,2.29
22:15:54,2.29
22:15:55,2.29
22:15:56,2.29
22:15:57,2.29
22:15:58,2.29
22:15:59,2.29
22:16:00,2.29
22:16:01,2.29
22:16:02,2.29
22:16:03,2.29
22:16:04,2.29
22:16:05,2.29
22:16:06,2.29
22:16:07,2.29
22:16:08,2.29
22:16:09,2.29
22:16:10,2.29
22:16:11,2.29
22:16:12,2.29
22:16:13,2.29
22:16:14,2.29
22:16:15,2.29
22:16:16,2.29
22:16:17,2.29
22:16:18,2.29
22:16:19,2.29
22:16:20,2.29
22:16:21,2.29
22:16:22,2.29
22:16:23,2.29
22:16:24,2.29
22:16:25,2.29
22:16:26,2.29
22:16:27,2.29
22:16:28,2.29
22:16:29,2.29
22:16:30,2.29
22:16:31,2.29
22:16:32,2.29
22:16:33,2.29
22:16:34,2.29
22:16:35,2.29
22:16:36,2.29
22:16:37,2.29
22:16:38,2.29
22:16:39,2.29
22:16:40,2.29
22:16:41,2.29
22:16:42,2.29
22:16:43,2.29
22:16:44,2.29
22:16:45,2.29
22:16:46,2.29
22:16:47,2.29
22:16:48,2.29
22:16:49,2.29
22:16:50,2.29
22:16:51,2.29
22:16:52,2.29
22:16:53,2.29
22:16:54,2.29
22:16:55,2.29
22:16:56,2.29
22:16:57,2.29
22:16:58,2.29
22:16:59,2.29
22:17:00,2.29
22:17:01,2.29
22:17:02,2.29
22:17:03,2.29
22:17:04,2.29
22:17:05,2.29
22:17:06,2.29
22:17:07,2.29
22:17:08,2.29
22:17:09,2.29
22:17:10,2.29
22:17:11,2.29
22:17:12,2.29
22:17:13,2.29
22:17:14,2.29
22:17:15,2.29
22:17:16,2.29
22:17:17,2.29
22:17:18,2.29
22:17:19,2.29
22:17:20,2.29
22:17:21,2.29
22:17:22,2.29
22:17:23,2.29
22:17:24,2.29
22:17:25,2.29
22:17:26,2.29
22:17:27,2.29
22:17:28,2.29
22:17:29,2.29
22:17:30,2.29
22:17:31,2.29
22:17:32,2.29
22:17:33,2.29
22:17:34,2.29
22:17:35,2.29
22:17:36,2.29
22:17:37,2.29
22:17:38,2.29
22:17:39,2.29
22:17:40,2.29
22:17:41,2.29
22:17:42,2.29
22:17:43,2.29
22:17:44,2.29
22:17:45,2.29
22:17:46,2.29
22:17:47,2.29
22:17:48,2.29
22:17:49,2.29
22:17:50,2.29
22:17:51,2.29
22:17:52,2.29
22:17:53,2.29
22:17:54,2.29
22:17:55,2.29
22:17:56,2.29
22:17:57,2.29
22:17:58,2.29
22:17:59,2.29
22:18:00,2.29
22:18:01,2.29
22:18:02,2.29
22:18:03,2.29
22:18:04,2.29
22:18:05,2.29
22:18:06,2.29
22:18:07,2.29
22:18:08,2.29
22:18:09,2.29
22:18:10,2.29
22:18:11,2.29
22:18:12,2.29
22:18:13,2.29
22:18:14,2.29
22:18:15,2.29
22:18:16,2.29
22:18:17,2.29
22:18:18,2.29
22:18:19,2.29
22:18:20,2.29
22:18:21,2.29
22:18:22,2.29
22:18:23,2.29
22:18:24,2.29
22:18:25,2.29
22:18:26,2.29
22:18:27,2.29
22:18:28,2.29
22:18:29,2.29
22:18:30,2.29
22:18:31,2.29
22:18:32,2.29
22:18:33,2.29
22:18:34,2.29
22:18:35,2.29
22:18:36,2.29
22:18:37,2.29
22:18:38,2.29
22:18:39,2.29
22:18:40,2.29
22:18:41,2.29
22:18:42,2.29
22:18:43,2.29
22:18:44,2.29
22:18:45,2.29
22:18:46,2.29
22:18:47,2.29
22:18:48,2.29
22:18:49,2.29
22:18:50,2.29
22:18:51,2.29
22:18:52,2.29
22:18:53,2.29
22:18:54,2.29
22:18:55,2.29
22:18:56,2.29
22:18:57,2.29
22:18:58,2.29
22:18:59,2.29
22:19:00,2.29
22:19:01,2.29
22:19:02,2.29
22:19:03,2.29
22:19:04,2.29
22:19:05,2.29
22:19:06,2.29
22:19:07,2.29
22:19:08,2.29
22:19:09,2.29
22:19:10,2.29
22:19:11,2.29
22:19:12,2.29
22:19:13,2.29
22:19:14,2.29
22:19:15,2.29
22:19:16,2.29
22:19:17,2.29
22:19:18,2.29
22:19:19,2.29
22:19:20,2.29
22:19:21,2.29
22:19:22,2.29
22:19:23,2.29
22:19:24,2.29
22:19:25,2.29
22:19:26,2.29
22:19:27,2.29
22:19:28,2.29
22:19:29,2.29
22:19:30,2.29
22:19:31,2.29
22:19:32,2.29
22:19:33,2.29
22:19:34,2.29
22:19:35,2.29
22:19:36,2.29
22:19:37,2.29
22:19:38,2.29
22:19:39,2.29
22:19:40,2.29
22:19:41,2.29
22:19:42,2.29
22:19:43,2.29
22:19:44,2.29
22:19:45,2.29
22:19:46,2.29
22:19:47,2.29
22:19:48,2.29
22:19:49,2.29
22:19:50,2.29
22:19:51,2.29
22:19:52,2.29
22:19:53,2.29
22:19:54,2.29
22:19:55,2.29
22:19:56,2.29
22:19:57,2.29
22:19:58,2.29
22:19:59,2.29
22:20:00,2.29
22:20:01,2.29
22:20:02,2.29
22:20:03,2.29
22:20:04,2.29
22:20:05,2.29
22:20:06,2.29
22:20:07,2.29
22:20:08,2.29
22:20:09,2.29
22:20:10,2.29
22:20:11,2.29
22:20:12,2.29
22:20:13,2.29
22:20:14,2.29
22:20:15,2.29
22:20:16,2.29
22:20:17,2.29
22:20:18,2.29
22:20:19,2.29
22:20:20,2.29
22:20:21,2.29
22:20:22,2.29
22:20:23,2.29
22:20:24,2.29
22:20:25,2.29
22:20:26,2.29
22:20:27,2.29
22:20:28,2.29
22:20:29,2.29
22:20:30,2.29
22:20:31,2.29
22:20:32,2.29
22:20:33,2.29
22:20:34,2.29
22:20:35,2.29
22:20:36,2.29
22:20:37,2.29
22:20:38,2.29
22:20:39,2.29
22:20:40,2.29
22:20:41,2.29
22:20:42,2.29
22:20:43,2.29
22:20:44,2.29
22:20:45,2.29
22:20:46,2.29
22:20:47,2.29
22:20:48,2.29
22:20:49,2.29
22:20:50,2.29
22:20:51,2.29
22:20:52,2.29
22:20:53,2.29
22:20:54,2.29
22:20:55,2.29
22:20:56,2.29
22:20:57,2.29
22:20:58,2.29
22:20:59,2.29
22:21:00,2.29
22:21:01,2.29
22:21:02,2.29
22:21:03,2.29
22:21:04,2.29
22:21:05,2.29
22:21:06,2.29
22:21:07,2.29
22:21:08,2.29
22:21:09,2.29
22:21:10,2.29
22:21:11,2.29
22:21:12,2.29
22:21:13,2.29
22:21:14,2.29
22:21:15,2.29
22:21:16,2.29
22:21:17,2.29
22:21:18,2.29
22:21:19,2.29
22:21:20,2.29
22:21:21,2.29
22:21:22,2.29
22:21:23,2.29
22:21:24,2.29
22:21:25,2.29
22:21:26,2.29
22:21:27,2.29
22:21:28,2.29
22:21:29,2.29
22:21:30,2.29
22:21:31,2.29
22:21:32,2.29
22:21:33,2.29
22:21:34,2.29
22:21:35,2.29
22:21:36,2.29
22:21:37,2.29
22:21:38,2.29
22:21:39,2.29
22:21:40,2.29
22:21:41,2.29
22:21:42,2.29
22:21:43,2.29
22:21:44,2.29
22:21:45,2.29
22:21:46,2.29
22:21:47,2.29
22:21:48,2.29
22:21:49,2.29
22:21:50,2.29
22:21:51,2.29
22:21:52,2.29
22:21:53,2.29
22:21:54,2.29
22:21:55,2.29
22:21:56,2.29
22:21:57,2.29
22:21:58,2.29
22:21:59,2.29
22:22:00,2.29
22:22:01,2.29
22:22:02,2.29
22:22:03,2.29
22:22:04,2.29
22:22:05,2.29
22:22:06,2.29
22:22:07,2.29
22:22:08,2.29
22:22:09,2.29
22:22:10,2.29
22:22:11,2.29
22:22:12,2.29
22:22:13,2.29
22:22:14,2.29
22:22:15,2.29
22:22:16,2.29
22:22:17,2.29
22:22:18,2.29
22:22:19,2.29
22:22:20,2.29
22:22:21,2.29
22:22:22,2.29
22:22:23,2.29
22:22:24,2.29
22:22:25,2.29
22:22:26,2.29
22:22:27,2.29
22:22:28,2.29
22:22:29,2.29
22:22:30,2.29
22:22:31,2.29
22:22:32,2.29
22:22:33,2.29
22:22:34,2.29
22:22:35,2.29
22:22:36,2.29
22:22:37,2.29
22:22:38,2.29
22:22:39,2.29
22:22:40,2.29
22:22:41,2.29
22:22:42,2.29
22:22:43,2.29
22:22:44,2.29
22:22:45,2.29
22:22:46,2.29
22:22:47,2.29
22:22:48,2.29
22:22:49,2.29
22:22:50,2.29
22:22:51,2.29
22:22:52,2.29
22:22:53,2.29
22:22:54,2.29
22:22:55,2.29
22:22:56,2.29
22:22:57,2.29
22:22:58,2.29
22:22:59,2.29
22:23:00,2.29
22:23:01,2.29
22:23:02,2.29
22:23:03,2.29
22:23:04,2.29
22:23:05,2.29
22:23:06,2.29
22:23:07,2.29
22:23:08,2.29
22:23:09,2.29
22:23:10,2.29
22:23:11,2.29
22:23:12,2.29
22:23:13,2.29
22:23:14,2.29
22:23:15,2.29
22:23:16,2.29
22:23:17,2.29
22:23:18,2.29
22:23:19,2.29
22:23:20,2.29
22:23:21,2.29
22:23:22,2.29
22:23:23,2.29
22:23:24,2.29
22:23:25,2.29
22:23:26,2.29
22:23:27,2.29
22:23:28,2.29
22:23:29,2.29
22:23:30,2.29
22:23:31,2.29
22:23:32,2.29
22:23:33,2.29
22:23:34,2.29
22:23:35,2.29
22:23:36,2.29
22:23:37,2.29
22:23:38,2.29
22:23:39,2.29
22:23:40,2.29
22:23:41,2.29
22:23:42,2.29
22:23:43,2.29
22:23:44,2.29
22:23:45,2.29
22:23:46,2.29
22:23:47,2.29
22:23:48,2.29
22:23:49,2.29
22:23:50,2.29
22:23:51,2.29
22:23:52,2.29
22:23:53,2.29
22:23:54,2.29
22:23:55,2.29
22:23:56,2.29
22:23:57,2.29
22:23:58,2.29
22:23:59,2.29
22:24:00,2.29
22:24:01,2.29
22:24:02,2.29
22:24:03,2.29
22:24:04,2.29
22:24:05,2.29
22:24:06,2.29
22:24:07,2.29
22:24:08,2.29
22:24:09,2.29
22:24:10,2.29
22:24:11,2.29
22:24:12,2.29
22:24:13,2.29
22:24:14,2.29
22:24:15,2.29
22:24:16,2.29
22:24:17,2.29
22:24:18,2.29
22:24:19,2.29
22:24:20,2.29
22:24:21,2.29
22:24:22,2.29
22:24:23,2.29
22:24:24,2.29
22:24:25,2.29
22:24:26,2.29
22:24:27,2.29
22:24:28,2.29
22:24:29,2.29
22:24:30,2.29
22:24:31,2.29
22:24:32,2.29
22:24:33,2.29
22:24:34,2.29
22:24:35,2.29
22:24:36,2.29
22:24:37,2.29
22:24:38,2.29
22:24:39,2.29
22:24:40,2.29
22:24:41,2.29
22:24:42,2.29
22:24:43,2.29
22:24:44,2.29
22:24:45,2.29
22:24:46,2.29
22:24:47,2.29
22:24:48,2.29
22:24:49,2.29
22:24:50,2.29
22:24:51,2.29
22:24:52,2.29
22:24:53,2.29
22:24:54,2.29
22:24:55,2.29
22:24:56,2.29
22:24:57,2.29
22:24:58,2.29
22:24:59,2.29
22:25:00,2.29
22:25:01,2.29
22:25:02,2.29
22:25:03,2.29
22:25:04,2.29
22:25:05,2.29
22:25:06,2.29
22:25:07,2.29
22:25:08,2.29
22:25:09,2.29
22:25:10,2.29
22:25:11,2.29
22:25:12,2.29
22:25:13,2.29
22:25:14,2.29
22:25:15,2.29
22:25:16,2.29
22:25:17,2.29
22:25:18,2.29
22:25:19,2.29
22:25:20,2.29
22:25:21,2.29
22:25:22,2.29
22:25:23,2.29
22:25:24,2.29
22:25:25,2.29
22:25:26,2.29
22:25:27,2.29
22:25:28,2.29
22:25:29,2.29
22:25:30,2.29
22:25:31,2.29
22:25:32,2.29
22:25:33,2.29
22:25:34,2.29
22:25:35,2.29
22:25:36,2.29
22:25:37,2.29
22:25:38,2.29
22:25:39,2.29
22:25:40,2.29
22:25:41,2.29
22:25:42,2.29
22:25:43,2.29
22:25:44,2.29
22:25:45,2.29
22:25:46,2.29
22:25:47,2.29
22:25:48,2.29
22:25:49,2.29
22:25:50,2.29
22:25:51,2.29
22:25:52,2.29
22:25:53,2.29
22:25:54,2.29
22:25:55,2.29
22:25:56,2.29
22:25:57,2.29
22:25:58,2.29
22:25:59,2.29
22:26:00,2.29
22:26:01,2.29
22:26:02,2.29
22:26:03,2.29
22:26:04,2.29
22:26:05,2.29
22:26:06,2.29
22:26:07,2.29
22:26:08,2.29
22:26:09,2.29
22:26:10,2.29
22:26:11,2.29
22:26:12,2.29
22:26:13,2.29
22:26:14,2.29
22:26:15,2.29
22:26:16,2.29
22:26:17,2.29
22:26:18,7.80533333333
22:26:19,13.3206666667
22:26:20,18.836
22:26:21,24.3513333333
22:26:22,29.8666666667
22:26:23,35.382
22:26:24,40.8973333333
22:26:25,46.4126666667
22:26:26,51.928
22:26:27,57.4433333333
22:26:28,62.9586666667
22:26:29,68.474
22:26:30,73.9893333333
22:26:31,79.5046666667
22:26:32,85.02
22:26:33,83.285625
22:26:34,81.55125
22:26:35,79.816875
22:26:36,78.0825
22:26:37,76.348125
22:26:38,74.61375
22:26:39,72.879375
22:26:40,71.145
22:26:41,69.410625
22:26:42,67.67625
22:26:43,65.941875
22:26:44,64.2075
22:26:45,62.473125
22:26:46,60.73875
22:26:47,59.004375
22:26:48,57.27
22:26:49,53.622
22:26:50,49.974
22:26:51,46.326
22:26:52,42.678
22:26:53,39.03
22:26:54,35.382
22:26:55,31.734
22:26:56,28.086
22:26:57,24.438
22:26:58,20.79
22:26:59,17.142
22:27:00,13.494
22:27:01,9.846
22:27:02,6.198
22:27:03,2.55
22:27:04,2.55
22:27:05,2.55
22:27:06,2.55
22:27:07,2.55
22:27:08,2.55
22:27:09,2.55
22:27:10,2.55
22:27:11,2.55
22:27:12,2.55
22:27:13,2.55
22:27:14,2.55
22:27:15,2.55
22:27:16,2.55
22:27:17,2.55
22:27:18,2.55
22:27:19,2.55
22:27:20,2.55
22:27:21,2.55
22:27:22,2.55
22:27:23,2.55
22:27:24,2.55
22:27:25,2.55
22:27:26,2.55
22:27:27,2.55
22:27:28,2.55
22:27:29,2.55
22:27:30,2.55
22:27:31,2.55
22:27:32,2.55
22:27:33,2.55
22:27:34,2.55
22:27:35,2.55
22:27:36,2.55
22:27:37,2.55
22:27:38,2.55
22:27:39,2.55
22:27:40,2.55
22:27:41,2.55
22:27:42,2.55
22:27:43,2.55
22:27:44,2.55
22:27:45,2.55
22:27:46,2.55
22:27:47,2.55
22:27:48,2.55
22:27:49,2.55
22:27:50,2.55
22:27:51,2.55
22:27:52,2.55
22:27:53,2.55
22:27:54,2.55
22:27:55,2.55
22:27:56,2.55
22:27:57,2.55
22:27:58,2.55
22:27:59,2.55
22:28:00,2.55
22:28:01,2.55
22:28:02,2.55
22:28:03,2.55
22:28:04,2.55
22:28:05,2.55
22:28:06,2.55
22:28:07,2.55
22:28:08,2.55
22:28:09,2.55
22:28:10,2.55
22:28:11,2.55
22:28:12,2.55
22:28:13,2.55
22:28:14,2.55
22:28:15,2.55
22:28:16,2.55
22:28:17,2.55
22:28:18,2.55
22:28:19,2.55
22:28:20,2.55
22:28:21,2.55
22:28:22,2.55
22:28:23,2.55
22:28:24,2.55
22:28:25,2.55
22:28:26,2.55
22:28:27,2.55
22:28:28,2.55
22:28:29,2.55
22:28:30,2.55
22:28:31,2.55
22:28:32,2.55
22:28:33,2.55
22:28:34,2.55
22:28:35,6.118125
22:28:36,9.68625
22:28:37,13.254375
22:28:38,16.8225
22:28:39,20.390625
22:28:40,23.95875
22:28:41,27.526875
22:28:42,31.095
22:28:43,34.663125
22:28:44,38.23125
22:28:45,41.799375
22:28:46,45.3675
22:28:47,48.935625
22:28:48,52.50375
22:28:49,56.071875
22:28:50,59.64
22:28:51,55.834
22:28:52,52.028
22:28:53,48.222
22:28:54,44.416
22:28:55,40.61
22:28:56,36.804
22:28:57,32.998
22:28:58,29.192
22:28:59,25.386
22:29:00,21.58
22:29:01,17.774
22:29:02,13.968
22:29:03,10.162
22:29:04,6.356
22:29:05,2.55
22:29:06,2.55
22:29:07,2.55
22:29:08,2.55
22:29:09,2.55
22:29:10,2.55
22:29:11,2.55
22:29:12,2.55
22:29:13,2.55
22:29:14,2.55
22:29:15,2.55
22:29:16,2.55
22:29:17,2.55
22:29:18,2.55
22:29:19,2.55
22:29:20,2.55
22:29:21,2.55
22:29:22,2.55
22:29:23,2.55
22:29:24,2.55
22:29:25,2.55
22:29:26,2.55
22:29:27,2.55
22:29:28,2.55
22:29:29,2.55
22:29:30,2.55
22:29:31,2.55
22:29:32,2.55
22:29:33,2.55
22:29:34,2.55
22:29:35,2.55
22:29:36,2.55
22:29:37,2.55
22:29:38,2.55
22:29:39,2.55
22:29:40,2.55
22:29:41,2.55
22:29:42,2.55
22:29:43,2.55
22:29:44,2.55
22:29:45,2.55
22:29:46,2.55
22:29:47,2.55
22:29:48,2.55
22:29:49,2.55
22:29:50,2.55
22:29:51,2.55
22:29:52,2.55
22:29:53,2.55
22:29:54,2.55
22:29:55,2.55
22:29:56,2.55
22:29:57,2.55
22:29:58,2.55
22:29:59,2.55
22:30:00,2.55
22:30:01,2.55
22:30:02,2.55
22:30:03,2.55
22:30:04,2.55
22:30:05,2.55
22:30:06,2.55
22:30:07,2.55
22:30:08,2.55
22:30:09,2.55
22:30:10,2.55
22:30:11,2.55
22:30:12,2.55
22:30:13,2.55
22:30:14,2.55
22:30:15,2.55
22:30:16,2.55
22:30:17,2.55
22:30:18,2.55
22:30:19,2.55
22:30:20,2.55
22:30:21,2.55
22:30:22,2.55
22:30:23,2.55
22:30:24,2.55
22:30:25,2.55
22:30:26,2.55
22:30:27,2.55
22:30:28,2.55
22:30:29,2.55
22:30:30,2.55
22:30:31,2.55
22:30:32,2.55
22:30:33,2.55
22:30:34,2.55
22:30:35,2.55
22:30:36,2.55
22:30:37,2.55
22:30:38,2.55
22:30:39,2.55
22:30:40,8.06533333333
22:30:41,13.5806666667
22:30:42,19.096
22:30:43,24.6113333333
22:30:44,30.1266666667
22:30:45,35.642
22:30:46,41.1573333333
22:30:47,46.6726666667
22:30:48,52.188
22:30:49,57.7033333333
22:30:50,63.2186666667
22:30:51,68.734
22:30:52,74.2493333333
22:30:53,79.7646666667
22:30:54,85.28
22:30:55,84.0982352941
22:30:56,82.9164705882
22:30:57,81.7347058824
22:30:58,80.5529411765
22:30:59,79.3711764706
22:31:00,78.1894117647
22:31:01,77.0076470588
22:31:02,75.8258823529
22:31:03,74.6441176471
22:31:04,73.4623529412
22:31:05,72.2805882353
22:31:06,71.0988235294
22:31:07,69.9170588235
22:31:08,68.7352941176
22:31:09,67.5535294118
22:31:10,66.3717647059
22:31:11,65.19
22:31:12,61.014
22:31:13,56.838
22:31:14,52.662
22:31:15,48.486
22:31:16,44.31
22:31:17,40.134
22:31:18,35.958
22:31:19,31.782
22:31:20,27.606
22:31:21,23.43
22:31:22,19.254
22:31:23,15.078
22:31:24,10.902
22:31:25,6.726
22:31:26,2.55
22:31:27,2.55
22:31:28,2.55
22:31:29,2.55
22:31:30,2.55
22:31:31,2.55
22:31:32,2.55
22:31:33,2.55
22:31:34,2.55
22:31:35,2.55
22:31:36,2.55
22:31:37,2.55
22:31:38,2.55
22:31:39,2.55
22:31:40,2.55
22:31:41,2.55
22:31:42,2.55
22:31:43,8.01266666667
22:31:44,13.4753333333
22:31:45,18.938
22:31:46,24.4006666667
22:31:47,29.8633333333
22:31:48,35.326
22:31:49,40.7886666667
22:31:50,46.2513333333
22:31:51,51.714
22:31:52,57.1766666667
22:31:53,62.6393333333
22:31:54,68.102
22:31:55,73.5646666667
22:31:56,79.0273333333
22:31:57,84.49
22:31:58,84.0673333333
22:31:59,83.6446666667
22:32:00,83.222
22:32:01,82.7993333333
22:32:02,82.3766666667
22:32:03,81.954
22:32:04,81.5313333333
22:32:05,81.1086666667
22:32:06,80.686
22:32:07,80.2633333333
22:32:08,79.8406666667
22:32:09,79.418
22:32:10,78.9953333333
22:32:11,78.5726666667
22:32:12,78.15
22:32:13,77.8852941176
22:32:14,77.6205882353
22:32:15,77.3558823529
22:32:16,77.0911764706
22:32:17,76.8264705882
22:32:18,76.5617647059
22:32:19,76.2970588235
22:32:20,76.0323529412
22:32:21,75.7676470588
22:32:22,75.5029411765
22:32:23,75.2382352941
22:32:24,74.9735294118
22:32:25,74.7088235294
22:32:26,74.4441176471
22:32:27,74.1794117647
22:32:28,73.9147058824
22:32:29,73.65
22:32:30,72.9626666667
22:32:31,72.2753333333
22:32:32,71.588
22:32:33,70.9006666667
22:32:34,70.2133333333
22:32:35,69.526
22:32:36,68.8386666667
22:32:37,68.1513333333
22:32:38,67.464
22:32:39,66.7766666667
22:32:40,66.0893333333
22:32:41,65.402
22:32:42,64.7146666667
22:32:43,64.0273333333
22:32:44,63.34
22:32:45,65.0846666667
22:32:46,66.8293333333
22:32:47,68.574
22:32:48,70.3186666667
22:32:49,72.0633333333
22:32:50,73.808
22:32:51,75.5526666667
22:32:52,77.2973333333
22:32:53,79.042
22:32:54,80.7866666667
22:32:55,82.5313333333
22:32:56,84.276
22:32:57,86.0206666667
22:32:58,87.7653333333
22:32:59,89.51
22:33:00,88.858
22:33:01,88.206
22:33:02,87.554
22:33:03,86.902
22:33:04,86.25
22:33:05,85.598
22:33:06,84.946
22:33:07,84.294
22:33:08,83.642
22:33:09,82.99
22:33:10,82.338
22:33:11,81.686
22:33:12,81.034
22:33:13,80.382
22:33:14,79.73
22:33:15,76.8753333333
22:33:16,74.0206666667
22:33:17,71.166
22:33:18,68.3113333333
22:33:19,65.4566666667
22:33:20,62.602
22:33:21,59.7473333333
22:33:22,56.8926666667
22:33:23,54.038
22:33:24,51.1833333333
22:33:25,48.3286666667
22:33:26,45.474
22:33:27,42.6193333333
22:33:28,39.7646666667
22:33:29,36.91
22:33:30,34.7625
22:33:31,32.615
22:33:32,30.4675
22:33:33,28.32
22:33:34,26.1725
22:33:35,24.025
22:33:36,21.8775
22:33:37,19.73
22:33:38,17.5825
22:33:39,15.435
22:33:40,13.2875
22:33:41,11.14
22:33:42,8.9925
22:33:43,6.845
22:33:44,4.6975
22:33:45,2.55
22:33:46,2.55
22:33:47,2.55
22:33:48,2.55
22:33:49,2.55
22:33:50,2.55
22:33:51,2.55
22:33:52,2.55
22:33:53,2.55
22:33:54,2.55
22:33:55,2.55
22:33:56,2.55
22:33:57,2.55
22:33:58,2.55
22:33:59,2.55
22:34:00,2.55
22:34:01,2.55
22:34:02,2.55
22:34:03,2.55
22:34:04,2.55
22:34:05,2.55
22:34:06,2.55
22:34:07,2.55
22:34:08,2.55
22:34:09,2.55
22:34:10,2.55
22:34:11,2.55
22:34:12,2.55
22:34:13,2.55
22:34:14,2.55
22:34:15,2.55
22:34:16,2.55
22:34:17,2.55
22:34:18,7.6875
22:34:19,12.825
22:34:20,17.9625
22:34:21,23.1
22:34:22,28.2375
22:34:23,33.375
22:34:24,38.5125
22:34:25,43.65
22:34:26,48.7875
22:34:27,53.925
22:34:28,59.0625
22:34:29,64.2
22:34:30,69.3375
22:34:31,74.475
22:34:32,79.6125
22:34:33,84.75
22:34:34,84.75
22:34:35,84.75
22:34:36,84.75
22:34:37,84.75
22:34:38,84.75
22:34:39,84.75
22:34:40,84.75
22:34:41,84.75
22:34:42,84.75
22:34:43,84.75
22:34:44,84.75
22:34:45,84.75
22:34:46,84.75
22:34:47,84.75
22:34:48,84.75
22:34:49,82.9353333333
22:34:50,81.1206666667
22:34:51,79.306
22:34:52,77.4913333333
22:34:53,75.6766666667
22:34:54,73.862
22:34:55,72.0473333333
22:34:56,70.2326666667
22:34:57,68.418
22:34:58,66.6033333333
22:34:59,64.7886666667
22:35:00,62.974
22:35:01,61.1593333333
22:35:02,59.3446666667
22:35:03,57.53
22:35:04,53.8646666667
22:35:05,50.1993333333
22:35:06,46.534
22:35:07,42.8686666667
22:35:08,39.2033333333
22:35:09,35.538
22:35:10,31.8726666667
22:35:11,28.2073333333
22:35:12,24.542
22:35:13,20.8766666667
22:35:14,17.2113333333
22:35:15,13.546
22:35:16,9.88066666667
22:35:17,6.21533333333
22:35:18,2.55
22:35:19,2.55
22:35:20,2.55
22:35:21,2.55
22:35:22,2.55
22:35:23,2.55
22:35:24,2.55
22:35:25,2.55
22:35:26,2.55
22:35:27,2.55
22:35:28,2.55
22:35:29,2.55
22:35:30,2.55
22:35:31,2.55
22:35:32,2.55
22:35:33,2.55
22:35:34,2.55
22:35:35,2.55
22:35:36,2.55
22:35:37,2.55
22:35:38,2.55
22:35:39,2.55
22:35:40,2.55
22:35:41,2.55
22:35:42,2.55
22:35:43,2.55
22:35:44,2.55
22:35:45,2.55
22:35:46,2.55
22:35:47,2.55
22:35:48,2.55
22:35:49,2.55
22:35:50,2.55
22:35:51,2.55
22:35:52,2.55
22:35:53,2.55
22:35:54,2.55
22:35:55,2.55
22:35:56,2.55
22:35:57,2.55
22:35:58,2.55
22:35:59,2.55
22:36:00,2.55
22:36:01,2.55
22:36:02,2.55
22:36:03,2.55
22:36:04,2.55
22:36:05,2.55
22:36:06,2.55
22:36:07,2.55
22:36:08,2.55
22:36:09,2.55
22:36:10,2.55
22:36:11,2.55
22:36:12,2.55
22:36:13,2.55
22:36:14,2.55
22:36:15,2.55
22:36:16,2.55
22:36:17,2.55
22:36:18,2.55
22:36:19,2.55
22:36:20,2.55
22:36:21,2.55
22:36:22,2.55
22:36:23,2.55
22:36:24,2.55
22:36:25,2.55
22:36:26,2.55
22:36:27,2.55
22:36:28,2.55
22:36:29,2.55
22:36:30,2.55
22:36:31,2.55
22:36:32,2.55
22:36:33,2.55
22:36:34,2.55
22:36:35,2.55
22:36:36,2.55
22:36:37,2.55
22:36:38,2.55
22:36:39,2.55
22:36:40,2.55
22:36:41,2.55
22:36:42,2.55
22:36:43,2.55
22:36:44,2.55
22:36:45,2.55
22:36:46,2.55
22:36:47,2.55
22:36:48,2.55
22:36:49,2.55
22:36:50,2.55
22:36:51,2.55
22:36:52,2.55
22:36:53,2.55
22:36:54,2.55
22:36:55,2.55
22:36:56,2.55
22:36:57,2.55
22:36:58,2.55
22:36:59,2.55
22:37:00,2.55
22:37:01,2.55
22:37:02,2.55
22:37:03,2.55
22:37:04,2.55
22:37:05,2.55
22:37:06,2.55
22:37:07,2.55
22:37:08,2.55
22:37:09,2.55
22:37:10,2.55
22:37:11,2.55
22:37:12,2.55
22:37:13,2.55
22:37:14,2.55
22:37:15,2.55
22:37:16,2.55
22:37:17,2.55
22:37:18,2.55
22:37:19,2.55
22:37:20,2.55
22:37:21,2.55
22:37:22,2.55
22:37:23,2.55
22:37:24,2.55
22:37:25,2.55
22:37:26,2.55
22:37:27,2.55
22:37:28,2.55
22:37:29,2.55
22:37:30,2.55
22:37:31,2.55
22:37:32,2.55
22:37:33,2.55
22:37:34,2.55
22:37:35,2.55
22:37:36,2.55
22:37:37,2.55
22:37:38,2.55
22:37:39,2.55
22:37:40,2.55
22:37:41,2.55
22:37:42,2.55
22:37:43,2.55
22:37:44,2.55
22:37:45,2.55
22:37:46,2.55
22:37:47,2.55
22:37:48,2.55
22:37:49,2.55
22:37:50,2.55
22:37:51,2.55
22:37:52,2.55
22:37:53,2.55
22:37:54,2.55
22:37:55,2.55
22:37:56,2.55
22:37:57,2.55
22:37:58,2.55
22:37:59,2.55
22:38:00,2.55
22:38:01,2.55
22:38:02,2.55
22:38:03,2.55
22:38:04,2.55
22:38:05,2.55
22:38:06,2.55
22:38:07,2.55
22:38:08,2.55
22:38:09,2.55
22:38:10,2.55
22:38:11,2.55
22:38:12,2.55
22:38:13,2.55
22:38:14,2.55
22:38:15,2.55
22:38:16,2.55
22:38:17,2.55
22:38:18,2.55
22:38:19,2.55
22:38:20,2.55
22:38:21,2.55
22:38:22,2.55
22:38:23,2.55
22:38:24,2.55
22:38:25,2.55
22:38:26,2.55
22:38:27,2.55
22:38:28,2.55
22:38:29,2.55
22:38:30,2.55
22:38:31,2.55
22:38:32,2.55
22:38:33,2.55
22:38:34,2.55
22:38:35,2.55
22:38:36,2.55
22:38:37,2.55
22:38:38,2.55
22:38:39,2.55
22:38:40,2.55
22:38:41,2.55
22:38:42,2.55
22:38:43,2.55
22:38:44,2.55
22:38:45,2.55
22:38:46,2.55
22:38:47,2.55
22:38:48,2.55
22:38:49,2.55
22:38:50,2.55
22:38:51,2.55
22:38:52,2.55
22:38:53,2.55
22:38:54,2.55
22:38:55,2.55
22:38:56,2.55
22:38:57,2.55
22:38:58,2.55
22:38:59,2.55
22:39:00,2.55
22:39:01,2.55
22:39:02,2.55
22:39:03,2.55
22:39:04,2.55
22:39:05,2.55
22:39:06,2.55
22:39:07,2.55
22:39:08,2.55
22:39:09,2.55
22:39:10,2.55
22:39:11,2.55
22:39:12,2.55
22:39:13,2.55
22:39:14,2.55
22:39:15,2.55
22:39:16,2.55
22:39:17,2.55
22:39:18,2.55
22:39:19,2.55
22:39:20,2.55
22:39:21,2.55
22:39:22,2.55
22:39:23,2.55
22:39:24,2.55
22:39:25,2.55
22:39:26,2.55
22:39:27,2.55
22:39:28,2.55
22:39:29,2.55
22:39:30,2.55
22:39:31,2.55
22:39:32,2.55
22:39:33,2.55
22:39:34,2.55
22:39:35,2.55
22:39:36,2.55
22:39:37,2.55
22:39:38,2.55
22:39:39,2.55
22:39:40,2.55
22:39:41,2.55
22:39:42,2.55
22:39:43,2.55
22:39:44,2.55
22:39:45,2.55
22:39:46,2.55
22:39:47,2.55
22:39:48,2.55
22:39:49,2.55
22:39:50,2.55
22:39:51,2.55
22:39:52,2.55
22:39:53,2.55
22:39:54,2.55
22:39:55,2.55
22:39:56,2.55
22:39:57,2.55
22:39:58,2.55
22:39:59,2.55
22:40:00,2.55
22:40:01,2.55
22:40:02,2.55
22:40:03,2.55
22:40:04,2.55
22:40:05,2.55
22:40:06,2.55
22:40:07,2.55
22:40:08,2.55
22:40:09,2.55
22:40:10,2.55
22:40:11,2.55
22:40:12,2.55
22:40:13,2.55
22:40:14,2.55
22:40:15,2.55
22:40:16,2.55
22:40:17,2.55
22:40:18,2.55
22:40:19,2.55
22:40:20,2.55
22:40:21,2.55
22:40:22,2.55
22:40:23,2.55
22:40:24,2.55
22:40:25,2.55
22:40:26,2.55
22:40:27,2.55
22:40:28,2.55
22:40:29,2.55
22:40:30,2.55
22:40:31,2.55
22:40:32,2.55
22:40:33,2.55
22:40:34,2.55
22:40:35,2.55
22:40:36,2.55
22:40:37,2.55
22:40:38,2.55
22:40:39,2.55
22:40:40,2.55
22:40:41,2.55
22:40:42,2.55
22:40:43,2.55
22:40:44,2.55
22:40:45,2.55
22:40:46,2.55
22:40:47,2.55
22:40:48,2.55
22:40:49,2.55
22:40:50,2.55
22:40:51,2.55
22:40:52,2.55
22:40:53,2.55
22:40:54,2.55
22:40:55,2.55
22:40:56,2.55
22:40:57,2.55
22:40:58,2.55
22:40:59,2.55
22:41:00,2.55
22:41:01,2.55
22:41:02,2.55
22:41:03,2.55
22:41:04,2.55
22:41:05,2.55
22:41:06,2.55
22:41:07,2.55
22:41:08,2.55
22:41:09,2.55
22:41:10,2.55
22:41:11,2.55
22:41:12,2.55
22:41:13,2.55
22:41:14,2.55
22:41:15,2.55
22:41:16,2.55
22:41:17,2.55
22:41:18,2.55
22:41:19,2.55
22:41:20,2.55
22:41:21,2.55
22:41:22,2.55
22:41:23,2.55
22:41:24,2.55
22:41:25,2.55
22:41:26,2.55
22:41:27,2.55
22:41:28,2.55
22:41:29,2.55
22:41:30,2.55
22:41:31,2.55
22:41:32,2.55
22:41:33,2.55
22:41:34,2.55
22:41:35,2.55
22:41:36,2.55
22:41:37,2.55
22:41:38,2.55
22:41:39,2.55
22:41:40,2.55
22:41:41,2.55
22:41:42,2.55
22:41:43,2.55
22:41:44,2.55
22:41:45,2.55
22:41:46,2.55
22:41:47,2.55
22:41:48,2.55
22:41:49,2.55
22:41:50,2.55
22:41:51,2.55
22:41:52,2.55
22:41:53,2.55
22:41:54,2.55
22:41:55,2.55
22:41:56,2.55
22:41:57,2.55
22:41:58,2.55
22:41:59,2.55
22:42:00,2.55
22:42:01,2.55
22:42:02,2.55
22:42:03,2.55
22:42:04,2.55
22:42:05,2.55
22:42:06,2.55
22:42:07,2.55
22:42:08,2.55
22:42:09,2.55
22:42:10,2.55
22:42:11,2.55
22:42:12,2.55
22:42:13,2.55
22:42:14,2.55
22:42:15,2.55
22:42:16,2.55
22:42:17,2.55
22:42:18,2.55
22:42:19,2.55
22:42:20,2.55
22:42:21,2.55
22:42:22,2.55
22:42:23,2.55
22:42:24,2.55
22:42:25,2.55
22:42:26,2.55
22:42:27,2.55
22:42:28,2.55
22:42:29,2.55
22:42:30,2.55
22:42:31,2.55
22:42:32,2.55
22:42:33,2.55
22:42:34,2.55
22:42:35,2.55
22:42:36,2.55
22:42:37,2.55
22:42:38,2.55
22:42:39,2.55
22:42:40,2.55
22:42:41,2.55
22:42:42,2.55
22:42:43,2.55
22:42:44,2.55
22:42:45,2.55
22:42:46,2.55
22:42:47,2.55
22:42:48,2.55
22:42:49,2.55
22:42:50,2.55
22:42:51,2.55
22:42:52,2.55
22:42:53,2.55
22:42:54,2.55
22:42:55,2.55
22:42:56,2.55
22:42:57,2.55
22:42:58,2.55
22:42:59,2.55
22:43:00,2.55
22:43:01,2.55
22:43:02,2.55
22:43:03,2.55
22:43:04,2.55
22:43:05,2.55
22:43:06,2.55
22:43:07,2.55
22:43:08,2.55
22:43:09,2.55
22:43:10,2.55
22:43:11,2.55
22:43:12,2.55
22:43:13,2.55
22:43:14,2.55
22:43:15,2.55
22:43:16,2.55
22:43:17,2.55
22:43:18,2.55
22:43:19,2.55
22:43:20,2.55
22:43:21,2.55
22:43:22,2.55
22:43:23,2.55
22:43:24,2.55
22:43:25,2.55
22:43:26,2.55
22:43:27,2.55
22:43:28,2.55
22:43:29,2.55
22:43:30,2.55
22:43:31,2.55
22:43:32,2.55
22:43:33,2.55
22:43:34,2.55
22:43:35,2.55
22:43:36,2.55
22:43:37,2.55
22:43:38,2.55
22:43:39,2.55
22:43:40,2.55
22:43:41,2.55
22:43:42,2.55
22:43:43,2.55
22:43:44,2.55
22:43:45,2.55
22:43:46,2.55
22:43:47,2.55
22:43:48,2.55
22:43:49,2.55
22:43:50,2.55
22:43:51,2.55
22:43:52,2.55
22:43:53,2.55
22:43:54,2.55
22:43:55,2.55
22:43:56,2.55
22:43:57,2.55
22:43:58,2.55
22:43:59,2.55
22:44:00,2.55
22:44:01,2.55
22:44:02,2.55
22:44:03,2.55
22:44:04,2.55
22:44:05,2.55
22:44:06,2.55
22:44:07,2.55
22:44:08,2.55
22:44:09,2.55
22:44:10,2.55
22:44:11,2.55
22:44:12,2.55
22:44:13,2.55
22:44:14,2.55
22:44:15,2.55
22:44:16,2.55
22:44:17,2.55
22:44:18,2.55
22:44:19,2.55
22:44:20,2.55
22:44:21,2.55
22:44:22,2.55
22:44:23,2.55
22:44:24,2.55
22:44:25,2.55
22:44:26,2.55
22:44:27,2.55
22:44:28,2.55
22:44:29,2.55
22:44:30,2.55
22:44:31,2.55
22:44:32,2.55
22:44:33,2.55
22:44:34,2.55
22:44:35,2.55
22:44:36,2.55
22:44:37,2.55
22:44:38,2.55
22:44:39,2.55
22:44:40,2.55
22:44:41,2.55
22:44:42,2.55
22:44:43,2.55
22:44:44,2.55
22:44:45,2.55
22:44:46,2.55
22:44:47,2.55
22:44:48,2.55
22:44:49,2.55
22:44:50,2.55
22:44:51,2.55
22:44:52,2.55
22:44:53,2.55
22:44:54,2.55
22:44:55,2.55
22:44:56,2.55
22:44:57,2.55
22:44:58,2.55
22:44:59,2.55
22:45:00,2.55
22:45:01,2.55
22:45:02,2.55
22:45:03,2.55
22:45:04,2.55
22:45:05,2.55
22:45:06,2.55
22:45:07,2.55
22:45:08,2.55
22:45:09,2.55
22:45:10,2.55
22:45:11,2.55
22:45:12,2.55
22:45:13,2.55
22:45:14,2.55
22:45:15,2.55
22:45:16,2.55
22:45:17,2.55
22:45:18,2.55
22:45:19,2.55
22:45:20,2.55
22:45:21,2.55
22:45:22,2.55
22:45:23,2.55
22:45:24,2.55
22:45:25,2.55
22:45:26,2.55
22:45:27,2.55
22:45:28,2.55
22:45:29,2.55
22:45:30,2.55
22:45:31,2.55
22:45:32,2.55
22:45:33,2.55
22:45:34,2.55
22:45:35,2.55
22:45:36,2.55
22:45:37,2.55
22:45:38,2.55
22:45:39,2.55
22:45:40,2.55
22:45:41,2.55
22:45:42,2.55
22:45:43,2.55
22:45:44,2.55
22:45:45,2.55
22:45:46,2.55
22:45:47,2.55
22:45:48,2.55
22:45:49,2.55
22:45:50,2.55
22:45:51,2.55
22:45:52,2.55
22:45:53,2.55
22:45:54,2.55
22:45:55,2.55
22:45:56,2.55
22:45:57,2.55
22:45:58,2.55
22:45:59,2.55
22:46:00,2.55
22:46:01,2.55
22:46:02,2.55
22:46:03,2.55
22:46:04,2.55
22:46:05,2.55
22:46:06,2.55
22:46:07,2.55
22:46:08,2.55
22:46:09,2.55
22:46:10,2.55
22:46:11,2.55
22:46:12,2.55
22:46:13,2.55
22:46:14,2.55
22:46:15,2.55
22:46:16,2.55
22:46:17,2.55
22:46:18,2.55
22:46:19,2.55
22:46:20,2.55
22:46:21,2.55
22:46:22,2.55
22:46:23,2.55
22:46:24,2.55
22:46:25,2.55
22:46:26,2.55
22:46:27,2.55
22:46:28,2.55
22:46:29,2.55
22:46:30,2.55
22:46:31,2.55
22:46:32,2.55
22:46:33,2.55
22:46:34,2.55
22:46:35,2.55
22:46:36,2.55
22:46:37,2.55
22:46:38,2.55
22:46:39,2.55
22:46:40,2.55
22:46:41,2.55
22:46:42,2.55
22:46:43,2.55
22:46:44,2.55
22:46:45,2.55
22:46:46,2.55
22:46:47,2.55
22:46:48,2.55
22:46:49,2.55
22:46:50,2.55
22:46:51,2.55
22:46:52,2.55
22:46:53,2.55
22:46:54,2.55
22:46:55,2.55
22:46:56,2.55
22:46:57,2.55
22:46:58,2.55
22:46:59,2.55
22:47:00,2.55
22:47:01,2.55
22:47:02,2.55
22:47:03,2.55
22:47:04,2.55
22:47:05,2.55
22:47:06,2.55
22:47:07,2.55
22:47:08,2.55
22:47:09,2.55
22:47:10,2.55
22:47:11,2.55
22:47:12,2.55
22:47:13,2.55
22:47:14,2.55
22:47:15,2.55
22:47:16,2.55
22:47:17,2.55
22:47:18,2.55
22:47:19,2.55
22:47:20,2.55
22:47:21,2.55
22:47:22,2.55
22:47:23,2.55
22:47:24,2.55
22:47:25,2.55
22:47:26,2.55
22:47:27,2.55
22:47:28,2.55
22:47:29,2.55
22:47:30,2.55
22:47:31,2.55
22:47:32,2.55
22:47:33,2.55
22:47:34,2.55
22:47:35,2.55
22:47:36,2.55
22:47:37,2.55
22:47:38,2.55
22:47:39,2.55
22:47:40,2.55
22:47:41,2.55
22:47:42,2.55
22:47:43,2.55
22:47:44,2.55
22:47:45,2.55
22:47:46,2.55
22:47:47,2.55
22:47:48,2.55
22:47:49,2.55
22:47:50,2.55
22:47:51,2.55
22:47:52,2.55
22:47:53,2.55
22:47:54,2.55
22:47:55,2.55
22:47:56,2.55
22:47:57,2.55
22:47:58,2.55
22:47:59,2.55
22:48:00,2.55
22:48:01,2.55
22:48:02,2.55
22:48:03,2.55
22:48:04,2.55
22:48:05,2.55
22:48:06,2.55
22:48:07,2.55
22:48:08,2.55
22:48:09,2.55
22:48:10,2.55
22:48:11,2.55
22:48:12,2.55
22:48:13,2.55
22:48:14,2.55
22:48:15,2.55
22:48:16,2.55
22:48:17,2.55
22:48:18,2.55
22:48:19,2.55
22:48:20,2.55
22:48:21,2.55
22:48:22,2.55
22:48:23,2.55
22:48:24,2.55
22:48:25,2.55
22:48:26,2.55
22:48:27,2.55
22:48:28,2.55
22:48:29,2.55
22:48:30,2.55
22:48:31,2.55
22:48:32,2.55
22:48:33,2.55
22:48:34,2.55
22:48:35,2.55
22:48:36,2.55
22:48:37,2.55
22:48:38,2.55
22:48:39,2.55
22:48:40,2.55
22:48:41,2.55
22:48:42,2.55
22:48:43,2.55
22:48:44,2.55
22:48:45,2.55
22:48:46,2.55
22:48:47,2.55
22:48:48,2.55
22:48:49,2.55
22:48:50,2.55
22:48:51,2.55
22:48:52,2.55
22:48:53,2.55
22:48:54,2.55
22:48:55,2.55
22:48:56,2.55
22:48:57,2.55
22:48:58,2.55
22:48:59,2.55
22:49:00,2.55
22:49:01,2.55
22:49:02,2.55
22:49:03,2.55
22:49:04,2.55
22:49:05,2.55
22:49:06,2.55
22:49:07,2.55
22:49:08,2.55
22:49:09,2.55
22:49:10,2.55
22:49:11,2.55
22:49:12,2.55
22:49:13,2.55
22:49:14,2.55
22:49:15,2.55
22:49:16,2.55
22:49:17,2.55
22:49:18,2.55
22:49:19,2.55
22:49:20,2.55
22:49:21,2.55
22:49:22,2.55
22:49:23,2.55
22:49:24,2.55
22:49:25,2.55
22:49:26,2.55
22:49:27,2.55
22:49:28,2.55
22:49:29,2.55
22:49:30,2.55
22:49:31,2.55
22:49:32,2.55
22:49:33,2.55
22:49:34,2.55
22:49:35,2.55
22:49:36,2.55
22:49:37,2.55
22:49:38,2.55
22:49:39,2.55
22:49:40,2.55
22:49:41,2.55
22:49:42,2.55
22:49:43,2.55
22:49:44,2.55
22:49:45,2.55
22:49:46,2.55
22:49:47,2.55
22:49:48,2.55
22:49:49,2.55
22:49:50,2.55
22:49:51,2.55
22:49:52,2.55
22:49:53,2.55
22:49:54,2.55
22:49:55,2.55
22:49:56,2.55
22:49:57,2.55
22:49:58,2.55
22:49:59,2.55
22:50:00,2.55
22:50:01,2.55
22:50:02,2.55
22:50:03,2.55
22:50:04,2.55
22:50:05,2.55
22:50:06,2.55
22:50:07,2.55
22:50:08,2.55
22:50:09,2.55
22:50:10,2.55
22:50:11,2.55
22:50:12,2.55
22:50:13,2.55
22:50:14,2.55
22:50:15,2.55
22:50:16,2.55
22:50:17,2.55
22:50:18,2.55
22:50:19,2.55
22:50:20,2.55
22:50:21,2.55
22:50:22,2.55
22:50:23,2.55
22:50:24,2.55
22:50:25,2.55
22:50:26,2.55
22:50:27,2.55
22:50:28,2.55
22:50:29,2.55
22:50:30,2.55
22:50:31,2.55
22:50:32,2.55
22:50:33,2.55
22:50:34,2.55
22:50:35,2.55
22:50:36,2.55
22:50:37,2.55
22:50:38,2.55
22:50:39,2.55
22:50:40,2.55
22:50:41,2.55
22:50:42,2.55
22:50:43,2.55
22:50:44,2.55
22:50:45,2.55
22:50:46,2.55
22:50:47,2.55
22:50:48,2.55
22:50:49,2.55
22:50:50,2.55
22:50:51,2.55
22:50:52,2.55
22:50:53,2.55
22:50:54,2.55
22:50:55,2.55
22:50:56,2.55
22:50:57,2.55
22:50:58,2.55
22:50:59,2.55
22:51:00,2.55
22:51:01,2.55
22:51:02,2.55
22:51:03,2.55
22:51:04,2.55
22:51:05,2.55
22:51:06,2.55
22:51:07,2.55
22:51:08,2.55
22:51:09,2.55
22:51:10,2.55
22:51:11,2.55
22:51:12,2.55
22:51:13,2.55
22:51:14,2.55
22:51:15,2.55
22:51:16,2.55
22:51:17,2.55
22:51:18,2.55
22:51:19,2.55
22:51:20,2.55
22:51:21,2.55
22:51:22,2.55
22:51:23,2.55
22:51:24,2.55
22:51:25,2.55
22:51:26,2.55
22:51:27,2.55
22:51:28,2.55
22:51:29,2.55
22:51:30,2.55
22:51:31,2.55
22:51:32,2.55
22:51:33,2.55
22:51:34,2.55
22:51:35,2.55
22:51:36,2.55
22:51:37,2.55
22:51:38,2.55
22:51:39,2.55
22:51:40,2.55
22:51:41,2.55
22:51:42,2.55
22:51:43,2.55
22:51:44,2.55
22:51:45,2.55
22:51:46,2.55
22:51:47,2.55
22:51:48,2.55
22:51:49,2.55
22:51:50,2.55
22:51:51,2.55
22:51:52,2.55
22:51:53,2.55
22:51:54,2.55
22:51:55,2.55
22:51:56,2.55
22:51:57,2.55
22:51:58,2.55
22:51:59,2.55
22:52:00,2.55
22:52:01,2.55
22:52:02,2.55
22:52:03,2.55
22:52:04,2.55
22:52:05,2.55
22:52:06,2.55
22:52:07,2.55
22:52:08,2.55
22:52:09,2.55
22:52:10,2.55
22:52:11,2.55
22:52:12,2.55
22:52:13,2.55
22:52:14,2.55
22:52:15,2.55
22:52:16,2.55
22:52:17,2.55
22:52:18,2.55
22:52:19,2.55
22:52:20,2.55
22:52:21,2.55
22:52:22,2.55
22:52:23,2.55
22:52:24,2.55
22:52:25,2.55
22:52:26,2.55
22:52:27,2.55
22:52:28,2.55
22:52:29,2.55
22:52:30,2.55
22:52:31,2.55
22:52:32,2.55
22:52:33,2.55
22:52:34,2.55
22:52:35,2.55
22:52:36,2.55
22:52:37,2.55
22:52:38,2.55
22:52:39,2.55
22:52:40,2.55
22:52:41,2.55
22:52:42,2.55
22:52:43,2.55
22:52:44,2.55
22:52:45,2.55
22:52:46,2.55
22:52:47,2.55
22:52:48,2.55
22:52:49,2.55
22:52:50,2.55
22:52:51,2.55
22:52:52,2.55
22:52:53,2.55
22:52:54,2.55
22:52:55,2.55
22:52:56,2.55
22:52:57,2.55
22:52:58,2.55
22:52:59,2.55
22:53:00,2.55
22:53:01,2.55
22:53:02,2.55
22:53:03,2.55
22:53:04,2.55
22:53:05,2.55
22:53:06,2.55
22:53:07,2.55
22:53:08,2.55
22:53:09,2.55
22:53:10,2.55
22:53:11,2.55
22:53:12,2.55
22:53:13,2.55
22:53:14,2.55
22:53:15,2.55
22:53:16,2.55
22:53:17,2.55
22:53:18,2.55
22:53:19,2.55
22:53:20,2.55
22:53:21,2.55
22:53:22,2.55
22:53:23,2.55
22:53:24,2.55
22:53:25,2.55
22:53:26,2.55
22:53:27,2.55
22:53:28,2.55
22:53:29,2.55
22:53:30,2.55
22:53:31,2.55
22:53:32,2.55
22:53:33,2.55
22:53:34,2.55
22:53:35,2.55
22:53:36,2.55
22:53:37,2.55
22:53:38,2.55
22:53:39,2.55
22:53:40,2.55
22:53:41,2.55
22:53:42,2.55
22:53:43,2.55
22:53:44,2.55
22:53:45,2.55
22:53:46,2.55
22:53:47,2.55
22:53:48,2.55
22:53:49,2.55
22:53:50,2.55
22:53:51,2.55
22:53:52,2.55
22:53:53,2.55
22:53:54,2.55
22:53:55,2.55
22:53:56,2.55
22:53:57,2.55
22:53:58,2.55
22:53:59,2.55
22:54:00,2.55
22:54:01,2.55
22:54:02,2.55
22:54:03,2.55
22:54:04,2.55
22:54:05,2.55
22:54:06,2.55
22:54:07,2.55
22:54:08,2.55
22:54:09,2.55
22:54:10,2.55
22:54:11,2.55
22:54:12,2.55
22:54:13,2.55
22:54:14,2.55
22:54:15,2.55
22:54:16,2.55
22:54:17,2.55
22:54:18,2.55
22:54:19,2.55
22:54:20,2.55
22:54:21,2.55
22:54:22,2.55
22:54:23,2.55
22:54:24,2.55
22:54:25,2.55
22:54:26,2.55
22:54:27,2.55
22:54:28,2.55
22:54:29,2.55
22:54:30,2.55
22:54:31,2.55
22:54:32,2.55
22:54:33,2.55
22:54:34,2.55
22:54:35,2.55
22:54:36,2.55
22:54:37,2.55
22:54:38,2.55
22:54:39,2.55
22:54:40,2.55
22:54:41,2.55
22:54:42,2.55
22:54:43,2.55
22:54:44,2.55
22:54:45,2.55
22:54:46,2.55
22:54:47,2.55
22:54:48,2.55
22:54:49,2.55
22:54:50,2.55
22:54:51,2.55
22:54:52,2.55
22:54:53,2.55
22:54:54,2.55
22:54:55,2.55
22:54:56,2.55
22:54:57,2.55
22:54:58,2.55
22:54:59,2.55
22:55:00,2.55
22:55:01,2.55
22:55:02,2.55
22:55:03,2.55
22:55:04,2.55
22:55:05,2.55
22:55:06,2.55
22:55:07,2.55
22:55:08,2.55
22:55:09,2.55
22:55:10,2.55
22:55:11,2.55
22:55:12,2.55
22:55:13,2.55
22:55:14,2.55
22:55:15,2.55
22:55:16,2.55
22:55:17,2.55
22:55:18,2.55
22:55:19,2.55
22:55:20,2.55
22:55:21,2.55
22:55:22,2.55
22:55:23,2.55
22:55:24,2.55
22:55:25,2.55
22:55:26,2.55
22:55:27,2.55
22:55:28,2.55
22:55:29,2.55
22:55:30,2.55
22:55:31,2.55
22:55:32,2.55
22:55:33,2.55
22:55:34,2.55
22:55:35,2.55
22:55:36,2.55
22:55:37,2.55
22:55:38,2.55
22:55:39,2.55
22:55:40,2.55
22:55:41,2.55
22:55:42,2.55
22:55:43,2.55
22:55:44,2.55
22:55:45,2.55
22:55:46,2.55
22:55:47,2.55
22:55:48,2.55
22:55:49,2.55
22:55:50,2.55
22:55:51,2.55
22:55:52,2.55
22:55:53,2.55
22:55:54,2.55
22:55:55,2.55
22:55:56,2.55
22:55:57,2.55
22:55:58,2.55
22:55:59,2.55
22:56:00,2.55
22:56:01,2.55
22:56:02,2.55
22:56:03,2.55
22:56:04,2.55
22:56:05,2.55
22:56:06,2.55
22:56:07,2.55
22:56:08,2.55
22:56:09,2.55
22:56:10,2.55
22:56:11,2.55
22:56:12,2.55
22:56:13,2.55
22:56:14,2.55
22:56:15,2.55
22:56:16,2.55
22:56:17,2.55
22:56:18,2.55
22:56:19,2.55
22:56:20,2.55
22:56:21,2.55
22:56:22,2.55
22:56:23,2.55
22:56:24,2.55
22:56:25,2.55
22:56:26,2.55
22:56:27,2.55
22:56:28,2.55
22:56:29,2.55
22:56:30,2.55
22:56:31,2.55
22:56:32,2.55
22:56:33,2.55
22:56:34,2.55
22:56:35,2.55
22:56:36,2.55
22:56:37,2.55
22:56:38,2.55
22:56:39,2.55
22:56:40,2.55
22:56:41,2.55
22:56:42,2.55
22:56:43,2.55
22:56:44,2.55
22:56:45,2.55
22:56:46,2.55
22:56:47,2.55
22:56:48,2.55
22:56:49,2.55
22:56:50,2.55
22:56:51,2.55
22:56:52,2.55
22:56:53,2.55
22:56:54,2.55
22:56:55,2.55
22:56:56,2.55
22:56:57,2.55
22:56:58,2.55
22:56:59,2.55
22:57:00,2.55
22:57:01,2.55
22:57:02,2.55
22:57:03,2.55
22:57:04,2.55
22:57:05,2.55
22:57:06,2.55
22:57:07,2.55
22:57:08,2.55
22:57:09,2.55
22:57:10,2.55
22:57:11,2.55
22:57:12,2.55
22:57:13,2.55
22:57:14,2.55
22:57:15,2.55
22:57:16,2.55
22:57:17,2.55
22:57:18,2.55
22:57:19,2.55
22:57:20,2.55
22:57:21,2.55
22:57:22,2.55
22:57:23,2.55
22:57:24,2.55
22:57:25,2.55
22:57:26,2.55
22:57:27,2.55
22:57:28,2.55
22:57:29,2.55
22:57:30,2.55
22:57:31,2.55
22:57:32,2.55
22:57:33,2.55
22:57:34,2.55
22:57:35,2.55
22:57:36,2.55
22:57:37,2.55
22:57:38,2.55
22:57:39,2.55
22:57:40,2.55
22:57:41,2.55
22:57:42,2.55
22:57:43,2.55
22:57:44,2.55
22:57:45,2.55
22:57:46,2.55
22:57:47,2.55
22:57:48,2.55
22:57:49,2.55
22:57:50,2.55
22:57:51,2.55
22:57:52,2.55
22:57:53,2.55
22:57:54,2.55
22:57:55,2.55
22:57:56,2.55
22:57:57,2.55
22:57:58,2.55
22:57:59,2.55
22:58:00,2.55
22:58:01,2.55
22:58:02,2.55
22:58:03,2.55
22:58:04,2.55
22:58:05,2.55
22:58:06,2.55
22:58:07,2.55
22:58:08,2.55
22:58:09,2.55
22:58:10,2.55
22:58:11,2.55
22:58:12,2.55
22:58:13,2.55
22:58:14,2.55
22:58:15,2.55
22:58:16,2.55
22:58:17,2.55
22:58:18,2.55
22:58:19,2.55
22:58:20,2.55
22:58:21,2.55
22:58:22,2.55
22:58:23,2.55
22:58:24,2.55
22:58:25,2.55
22:58:26,2.55
22:58:27,2.55
22:58:28,2.55
22:58:29,2.55
22:58:30,2.55
22:58:31,2.55
22:58:32,2.55
22:58:33,2.55
22:58:34,2.55
22:58:35,2.55
22:58:36,2.55
22:58:37,2.55
22:58:38,2.55
22:58:39,2.55
22:58:40,2.55
22:58:41,2.55
22:58:42,2.55
22:58:43,2.55
22:58:44,2.55
22:58:45,2.55
22:58:46,2.55
22:58:47,2.55
22:58:48,2.55
22:58:49,2.55
22:58:50,2.55
22:58:51,2.55
22:58:52,2.55
22:58:53,2.55
22:58:54,2.55
22:58:55,2.55
22:58:56,2.55
22:58:57,2.55
22:58:58,2.55
22:58:59,2.55
22:59:00,2.55
22:59:01,2.55
22:59:02,2.55
22:59:03,2.55
22:59:04,2.55
22:59:05,2.55
22:59:06,2.55
22:59:07,2.55
22:59:08,2.55
22:59:09,2.55
22:59:10,2.55
22:59:11,2.55
22:59:12,2.55
22:59:13,2.55
22:59:14,2.55
22:59:15,2.55
22:59:16,2.55
22:59:17,2.55
22:59:18,2.55
22:59:19,2.55
22:59:20,2.55
22:59:21,2.55
22:59:22,2.55
22:59:23,2.55
22:59:24,2.55
22:59:25,2.55
22:59:26,2.55
22:59:27,2.55
22:59:28,2.55
22:59:29,2.55
22:59:30,2.55
22:59:31,2.55
22:59:32,2.55
22:59:33,2.55
22:59:34,2.55
22:59:35,2.55
22:59:36,2.55
22:59:37,2.55
22:59:38,2.55
22:59:39,2.55
22:59:40,2.55
22:59:41,2.55
22:59:42,2.55
22:59:43,2.55
22:59:44,2.55
22:59:45,2.55
22:59:46,2.55
22:59:47,2.55
22:59:48,2.55
22:59:49,2.55
22:59:50,2.55
22:59:51,2.55
22:59:52,2.55
22:59:53,2.55
22:59:54,2.55
22:59:55,2.55
22:59:56,2.55
22:59:57,2.55
22:59:58,2.55
22:59:59,2.55
23:00:00,2.55
23:00:01,2.55
23:00:02,2.55
23:00:03,2.55
23:00:04,2.55
23:00:05,2.55
23:00:06,2.55
23:00:07,2.55
23:00:08,2.55
23:00:09,2.55
23:00:10,2.55
23:00:11,2.55
23:00:12,2.55
23:00:13,2.55
23:00:14,2.55
23:00:15,2.55
23:00:16,2.55
23:00:17,2.55
23:00:18,2.55
23:00:19,2.55
23:00:20,2.55
23:00:21,2.55
23:00:22,2.55
23:00:23,2.55
23:00:24,2.55
23:00:25,2.55
23:00:26,2.55
23:00:27,2.55
23:00:28,2.55
23:00:29,2.55
23:00:30,2.55
23:00:31,2.55
23:00:32,2.55
23:00:33,2.55
23:00:34,2.55
23:00:35,2.55
23:00:36,2.55
23:00:37,2.55
23:00:38,2.55
23:00:39,2.55
23:00:40,2.55
23:00:41,2.55
23:00:42,2.55
23:00:43,2.55
23:00:44,2.55
23:00:45,2.55
23:00:46,2.55
23:00:47,2.55
23:00:48,2.55
23:00:49,2.55
23:00:50,2.55
23:00:51,2.55
23:00:52,2.55
23:00:53,2.55
23:00:54,2.55
23:00:55,2.55
23:00:56,2.55
23:00:57,2.55
23:00:58,2.55
23:00:59,2.55
23:01:00,2.55
23:01:01,2.55
23:01:02,2.55
23:01:03,2.55
23:01:04,2.55
23:01:05,2.55
23:01:06,2.55
23:01:07,2.55
23:01:08,2.55
23:01:09,2.55
23:01:10,2.55
23:01:11,2.55
23:01:12,2.55
23:01:13,2.55
23:01:14,2.55
23:01:15,2.55
23:01:16,2.55
23:01:17,2.55
23:01:18,2.55
23:01:19,2.55
23:01:20,2.55
23:01:21,2.55
23:01:22,2.55
23:01:23,2.55
23:01:24,2.55
23:01:25,2.55
23:01:26,2.55
23:01:27,2.55
23:01:28,2.55
23:01:29,2.55
23:01:30,2.55
23:01:31,2.55
23:01:32,2.55
23:01:33,2.55
23:01:34,2.55
23:01:35,2.55
23:01:36,2.55
23:01:37,2.55
23:01:38,2.55
23:01:39,2.55
23:01:40,2.55
23:01:41,2.55
23:01:42,2.55
23:01:43,2.55
23:01:44,2.55
23:01:45,2.55
23:01:46,2.55
23:01:47,2.55
23:01:48,2.55
23:01:49,2.55
23:01:50,2.55
23:01:51,2.55
23:01:52,2.55
23:01:53,2.55
23:01:54,2.55
23:01:55,2.55
23:01:56,2.55
23:01:57,2.55
23:01:58,2.55
23:01:59,2.55
23:02:00,2.55
23:02:01,2.55
23:02:02,2.55
23:02:03,2.55
23:02:04,2.55
23:02:05,2.55
23:02:06,2.55
23:02:07,2.55
23:02:08,2.55
23:02:09,2.55
23:02:10,2.55
23:02:11,2.55
23:02:12,2.55
23:02:13,2.55
23:02:14,2.55
23:02:15,2.55
23:02:16,2.55
23:02:17,2.55
23:02:18,2.55
23:02:19,2.55
23:02:20,2.55
23:02:21,2.55
23:02:22,2.55
23:02:23,2.55
23:02:24,2.55
23:02:25,2.55
23:02:26,2.55
23:02:27,2.55
23:02:28,2.55
23:02:29,2.55
23:02:30,2.55
23:02:31,2.55
23:02:32,2.55
23:02:33,2.55
23:02:34,2.55
23:02:35,2.55
23:02:36,2.55
23:02:37,2.55
23:02:38,2.55
23:02:39,2.55
23:02:40,2.55
23:02:41,2.55
23:02:42,2.55
23:02:43,2.55
23:02:44,2.55
23:02:45,2.55
23:02:46,2.55
23:02:47,2.55
23:02:48,2.55
23:02:49,2.55
23:02:50,2.55
23:02:51,2.55
23:02:52,2.55
23:02:53,2.55
23:02:54,2.55
23:02:55,2.55
23:02:56,2.55
23:02:57,2.55
23:02:58,2.55
23:02:59,2.55
23:03:00,2.55
23:03:01,2.55
23:03:02,2.55
23:03:03,2.55
23:03:04,2.55
23:03:05,2.55
23:03:06,2.55
23:03:07,2.55
23:03:08,2.55
23:03:09,2.55
23:03:10,2.55
23:03:11,2.55
23:03:12,2.55
23:03:13,2.55
23:03:14,2.55
23:03:15,2.55
23:03:16,2.55
23:03:17,2.55
23:03:18,2.55
23:03:19,2.55
23:03:20,2.55
23:03:21,2.55
23:03:22,2.55
23:03:23,2.55
23:03:24,2.55
23:03:25,2.55
23:03:26,2.55
23:03:27,2.55
23:03:28,2.55
23:03:29,2.55
23:03:30,2.55
23:03:31,2.55
23:03:32,2.55
23:03:33,2.55
23:03:34,2.55
23:03:35,2.55
23:03:36,2.55
23:03:37,2.55
23:03:38,2.55
23:03:39,2.55
23:03:40,2.55
23:03:41,2.55
23:03:42,2.55
23:03:43,2.55
23:03:44,2.55
23:03:45,2.55
23:03:46,2.55
23:03:47,2.55
23:03:48,2.55
23:03:49,2.55
23:03:50,2.55
23:03:51,2.55
23:03:52,2.55
23:03:53,2.55
23:03:54,2.55
23:03:55,2.55
23:03:56,2.55
23:03:57,2.55
23:03:58,2.55
23:03:59,2.55
23:04:00,2.55
23:04:01,2.55
23:04:02,2.55
23:04:03,2.55
23:04:04,2.55
23:04:05,2.55
23:04:06,2.55
23:04:07,2.55
23:04:08,2.55
23:04:09,2.55
23:04:10,2.55
23:04:11,2.55
23:04:12,2.55
23:04:13,2.55
23:04:14,2.55
23:04:15,2.55
23:04:16,2.55
23:04:17,2.55
23:04:18,2.55
23:04:19,2.55
23:04:20,2.55
23:04:21,2.55
23:04:22,2.55
23:04:23,2.55
23:04:24,2.55
23:04:25,2.55
23:04:26,2.55
23:04:27,2.55
23:04:28,2.55
23:04:29,2.55
23:04:30,2.55
23:04:31,2.55
23:04:32,2.55
23:04:33,2.55
23:04:34,2.55
23:04:35,2.55
23:04:36,2.55
23:04:37,2.55
23:04:38,2.55
23:04:39,2.55
23:04:40,2.55
23:04:41,2.55
23:04:42,2.55
23:04:43,2.55
23:04:44,2.55
23:04:45,2.55
23:04:46,2.55
23:04:47,2.55
23:04:48,2.55
23:04:49,2.55
23:04:50,2.55
23:04:51,2.55
23:04:52,2.55
23:04:53,2.55
23:04:54,2.55
23:04:55,2.55
23:04:56,2.55
23:04:57,2.55
23:04:58,2.55
23:04:59,2.55
23:05:00,2.55
23:05:01,2.55
23:05:02,2.55
23:05:03,2.55
23:05:04,2.55
23:05:05,2.55
23:05:06,2.55
23:05:07,2.55
23:05:08,2.55
23:05:09,2.55
23:05:10,2.55
23:05:11,2.55
23:05:12,2.55
23:05:13,2.55
23:05:14,2.55
23:05:15,2.55
23:05:16,2.55
23:05:17,2.55
23:05:18,2.55
23:05:19,2.55
23:05:20,2.55
23:05:21,2.55
23:05:22,2.55
23:05:23,2.55
23:05:24,2.55
23:05:25,2.55
23:05:26,2.55
23:05:27,2.55
23:05:28,2.55
23:05:29,2.55
23:05:30,2.55
23:05:31,2.55
23:05:32,2.55
23:05:33,2.55
23:05:34,2.55
23:05:35,2.55
23:05:36,2.55
23:05:37,2.55
23:05:38,2.55
23:05:39,2.55
23:05:40,2.55
23:05:41,2.55
23:05:42,2.55
23:05:43,2.55
23:05:44,2.55
23:05:45,2.55
23:05:46,2.55
23:05:47,2.55
23:05:48,2.55
23:05:49,2.55
23:05:50,2.55
23:05:51,2.55
23:05:52,2.55
23:05:53,2.55
23:05:54,2.55
23:05:55,2.55
23:05:56,2.55
23:05:57,2.55
23:05:58,2.55
23:05:59,2.55
23:06:00,2.55
23:06:01,2.55
23:06:02,2.55
23:06:03,2.55
23:06:04,2.55
23:06:05,2.55
23:06:06,2.55
23:06:07,2.55
23:06:08,2.55
23:06:09,2.55
23:06:10,2.55
23:06:11,2.55
23:06:12,2.55
23:06:13,2.55
23:06:14,2.55
23:06:15,2.55
23:06:16,2.55
23:06:17,2.55
23:06:18,2.55
23:06:19,2.55
23:06:20,2.55
23:06:21,2.55
23:06:22,2.55
23:06:23,2.55
23:06:24,2.55
23:06:25,2.55
23:06:26,2.55
23:06:27,2.55
23:06:28,2.55
23:06:29,2.55
23:06:30,2.55
23:06:31,2.55
23:06:32,2.55
23:06:33,2.55
23:06:34,2.55
23:06:35,2.55
23:06:36,2.55
23:06:37,2.55
23:06:38,2.55
23:06:39,2.55
23:06:40,2.55
23:06:41,2.55
23:06:42,2.55
23:06:43,2.55
23:06:44,2.55
23:06:45,2.55
23:06:46,2.55
23:06:47,2.55
23:06:48,2.55
23:06:49,2.55
23:06:50,2.55
23:06:51,2.55
23:06:52,2.55
23:06:53,2.55
23:06:54,2.55
23:06:55,2.55
23:06:56,2.55
23:06:57,2.55
23:06:58,2.55
23:06:59,2.55
23:07:00,2.55
23:07:01,2.55
23:07:02,2.55
23:07:03,2.55
23:07:04,2.55
23:07:05,2.55
23:07:06,2.55
23:07:07,2.55
23:07:08,2.55
23:07:09,2.55
23:07:10,2.55
23:07:11,2.55
23:07:12,2.55
23:07:13,2.55
23:07:14,2.55
23:07:15,2.55
23:07:16,2.55
23:07:17,2.55
23:07:18,2.55
23:07:19,2.55
23:07:20,2.55
23:07:21,2.55
23:07:22,2.55
23:07:23,2.55
23:07:24,2.55
23:07:25,2.55
23:07:26,2.55
23:07:27,2.55
23:07:28,2.55
23:07:29,2.55
23:07:30,2.55
23:07:31,2.55
23:07:32,2.55
23:07:33,2.55
23:07:34,2.55
23:07:35,2.55
23:07:36,2.55
23:07:37,2.55
23:07:38,2.55
23:07:39,2.55
23:07:40,2.55
23:07:41,2.55
23:07:42,2.55
23:07:43,2.55
23:07:44,2.55
23:07:45,2.55
23:07:46,2.55
23:07:47,2.55
23:07:48,2.55
23:07:49,2.55
23:07:50,2.55
23:07:51,2.55
23:07:52,2.55
23:07:53,2.55
23:07:54,2.55
23:07:55,2.55
23:07:56,2.55
23:07:57,2.55
23:07:58,2.55
23:07:59,2.55
23:08:00,2.55
23:08:01,2.55
23:08:02,2.55
23:08:03,2.55
23:08:04,2.55
23:08:05,2.55
23:08:06,2.55
23:08:07,2.55
23:08:08,2.55
23:08:09,2.55
23:08:10,2.55
23:08:11,2.55
23:08:12,2.55
23:08:13,2.55
23:08:14,2.55
23:08:15,2.55
23:08:16,2.55
23:08:17,2.55
23:08:18,2.55
23:08:19,2.55
23:08:20,2.55
23:08:21,2.55
23:08:22,2.55
23:08:23,2.55
23:08:24,2.55
23:08:25,2.55
23:08:26,2.55
23:08:27,2.55
23:08:28,2.55
23:08:29,2.55
23:08:30,2.55
23:08:31,2.55
23:08:32,2.55
23:08:33,2.55
23:08:34,2.55
23:08:35,2.55
23:08:36,2.55
23:08:37,2.55
23:08:38,2.55
23:08:39,2.55
23:08:40,2.55
23:08:41,2.55
23:08:42,2.55
23:08:43,2.55
23:08:44,2.55
23:08:45,2.55
23:08:46,2.55
23:08:47,2.55
23:08:48,2.55
23:08:49,2.55
23:08:50,2.55
23:08:51,2.55
23:08:52,2.55
23:08:53,2.55
23:08:54,2.55
23:08:55,2.55
23:08:56,2.55
23:08:57,2.55
23:08:58,2.55
23:08:59,2.55
23:09:00,2.55
23:09:01,2.55
23:09:02,2.55
23:09:03,2.55
23:09:04,2.55
23:09:05,2.55
23:09:06,2.55
23:09:07,2.55
23:09:08,2.55
23:09:09,2.55
23:09:10,2.55
23:09:11,2.55
23:09:12,2.55
23:09:13,2.55
23:09:14,2.55
23:09:15,2.55
23:09:16,2.55
23:09:17,2.55
23:09:18,2.55
23:09:19,2.55
23:09:20,2.55
23:09:21,2.55
23:09:22,2.55
23:09:23,2.55
23:09:24,2.55
23:09:25,2.55
23:09:26,2.55
23:09:27,2.55
23:09:28,2.55
23:09:29,2.55
23:09:30,2.55
23:09:31,2.55
23:09:32,2.55
23:09:33,2.55
23:09:34,2.55
23:09:35,2.55
23:09:36,2.55
23:09:37,2.55
23:09:38,2.55
23:09:39,2.55
23:09:40,2.55
23:09:41,2.55
23:09:42,2.55
23:09:43,2.55
23:09:44,2.55
23:09:45,2.55
23:09:46,2.55
23:09:47,2.55
23:09:48,2.55
23:09:49,2.55
23:09:50,2.55
23:09:51,2.55
23:09:52,2.55
23:09:53,2.55
23:09:54,2.55
23:09:55,2.55
23:09:56,2.55
23:09:57,2.55
23:09:58,2.55
23:09:59,2.55
23:10:00,2.55
23:10:01,2.55
23:10:02,2.55
23:10:03,2.55
23:10:04,2.55
23:10:05,2.55
23:10:06,2.55
23:10:07,2.55
23:10:08,2.55
23:10:09,2.55
23:10:10,2.55
23:10:11,2.55
23:10:12,2.55
23:10:13,2.55
23:10:14,2.55
23:10:15,2.55
23:10:16,2.55
23:10:17,2.55
23:10:18,2.55
23:10:19,2.55
23:10:20,2.55
23:10:21,2.55
23:10:22,2.55
23:10:23,2.55
23:10:24,2.55
23:10:25,2.55
23:10:26,2.55
23:10:27,2.55
23:10:28,2.55
23:10:29,2.55
23:10:30,2.55
23:10:31,2.55
23:10:32,2.55
23:10:33,2.55
23:10:34,2.55
23:10:35,2.55
23:10:36,2.55
23:10:37,2.55
23:10:38,2.55
23:10:39,2.55
23:10:40,2.55
23:10:41,2.55
23:10:42,2.55
23:10:43,2.55
23:10:44,2.55
23:10:45,2.55
23:10:46,2.55
23:10:47,2.55
23:10:48,2.55
23:10:49,2.55
23:10:50,2.55
23:10:51,2.55
23:10:52,2.55
23:10:53,2.55
23:10:54,2.55
23:10:55,2.55
23:10:56,2.55
23:10:57,2.55
23:10:58,2.55
23:10:59,2.55
23:11:00,2.55
23:11:01,2.55
23:11:02,2.55
23:11:03,2.55
23:11:04,2.55
23:11:05,2.55
23:11:06,2.55
23:11:07,2.55
23:11:08,2.55
23:11:09,2.55
23:11:10,2.55
23:11:11,2.55
23:11:12,2.55
23:11:13,2.55
23:11:14,2.55
23:11:15,2.55
23:11:16,2.55
23:11:17,2.55
23:11:18,2.55
23:11:19,2.55
23:11:20,2.55
23:11:21,2.55
23:11:22,2.55
23:11:23,2.55
23:11:24,2.55
23:11:25,2.55
23:11:26,2.55
23:11:27,2.55
23:11:28,2.55
23:11:29,2.55
23:11:30,2.55
23:11:31,2.55
23:11:32,2.55
23:11:33,2.55
23:11:34,2.55
23:11:35,2.55
23:11:36,2.55
23:11:37,2.55
23:11:38,2.55
23:11:39,2.55
23:11:40,2.55
23:11:41,2.55
23:11:42,2.55
23:11:43,2.55
23:11:44,2.55
23:11:45,2.55
23:11:46,2.55
23:11:47,2.55
23:11:48,2.55
23:11:49,2.55
23:11:50,2.55
23:11:51,2.55
23:11:52,2.55
23:11:53,2.55
23:11:54,2.55
23:11:55,2.55
23:11:56,2.55
23:11:57,2.55
23:11:58,2.55
23:11:59,2.55
23:12:00,2.55
23:12:01,2.55
23:12:02,2.55
23:12:03,2.55
23:12:04,2.55
23:12:05,2.55
23:12:06,2.55
23:12:07,2.55
23:12:08,2.55
23:12:09,2.55
23:12:10,2.55
23:12:11,2.55
23:12:12,2.55
23:12:13,2.55
23:12:14,2.55
23:12:15,2.55
23:12:16,2.55
23:12:17,2.55
23:12:18,2.55
23:12:19,2.55
23:12:20,2.55
23:12:21,2.55
23:12:22,2.55
23:12:23,2.55
23:12:24,2.55
23:12:25,2.55
23:12:26,2.55
23:12:27,2.55
23:12:28,2.55
23:12:29,2.55
23:12:30,2.55
23:12:31,2.55
23:12:32,2.55
23:12:33,2.55
23:12:34,2.55
23:12:35,2.55
23:12:36,2.55
23:12:37,2.55
23:12:38,2.55
23:12:39,2.55
23:12:40,2.55
23:12:41,2.55
23:12:42,2.55
23:12:43,2.55
23:12:44,2.55
23:12:45,2.55
23:12:46,2.55
23:12:47,2.55
23:12:48,2.55
23:12:49,2.55
23:12:50,2.55
23:12:51,2.55
23:12:52,2.55
23:12:53,2.55
23:12:54,2.55
23:12:55,2.55
23:12:56,2.55
23:12:57,2.55
23:12:58,2.55
23:12:59,2.55
23:13:00,2.55
23:13:01,2.55
23:13:02,2.55
23:13:03,2.55
23:13:04,2.55
23:13:05,2.55
23:13:06,2.55
23:13:07,2.55
23:13:08,2.55
23:13:09,2.55
23:13:10,2.55
23:13:11,2.55
23:13:12,2.55
23:13:13,2.55
23:13:14,2.55
23:13:15,2.55
23:13:16,2.55
23:13:17,2.55
23:13:18,2.55
23:13:19,2.55
23:13:20,2.55
23:13:21,2.55
23:13:22,2.55
23:13:23,2.55
23:13:24,2.55
23:13:25,2.55
23:13:26,2.55
23:13:27,2.55
23:13:28,2.55
23:13:29,2.55
23:13:30,2.55
23:13:31,2.55
23:13:32,2.55
23:13:33,2.55
23:13:34,2.55
23:13:35,2.55
23:13:36,2.55
23:13:37,2.55
23:13:38,2.55
23:13:39,2.55
23:13:40,2.55
23:13:41,2.55
23:13:42,2.55
23:13:43,2.55
23:13:44,2.55
23:13:45,2.55
23:13:46,2.55
23:13:47,2.55
23:13:48,2.55
23:13:49,2.55
23:13:50,2.55
23:13:51,2.55
23:13:52,2.55
23:13:53,2.55
23:13:54,2.55
23:13:55,2.55
23:13:56,2.55
23:13:57,2.55
23:13:58,2.55
23:13:59,2.55
23:14:00,2.55
23:14:01,2.55
23:14:02,2.55
23:14:03,2.55
23:14:04,2.55
23:14:05,2.55
23:14:06,2.55
23:14:07,2.55
23:14:08,2.55
23:14:09,2.55
23:14:10,2.55
23:14:11,2.55
23:14:12,2.55
23:14:13,2.55
23:14:14,2.55
23:14:15,2.55
23:14:16,2.55
23:14:17,2.55
23:14:18,2.55
23:14:19,2.55
23:14:20,2.55
23:14:21,2.55
23:14:22,2.55
23:14:23,2.55
23:14:24,2.55
23:14:25,2.55
23:14:26,2.55
23:14:27,2.55
23:14:28,2.55
23:14:29,2.55
23:14:30,2.55
23:14:31,2.55
23:14:32,2.55
23:14:33,2.55
23:14:34,2.55
23:14:35,2.55
23:14:36,2.55
23:14:37,2.55
23:14:38,2.55
23:14:39,2.55
23:14:40,2.55
23:14:41,2.55
23:14:42,2.55
23:14:43,2.55
23:14:44,2.55
23:14:45,2.55
23:14:46,2.55
23:14:47,2.55
23:14:48,2.55
23:14:49,2.55
23:14:50,2.55
23:14:51,2.55
23:14:52,2.55
23:14:53,2.55
23:14:54,2.55
23:14:55,2.55
23:14:56,2.55
23:14:57,2.55
23:14:58,2.55
23:14:59,2.55
23:15:00,2.55
23:15:01,2.55
23:15:02,2.55
23:15:03,2.55
23:15:04,2.55
23:15:05,2.55
23:15:06,2.55
23:15:07,2.55
23:15:08,2.55
23:15:09,2.55
23:15:10,2.55
23:15:11,2.55
23:15:12,2.55
23:15:13,2.55
23:15:14,2.55
23:15:15,2.55
23:15:16,2.55
23:15:17,2.55
23:15:18,2.55
23:15:19,2.55
23:15:20,2.55
23:15:21,2.55
23:15:22,2.55
23:15:23,2.55
23:15:24,2.55
23:15:25,2.55
23:15:26,2.55
23:15:27,2.55
23:15:28,2.55
23:15:29,2.55
23:15:30,2.55
23:15:31,2.55
23:15:32,2.55
23:15:33,2.55
23:15:34,2.55
23:15:35,2.55
23:15:36,2.55
23:15:37,2.55
23:15:38,2.55
23:15:39,2.55
23:15:40,2.55
23:15:41,2.55
23:15:42,2.55
23:15:43,2.55
23:15:44,2.55
23:15:45,2.55
23:15:46,2.55
23:15:47,2.55
23:15:48,2.55
23:15:49,2.55
23:15:50,2.55
23:15:51,2.55
23:15:52,2.55
23:15:53,2.55
23:15:54,2.55
23:15:55,2.55
23:15:56,2.55
23:15:57,2.55
23:15:58,2.55
23:15:59,2.55
23:16:00,2.55
23:16:01,2.55
23:16:02,2.55
23:16:03,2.55
23:16:04,2.55
23:16:05,2.55
23:16:06,2.55
23:16:07,2.55
23:16:08,2.55
23:16:09,2.55
23:16:10,2.55
23:16:11,2.55
23:16:12,2.55
23:16:13,2.55
23:16:14,2.55
23:16:15,2.55
23:16:16,2.55
23:16:17,2.55
23:16:18,2.55
23:16:19,2.55
23:16:20,2.55
23:16:21,2.55
23:16:22,2.55
23:16:23,2.55
23:16:24,2.55
23:16:25,2.55
23:16:26,2.55
23:16:27,2.55
23:16:28,2.55
23:16:29,2.55
23:16:30,2.55
23:16:31,2.55
23:16:32,2.55
23:16:33,2.55
23:16:34,2.55
23:16:35,2.55
23:16:36,2.55
23:16:37,2.55
23:16:38,2.55
23:16:39,2.55
23:16:40,2.55
23:16:41,2.55
23:16:42,2.55
23:16:43,2.55
23:16:44,2.55
23:16:45,2.55
23:16:46,2.55
23:16:47,2.55
23:16:48,2.55
23:16:49,2.55
23:16:50,2.55
23:16:51,2.55
23:16:52,2.55
23:16:53,2.55
23:16:54,2.55
23:16:55,2.55
23:16:56,2.55
23:16:57,2.55
23:16:58,2.55
23:16:59,2.55
23:17:00,2.55
23:17:01,2.55
23:17:02,2.55
23:17:03,2.55
23:17:04,2.55
23:17:05,2.55
23:17:06,2.55
23:17:07,2.55
23:17:08,2.55
23:17:09,2.55
23:17:10,2.55
23:17:11,2.55
23:17:12,2.55
23:17:13,2.55
23:17:14,2.55
23:17:15,2.55
23:17:16,2.55
23:17:17,2.55
23:17:18,2.55
23:17:19,2.55
23:17:20,2.55
23:17:21,2.55
23:17:22,2.55
23:17:23,2.55
23:17:24,2.55
23:17:25,2.55
23:17:26,2.55
23:17:27,2.55
23:17:28,2.55
23:17:29,2.55
23:17:30,2.55
23:17:31,2.55
23:17:32,2.55
23:17:33,2.55
23:17:34,2.55
23:17:35,2.55
23:17:36,2.55
23:17:37,2.55
23:17:38,2.55
23:17:39,2.55
23:17:40,2.55
23:17:41,2.55
23:17:42,2.55
23:17:43,2.55
23:17:44,2.55
23:17:45,2.55
23:17:46,2.55
23:17:47,2.55
23:17:48,2.55
23:17:49,2.55
23:17:50,2.55
23:17:51,2.55
23:17:52,2.55
23:17:53,2.55
23:17:54,2.55
23:17:55,2.55
23:17:56,2.55
23:17:57,2.55
23:17:58,2.55
23:17:59,2.55
23:18:00,2.55
23:18:01,2.55
23:18:02,2.55
23:18:03,2.55
23:18:04,2.55
23:18:05,2.55
23:18:06,2.55
23:18:07,2.55
23:18:08,2.55
23:18:09,2.55
23:18:10,2.55
23:18:11,2.55
23:18:12,2.55
23:18:13,2.55
23:18:14,2.55
23:18:15,2.55
23:18:16,2.55
23:18:17,2.55
23:18:18,2.55
23:18:19,2.55
23:18:20,2.55
23:18:21,2.55
23:18:22,2.55
23:18:23,2.55
23:18:24,2.55
23:18:25,2.55
23:18:26,2.55
23:18:27,2.55
23:18:28,2.55
23:18:29,2.55
23:18:30,2.55
23:18:31,2.55
23:18:32,2.55
23:18:33,2.55
23:18:34,2.55
23:18:35,2.55
23:18:36,2.55
23:18:37,2.55
23:18:38,2.55
23:18:39,2.55
23:18:40,2.55
23:18:41,2.55
23:18:42,2.55
23:18:43,2.55
23:18:44,2.55
23:18:45,2.55
23:18:46,2.55
23:18:47,2.55
23:18:48,2.55
23:18:49,2.55
23:18:50,2.55
23:18:51,2.55
23:18:52,2.55
23:18:53,2.55
23:18:54,2.55
23:18:55,2.55
23:18:56,2.55
23:18:57,2.55
23:18:58,2.55
23:18:59,2.55
23:19:00,2.55
23:19:01,2.55
23:19:02,2.55
23:19:03,2.55
23:19:04,2.55
23:19:05,2.55
23:19:06,2.55
23:19:07,2.55
23:19:08,2.55
23:19:09,2.55
23:19:10,2.55
23:19:11,2.55
23:19:12,2.55
23:19:13,2.55
23:19:14,2.55
23:19:15,2.55
23:19:16,2.55
23:19:17,2.55
23:19:18,2.55
23:19:19,2.55
23:19:20,2.55
23:19:21,2.55
23:19:22,2.55
23:19:23,2.55
23:19:24,2.55
23:19:25,2.55
23:19:26,2.55
23:19:27,2.55
23:19:28,2.55
23:19:29,2.55
23:19:30,2.55
23:19:31,2.55
23:19:32,2.55
23:19:33,2.55
23:19:34,2.55
23:19:35,2.55
23:19:36,2.55
23:19:37,2.55
23:19:38,2.55
23:19:39,2.55
23:19:40,2.55
23:19:41,2.55
23:19:42,2.55
23:19:43,2.55
23:19:44,2.55
23:19:45,2.55
23:19:46,2.55
23:19:47,2.55
23:19:48,2.55
23:19:49,2.55
23:19:50,2.55
23:19:51,2.55
23:19:52,2.55
23:19:53,2.55
23:19:54,2.55
23:19:55,2.55
23:19:56,2.55
23:19:57,2.55
23:19:58,2.55
23:19:59,2.55
23:20:00,2.55
23:20:01,2.55
23:20:02,2.55
23:20:03,2.55
23:20:04,2.55
23:20:05,2.55
23:20:06,2.55
23:20:07,2.55
23:20:08,2.55
23:20:09,2.55
23:20:10,2.55
23:20:11,2.55
23:20:12,2.55
23:20:13,2.55
23:20:14,2.55
23:20:15,2.55
23:20:16,2.55
23:20:17,2.55
23:20:18,2.55
23:20:19,2.55
23:20:20,2.55
23:20:21,2.55
23:20:22,2.55
23:20:23,2.55
23:20:24,2.55
23:20:25,2.55
23:20:26,2.55
23:20:27,2.55
23:20:28,2.55
23:20:29,2.55
23:20:30,2.55
23:20:31,2.55
23:20:32,2.55
23:20:33,2.55
23:20:34,2.55
23:20:35,2.55
23:20:36,2.55
23:20:37,2.55
23:20:38,2.55
23:20:39,2.55
23:20:40,2.55
23:20:41,2.55
23:20:42,2.55
23:20:43,2.55
23:20:44,2.55
23:20:45,2.55
23:20:46,2.55
23:20:47,2.55
23:20:48,2.55
23:20:49,2.55
23:20:50,2.55
23:20:51,2.55
23:20:52,2.55
23:20:53,2.55
23:20:54,2.55
23:20:55,2.55
23:20:56,2.55
23:20:57,2.55
23:20:58,2.55
23:20:59,2.55
23:21:00,2.55
23:21:01,2.55
23:21:02,2.55
23:21:03,2.55
23:21:04,2.55
23:21:05,2.55
23:21:06,2.55
23:21:07,2.55
23:21:08,2.55
23:21:09,2.55
23:21:10,2.55
23:21:11,2.55
23:21:12,2.55
23:21:13,2.55
23:21:14,2.55
23:21:15,2.55
23:21:16,2.55
23:21:17,2.55
23:21:18,2.55
23:21:19,2.55
23:21:20,2.55
23:21:21,2.55
23:21:22,2.55
23:21:23,2.55
23:21:24,2.55
23:21:25,2.55
23:21:26,2.55
23:21:27,2.55
23:21:28,2.55
23:21:29,2.55
23:21:30,2.55
23:21:31,2.55
23:21:32,2.55
23:21:33,2.55
23:21:34,2.55
23:21:35,2.55
23:21:36,2.55
23:21:37,2.55
23:21:38,2.55
23:21:39,2.55
23:21:40,2.55
23:21:41,2.55
23:21:42,2.55
23:21:43,2.55
23:21:44,2.55
23:21:45,2.55
23:21:46,2.55
23:21:47,2.55
23:21:48,2.55
23:21:49,2.55
23:21:50,2.55
23:21:51,2.55
23:21:52,2.55
23:21:53,2.55
23:21:54,2.55
23:21:55,2.55
23:21:56,2.55
23:21:57,2.55
23:21:58,2.55
23:21:59,2.55
23:22:00,2.55
23:22:01,2.55
23:22:02,2.55
23:22:03,2.55
23:22:04,2.55
23:22:05,2.55
23:22:06,2.55
23:22:07,2.55
23:22:08,2.55
23:22:09,2.55
23:22:10,2.55
23:22:11,2.55
23:22:12,2.55
23:22:13,2.55
23:22:14,2.55
23:22:15,2.55
23:22:16,2.55
23:22:17,2.55
23:22:18,2.55
23:22:19,2.55
23:22:20,2.55
23:22:21,2.55
23:22:22,2.55
23:22:23,2.55
23:22:24,2.55
23:22:25,2.55
23:22:26,2.55
23:22:27,2.55
23:22:28,2.55
23:22:29,2.55
23:22:30,2.55
23:22:31,2.55
23:22:32,2.55
23:22:33,2.55
23:22:34,2.55
23:22:35,2.55
23:22:36,2.55
23:22:37,2.55
23:22:38,2.55
23:22:39,2.55
23:22:40,2.55
23:22:41,2.55
23:22:42,2.55
23:22:43,2.55
23:22:44,2.55
23:22:45,2.55
23:22:46,2.55
23:22:47,2.55
23:22:48,2.55
23:22:49,2.55
23:22:50,2.55
23:22:51,2.55
23:22:52,2.55
23:22:53,2.55
23:22:54,2.55
23:22:55,2.55
23:22:56,2.55
23:22:57,2.55
23:22:58,2.55
23:22:59,2.55
23:23:00,2.55
23:23:01,2.55
23:23:02,2.55
23:23:03,2.55
23:23:04,2.55
23:23:05,2.55
23:23:06,2.55
23:23:07,2.55
23:23:08,2.55
23:23:09,2.55
23:23:10,2.55
23:23:11,2.55
23:23:12,2.55
23:23:13,2.55
23:23:14,2.55
23:23:15,2.55
23:23:16,2.55
23:23:17,2.55
23:23:18,2.55
23:23:19,2.55
23:23:20,2.55
23:23:21,2.55
23:23:22,2.55
23:23:23,2.55
23:23:24,2.55
23:23:25,2.55
23:23:26,2.55
23:23:27,2.55
23:23:28,2.55
23:23:29,2.55
23:23:30,2.55
23:23:31,2.55
23:23:32,2.55
23:23:33,2.55
23:23:34,2.55
23:23:35,2.55
23:23:36,2.55
23:23:37,2.55
23:23:38,2.55
23:23:39,2.55
23:23:40,2.55
23:23:41,2.55
23:23:42,2.55
23:23:43,2.55
23:23:44,2.55
23:23:45,2.55
23:23:46,2.55
23:23:47,2.55
23:23:48,2.55
23:23:49,2.55
23:23:50,2.55
23:23:51,2.55
23:23:52,2.55
23:23:53,2.55
23:23:54,2.55
23:23:55,2.55
23:23:56,2.55
23:23:57,2.55
23:23:58,2.55
23:23:59,2.55
23:24:00,2.55
23:24:01,2.55
23:24:02,2.55
23:24:03,2.55
23:24:04,2.55
23:24:05,2.55
23:24:06,2.55
23:24:07,2.55
23:24:08,2.55
23:24:09,2.55
23:24:10,2.55
23:24:11,2.55
23:24:12,2.55
23:24:13,2.55
23:24:14,2.55
23:24:15,2.55
23:24:16,2.55
23:24:17,2.55
23:24:18,2.55
23:24:19,2.55
23:24:20,2.55
23:24:21,2.55
23:24:22,2.55
23:24:23,2.55
23:24:24,2.55
23:24:25,2.55
23:24:26,2.55
23:24:27,2.55
23:24:28,2.55
23:24:29,2.55
23:24:30,2.55
23:24:31,2.55
23:24:32,2.55
23:24:33,2.55
23:24:34,2.55
23:24:35,2.55
23:24:36,2.55
23:24:37,2.55
23:24:38,2.55
23:24:39,2.55
23:24:40,2.55
23:24:41,2.55
23:24:42,2.55
23:24:43,2.55
23:24:44,2.55
23:24:45,2.55
23:24:46,2.55
23:24:47,2.55
23:24:48,2.55
23:24:49,2.55
23:24:50,2.55
23:24:51,2.55
23:24:52,2.55
23:24:53,2.55
23:24:54,2.55
23:24:55,2.55
23:24:56,2.55
23:24:57,2.55
23:24:58,2.55
23:24:59,2.55
23:25:00,2.55
23:25:01,2.55
23:25:02,2.55
23:25:03,2.55
23:25:04,2.55
23:25:05,2.55
23:25:06,2.55
23:25:07,2.55
23:25:08,2.55
23:25:09,2.55
23:25:10,2.55
23:25:11,2.55
23:25:12,2.55
23:25:13,2.55
23:25:14,2.55
23:25:15,2.55
23:25:16,2.55
23:25:17,2.55
23:25:18,2.55
23:25:19,2.55
23:25:20,2.55
23:25:21,2.55
23:25:22,2.55
23:25:23,2.55
23:25:24,2.55
23:25:25,2.55
23:25:26,2.55
23:25:27,2.55
23:25:28,2.55
23:25:29,2.55
23:25:30,2.55
23:25:31,2.55
23:25:32,2.55
23:25:33,2.55
23:25:34,2.55
23:25:35,2.55
23:25:36,2.55
23:25:37,2.55
23:25:38,2.55
23:25:39,2.55
23:25:40,2.55
23:25:41,2.55
23:25:42,2.55
23:25:43,2.55
23:25:44,2.55
23:25:45,2.55
23:25:46,2.55
23:25:47,2.55
23:25:48,2.55
23:25:49,2.55
23:25:50,2.55
23:25:51,2.55
23:25:52,2.55
23:25:53,2.55
23:25:54,2.55
23:25:55,2.55
23:25:56,2.55
23:25:57,2.55
23:25:58,2.55
23:25:59,2.55
23:26:00,2.55
23:26:01,2.55
23:26:02,2.55
23:26:03,2.55
23:26:04,2.55
23:26:05,2.55
23:26:06,2.55
23:26:07,2.55
23:26:08,2.55
23:26:09,2.55
23:26:10,2.55
23:26:11,2.55
23:26:12,2.55
23:26:13,2.55
23:26:14,2.55
23:26:15,2.55
23:26:16,2.55
23:26:17,2.55
23:26:18,2.55
23:26:19,2.55
23:26:20,2.55
23:26:21,2.55
23:26:22,2.55
23:26:23,2.55
23:26:24,2.55
23:26:25,2.55
23:26:26,2.55
23:26:27,2.55
23:26:28,2.55
23:26:29,2.55
23:26:30,2.55
23:26:31,2.55
23:26:32,2.55
23:26:33,2.55
23:26:34,2.55
23:26:35,2.55
23:26:36,2.55
23:26:37,2.55
23:26:38,2.55
23:26:39,2.55
23:26:40,2.55
23:26:41,2.55
23:26:42,2.55
23:26:43,2.55
23:26:44,2.55
23:26:45,2.55
23:26:46,2.55
23:26:47,2.55
23:26:48,2.55
23:26:49,2.55
23:26:50,2.55
23:26:51,2.55
23:26:52,2.55
23:26:53,2.55
23:26:54,2.55
23:26:55,2.55
23:26:56,2.55
23:26:57,2.55
23:26:58,2.55
23:26:59,2.55
23:27:00,2.55
23:27:01,2.55
23:27:02,2.55
23:27:03,2.55
23:27:04,2.55
23:27:05,2.55
23:27:06,2.55
23:27:07,2.55
23:27:08,2.55
23:27:09,2.55
23:27:10,2.55
23:27:11,2.55
23:27:12,2.55
23:27:13,2.55
23:27:14,2.55
23:27:15,2.55
23:27:16,2.55
23:27:17,2.55
23:27:18,2.55
23:27:19,2.55
23:27:20,2.55
23:27:21,2.55
23:27:22,2.55
23:27:23,2.55
23:27:24,2.55
23:27:25,2.55
23:27:26,2.55
23:27:27,2.55
23:27:28,2.55
23:27:29,2.55
23:27:30,2.55
23:27:31,2.55
23:27:32,2.55
23:27:33,2.55
23:27:34,2.55
23:27:35,2.55
23:27:36,2.55
23:27:37,2.55
23:27:38,2.55
23:27:39,2.55
23:27:40,2.55
23:27:41,2.55
23:27:42,2.55
23:27:43,2.55
23:27:44,2.55
23:27:45,2.55
23:27:46,2.55
23:27:47,2.55
23:27:48,2.55
23:27:49,2.55
23:27:50,2.55
23:27:51,2.55
23:27:52,2.55
23:27:53,2.55
23:27:54,2.55
23:27:55,2.55
23:27:56,2.55
23:27:57,2.55
23:27:58,2.55
23:27:59,2.55
23:28:00,2.55
23:28:01,2.55
23:28:02,2.55
23:28:03,2.55
23:28:04,2.55
23:28:05,2.55
23:28:06,2.55
23:28:07,2.55
23:28:08,2.55
23:28:09,2.55
23:28:10,2.55
23:28:11,2.55
23:28:12,2.55
23:28:13,2.55
23:28:14,2.55
23:28:15,2.55
23:28:16,2.55
23:28:17,2.55
23:28:18,2.55
23:28:19,2.55
23:28:20,2.55
23:28:21,2.55
23:28:22,2.55
23:28:23,2.55
23:28:24,2.55
23:28:25,2.55
23:28:26,2.55
23:28:27,2.55
23:28:28,2.55
23:28:29,2.55
23:28:30,2.55
23:28:31,2.55
23:28:32,2.55
23:28:33,2.55
23:28:34,2.55
23:28:35,2.55
23:28:36,2.55
23:28:37,2.55
23:28:38,2.55
23:28:39,2.55
23:28:40,2.55
23:28:41,2.55
23:28:42,2.55
23:28:43,2.55
23:28:44,2.55
23:28:45,2.55
23:28:46,2.55
23:28:47,2.55
23:28:48,2.55
23:28:49,2.55
23:28:50,2.55
23:28:51,2.55
23:28:52,2.55
23:28:53,2.55
23:28:54,2.55
23:28:55,2.55
23:28:56,2.55
23:28:57,2.55
23:28:58,2.55
23:28:59,2.55
23:29:00,2.55
23:29:01,2.55
23:29:02,2.55
23:29:03,2.55
23:29:04,2.55
23:29:05,2.55
23:29:06,2.55
23:29:07,2.55
23:29:08,2.55
23:29:09,2.55
23:29:10,2.55
23:29:11,2.55
23:29:12,2.55
23:29:13,2.55
23:29:14,2.55
23:29:15,2.55
23:29:16,2.55
23:29:17,2.55
23:29:18,2.55
23:29:19,2.55
23:29:20,2.55
23:29:21,2.55
23:29:22,2.55
23:29:23,2.55
23:29:24,2.55
23:29:25,2.55
23:29:26,2.55
23:29:27,2.55
23:29:28,2.55
23:29:29,2.55
23:29:30,2.55
23:29:31,2.55
23:29:32,2.55
23:29:33,2.55
23:29:34,2.55
23:29:35,2.55
23:29:36,2.55
23:29:37,2.55
23:29:38,2.55
23:29:39,2.55
23:29:40,2.55
23:29:41,2.55
23:29:42,2.55
23:29:43,2.55
23:29:44,2.55
23:29:45,2.55
23:29:46,2.55
23:29:47,2.55
23:29:48,2.55
23:29:49,2.55
23:29:50,2.55
23:29:51,2.55
23:29:52,2.55
23:29:53,2.55
23:29:54,2.55
23:29:55,2.55
23:29:56,2.55
23:29:57,2.55
23:29:58,2.55
23:29:59,2.55
23:30:00,2.55
23:30:01,2.55
23:30:02,2.55
23:30:03,2.55
23:30:04,2.55
23:30:05,2.55
23:30:06,2.55
23:30:07,2.55
23:30:08,2.55
23:30:09,2.55
23:30:10,2.55
23:30:11,2.55
23:30:12,2.55
23:30:13,2.55
23:30:14,2.55
23:30:15,2.55
23:30:16,2.55
23:30:17,2.55
23:30:18,2.55
23:30:19,2.55
23:30:20,2.55
23:30:21,2.55
23:30:22,2.55
23:30:23,2.55
23:30:24,2.55
23:30:25,2.55
23:30:26,2.55
23:30:27,2.55
23:30:28,2.55
23:30:29,2.55
23:30:30,2.55
23:30:31,2.55
23:30:32,2.55
23:30:33,2.55
23:30:34,2.55
23:30:35,2.55
23:30:36,2.55
23:30:37,2.55
23:30:38,2.55
23:30:39,2.55
23:30:40,2.55
23:30:41,2.55
23:30:42,2.55
23:30:43,2.55
23:30:44,2.55
23:30:45,2.55
23:30:46,2.55
23:30:47,2.55
23:30:48,2.55
23:30:49,2.55
23:30:50,2.55
23:30:51,2.55
23:30:52,2.55
23:30:53,2.55
23:30:54,2.55
23:30:55,2.55
23:30:56,2.55
23:30:57,2.55
23:30:58,2.55
23:30:59,2.55
23:31:00,2.55
23:31:01,2.55
23:31:02,2.55
23:31:03,2.55
23:31:04,2.55
23:31:05,2.55
23:31:06,2.55
23:31:07,2.55
23:31:08,2.55
23:31:09,2.55
23:31:10,2.55
23:31:11,2.55
23:31:12,2.55
23:31:13,2.55
23:31:14,2.55
23:31:15,2.55
23:31:16,2.55
23:31:17,2.55
23:31:18,2.55
23:31:19,2.55
23:31:20,2.55
23:31:21,2.55
23:31:22,2.55
23:31:23,2.55
23:31:24,2.55
23:31:25,2.55
23:31:26,2.55
23:31:27,2.55
23:31:28,2.55
23:31:29,2.55
23:31:30,2.55
23:31:31,2.55
23:31:32,2.55
23:31:33,2.55
23:31:34,2.55
23:31:35,2.55
23:31:36,2.55
23:31:37,2.55
23:31:38,2.55
23:31:39,2.55
23:31:40,2.55
23:31:41,2.55
23:31:42,2.55
23:31:43,2.55
23:31:44,2.55
23:31:45,2.55
23:31:46,2.55
23:31:47,2.55
23:31:48,2.55
23:31:49,2.55
23:31:50,2.55
23:31:51,2.55
23:31:52,2.55
23:31:53,2.55
23:31:54,2.55
23:31:55,2.55
23:31:56,2.55
23:31:57,2.55
23:31:58,2.55
23:31:59,2.55
23:32:00,2.55
23:32:01,2.55
23:32:02,2.55
23:32:03,2.55
23:32:04,2.55
23:32:05,2.55
23:32:06,2.55
23:32:07,2.55
23:32:08,2.55
23:32:09,2.55
23:32:10,2.55
23:32:11,2.55
23:32:12,2.55
23:32:13,2.55
23:32:14,2.55
23:32:15,2.55
23:32:16,2.55
23:32:17,2.55
23:32:18,2.55
23:32:19,2.55
23:32:20,2.55
23:32:21,2.55
23:32:22,2.55
23:32:23,2.55
23:32:24,2.55
23:32:25,2.55
23:32:26,2.55
23:32:27,2.55
23:32:28,2.55
23:32:29,2.55
23:32:30,2.55
23:32:31,2.55
23:32:32,2.55
23:32:33,2.55
23:32:34,2.55
23:32:35,2.55
23:32:36,2.55
23:32:37,2.55
23:32:38,2.55
23:32:39,2.55
23:32:40,2.55
23:32:41,2.55
23:32:42,2.55
23:32:43,2.55
23:32:44,2.55
23:32:45,2.55
23:32:46,2.55
23:32:47,2.55
23:32:48,2.55
23:32:49,2.55
23:32:50,2.55
23:32:51,2.55
23:32:52,2.55
23:32:53,2.55
23:32:54,2.55
23:32:55,2.55
23:32:56,2.55
23:32:57,2.55
23:32:58,2.55
23:32:59,2.55
23:33:00,2.55
23:33:01,2.55
23:33:02,2.55
23:33:03,2.55
23:33:04,2.55
23:33:05,2.55
23:33:06,2.55
23:33:07,2.55
23:33:08,2.55
23:33:09,2.55
23:33:10,2.55
23:33:11,2.55
23:33:12,2.55
23:33:13,2.55
23:33:14,2.55
23:33:15,2.55
23:33:16,2.55
23:33:17,2.55
23:33:18,2.55
23:33:19,2.55
23:33:20,2.55
23:33:21,2.55
23:33:22,2.55
23:33:23,2.55
23:33:24,2.55
23:33:25,2.55
23:33:26,2.55
23:33:27,2.55
23:33:28,2.55
23:33:29,2.55
23:33:30,2.55
23:33:31,2.55
23:33:32,2.55
23:33:33,2.55
23:33:34,2.55
23:33:35,2.55
23:33:36,2.55
23:33:37,2.55
23:33:38,2.55
23:33:39,2.55
23:33:40,2.55
23:33:41,2.55
23:33:42,2.55
23:33:43,2.55
23:33:44,2.55
23:33:45,2.55
23:33:46,2.55
23:33:47,2.55
23:33:48,2.55
23:33:49,2.55
23:33:50,2.55
23:33:51,2.55
23:33:52,2.55
23:33:53,2.55
23:33:54,2.55
23:33:55,2.55
23:33:56,2.55
23:33:57,2.55
23:33:58,2.55
23:33:59,2.55
23:34:00,2.55
23:34:01,2.55
23:34:02,2.55
23:34:03,2.55
23:34:04,2.55
23:34:05,2.55
23:34:06,2.55
23:34:07,2.55
23:34:08,2.55
23:34:09,2.55
23:34:10,2.55
23:34:11,2.55
23:34:12,2.55
23:34:13,2.55
23:34:14,2.55
23:34:15,2.55
23:34:16,2.55
23:34:17,2.55
23:34:18,2.55
23:34:19,2.55
23:34:20,2.55
23:34:21,2.55
23:34:22,2.55
23:34:23,2.55
23:34:24,2.55
23:34:25,2.55
23:34:26,2.55
23:34:27,2.55
23:34:28,2.55
23:34:29,2.55
23:34:30,2.55
23:34:31,2.55
23:34:32,2.55
23:34:33,2.55
23:34:34,2.55
23:34:35,2.55
23:34:36,2.55
23:34:37,2.55
23:34:38,2.55
23:34:39,2.55
23:34:40,2.55
23:34:41,2.55
23:34:42,2.55
23:34:43,2.55
23:34:44,2.55
23:34:45,2.55
23:34:46,2.55
23:34:47,2.55
23:34:48,2.55
23:34:49,2.55
23:34:50,2.55
23:34:51,2.55
23:34:52,2.55
23:34:53,2.55
23:34:54,2.55
23:34:55,2.55
23:34:56,2.55
23:34:57,2.55
23:34:58,2.55
23:34:59,2.55
23:35:00,2.55
23:35:01,2.55
23:35:02,2.55
23:35:03,2.55
23:35:04,2.55
23:35:05,2.55
23:35:06,2.55
23:35:07,2.55
23:35:08,2.55
23:35:09,2.55
23:35:10,2.55
23:35:11,2.55
23:35:12,2.55
23:35:13,2.55
23:35:14,2.55
23:35:15,2.55
23:35:16,2.55
23:35:17,2.55
23:35:18,2.55
23:35:19,2.55
23:35:20,2.55
23:35:21,2.55
23:35:22,2.55
23:35:23,2.55
23:35:24,2.55
23:35:25,2.55
23:35:26,2.55
23:35:27,2.55
23:35:28,2.55
23:35:29,2.55
23:35:30,2.55
23:35:31,2.55
23:35:32,2.55
23:35:33,2.55
23:35:34,2.55
23:35:35,2.55
23:35:36,2.55
23:35:37,2.55
23:35:38,2.55
23:35:39,2.55
23:35:40,2.55
23:35:41,2.55
23:35:42,2.55
23:35:43,2.55
23:35:44,2.55
23:35:45,2.55
23:35:46,2.55
23:35:47,2.55
23:35:48,2.55
23:35:49,2.55
23:35:50,2.55
23:35:51,2.55
23:35:52,2.55
23:35:53,2.55
23:35:54,2.55
23:35:55,2.55
23:35:56,2.55
23:35:57,2.55
23:35:58,2.55
23:35:59,2.55
23:36:00,2.55
23:36:01,2.55
23:36:02,2.55
23:36:03,2.55
23:36:04,2.55
23:36:05,2.55
23:36:06,2.55
23:36:07,2.55
23:36:08,2.55
23:36:09,2.55
23:36:10,2.55
23:36:11,2.55
23:36:12,2.55
23:36:13,2.55
23:36:14,2.55
23:36:15,2.55
23:36:16,2.55
23:36:17,2.55
23:36:18,2.55
23:36:19,2.55
23:36:20,2.55
23:36:21,2.55
23:36:22,2.55
23:36:23,2.55
23:36:24,2.55
23:36:25,2.55
23:36:26,2.55
23:36:27,2.55
23:36:28,2.55
23:36:29,2.55
23:36:30,2.55
23:36:31,2.55
23:36:32,2.55
23:36:33,2.55
23:36:34,2.55
23:36:35,2.55
23:36:36,2.55
23:36:37,2.55
23:36:38,2.55
23:36:39,2.55
23:36:40,2.55
23:36:41,2.55
23:36:42,2.55
23:36:43,2.55
23:36:44,2.55
23:36:45,2.55
23:36:46,2.55
23:36:47,2.55
23:36:48,2.55
23:36:49,2.55
23:36:50,2.55
23:36:51,2.55
23:36:52,2.55
23:36:53,2.55
23:36:54,2.55
23:36:55,2.55
23:36:56,2.55
23:36:57,2.55
23:36:58,2.55
23:36:59,2.55
23:37:00,2.55
23:37:01,2.55
23:37:02,2.55
23:37:03,2.55
23:37:04,2.55
23:37:05,2.55
23:37:06,2.55
23:37:07,2.55
23:37:08,2.55
23:37:09,2.55
23:37:10,2.55
23:37:11,2.55
23:37:12,2.55
23:37:13,2.55
23:37:14,2.55
23:37:15,2.55
23:37:16,2.55
23:37:17,2.55
23:37:18,2.55
23:37:19,2.55
23:37:20,2.55
23:37:21,2.55
23:37:22,2.55
23:37:23,2.55
23:37:24,2.55
23:37:25,2.55
23:37:26,2.55
23:37:27,2.55
23:37:28,2.55
23:37:29,2.55
23:37:30,2.55
23:37:31,2.55
23:37:32,2.55
23:37:33,2.55
23:37:34,2.55
23:37:35,2.55
23:37:36,2.55
23:37:37,2.55
23:37:38,2.55
23:37:39,2.55
23:37:40,2.55
23:37:41,2.55
23:37:42,2.55
23:37:43,2.55
23:37:44,2.55
23:37:45,2.55
23:37:46,2.55
23:37:47,2.55
23:37:48,2.55
23:37:49,2.55
23:37:50,2.55
23:37:51,2.55
23:37:52,2.55
23:37:53,2.55
23:37:54,2.55
23:37:55,2.55
23:37:56,2.55
23:37:57,2.55
23:37:58,2.55
23:37:59,2.55
23:38:00,2.55
23:38:01,2.55
23:38:02,2.55
23:38:03,2.55
23:38:04,2.55
23:38:05,2.55
23:38:06,2.55
23:38:07,2.55
23:38:08,2.55
23:38:09,2.55
23:38:10,2.55
23:38:11,2.55
23:38:12,2.55
23:38:13,2.55
23:38:14,2.55
23:38:15,2.55
23:38:16,2.55
23:38:17,2.55
23:38:18,2.55
23:38:19,2.55
23:38:20,2.55
23:38:21,2.55
23:38:22,2.55
23:38:23,2.55
23:38:24,2.55
23:38:25,2.55
23:38:26,2.55
23:38:27,2.55
23:38:28,2.55
23:38:29,2.55
23:38:30,2.55
23:38:31,2.55
23:38:32,2.55
23:38:33,2.55
23:38:34,2.55
23:38:35,2.55
23:38:36,2.55
23:38:37,2.55
23:38:38,2.55
23:38:39,2.55
23:38:40,2.55
23:38:41,2.55
23:38:42,2.55
23:38:43,2.55
23:38:44,2.55
23:38:45,2.55
23:38:46,2.55
23:38:47,2.55
23:38:48,2.55
23:38:49,2.55
23:38:50,2.55
23:38:51,2.55
23:38:52,2.55
23:38:53,2.55
23:38:54,2.55
23:38:55,2.55
23:38:56,2.55
23:38:57,2.55
23:38:58,2.55
23:38:59,2.55
23:39:00,2.55
23:39:01,2.55
23:39:02,2.55
23:39:03,2.55
23:39:04,2.55
23:39:05,2.55
23:39:06,2.55
23:39:07,2.55
23:39:08,2.55
23:39:09,2.55
23:39:10,2.55
23:39:11,2.55
23:39:12,2.55
23:39:13,2.55
23:39:14,2.55
23:39:15,2.55
23:39:16,2.55
23:39:17,2.55
23:39:18,2.55
23:39:19,2.55
23:39:20,2.55
23:39:21,2.55
23:39:22,2.55
23:39:23,2.55
23:39:24,2.55
23:39:25,2.55
23:39:26,2.55
23:39:27,2.55
23:39:28,2.55
23:39:29,2.55
23:39:30,2.55
23:39:31,2.55
23:39:32,2.55
23:39:33,2.55
23:39:34,2.55
23:39:35,2.55
23:39:36,2.55
23:39:37,2.55
23:39:38,2.55
23:39:39,2.55
23:39:40,2.55
23:39:41,2.55
23:39:42,2.55
23:39:43,2.55
23:39:44,2.55
23:39:45,2.55
23:39:46,2.55
23:39:47,2.55
23:39:48,2.55
23:39:49,2.55
23:39:50,2.55
23:39:51,2.55
23:39:52,2.55
23:39:53,2.55
23:39:54,2.55
23:39:55,2.55
23:39:56,2.55
23:39:57,2.55
23:39:58,2.55
23:39:59,2.55
23:40:00,2.55
23:40:01,2.55
23:40:02,2.55
23:40:03,2.55
23:40:04,2.55
23:40:05,2.55
23:40:06,2.55
23:40:07,2.55
23:40:08,2.55
23:40:09,2.55
23:40:10,2.55
23:40:11,2.55
23:40:12,2.55
23:40:13,2.55
23:40:14,2.55
23:40:15,2.55
23:40:16,2.55
23:40:17,2.55
23:40:18,2.55
23:40:19,2.55
23:40:20,2.55
23:40:21,2.55
23:40:22,2.55
23:40:23,2.55
23:40:24,2.55
23:40:25,2.55
23:40:26,2.55
23:40:27,2.55
23:40:28,2.55
23:40:29,2.55
23:40:30,2.55
23:40:31,2.55
23:40:32,2.55
23:40:33,2.55
23:40:34,2.55
23:40:35,2.55
23:40:36,2.55
23:40:37,2.55
23:40:38,2.55
23:40:39,2.55
23:40:40,2.55
23:40:41,2.55
23:40:42,2.55
23:40:43,2.55
23:40:44,2.55
23:40:45,2.55
23:40:46,2.55
23:40:47,2.55
23:40:48,2.55
23:40:49,2.55
23:40:50,2.55
23:40:51,2.55
23:40:52,2.55
23:40:53,2.55
23:40:54,2.55
23:40:55,2.55
23:40:56,2.55
23:40:57,2.55
23:40:58,2.55
23:40:59,2.55
23:41:00,2.55
23:41:01,2.55
23:41:02,2.55
23:41:03,2.55
23:41:04,2.55
23:41:05,2.55
23:41:06,2.55
23:41:07,2.55
23:41:08,2.55
23:41:09,2.55
23:41:10,2.55
23:41:11,2.55
23:41:12,2.55
23:41:13,2.55
23:41:14,2.55
23:41:15,2.55
23:41:16,2.55
23:41:17,2.55
23:41:18,2.55
23:41:19,2.55
23:41:20,2.55
23:41:21,2.55
23:41:22,2.55
23:41:23,2.55
23:41:24,2.55
23:41:25,2.55
23:41:26,2.55
23:41:27,2.55
23:41:28,2.55
23:41:29,2.55
23:41:30,2.55
23:41:31,2.55
23:41:32,2.55
23:41:33,2.55
23:41:34,2.55
23:41:35,2.55
23:41:36,2.55
23:41:37,2.55
23:41:38,2.55
23:41:39,2.55
23:41:40,2.55
23:41:41,2.55
23:41:42,2.55
23:41:43,2.55
23:41:44,2.55
23:41:45,2.55
23:41:46,2.55
23:41:47,2.55
23:41:48,2.55
23:41:49,2.55
23:41:50,2.55
23:41:51,2.55
23:41:52,2.55
23:41:53,2.55
23:41:54,2.55
23:41:55,2.55
23:41:56,2.55
23:41:57,2.55
23:41:58,2.55
23:41:59,2.55
23:42:00,2.55
23:42:01,2.55
23:42:02,2.55
23:42:03,2.55
23:42:04,2.55
23:42:05,2.55
23:42:06,2.55
23:42:07,2.55
23:42:08,2.55
23:42:09,2.55
23:42:10,2.55
23:42:11,2.55
23:42:12,2.55
23:42:13,2.55
23:42:14,2.55
23:42:15,2.55
23:42:16,2.55
23:42:17,2.55
23:42:18,2.55
23:42:19,2.55
23:42:20,2.55
23:42:21,2.55
23:42:22,2.55
23:42:23,2.55
23:42:24,2.55
23:42:25,2.55
23:42:26,2.55
23:42:27,2.55
23:42:28,2.55
23:42:29,2.55
23:42:30,2.55
23:42:31,2.55
23:42:32,2.55
23:42:33,2.55
23:42:34,2.55
23:42:35,2.55
23:42:36,2.55
23:42:37,2.55
23:42:38,2.55
23:42:39,2.55
23:42:40,2.55
23:42:41,2.55
23:42:42,2.55
23:42:43,2.55
23:42:44,2.55
23:42:45,2.55
23:42:46,2.55
23:42:47,2.55
23:42:48,2.55
23:42:49,2.55
23:42:50,2.55
23:42:51,2.55
23:42:52,2.55
23:42:53,2.55
23:42:54,2.55
23:42:55,2.55
23:42:56,2.55
23:42:57,2.55
23:42:58,2.55
23:42:59,2.55
23:43:00,2.55
23:43:01,2.55
23:43:02,2.55
23:43:03,2.55
23:43:04,2.55
23:43:05,2.55
23:43:06,2.55
23:43:07,2.55
23:43:08,2.55
23:43:09,2.55
23:43:10,2.55
23:43:11,2.55
23:43:12,2.55
23:43:13,2.55
23:43:14,2.55
23:43:15,2.55
23:43:16,2.55
23:43:17,2.55
23:43:18,2.55
23:43:19,2.55
23:43:20,2.55
23:43:21,2.55
23:43:22,2.55
23:43:23,2.55
23:43:24,2.55
23:43:25,2.55
23:43:26,2.55
23:43:27,2.55
23:43:28,2.55
23:43:29,2.55
23:43:30,2.55
23:43:31,2.55
23:43:32,2.55
23:43:33,2.55
23:43:34,2.55
23:43:35,2.55
23:43:36,2.55
23:43:37,2.55
23:43:38,2.55
23:43:39,2.55
23:43:40,2.55
23:43:41,2.55
23:43:42,2.55
23:43:43,2.55
23:43:44,2.55
23:43:45,2.55
23:43:46,2.55
23:43:47,2.55
23:43:48,2.55
23:43:49,2.55
23:43:50,2.55
23:43:51,2.55
23:43:52,2.55
23:43:53,2.55
23:43:54,2.55
23:43:55,2.55
23:43:56,2.55
23:43:57,2.55
23:43:58,2.55
23:43:59,2.55
23:44:00,2.55
23:44:01,2.55
23:44:02,2.55
23:44:03,2.55
23:44:04,2.55
23:44:05,2.55
23:44:06,2.55
23:44:07,2.55
23:44:08,2.55
23:44:09,2.55
23:44:10,2.55
23:44:11,2.55
23:44:12,2.55
23:44:13,5.0775
23:44:14,7.605
23:44:15,10.1325
23:44:16,12.66
23:44:17,15.1875
23:44:18,17.715
23:44:19,20.2425
23:44:20,22.77
23:44:21,25.2975
23:44:22,27.825
23:44:23,30.3525
23:44:24,32.88
23:44:25,35.4075
23:44:26,37.935
23:44:27,40.4625
23:44:28,42.99
23:44:29,44.8933333333
23:44:30,46.7966666667
23:44:31,48.7
23:44:32,50.6033333333
23:44:33,52.5066666667
23:44:34,54.41
23:44:35,56.3133333333
23:44:36,58.2166666667
23:44:37,60.12
23:44:38,62.0233333333
23:44:39,63.9266666667
23:44:40,65.83
23:44:41,67.7333333333
23:44:42,69.6366666667
23:44:43,71.54
23:44:44,71.54
23:44:45,71.54
23:44:46,71.54
23:44:47,71.54
23:44:48,71.54
23:44:49,71.54
23:44:50,71.54
23:44:51,71.54
23:44:52,71.54
23:44:53,71.54
23:44:54,71.54
23:44:55,71.54
23:44:56,71.54
23:44:57,71.54
23:44:58,71.54
23:44:59,71.54
23:45:00,71.54
23:45:01,70.746875
23:45:02,69.95375
23:45:03,69.160625
23:45:04,68.3675
23:45:05,67.574375
23:45:06,66.78125
23:45:07,65.988125
23:45:08,65.195
23:45:09,64.401875
23:45:10,63.60875
23:45:11,62.815625
23:45:12,62.0225
23:45:13,61.229375
23:45:14,60.43625
23:45:15,59.643125
23:45:16,58.85
23:45:17,55.5382352941
23:45:18,52.2264705882
23:45:19,48.9147058824
23:45:20,45.6029411765
23:45:21,42.2911764706
23:45:22,38.9794117647
23:45:23,35.6676470588
23:45:24,32.3558823529
23:45:25,29.0441176471
23:45:26,25.7323529412
23:45:27,22.4205882353
23:45:28,19.1088235294
23:45:29,15.7970588235
23:45:30,12.4852941176
23:45:31,9.17352941176
23:45:32,5.86176470588
23:45:33,2.55
23:45:34,2.55
23:45:35,2.55
23:45:36,2.55
23:45:37,2.55
23:45:38,2.55
23:45:39,2.55
23:45:40,2.55
23:45:41,2.55
23:45:42,2.55
23:45:43,2.55
23:45:44,2.55
23:45:45,2.55
23:45:46,2.55
23:45:47,2.55
23:45:48,2.55
23:45:49,2.55
23:45:50,2.55
23:45:51,2.55
23:45:52,2.55
23:45:53,2.55
23:45:54,2.55
23:45:55,2.55
23:45:56,2.55
23:45:57,2.55
23:45:58,2.55
23:45:59,2.55
23:46:00,2.55
23:46:01,2.55
23:46:02,2.55
23:46:03,2.55
23:46:04,2.55
23:46:05,2.55
23:46:06,2.55
23:46:07,2.55
23:46:08,2.55
23:46:09,2.55
23:46:10,2.55
23:46:11,2.55
23:46:12,2.55
23:46:13,2.55
23:46:14,2.55
23:46:15,2.55
23:46:16,2.55
23:46:17,2.55
23:46:18,2.55
23:46:19,2.55
23:46:20,2.55
23:46:21,2.55
23:46:22,2.55
23:46:23,2.55
23:46:24,2.55
23:46:25,2.55
23:46:26,2.55
23:46:27,2.55
23:46:28,2.55
23:46:29,2.55
23:46:30,2.55
23:46:31,2.55
23:46:32,2.55
23:46:33,2.55
23:46:34,2.55
23:46:35,2.55
23:46:36,2.55
23:46:37,2.55
23:46:38,2.55
23:46:39,2.55
23:46:40,2.55
23:46:41,2.55
23:46:42,2.55
23:46:43,2.55
23:46:44,2.55
23:46:45,2.55
23:46:46,2.55
23:46:47,2.55
23:46:48,2.55
23:46:49,2.55
23:46:50,2.55
23:46:51,2.55
23:46:52,2.55
23:46:53,2.55
23:46:54,2.55
23:46:55,2.55
23:46:56,2.55
23:46:57,2.55
23:46:58,2.55
23:46:59,2.55
23:47:00,2.55
23:47:01,2.55
23:47:02,2.55
23:47:03,2.55
23:47:04,2.55
23:47:05,2.55
23:47:06,2.55
23:47:07,2.55
23:47:08,2.55
23:47:09,2.55
23:47:10,2.55
23:47:11,2.55
23:47:12,2.55
23:47:13,2.55
23:47:14,2.55
23:47:15,2.55
23:47:16,2.55
23:47:17,2.55
23:47:18,2.55
23:47:19,2.55
23:47:20,2.55
23:47:21,2.55
23:47:22,2.55
23:47:23,2.55
23:47:24,2.55
23:47:25,2.55
23:47:26,2.55
23:47:27,2.55
23:47:28,2.55
23:47:29,2.55
23:47:30,2.55
23:47:31,2.55
23:47:32,2.55
23:47:33,2.55
23:47:34,2.55
23:47:35,2.55
23:47:36,2.55
23:47:37,2.55
23:47:38,2.55
23:47:39,2.55
23:47:40,2.55
23:47:41,2.55
23:47:42,2.55
23:47:43,2.55
23:47:44,2.55
23:47:45,2.55
23:47:46,2.55
23:47:47,2.55
23:47:48,2.55
23:47:49,2.55
23:47:50,2.55
23:47:51,2.55
23:47:52,2.55
23:47:53,2.55
23:47:54,2.55
23:47:55,2.55
23:47:56,2.55
23:47:57,2.55
23:47:58,2.55
23:47:59,2.55
23:48:00,2.55
23:48:01,2.55
23:48:02,2.55
23:48:03,2.55
23:48:04,2.55
23:48:05,2.55
23:48:06,2.55
23:48:07,2.55
23:48:08,2.55
23:48:09,2.55
23:48:10,2.55
23:48:11,2.55
23:48:12,2.55
23:48:13,2.55
23:48:14,2.55
23:48:15,2.55
23:48:16,2.55
23:48:17,2.55
23:48:18,2.55
23:48:19,2.55
23:48:20,2.55
23:48:21,2.55
23:48:22,2.55
23:48:23,2.55
23:48:24,2.55
23:48:25,2.55
23:48:26,2.55
23:48:27,2.55
23:48:28,2.55
23:48:29,2.55
23:48:30,2.55
23:48:31,2.55
23:48:32,2.55
23:48:33,2.55
23:48:34,2.55
23:48:35,2.55
23:48:36,2.55
23:48:37,2.55
23:48:38,2.55
23:48:39,2.55
23:48:40,2.55
23:48:41,2.55
23:48:42,2.55
23:48:43,2.55
23:48:44,2.55
23:48:45,2.55
23:48:46,2.55
23:48:47,2.55
23:48:48,2.55
23:48:49,2.55
23:48:50,2.55
23:48:51,2.55
23:48:52,2.55
23:48:53,2.55
23:48:54,2.55
23:48:55,2.55
23:48:56,2.55
23:48:57,2.55
23:48:58,2.55
23:48:59,2.55
23:49:00,2.55
23:49:01,2.55
23:49:02,2.55
23:49:03,2.55
23:49:04,2.55
23:49:05,2.55
23:49:06,2.55
23:49:07,2.55
23:49:08,2.55
23:49:09,2.55
23:49:10,2.55
23:49:11,2.55
23:49:12,2.55
23:49:13,2.55
23:49:14,2.55
23:49:15,2.55
23:49:16,2.55
23:49:17,2.55
23:49:18,2.55
23:49:19,2.55
23:49:20,2.55
23:49:21,2.55
23:49:22,2.55
23:49:23,2.55
23:49:24,2.55
23:49:25,2.55
23:49:26,2.55
23:49:27,2.55
23:49:28,2.55
23:49:29,2.55
23:49:30,2.55
23:49:31,2.55
23:49:32,2.55
23:49:33,2.55
23:49:34,2.55
23:49:35,2.55
23:49:36,2.55
23:49:37,2.55
23:49:38,2.55
23:49:39,2.55
23:49:40,2.55
23:49:41,2.55
23:49:42,2.55
23:49:43,2.55
23:49:44,2.55
23:49:45,2.55
23:49:46,2.55
23:49:47,2.55
23:49:48,2.55
23:49:49,2.55
23:49:50,2.55
23:49:51,2.55
23:49:52,2.55
23:49:53,2.55
23:49:54,2.55
23:49:55,2.55
23:49:56,2.55
23:49:57,2.55
23:49:58,2.55
23:49:59,2.55
23:50:00,2.55
23:50:01,2.55
23:50:02,2.55
23:50:03,2.55
23:50:04,2.55
23:50:05,2.55
23:50:06,2.55
23:50:07,2.55
23:50:08,2.55
23:50:09,2.55
23:50:10,2.55
23:50:11,2.55
23:50:12,2.55
23:50:13,2.55
23:50:14,2.55
23:50:15,2.55
23:50:16,2.55
23:50:17,2.55
23:50:18,2.55
23:50:19,2.55
23:50:20,2.55
23:50:21,2.55
23:50:22,2.55
23:50:23,2.55
23:50:24,2.55
23:50:25,2.55
23:50:26,2.55
23:50:27,2.55
23:50:28,2.55
23:50:29,2.55
23:50:30,2.55
23:50:31,2.55
23:50:32,2.55
23:50:33,2.55
23:50:34,2.55
23:50:35,2.55
23:50:36,2.55
23:50:37,2.55
23:50:38,2.55
23:50:39,2.55
23:50:40,2.55
23:50:41,2.55
23:50:42,2.55
23:50:43,2.55
23:50:44,2.55
23:50:45,2.55
23:50:46,2.55
23:50:47,2.55
23:50:48,2.55
23:50:49,2.55
23:50:50,2.55
23:50:51,2.55
23:50:52,2.55
23:50:53,2.55
23:50:54,2.55
23:50:55,2.55
23:50:56,2.55
23:50:57,2.55
23:50:58,2.55
23:50:59,2.55
23:51:00,2.55
23:51:01,2.55
23:51:02,2.55
23:51:03,2.55
23:51:04,2.55
23:51:05,2.55
23:51:06,2.55
23:51:07,2.55
23:51:08,2.55
23:51:09,2.55
23:51:10,2.55
23:51:11,2.55
23:51:12,2.55
23:51:13,2.55
23:51:14,2.55
23:51:15,2.55
23:51:16,2.55
23:51:17,2.55
23:51:18,2.55
23:51:19,2.55
23:51:20,2.55
23:51:21,2.55
23:51:22,2.55
23:51:23,2.55
23:51:24,2.55
23:51:25,2.55
23:51:26,2.55
23:51:27,2.55
23:51:28,2.55
23:51:29,2.55
23:51:30,2.55
23:51:31,2.55
23:51:32,2.55
23:51:33,2.55
23:51:34,2.55
23:51:35,2.55
23:51:36,2.55
23:51:37,2.55
23:51:38,2.55
23:51:39,2.55
23:51:40,2.55
23:51:41,2.55
23:51:42,2.55
23:51:43,2.55
23:51:44,2.55
23:51:45,2.55
23:51:46,2.55
23:51:47,2.55
23:51:48,2.55
23:51:49,2.55
23:51:50,2.55
23:51:51,2.55
23:51:52,2.55
23:51:53,2.55
23:51:54,2.55
23:51:55,2.55
23:51:56,2.55
23:51:57,2.55
23:51:58,2.55
23:51:59,2.55
23:52:00,2.55
23:52:01,2.55
23:52:02,2.55
23:52:03,2.55
23:52:04,2.55
23:52:05,2.55
23:52:06,2.55
23:52:07,2.55
23:52:08,2.55
23:52:09,2.55
23:52:10,2.55
23:52:11,2.55
23:52:12,2.55
23:52:13,2.55
23:52:14,2.55
23:52:15,2.55
23:52:16,2.55
23:52:17,2.55
23:52:18,2.55
23:52:19,2.55
23:52:20,2.55
23:52:21,2.55
23:52:22,2.55
23:52:23,2.55
23:52:24,2.55
23:52:25,2.55
23:52:26,2.55
23:52:27,2.55
23:52:28,2.55
23:52:29,2.55
23:52:30,2.55
23:52:31,2.55
23:52:32,2.55
23:52:33,2.55
23:52:34,2.55
23:52:35,2.55
23:52:36,2.55
23:52:37,2.55
23:52:38,2.55
23:52:39,2.55
23:52:40,2.55
23:52:41,2.55
23:52:42,2.55
23:52:43,2.55
23:52:44,2.55
23:52:45,2.55
23:52:46,2.55
23:52:47,2.55
23:52:48,2.55
23:52:49,2.55
23:52:50,2.55
23:52:51,2.55
23:52:52,2.55
23:52:53,2.55
23:52:54,2.55
23:52:55,2.55
23:52:56,2.55
23:52:57,2.55
23:52:58,2.55
23:52:59,2.55
23:53:00,2.55
23:53:01,2.55
23:53:02,2.55
23:53:03,2.55
23:53:04,2.55
23:53:05,2.55
23:53:06,2.55
23:53:07,2.55
23:53:08,2.55
23:53:09,2.55
23:53:10,2.55
23:53:11,2.55
23:53:12,2.55
23:53:13,2.55
23:53:14,2.55
23:53:15,2.55
23:53:16,2.55
23:53:17,2.55
23:53:18,2.55
23:53:19,2.55
23:53:20,2.55
23:53:21,2.55
23:53:22,2.55
23:53:23,2.55
23:53:24,2.55
23:53:25,2.55
23:53:26,2.55
23:53:27,2.55
23:53:28,2.55
23:53:29,2.55
23:53:30,2.55
23:53:31,2.55
23:53:32,2.55
23:53:33,2.55
23:53:34,2.55
23:53:35,2.55
23:53:36,2.55
23:53:37,2.55
23:53:38,2.55
23:53:39,2.55
23:53:40,2.55
23:53:41,2.55
23:53:42,2.55
23:53:43,2.55
23:53:44,2.55
23:53:45,2.55
23:53:46,2.55
23:53:47,2.55
23:53:48,2.55
23:53:49,2.55
23:53:50,2.55
23:53:51,2.55
23:53:52,2.55
23:53:53,2.55
23:53:54,2.55
23:53:55,2.55
23:53:56,2.55
23:53:57,2.55
23:53:58,2.55
23:53:59,2.55
23:54:00,2.55
23:54:01,2.55
23:54:02,2.55
23:54:03,2.55
23:54:04,2.55
23:54:05,2.55
23:54:06,2.55
23:54:07,2.55
23:54:08,2.55
23:54:09,2.55
23:54:10,2.55
23:54:11,2.55
23:54:12,2.55
23:54:13,2.55
23:54:14,2.55
23:54:15,2.55
23:54:16,2.55
23:54:17,2.55
23:54:18,2.55
23:54:19,2.55
23:54:20,2.55
23:54:21,2.55
23:54:22,2.55
23:54:23,2.55
23:54:24,2.55
23:54:25,2.55
23:54:26,2.55
23:54:27,2.55
23:54:28,2.55
23:54:29,2.55
23:54:30,2.55
23:54:31,2.55
23:54:32,2.55
23:54:33,2.55
23:54:34,2.55
23:54:35,2.55
23:54:36,2.55
23:54:37,2.55
23:54:38,2.55
23:54:39,2.55
23:54:40,2.55
23:54:41,2.55
23:54:42,2.55
23:54:43,2.55
23:54:44,2.55
23:54:45,2.55
23:54:46,2.55
23:54:47,2.55
23:54:48,2.55
23:54:49,2.55
23:54:50,2.55
23:54:51,2.55
23:54:52,2.55
23:54:53,2.55
23:54:54,2.55
23:54:55,2.55
23:54:56,2.55
23:54:57,2.55
23:54:58,2.55
23:54:59,2.55
23:55:00,2.55
23:55:01,2.55
23:55:02,2.55
23:55:03,2.55
23:55:04,2.55
23:55:05,2.55
23:55:06,2.55
23:55:07,2.55
23:55:08,2.55
23:55:09,2.55
23:55:10,2.55
23:55:11,2.55
23:55:12,2.55
23:55:13,2.55
23:55:14,2.55
23:55:15,2.55
23:55:16,2.55
23:55:17,2.55
23:55:18,2.55
23:55:19,2.55
23:55:20,2.55
23:55:21,2.55
23:55:22,2.55
23:55:23,2.55
23:55:24,2.55
23:55:25,2.55
23:55:26,2.55
23:55:27,2.55
23:55:28,2.55
23:55:29,2.55
23:55:30,2.55
23:55:31,2.55
23:55:32,2.55
23:55:33,2.55
23:55:34,2.55
23:55:35,2.55
23:55:36,2.55
23:55:37,2.55
23:55:38,2.55
23:55:39,2.55
23:55:40,2.55
23:55:41,2.55
23:55:42,2.55
23:55:43,2.55
23:55:44,2.55
23:55:45,2.55
23:55:46,2.55
23:55:47,2.55
23:55:48,2.55
23:55:49,2.55
23:55:50,2.55
23:55:51,2.55
23:55:52,2.55
23:55:53,2.55
23:55:54,2.55
23:55:55,2.55
23:55:56,2.55
23:55:57,2.55
23:55:58,2.55
23:55:59,2.55
23:56:00,2.55
23:56:01,2.55
23:56:02,2.55
23:56:03,2.55
23:56:04,2.55
23:56:05,2.55
23:56:06,2.55
23:56:07,2.55
23:56:08,2.55
23:56:09,2.55
23:56:10,2.55
23:56:11,2.55
23:56:12,2.55
23:56:13,2.55
23:56:14,2.55
23:56:15,2.55
23:56:16,2.55
23:56:17,2.55
23:56:18,2.55
23:56:19,2.55
23:56:20,2.55
23:56:21,2.55
23:56:22,2.55
23:56:23,2.55
23:56:24,2.55
23:56:25,2.55
23:56:26,2.55
23:56:27,2.55
23:56:28,2.55
23:56:29,2.55
23:56:30,2.55
23:56:31,2.55
23:56:32,2.55
23:56:33,2.55
23:56:34,2.55
23:56:35,2.55
23:56:36,2.55
23:56:37,2.55
23:56:38,2.55
23:56:39,2.55
23:56:40,2.55
23:56:41,2.55
23:56:42,2.55
23:56:43,2.55
23:56:44,2.55
23:56:45,2.55
23:56:46,2.55
23:56:47,2.55
23:56:48,2.55
23:56:49,2.55
23:56:50,2.55
23:56:51,2.55
23:56:52,2.55
23:56:53,2.55
23:56:54,2.55
23:56:55,2.55
23:56:56,2.55
23:56:57,2.55
23:56:58,2.55
23:56:59,2.55
23:57:00,2.55
23:57:01,2.55
23:57:02,2.55
23:57:03,2.55
23:57:04,2.55
23:57:05,2.55
23:57:06,2.55
23:57:07,2.55
23:57:08,2.55
23:57:09,2.55
23:57:10,2.55
23:57:11,2.55
23:57:12,2.55
23:57:13,2.55
23:57:14,2.55
23:57:15,2.55
23:57:16,2.55
23:57:17,2.55
23:57:18,2.55
23:57:19,2.55
23:57:20,2.55
23:57:21,2.55
23:57:22,2.55
23:57:23,2.55
23:57:24,2.55
23:57:25,2.55
23:57:26,2.55
23:57:27,2.55
23:57:28,2.55
23:57:29,2.55
23:57:30,2.55
23:57:31,2.55
23:57:32,2.55
23:57:33,2.55
23:57:34,2.55
23:57:35,2.55
23:57:36,2.55
23:57:37,2.55
23:57:38,2.55
23:57:39,2.55
23:57:40,2.55
23:57:41,2.55
23:57:42,2.55
23:57:43,2.55
23:57:44,2.55
23:57:45,2.55
23:57:46,2.55
23:57:47,2.55
23:57:48,2.55
23:57:49,2.55
23:57:50,2.55
23:57:51,2.55
23:57:52,2.55
23:57:53,2.55
23:57:54,2.55
23:57:55,2.55
23:57:56,2.55
23:57:57,2.55
23:57:58,2.55
23:57:59,2.55
23:58:00,2.55
23:58:01,2.55
23:58:02,2.55
23:58:03,2.55
23:58:04,2.55
23:58:05,2.55
23:58:06,2.55
23:58:07,2.55
23:58:08,2.55
23:58:09,2.55
23:58:10,2.55
23:58:11,2.55
23:58:12,2.55
23:58:13,2.55
23:58:14,2.55
23:58:15,2.55
23:58:16,2.55
23:58:17,2.55
23:58:18,2.55
23:58:19,2.55
23:58:20,2.55
23:58:21,2.55
23:58:22,2.55
23:58:23,2.55
23:58:24,2.55
23:58:25,2.55
23:58:26,2.55
23:58:27,2.55
23:58:28,2.55
23:58:29,2.55
23:58:30,2.55
23:58:31,2.55
23:58:32,2.55
23:58:33,2.55
23:58:34,2.55
23:58:35,2.55
23:58:36,2.55
23:58:37,2.55
23:58:38,2.55
23:58:39,2.55
23:58:40,2.55
23:58:41,2.55
23:58:42,2.55
23:58:43,2.55
23:58:44,2.55
23:58:45,2.55
23:58:46,2.55
23:58:47,2.55
23:58:48,2.55
23:58:49,2.55
23:58:50,2.55
23:58:51,2.55
23:58:52,2.55
23:58:53,2.55
23:58:54,2.55
23:58:55,2.55
23:58:56,2.55
23:58:57,2.55
23:58:58,2.55
23:58:59,2.55
23:59:00,2.55
23:59:01,2.55
23:59:02,2.55
23:59:03,2.55
23:59:04,2.55
23:59:05,2.55
23:59:06,2.55
23:59:07,2.55
23:59:08,2.55
23:59:09,2.55
23:59:10,2.55
23:59:11,2.55
23:59:12,2.55
23:59:13,2.55
23:59:14,2.55
23:59:15,2.55
23:59:16,2.55
23:59:17,2.55
23:59:18,2.55
23:59:19,2.55
23:59:20,2.55
23:59:21,2.55
23:59:22,2.55
23:59:23,2.55
23:59:24,2.55
23:59:25,2.55
23:59:26,2.55
23:59:27,2.55
23:59:28,2.55
23:59:29,2.55
23:59:30,2.55
23:59:31,2.55
23:59:32,2.55
23:59:33,2.55
23:59:34,2.55
23:59:35,2.55
23:59:36,2.55
23:59:37,2.55
23:59:38,2.55
23:59:39,2.55
23:59:40,2.55
23:59:41,2.55
23:59:42,2.55
23:59:43,2.55
23:59:44,2.55
23:59:45,2.55
23:59:46,2.55
23:59:47,2.55
23:59:48,2.55
23:59:49,2.55
23:59:50,2.55
23:59:51,2.55
23:59:52,2.55
23:59:53,2.55
23:59:54,2.55
23:59:55,2.55
23:59:56,2.55
23:59:57,2.55
23:59:58,2.55
23:59:59,2.55
